id	frequency	board	fill	hasQR
00015329231620d1962ee3713e4cf9ba	1849	Kb,Bw,Rb,Pw,Qw,Bb,Rw,Qb,Rb,,,,,,,Pw,Pw,,,,,,,Rw,Qb,,,Nb,Nb,,,Bw,Bw,,,Nb,Nb,,,Qb,Rw,,,,,,,Kb,Pb,,,,,,,Rb,Qb,Pw,Nb,Bb,Kw,Pb,Rw,Rb	darkRed	0
00107e6c847b184f8e61d54dcaaa39ce	2541	Pw,Pw,Qw,Bb,Rw,Pb,Qb,Kb,Rb,,,,,,,Bw,Bw,,,,,,,Nb,Qb,,,,,,,Pb,Pb,,,,,,,Kb,Rw,,,,,,,Bb,Nb,,,,,,,Nw,Rw,Qb,Pb,Rw,Bb,Qw,Pw,Bw	darkGray	0
0012a0b596635c0b193979582b4cd21d	2864	Bb,Nw,Rb,Kb,Qw,Nb,Rw,Rb,Kb,,,,,,,Qb,Qw,,,,,,,Bw,Nw,,,Rb,Rb,,,Rw,Rb,,,Rb,Rb,,,Pb,Kw,,,,,,,Qw,Qb,,,,,,,Bb,Bw,Kw,Qb,Nb,Rw,Kb,Qw,Qw	darkGray	0
001483b9490cc9c22c62bc8c32b969fe	52	Bw,Qb,Nw,Rb,Kb,Bw,Nb,Qb,Kw,,,,,,,Rw,Rw,,,,,,,Kw,Nw,,,Pb,Pb,,,Bw,Qb,,,Pb,Pb,,,Nb,Kb,,,,,,,Rb,Rb,,,,,,,Kb,Pw,Nw,Pb,Kb,Bw,Nb,Pw,Kw	darkGray	1
001afcc735de9fa3697aff23290134f8	756	Kb,Qb,Kw,Rb,Nw,Qw,Kb,Pb,Qw,,,,,,,Nb,Kb,,,,,,,Pw,Rb,,,Nb,Nb,,,Kb,Nw,,,Nb,Nb,,,Bw,Qb,,,,,,,Nw,Kw,,,,,,,Rb,Pb,Kw,Qb,Nb,Rw,Kb,Qw,Qw	lightGray	0
001ebeacb91dab5b72ea21b0853897f0	1801	Bb,Rw,Bb,Qw,Pw,Rb,Bw,Rb,Kw,,,,,,,Pw,Pw,,,,,,,Rb,Nw,,,Nw,Nw,,,Bb,Bb,,,Nw,Nw,,,Qw,Qb,,,,,,,Pb,Pb,,,,,,,Rw,Kb,Pb,Qb,Bw,Rb,Pw,Qw,Qw	darkGray	0
003052c9905293d37c6993d0640a3b8f	1940	Kw,Rb,Pw,Qb,Bw,Rw,Kw,Qb,Nb,,,,,,,Pb,Rw,,,,,,,Nw,Kw,,,Nw,Nw,,,Qw,Qb,,,Nw,Nw,,,Kb,Nw,,,,,,,Rw,Rb,,,,,,,Nb,Nb,Bb,Qw,Pb,Nw,Bw,Kb,Bw	lightGray	0
003af2f0a6513bdc0c59cd605ab366c0	1456	Nw,Kw,Pw,Nb,Bw,Kb,Rb,Kw,Rw,,,,,,,Qw,Pb,,,,,,,Bb,Qb,,,,,,,Nw,Bw,,,,,,,Pb,Rb,,,,,,,Qb,Pw,,,,,,,Bw,Bw,Pb,Kb,Bb,Nw,Pw,Kw,Nb	lightGray	0
0053ec4563fb7324591ab128c3c89949	4058	Kw,Pw,Rb,Bw,Qb,Pb,Rw,Pw,Kb,,,,,,,Pb,Pb,,,,,,,Qb,Nw,,,Qb,Qb,,,Bw,Bb,,,Qb,Qb,,,Rb,Qw,,,,,,,Pw,Pw,,,,,,,Qw,Qb,Pw,Nb,Bb,Kw,Pb,Nw,Qb	darkGray	0
00590a7b4a2b647e18acad24249c6a9e	1166	Nb,Bb,Rw,Pw,Qw,Bw,Rb,Bw,Rw,,,,,,,Qb,Pb,,,,,,,Bw,Qw,,,Nw,Nw,,,Rw,Bb,,,Nw,Nw,,,Pb,Rb,,,,,,,Kw,Pw,,,,,,,Bb,Bb,Nb,Rw,Kb,Qw,Nw,Rb,Kw	darkRed	0
00593226172f5f55b83c8378ea84c8f0	1313	Kw,Rb,Nw,Bb,Kw,Rw,Nb,Qb,Pb,,,,,,,Pw,Kb,,,,,,,Rb,Bw,,,,,,,Bb,Nb,,,,,,,Kw,Pw,,,,,,,Pb,Kw,,,,,,,Nw,Nw,Qb,Kw,Rb,Nw,Qw,Kb,Kb	darkGray	0
006439458319db3a570abc20e1b233e3	1098	Rb,Rw,Kw,Qw,Nb,Rb,Kb,Bb,Kb,,,,,,,Qb,Rb,,,,,,,Kw,Nb,,,Bb,Bb,,,Rw,Qw,,,Bb,Bb,,,Nb,Kw,,,,,,,Qw,Rw,,,,,,,Kb,Kw,Nw,Pb,Kb,Bw,Rb,Pw,Nb	lightGray	0
00644f9625a55782f2820e31bebe0709	3356	Kw,Nw,Bb,Kb,Pb,Nb,Bw,Nb,Kw,,,,,,,Nb,Rw,,,,,,,Pw,Bw,,,,,,,Kw,Qb,,,,,,,Bb,Kb,,,,,,,Nw,Rb,,,,,,,Pb,Kw,Nw,Pb,Kw,Bb,Nb,Pw,Kw	lightRed	0
006b06620d5d4dab481a7be5b51798b9	2955	Nw,Kw,Bb,Nw,Pb,Kb,Bw,Pb,Kw,,,,,,,Kw,Rw,,,,,,,Rw,Nw,,,,,,,Nb,Qb,,,,,,,Qw,Kb,,,,,,,Kb,Rb,,,,,,,Rb,Bw,Bw,Nb,Pw,Kw,Bb,Nw,Kw	lightGray	0
00719d58e2fa546d8f20aa12abec8503	3878	Pb,Kw,Qb,Nw,Rb,Kb,Qw,Nw,Kw,,,,,,,Kw,Bb,,,,,,,Bb,Nb,,,,,,,Nw,Pw,,,,,,,Pb,Kb,,,,,,,Kb,Bw,,,,,,,Bw,Rb,Rw,Nb,Qw,Kb,Rb,Nw,Qb	lightGray	0
0076ee5e2ea75f6153ae3e02055613f0	1186	Nb,Kw,Qb,Nw,Rb,Kb,Bw,Nb,Pw,,,,,,,Bw,Kw,,,,,,,Nb,Bw,,,,,,,Pw,Nb,,,,,,,Kw,Pb,,,,,,,Qb,Kb,,,,,,,Nw,Bb,Nb,Qw,Kb,Rb,Nw,Qb,Nb	darkRed	0
007af1d65a66f2aa7467fad0f20aa3a5	3059	Bw,Pw,Qw,Bw,Rb,Pb,Kb,Pw,Qw,,,,,,,Rb,Pw,,,,,,,Bw,Rw,,,Bw,Bw,,,Qw,Bb,,,Bw,Bw,,,Pw,Qb,,,,,,,Rw,Pb,,,,,,,Bb,Bb,Nb,Rw,Kw,Qb,Nw,Rb,Qb	lightRed	0
0085b21165fa324ced57fc24c59b3483	1377	Qw,Pb,Rw,Bw,Qb,Pw,Rb,Qw,Bw,,,,,,,Nb,Rb,,,,,,,Rw,Pw,,,,,,,Kb,Qw,,,,,,,Qw,Bb,,,,,,,Nw,Rw,,,,,,,Rb,Bb,Qw,Pw,Rb,Bw,Qb,Pb,Pw	lightRed	0
00878250addcf284bad71d7c9e5b85db	1074	Qw,Kw,Qb,Nw,Rb,Kb,Qw,Pb,Pw,,,,,,,Pb,Nb,,,,,,,Kb,Bb,,,,,,,Bb,Kw,,,,,,,Nw,Pb,,,,,,,Pw,Nw,,,,,,,Kw,Bb,Nw,Bb,Kb,Pb,Nb,Bw,Rb	darkGray	0
008c4e0c0fb2c8f6c8949bfa67ad5717	1252	Nw,Nw,Bb,Kw,Pw,Nb,Bw,Kb,Bb,,,,,,,Nb,Qw,,,,,,,Rw,Pb,,,,,,,Kb,Rw,,,,,,,Qw,Bw,,,,,,,Nw,Qb,,,,,,,Rb,Kb,Qw,Bb,Rb,Pw,Qb,Bw,Qb	lightGray	0
0090292e3ca33aa039a3173f0c25fb3b	1297	Pw,Pb,Rw,Bb,Qw,Pw,Rb,Pw,Nw,,,,,,,Kb,Pb,,,,,,,Rb,Kb,,,,,,,Nw,Bw,,,,,,,Qb,Nb,,,,,,,Kw,Pw,,,,,,,Rb,Rw,Rb,Nw,Qb,Kw,Rw,Nb,Nb	lightGray	0
009ce3e2e0ddac6ef185ebdb84cbdd9a	1149	Nw,Pb,Nw,Bb,Kw,Pw,Nb,Pb,Nb,,,,,,,Nb,Pw,,,,,,,Pw,Kw,,,Pb,Pb,,,Kw,Bb,,,Pb,Pb,,,Bb,Nw,,,,,,,Nw,Pb,,,,,,,Pb,Rw,Pb,Nw,Bb,Kw,Pw,Nb,Qb	darkRed	0
00ac569d3157e8834aa679cd8f478f4d	3079	Kw,Nb,Bw,Kw,Pw,Nw,Bb,Nw,Kb,,,,,,,Nw,Pb,,,,,,,Qb,Nb,,,Kb,Kb,,,Kw,Bw,,,Kb,Kb,,,Rw,Kw,,,,,,,Nb,Pw,,,,,,,Qw,Rb,Pw,Rb,Bb,Qw,Pb,Rw,Bb	darkRed	0
00c794ecf675b5c7b257e185a6b8b42c	1250	Qb,Nw,Pb,Kw,Bb,Nb,Pw,Nb,Bw,,,,,,,Nb,Nb,,,,,,,Rw,Pw,,,,,,,Kb,Kw,,,,,,,Qw,Bb,,,,,,,Nw,Nw,,,,,,,Rb,Qw,Bb,Nw,Pw,Kw,Bw,Nb,Nw	lightRed	0
00ed523b357a87e294eafff003e34e1e	56	Pw,Nb,Rw,Kb,Bw,Nw,Rb,Pw,Nw,,,,,,,Nw,Pb,,,,,,,Rb,Kb,,,Rw,Rw,,,Kb,Bw,,,Rw,Rw,,,Qw,Nb,,,,,,,Nb,Pw,,,,,,,Rw,Pw,Nw,Qb,Kb,Rb,Nb,Qw,Pw	darkGray	0
00fed1fd684fd153ed19604a96110420	784	Qw,Qb,Nw,Pw,Kw,Bw,Nb,Kb,Bb,,,,,,,Nw,Rw,,,,,,,Rb,Pb,,,,,,,Kw,Qb,,,,,,,Qb,Bw,,,,,,,Nb,Rb,,,,,,,Rw,Nb,Nb,Rw,Pb,Qb,Nw,Rb,Rw	lightRed	0
01025b31be62c28f6b0c71f2e448148d	3829	Rb,Nb,Rw,Kw,Qb,Nw,Rb,Nb,Qw,,,,,,,Nb,Pw,,,,,,,Qw,Rb,,,Pb,Pb,,,Kw,Bw,,,Pb,Pb,,,Rw,Kb,,,,,,,Nw,Pb,,,,,,,Qb,Kb,Pb,Kb,Bw,Nb,Pw,Kw,Pw	lightGray	0
01089be4c9186e9dcd02d5eba5078935	3355	Rw,Bb,Rw,Pb,Qb,Bw,Rb,Qb,Nw,,,,,,,Kb,Pb,,,,,,,Pb,Kb,,,,,,,Nb,Bw,,,,,,,Bw,Nb,,,,,,,Kw,Pw,,,,,,,Pw,Nb,Kb,Qw,Nw,Rb,Kw,Qb,Pb	lightRed	0
01097b628d30b788078a302d8f0cb999	3005	Qw,Kb,Pb,Rw,Bb,Kw,Pw,Nb,Kb,,,,,,,Pb,Rb,,,,,,,Qb,Bb,,,,,,,Bb,Qw,,,,,,,Rw,Pb,,,,,,,Pw,Rw,,,,,,,Kw,Rw,Pw,Rb,Bb,Qw,Pb,Rw,Kb	lightGray	0
01124f177bbdd9d4fcbe55e121e49c91	1702	Nb,Kw,Rw,Nw,Qb,Kb,Rb,Kb,Nb,,,,,,,Nw,Bw,,,,,,,Qb,Kw,,,Qb,Qb,,,Kw,Pw,,,Qb,Qb,,,Rw,Nw,,,,,,,Nb,Bb,,,,,,,Qw,Pb,Bb,Rw,Pw,Qw,Bw,Rb,Bb	darkGray	0
0116c72b1d3390f68cb992c9333fb336	664	Rw,Qb,Kw,Rw,Nb,Qw,Kb,Nw,Rb,,,,,,,Nb,Bw,,,,,,,Rw,Qw,,,,,,,Kw,Pw,,,,,,,Qb,Rw,,,,,,,Nw,Bb,,,,,,,Rb,Pb,Rb,Kb,Bb,Nw,Pw,Kw,Nw	lightGray	0
011c59322bc95527cdb5039999116351	3889	Nb,Kw,Qb,Nw,Rb,Kb,Qw,Pb,Pb,,,,,,,Kw,Qb,,,,,,,Pw,Bb,,,,,,,Nw,Rw,,,,,,,Bb,Pw,,,,,,,Kb,Qw,,,,,,,Pb,Pb,Kb,Rb,Nb,Qw,Kw,Rw,Pb	lightRed	0
01251fa89171c685cc4c46c6660becdf	110	Qw,Nb,Bw,Kw,Pw,Nw,Bb,Rw,Qw,,,,,,,Rw,Pw,,,,,,,Rw,Rb,,,Rb,Rb,,,Rw,Bw,,,Rb,Rb,,,Rw,Qb,,,,,,,Rw,Pb,,,,,,,Rw,Pb,Bb,Rw,Pw,Qw,Bw,Nb,Rw	darkGray	0
01255d2b7ea5d67ea4816934bee71d31	2276	Kw,Rb,Bw,Qw,Pw,Rw,Bb,Nb,Rb,,,,,,,Qb,Bw,,,,,,,Nw,Qw,,,Nw,Nw,,,Rb,Pw,,,Nw,Nw,,,Kb,Rw,,,,,,,Qw,Bb,,,,,,,Nb,Nw,Pb,Kb,Bw,Nb,Pw,Kw,Nw	lightRed	0
012b403649a58fdb0df2a375f4e9bcf6	2387	Rb,Qb,Bw,Rb,Pw,Qw,Bb,Rb,Nw,,,,,,,Nw,Qb,,,,,,,Bb,Kw,,,Pb,Pb,,,Kw,Rw,,,Pb,Pb,,,Pw,Nb,,,,,,,Nb,Qw,,,,,,,Bw,Rw,Pb,Rw,Bb,Qw,Pw,Rb,Qw	lightRed	0
01356d0c367124b48b851db8b0860db5	2889	Qb,Kw,Pw,Nb,Bw,Kb,Pb,Bw,Kw,,,,,,,Rw,Bb,,,,,,,Bb,Nw,,,,,,,Qw,Pb,,,,,,,Pw,Kb,,,,,,,Rb,Qw,,,,,,,Bw,Nb,Bb,Qw,Pw,Rb,Bw,Kb,Qb	darkGray	0
01436e14aa0520a96c9eefd968d9b6e2	1973	Kw,Bb,Kw,Pw,Nb,Bw,Kb,Rb,Nb,,,,,,,Bw,Rw,,,,,,,Kb,Kb,,,Bb,Bb,,,Pb,Qw,,,Bb,Bb,,,Nw,Nw,,,,,,,Bb,Rb,,,,,,,Kw,Pw,Qb,Bw,Rw,Kw,Qw,Bb,Rb	lightRed	0
016647032a5a7bb1fa8bbd611baa9c12	1764	Nb,Qb,Kw,Rw,Nb,Qw,Pw,Bb,Nb,,,,,,,Rb,Pw,,,,,,,Bw,Kw,,,,,,,Qb,Bb,,,,,,,Pb,Nw,,,,,,,Rw,Pb,,,,,,,Bb,Pb,Rw,Kw,Qw,Nb,Rb,Kb,Qw	lightGray	0
016d68816f42f1348d27345e16bad95f	2447	Bw,Kb,Bw,Nb,Pw,Kw,Bb,Nw,Nw,,,,,,,Nw,Bb,,,,,,,Qb,Kb,,,,,,,Kw,Pb,,,,,,,Pw,Nb,,,,,,,Nb,Bw,,,,,,,Bw,Rw,Rw,Rw,Rw,Rw,Rw,Rw,Rw	darkRed	0
017d19dcd88f03f476ae067c7e8967b9	1839	Pw,Rb,Pw,Qb,Bw,Rw,Pb,Rb,Rw,,,,,,,Bw,Kw,,,,,,,Qb,Qb,,,,,,,Pw,Nw,,,,,,,Rb,Pb,,,,,,,Nb,Kb,,,,,,,Qw,Nb,Kb,Qw,Nb,Rw,Kw,Qb,Pb	lightRed	0
019a9e91c80ec4a9ccdcb7fcc92a2404	3328	Kb,Qb,Bw,Rw,Pb,Qw,Bb,Qb,Bw,,,,,,,Pw,Rb,,,,,,,Nb,Pb,,,,,,,Bw,Qb,,,,,,,Kb,Bb,,,,,,,Pb,Rw,,,,,,,Nw,Kw,Pw,Kw,Bw,Nb,Pb,Kb,Pw	lightRed	1
019f2ae8f1d36973546b8cbaec0ab2f7	3213	Kw,Nw,Pb,Qb,Bw,Nb,Pw,Pb,Qb,,,,,,,Bb,Kw,,,,,,,Kw,Rb,,,,,,,Pw,Nw,,,,,,,Nb,Qw,,,,,,,Bw,Kb,,,,,,,Kb,Qb,Pb,Nw,Bb,Kw,Pw,Rb,Nb	darkRed	0
01a16829b10233434f1ba1443eca01a1	1226	Pb,Pw,Kw,Bb,Nw,Pb,Qb,Pw,Bb,,,,,,,Rb,Kw,,,,,,,Bw,Pw,,,,,,,Qb,Nb,,,,,,,Pb,Bw,,,,,,,Rw,Kb,,,,,,,Bb,Kw,Pw,Nb,Bw,Kb,Pb,Nw,Nb	darkGray	0
01b57d75144861c71dfa5680b70913d8	94	Rw,Bw,Rb,Pb,Qb,Nb,Rw,Kw,Nw,,,,,,,Nw,Pb,,,,,,,Rb,Kw,,,Nb,Nb,,,Kw,Bb,,,Nb,Nb,,,Qb,Nb,,,,,,,Nb,Pw,,,,,,,Rw,Kb,Bb,Qw,Pw,Rb,Bw,Qb,Pw	darkRed	0
01b8ab8768b8aff7a30facca39de4f0e	3676	Bb,Nw,Rb,Kb,Qw,Nb,Rw,Pb,Nw,,,,,,,Nw,Bb,,,,,,,Rb,Kw,,,Rb,Rb,,,Kw,Pw,,,Rb,Rb,,,Qb,Nb,,,,,,,Nb,Qw,,,,,,,Rw,Rw,Qw,Kb,Rb,Nw,Qb,Kw,Pw	darkGray	0
01c227084cfd63be1f7036acc1c0556d	3653	Bb,Rb,Pw,Qb,Nw,Rw,Kw,Qb,Nw,,,,,,,Pw,Qb,,,,,,,Nb,Kb,,,,,,,Bb,Rb,,,,,,,Kw,Nb,,,,,,,Pb,Qw,,,,,,,Nw,Rb,Qb,Kw,Rb,Nw,Qw,Kb,Qw	lightGray	0
01caa1d46346cdbc480d0f8bd607f523	1816	Rw,Bw,Nb,Pb,Kb,Bb,Nw,Bw,Nw,,,,,,,Qw,Pb,,,,,,,Bb,Kb,,,Nb,Nb,,,Rw,Bw,,,Nb,Nb,,,Pb,Nb,,,,,,,Qb,Pw,,,,,,,Bw,Bw,Pw,Nb,Qb,Kw,Pb,Nw,Qb	lightRed	0
01cc70599bea9004091f7506511ba2a0	1270	Pb,Nb,Qw,Kb,Rb,Nw,Qb,Rw,Bb,,,,,,,Rw,Qw,,,,,,,Rw,Pw,,,Pw,Pw,,,Rw,Rb,,,Pw,Pw,,,Rw,Bw,,,,,,,Rw,Qb,,,,,,,Rw,Qw,Qw,Pw,Rb,Bw,Qb,Pb,Rw	darkGray	0
01d16fd70ba1823a4bb36e9893c1fcab	1629	Qw,Bb,Nw,Pb,Kb,Bw,Rb,Bb,Bb,,,,,,,Rw,Kw,,,,,,,Kw,Pw,,,,,,,Qw,Nb,,,,,,,Nb,Bw,,,,,,,Rb,Kb,,,,,,,Kb,Nw,Pw,Nb,Bw,Kb,Pb,Nw,Rb	darkRed	0
01d51a7d0ac7d1f2e71aed6e42b1ca5e	2379	Qw,Bw,Kb,Pb,Nw,Qb,Kw,Bw,Pb,,,,,,,Bw,Qb,,,,,,,Qb,Bb,,,,,,,Pw,Rw,,,,,,,Rb,Pw,,,,,,,Bb,Qw,,,,,,,Qw,Nb,Pb,Qb,Bb,Rw,Pw,Kw,Rw	lightRed	0
01debd559715950186bed8588055c556	720	Nw,Kw,Rw,Nb,Qw,Kb,Rb,Kb,Pb,,,,,,,Kb,Rw,,,,,,,Rb,Nb,,,,,,,Nw,Qw,,,,,,,Bb,Pw,,,,,,,Kw,Rb,,,,,,,Pw,Rb,Nw,Rb,Kb,Qw,Bb,Rw,Pw	lightGray	0
01e8d47d8099f7c1d270e3e1760d3add	2904	Pb,Nw,Rb,Kw,Qb,Nb,Rw,Rb,Nb,,,,,,,Nb,Rw,,,,,,,Rw,Kb,,,Pb,Pb,,,Kw,Bw,,,Pb,Pb,,,Qb,Nw,,,,,,,Nw,Pb,,,,,,,Rb,Pw,Qw,Bb,Rb,Pw,Qb,Bw,Nb	lightGray	0
01ff09f9cd6cfb1975d059a7b36f9317	195	Rw,Bb,Kw,Pw,Nb,Bw,Kb,Kb,Rw,,,,,,,Qw,Rw,,,,,,,Pw,Rw,,,,,,,Rb,Rw,,,,,,,Bw,Rw,,,,,,,Qb,Rw,,,,,,,Pb,Rw,Nb,Rw,Kw,Qb,Nw,Rb,Pb	lightGray	0
0214042bcefd18fac6a977bba7b3fad1	939	Bb,Rw,Bb,Kb,Pb,Rb,Bw,Rw,Rb,,,,,,,Pb,Bw,,,,,,,Nw,Qw,,,Rb,Rb,,,Bb,Pw,,,Rb,Rb,,,Kw,Rw,,,,,,,Pw,Bb,,,,,,,Nb,Bw,Kw,Qb,Nb,Pw,Kb,Qw,Nw	lightGray	0
021cb6670734aaab54b2ba39d16f0e1a	256	Rb,Nw,Qb,Pw,Rb,Nb,Qw,Nw,Rb,,,,,,,Nb,Nw,,,,,,,Rw,Qw,,,,,,,Pb,Kb,,,,,,,Qb,Rw,,,,,,,Nw,Bb,,,,,,,Rb,Pw,Pw,Kw,Bw,Nb,Pb,Kb,Pb	lightGray	1
021d788c4ea928341477fa222eb75e3b	2859	Pw,Qb,Pb,Rb,Bw,Qw,Kb,Bw,Rw,,,,,,,Nw,Kw,,,,,,,Bb,Qb,,,Rw,Rw,,,Kw,Nw,,,Rw,Rw,,,Pw,Rb,,,,,,,Nb,Kb,,,,,,,Bw,Nw,Rw,Kw,Qb,Bw,Rb,Pw,Qb	darkGray	0
021dad1ff1dbccc5e519c7302b72dc56	1520	Bb,Nb,Bw,Kw,Pw,Nw,Bb,Nw,Bw,,,,,,,Rw,Qb,,,,,,,Kw,Pb,,,,,,,Qw,Rw,,,,,,,Nb,Bb,,,,,,,Rb,Qw,,,,,,,Kb,Nb,Bw,Rb,Pb,Qb,Bb,Rw,Qw	darkRed	0
0224c35e0d6ba75705c6afda450b3194	2433	Bw,Qw,Nb,Rb,Kb,Bb,Nw,Kw,Nb,,,,,,,Pb,Bw,,,,,,,Nw,Kb,,,Nb,Nb,,,Bb,Pb,,,Nb,Nb,,,Kw,Nw,,,,,,,Pw,Bb,,,,,,,Nb,Bw,Bw,Qb,Pw,Rb,Bb,Qw,Qw	lightGray	0
02252ded5e4d8c5454c741266672527b	1523	Qb,Pw,Rb,Bb,Qw,Pb,Rw,Bw,Nb,,,,,,,Nb,Bw,,,,,,,Rw,Kb,,,,,,,Kb,Pb,,,,,,,Qw,Nw,,,,,,,Nw,Bb,,,,,,,Rb,Rw,Kb,Qw,Nb,Rw,Kw,Qb,Qb	darkRed	0
022800748617660c40c3772679ce2f83	1565	Bb,Nw,Bb,Kw,Pw,Nb,Bw,Pw,Rw,,,,,,,Qb,Bb,,,,,,,Nw,Qw,,,Rw,Rw,,,Rb,Pw,,,Rw,Rw,,,Kb,Rb,,,,,,,Qw,Nw,,,,,,,Nb,Nw,Kw,Rw,Nb,Qw,Pw,Rb,Qb	darkRed	0
022febfb38821155bab3622d4ee9d10f	3354	Pw,Pw,Qw,Nw,Rb,Pb,Qb,Qw,Pw,,,,,,,Nw,Nb,,,,,,,Bb,Bw,,,,,,,Kw,Kb,,,,,,,Pw,Pb,,,,,,,Nb,Nw,,,,,,,Qw,Kw,Bb,Nw,Pw,Kw,Bw,Nb,Qw	lightRed	0
025dc9028457a501974d2e7b93a72da6	1704	Bb,Qb,Kw,Rw,Nb,Qw,Kb,Kw,Nb,,,,,,,Nb,Bw,,,,,,,Pw,Qb,,,Qw,Qw,,,Kb,Pb,,,Qw,Qw,,,Bw,Nw,,,,,,,Nw,Bb,,,,,,,Pb,Bb,Kb,Qw,Nw,Rb,Kw,Qb,Bb	lightRed	0
027e214194ad6e29b12df4f55abcf918	53	Kw,Pw,Rb,Bb,Qw,Kw,Rw,Kb,Rw,,,,,,,Rb,Kw,,,,,,,Kb,Qw,,,,,,,Qb,Nb,,,,,,,Nw,Rb,,,,,,,Rw,Kb,,,,,,,Pb,Rb,Rw,Bb,Qb,Pb,Rb,Bw,Rw	lightRed	0
028ba1e7ec55227472269d34a9180713	894	Pw,Bw,Nb,Pw,Kw,Bb,Nw,Bw,Pb,,,,,,,Nb,Nw,,,,,,,Qw,Bb,,,,,,,Kb,Kw,,,,,,,Rb,Pw,,,,,,,Bw,Rb,,,,,,,Qb,Bb,Pb,Qb,Nb,Rw,Pw,Qw,Kw	darkRed	0
029cdcae3c304b1d999b61fbc80afee0	2204	Nb,Nw,Pb,Kb,Bw,Rb,Pw,Rw,Pb,,,,,,,Rw,Nw,,,,,,,Pb,Qw,,,Bb,Bb,,,Qw,Kb,,,Bb,Bb,,,Bb,Rw,,,,,,,Rb,Nb,,,,,,,Pw,Qb,Qb,Nw,Rb,Kb,Qw,Nb,Rb	darkRed	0
02a0d23351ca9373dd26c0b43c745fee	381	Rw,Rw,Rw,Rw,Rw,Rw,Rw,Rw,Bb,,,,,,,Pw,Qw,,,,,,,Kw,Pw,,,,,,,Bb,Rb,,,,,,,Nw,Bw,,,,,,,Rb,Qb,,,,,,,Kb,Rb,Bw,Nb,Pb,Kb,Bb,Nw,Pw	darkRed	0
02b053e112e68d86a21378aa08a0a365	193	Nb,Bw,Rb,Pw,Kw,Bb,Nw,Rb,Nb,,,,,,,Nb,Rw,,,,,,,Qw,Kb,,,Nb,Nb,,,Kb,Qw,,,Nb,Nb,,,Rb,Nw,,,,,,,Nw,Rb,,,,,,,Qb,Nw,Bb,Kw,Pb,Nw,Bw,Kb,Pw	darkRed	0
02b11d68a50ae97f1659ed37a2c3254b	1222	Rw,Nb,Qw,Kb,Rb,Bw,Qb,Qw,Kb,,,,,,,Pb,Pb,,,,,,,Qb,Nb,,,Nb,Nb,,,Bw,Bw,,,Nb,Nb,,,Rb,Kw,,,,,,,Pw,Pw,,,,,,,Kw,Pb,Nb,Pw,Kw,Bb,Nw,Pb,Rw	darkRed	0
02b4110b9afa0fbc1c54ce8eed5caf30	557	Nb,Nb,Qw,Kw,Rw,Nw,Bb,Qw,Bw,,,,,,,Pw,Qb,,,,,,,Rb,Pw,,,,,,,Bw,Rb,,,,,,,Qb,Bb,,,,,,,Pb,Qw,,,,,,,Nw,Qw,Pw,Kw,Bb,Nw,Rb,Kb,Rb	lightGray	0
02b818408e61d68a471dc20c70c283a2	2967	Qb,Rb,Nw,Qb,Kw,Rw,Nb,Kb,Nb,,,,,,,Kw,Qw,,,,,,,Pw,Kb,,,,,,,Nb,Rb,,,,,,,Bw,Bw,,,,,,,Kb,Qb,,,,,,,Pb,Kw,Bw,Kb,Pw,Nb,Bb,Kw,Qw	darkGray	0
02b9d9371ed3e71cab2a34bc6c8023a3	1940	Kw,Rb,Pw,Qb,Bw,Rw,Kw,Qb,Nb,,,,,,,Pb,Rw,,,,,,,Nw,Kw,,,Nw,Nw,,,Qw,Qb,,,Nw,Nw,,,Kb,Nw,,,,,,,Rw,Rb,,,,,,,Nb,Nb,Bb,Qw,Pb,Nw,Bw,Kb,Bw	lightGray	0
02bdc4e2ba423e0edccb9350ea9e9b85	382	Rw,Kw,Rw,Nb,Qw,Pw,Rb,Rw,Pw,,,,,,,Rw,Qw,,,,,,,Rw,Bb,,,Nb,Nb,,,Rw,Rw,,,Nb,Nb,,,Rw,Pb,,,,,,,Rw,Qb,,,,,,,Rw,Bb,Nb,Pw,Kb,Bw,Nw,Pb,Rw	darkRed	0
02c0e3bdb22896975ece9b20876349c5	10	Pw,Kb,Qw,Nb,Rw,Kw,Qb,Bw,Nw,,,,,,,Qb,Rb,,,,,,,Pb,Kb,,,,,,,Rb,Qw,,,,,,,Bw,Nb,,,,,,,Qw,Rw,,,,,,,Pw,Pw,Bw,Nb,Pw,Kw,Bb,Nw,Pb	lightGray	0
02ca1cb977c02bea69a88dd6a2868ac6	1220	Rw,Rb,Pw,Qw,Bb,Rw,Pb,Bb,Pw,,,,,,,Qb,Nb,,,,,,,Bw,Bb,,,,,,,Rb,Kw,,,,,,,Pw,Pb,,,,,,,Qw,Nw,,,,,,,Nb,Nw,Kb,Rb,Nb,Qw,Kw,Rw,Pb	lightRed	0
02e12f1e975b66bad1925c46a3797587	2872	Bw,Kb,Bw,Nw,Pb,Kw,Bb,Rw,Pw,,,,,,,Qb,Kw,,,,,,,Bw,Bb,,,Bb,Bb,,,Rw,Nw,,,Bb,Bb,,,Pb,Pb,,,,,,,Qw,Kb,,,,,,,Bb,Pb,Pw,Qw,Bb,Rw,Pb,Qb,Kb	darkGray	0
02f6abbd39e65e91d52dcbfc05f5dce8	1155	Nb,Pb,Nw,Bb,Kw,Rw,Nb,Kb,Nb,,,,,,,Bw,Qw,,,,,,,Rb,Kb,,,Pw,Pw,,,Pw,Rb,,,Pw,Pw,,,Qw,Nw,,,,,,,Bb,Qb,,,,,,,Rw,Pw,Nb,Rw,Kb,Qw,Nw,Rb,Qw	darkRed	1
02f7d9b2a8d912dd695b929d60269787	807	Qb,Nb,Qw,Kb,Rb,Nw,Qb,Kb,Nb,,,,,,,Qb,Qw,,,,,,,Nw,Kb,,,,,,,Rb,Rb,,,,,,,Kb,Nw,,,,,,,Qw,Qb,,,,,,,Nb,Nb,Nw,Qb,Kw,Rw,Nb,Qw,Pw	lightRed	0
02fa1d783a7ae54d9e93b7b20916ecde	3920	Pw,Bb,Qw,Pw,Rb,Bw,Qb,Rw,Pb,,,,,,,Nb,Rw,,,,,,,Qw,Bb,,,,,,,Kb,Qw,,,,,,,Rb,Pw,,,,,,,Nw,Rb,,,,,,,Qb,Rw,Qb,Bw,Rb,Pw,Qw,Bb,Rw	lightRed	0
02faeb86ee5f300b59b1bde5ba068755	330	Bb,Bw,Kb,Pw,Nb,Bb,Kw,Bb,Qw,,,,,,,Pb,Nb,,,,,,,Kb,Rb,,,Nw,Nw,,,Bb,Kb,,,Nw,Nw,,,Nw,Bb,,,,,,,Pw,Nw,,,,,,,Kw,Qw,Rw,Bb,Qb,Pb,Rb,Bw,Qb	lightRed	0
03071e1622a089b11f54103dfa30122f	1130	Rw,Pb,Qb,Bb,Rw,Pw,Qw,Qb,Rw,,,,,,,Rw,Rw,,,,,,,Nb,Rw,,,Bb,Bb,,,Qb,Rw,,,Bb,Bb,,,Qw,Rw,,,,,,,Pb,Rw,,,,,,,Nw,Rw,Qw,Nb,Rw,Pb,Qb,Nw,Nw	lightRed	0
030b8b03b0f2a2550ef38b1a8bfe54c9	643	Nb,Kw,Qb,Nw,Rb,Pw,Qw,Kw,Pw,,,,,,,Qb,Kw,,,,,,,Pb,Bw,,,,,,,Rw,Nb,,,,,,,Bb,Pb,,,,,,,Qw,Kb,,,,,,,Pw,Kw,Kw,Bb,Nw,Pb,Kb,Bw,Nb	lightGray	0
030c9049012b5375c6561aee56fd1cca	1789	Kb,Pb,Qb,Bb,Rw,Pw,Kw,Pw,Rw,,,,,,,Bw,Pb,,,,,,,Nb,Qw,,,Pb,Pb,,,Pw,Bb,,,Pb,Pb,,,Kw,Rb,,,,,,,Bb,Pw,,,,,,,Nw,Bw,Pw,Kw,Bw,Nb,Pb,Kb,Rw	darkGray	0
031ecaba0d95b269efd70bdf4faece96	1155	Nb,Pb,Nw,Bb,Kw,Rw,Nb,Kb,Nb,,,,,,,Bw,Qw,,,,,,,Rb,Kb,,,,,,,Pw,Rb,,,,,,,Qw,Nw,,,,,,,Bb,Qb,,,,,,,Rw,Pw,Nb,Rw,Kb,Qw,Nw,Rb,Qw	darkRed	1
0329c8fa0993edf76c25554bd8b272e9	4088	Bb,Nw,Rb,Kw,Qb,Nb,Rw,Bw,Pb,,,,,,,Bb,Rw,,,,,,,Nw,Bw,,,,,,,Pw,Qb,,,,,,,Kw,Pw,,,,,,,Bw,Rb,,,,,,,Nb,Bw,Kb,Pb,Nw,Bb,Kw,Pw,Qw	darkRed	0
034f70bba25835b57aaf22a93ad2abea	1066	Pb,Pb,Kb,Bb,Nw,Pw,Kw,Rb,Rw,,,,,,,Nw,Nb,,,,,,,Rb,Qw,,,Rb,Rb,,,Pw,Kb,,,Rb,Rb,,,Qw,Rb,,,,,,,Nb,Nw,,,,,,,Rw,Nw,Rw,Nb,Qb,Kw,Rb,Nw,Kw	lightRed	0
0351614eb6f4d210052daa3e283f8850	2287	Nw,Kb,Rb,Nb,Qw,Kw,Rw,Pw,Pb,,,,,,,Qb,Nw,,,,,,,Kw,Bb,,,,,,,Rw,Kw,,,,,,,Nb,Rw,,,,,,,Qw,Nb,,,,,,,Kb,Bw,Rb,Kb,Qw,Nb,Rw,Kw,Bb	lightRed	0
035490ed2a15e72b0faf4a3472dd53bd	1261	Bb,Rb,Kb,Qb,Nw,Rw,Pb,Rw,Pw,,,,,,,Kw,Rb,,,,,,,Pw,Bw,,,,,,,Nb,Qb,,,,,,,Bw,Pb,,,,,,,Kb,Rw,,,,,,,Pb,Nb,Qw,Pw,Rw,Bb,Qb,Pb,Pb	lightGray	0
036533f29ddf0cc5e67300f6d8bad559	1648	Nw,Nw,Pb,Kw,Bb,Nb,Pw,Rw,Pb,,,,,,,Pb,Nw,,,,,,,Qb,Bw,,,,,,,Bb,Kb,,,,,,,Pw,Pw,,,,,,,Pw,Nb,,,,,,,Kw,Nw,Kb,Kw,Nw,Rb,Kw,Qb,Kw	darkGray	0
03792a5e30f120b65cac3a6e319ba837	738	Rw,Rw,Rw,Rw,Rw,Rw,Rw,Rw,Nb,,,,,,,Pb,Rw,,,,,,,Rw,Kw,,,,,,,Bb,Qb,,,,,,,Qw,Nw,,,,,,,Pw,Rb,,,,,,,Rb,Bb,Rb,Bw,Qw,Pw,Rw,Bb,Nw	lightGray	0
0380a206bb21fcca0680065d6db4bc96	2016	Kb,Qb,Bw,Rw,Pb,Qw,Nb,Pb,Rb,,,,,,,Kw,Pw,,,,,,,Rw,Qw,,,,,,,Nb,Bb,,,,,,,Bw,Nw,,,,,,,Kb,Pb,,,,,,,Pb,Rw,Rw,Rw,Rw,Rw,Rw,Rw,Rw	lightRed	0
039675c461c60c9fe9b702db1b640f6e	1713	Bb,Kw,Pw,Nb,Bw,Kb,Pb,Bw,Nw,,,,,,,Qb,Rb,,,,,,,Bw,Kb,,,Pb,Pb,,,Rb,Qw,,,Pb,Pb,,,Pw,Nb,,,,,,,Qw,Rw,,,,,,,Bb,Kw,Kw,Rw,Bw,Qb,Kb,Rb,Bw	lightGray	0
03a7e64958744e26a4e7dc3d66369567	2306	Rw,Rw,Rw,Rw,Rw,Rw,Rw,Rw,Nb,,,,,,,Nw,Rw,,,,,,,Qb,Kw,,,,,,,Kb,Qb,,,,,,,Rb,Nw,,,,,,,Nb,Rb,,,,,,,Qw,Qb,Nw,Pb,Kw,Bb,Nb,Pw,Nb	darkRed	0
03b5c36e3985f870155598de5f9a4e16	2952	Bw,Qb,Kw,Rw,Nb,Qw,Kb,Kb,Bb,,,,,,,Qb,Qw,,,,,,,Kw,Pw,,,,,,,Rb,Rb,,,,,,,Nw,Bw,,,,,,,Qw,Qb,,,,,,,Kb,Kw,Kb,Pb,Nw,Bb,Kw,Pw,Nw	lightGray	1
03bbc1a37838cb657fc23ceac0cb9c9b	3893	Qb,Rb,Bw,Qw,Pw,Rw,Bb,Nw,Nb,,,,,,,Rb,Rw,,,,,,,Nw,Kb,,,Nb,Nb,,,Qw,Qw,,,Nb,Nb,,,Kb,Nw,,,,,,,Rw,Rb,,,,,,,Nb,Pb,Rb,Nw,Qb,Kw,Rw,Bb,Qw	lightGray	0
03c38e9708c9f526b935f90d32cf8104	2696	Pb,Kb,Pb,Nw,Bb,Kw,Rw,Pb,Qb,,,,,,,Pw,Nw,,,,,,,Kw,Rw,,,,,,,Bw,Kw,,,,,,,Nb,Bw,,,,,,,Pb,Nb,,,,,,,Qb,Rw,Nw,Rb,Kw,Qb,Nb,Rw,Bb	lightRed	0
03c6a7ae31ed05c6d7cc4678109bb735	1412	Rw,Qb,Kw,Rw,Nb,Qw,Kb,Rw,Kw,,,,,,,Bb,Qb,,,,,,,Kw,Nb,,,Rb,Rb,,,Pw,Rw,,,Rb,Rb,,,Nb,Kb,,,,,,,Bw,Qw,,,,,,,Kb,Nw,Nb,Bw,Kw,Pw,Nw,Bb,Bw	darkRed	0
03cee71fe40781951d0817b3a225b3d7	12	Rw,Kb,Rb,Nw,Qb,Kw,Pw,Kw,Rw,,,,,,,Qb,Rw,,,,,,,Pb,Rw,,,Bw,Bw,,,Rb,Rw,,,Bw,Bw,,,Bw,Rw,,,,,,,Qw,Rw,,,,,,,Pw,Rw,Pw,Nb,Bb,Kw,Pb,Nw,Pw	lightGray	0
03dc5f981c98069b7140da70fb8168fa	405	Pb,Kb,Pb,Nw,Bb,Kw,Pw,Pw,Pb,,,,,,,Bw,Qb,,,,,,,Rb,Bw,,,,,,,Kw,Rb,,,,,,,Qb,Kb,,,,,,,Bb,Qw,,,,,,,Rw,Qw,Bb,Qw,Pb,Rw,Bw,Qb,Pw	lightRed	0
03ec5205778d49b5f95a61437afe77b4	191	Qw,Rb,Nw,Qw,Kb,Pw,Nb,Rb,Rb,,,,,,,Kw,Bw,,,,,,,Bb,Qb,,,,,,,Nb,Pb,,,,,,,Pw,Rw,,,,,,,Kb,Bb,,,,,,,Bw,Rw,Kb,Pb,Nb,Bw,Kw,Pw,Qb	lightGray	0
04043563c1f46e84f952ec42b727dafe	2300	Bb,Pb,Qb,Nb,Rw,Pw,Qw,Kw,Nw,,,,,,,Pb,Qb,,,,,,,Nw,Kb,,,,,,,Bw,Rb,,,,,,,Kb,Nb,,,,,,,Pw,Qw,,,,,,,Nb,Nb,Pw,Nb,Bw,Kb,Pw,Nw,Qw	lightRed	0
0404378c6164b913e12e34e9daa7fedb	765	Qb,Kw,Rw,Nw,Qb,Kb,Rb,Qw,Rb,,,,,,,Kb,Pw,,,,,,,Rb,Qb,,,,,,,Bb,Bw,,,,,,,Qw,Rw,,,,,,,Pb,Pb,,,,,,,Rw,Bw,Kb,Qw,Nw,Rb,Kw,Qb,Rw	darkGray	0
040ef8d1143c849a720c192c0877c910	2374	Pw,Qb,Nw,Rw,Kw,Qw,Nb,Kb,Rw,,,,,,,Bb,Pb,,,,,,,Rw,Qb,,,,,,,Pw,Bw,,,,,,,Qw,Rb,,,,,,,Bw,Pw,,,,,,,Rb,Nw,Pw,Kw,Bw,Nb,Pb,Kb,Rb	darkRed	0
0414ef679692625fb93753ba9ba10e60	1544	Rw,Rb,Nw,Bb,Qw,Pw,Nb,Kb,Rw,,,,,,,Kw,Rw,,,,,,,Bb,Rw,,,Rw,Rw,,,Nw,Rw,,,Rw,Rw,,,Pb,Rw,,,,,,,Qb,Rw,,,,,,,Bw,Rw,Pw,Nb,Bw,Kb,Pb,Nw,Rw	darkRed	1
0415603df58c2163502295deed128a2e	827	Qb,Nw,Pb,Kw,Bb,Rb,Pw,Rw,Kb,,,,,,,Bb,Rb,,,,,,,Kw,Nb,,,Rw,Rw,,,Pb,Qw,,,Rw,Rw,,,Nw,Kw,,,,,,,Bw,Rw,,,,,,,Kb,Pw,Rb,Nw,Qw,Kb,Rw,Nb,Bb	darkRed	0
0421821645c02cdd514303014d02cab9	35	Kb,Kb,Qw,Nw,Pb,Kw,Bb,Pw,Bw,,,,,,,Nw,Nb,,,,,,,Pb,Pw,,,,,,,Kb,Kw,,,,,,,Bw,Bb,,,,,,,Nb,Nw,,,,,,,Pw,Bw,Bw,Rb,Pb,Qb,Bb,Nw,Qb	darkGray	0
04222974b874497b5e310cb4f48b2410	1291	Bb,Pb,Rw,Bb,Kw,Pw,Rb,Kb,Rw,,,,,,,Bw,Bb,,,,,,,Nb,Qw,,,,,,,Pw,Pw,,,,,,,Kw,Rb,,,,,,,Bb,Bw,,,,,,,Nw,Bb,Kb,Pb,Nw,Bb,Kw,Pw,Qw	darkRed	0
0424d6dee01e314b6b8e46e45a16a776	4001	Nw,Nw,Pb,Kb,Bw,Nb,Pw,Pw,Bb,,,,,,,Kw,Nw,,,,,,,Qb,Pw,,,Rb,Rb,,,Nb,Kw,,,Rb,Rb,,,Rw,Bw,,,,,,,Kb,Nb,,,,,,,Qw,Nb,Pw,Rb,Bb,Qw,Pb,Nw,Rb	darkGray	1
0424f97926cd1a188c91beec7e281fc1	3181	Nb,Kw,Rw,Nw,Qb,Kb,Rb,Rb,Nw,,,,,,,Pb,Bb,,,,,,,Rw,Kw,,,,,,,Bb,Pw,,,,,,,Qw,Nb,,,,,,,Pw,Bw,,,,,,,Rb,Rb,Kb,Qw,Nw,Rb,Kw,Qb,Bw	lightRed	0
0430cea507a6e13ce4abb1babd2d6abf	1425	Pw,Nb,Qw,Kb,Rb,Nw,Qb,Pw,Pb,,,,,,,Qb,Qb,,,,,,,Kw,Bw,,,Pw,Pw,,,Pw,Rb,,,Pw,Pw,,,Nb,Pw,,,,,,,Bw,Qw,,,,,,,Kb,Nb,Kb,Bw,Nw,Pb,Kw,Bb,Nb	lightRed	0
04393da18acd724e314b49883925f55b	1994	Kb,Pb,Rw,Nb,Qw,Kb,Rb,Nw,Qw,,,,,,,Kw,Pw,,,,,,,Pw,Nw,,,Pw,Pw,,,Nb,Bb,,,Pw,Pw,,,Bw,Kb,,,,,,,Kb,Pb,,,,,,,Pb,Bw,Rb,Pw,Qw,Bb,Rw,Pb,Pb	lightRed	0
043e81079b8ec17f58d5a629975ca43f	3795	Bw,Bb,Nb,Pw,Kw,Bw,Nb,Nb,Rw,,,,,,,Rb,Pb,,,,,,,Bw,Qw,,,Rb,Rb,,,Qb,Bb,,,Rb,Rb,,,Kw,Rb,,,,,,,Rw,Pw,,,,,,,Nb,Bb,Qb,Nw,Rb,Kb,Qw,Nb,Rw	lightRed	1
04429cf4fc96bd5f58bb4617c8df0504	4087	Rw,Nw,Rb,Kw,Qb,Nb,Rw,Kw,Rw,,,,,,,Pb,Rw,,,,,,,Kb,Rw,,,Pb,Pb,,,Bw,Rw,,,Pb,Pb,,,Nb,Rw,,,,,,,Pw,Rw,,,,,,,Kw,Rw,Nw,Rb,Kw,Qb,Nb,Rw,Nw	lightGray	0
0483dabd1d73669599bbfc53d9e4267b	3162	Bw,Qb,Nw,Rb,Kb,Qw,Bb,Rb,Bb,,,,,,,Nw,Kw,,,,,,,Qb,Pb,,,Pw,Pw,,,Kw,Nw,,,Pw,Pw,,,Rw,Bw,,,,,,,Nb,Qb,,,,,,,Qw,Qw,Rw,Nb,Qw,Kb,Rb,Nw,Bb	lightGray	0
04848d0c60f873804fa4aa45bde93343	30	Pb,Qb,Bw,Rw,Pb,Qw,Bb,Nw,Pb,,,,,,,Rb,Kb,,,,,,,Pw,Bw,,,Qb,Qb,,,Qw,Nb,,,Qb,Qb,,,Bb,Pw,,,,,,,Rw,Kw,,,,,,,Pb,Rb,Qb,Pb,Rw,Bb,Qw,Pw,Pb	darkGray	0
0485442759d52764ac8d09fef7d83a35	977	Rw,Qw,Kb,Rb,Nw,Qb,Kw,Rw,Qw,,,,,,,Rw,Nb,,,,,,,Rw,Rw,,,,,,,Rw,Pb,,,,,,,Rw,Qb,,,,,,,Rw,Nw,,,,,,,Rw,Qw,Nb,Qw,Kb,Rb,Bw,Qb,Rw	darkGray	0
0490c02fdf52d2fe50dac506a949562f	1134	Pb,Rw,Pb,Qb,Bw,Rb,Kb,Pw,Bb,,,,,,,Rb,Rw,,,,,,,Kb,Pb,,,,,,,Qb,Qb,,,,,,,Nw,Bw,,,,,,,Rw,Rw,,,,,,,Kw,Kw,Qw,Kb,Rw,Nb,Qb,Kw,Rw	lightGray	0
04957cf4ca1e7dc35103a602277fa7e1	798	Pb,Pb,Rw,Nb,Qw,Pw,Rb,Pb,Nb,,,,,,,Rw,Pw,,,,,,,Kw,Qb,,,Qb,Qb,,,Bw,Bw,,,Qb,Qb,,,Nb,Nw,,,,,,,Rb,Pb,,,,,,,Kb,Pb,Kw,Bb,Rb,Pw,Qb,Bw,Kw	lightGray	0
049644ea41c47c1c54d768c16a6c2b25	3272	Qw,Kw,Qb,Nb,Rw,Kb,Qw,Bb,Pb,,,,,,,Nw,Kb,,,,,,,Qb,Bw,,,,,,,Kw,Nb,,,,,,,Rw,Pw,,,,,,,Nb,Qw,,,,,,,Qw,Qw,Bb,Rw,Pb,Qb,Bw,Rb,Bw	darkRed	0
04aa16f5467bb35be23c406c3a0dc3f3	4074	Kw,Pb,Rw,Nb,Qw,Kb,Rb,Rb,Nw,,,,,,,Bb,Rb,,,,,,,Rw,Pw,,,Kb,Kb,,,Pb,Qw,,,Kb,Kb,,,Qb,Nb,,,,,,,Bw,Rw,,,,,,,Rb,Nb,Rw,Bb,Qw,Kb,Rb,Bw,Nw	lightGray	0
04b33493c655e3bb102f96395769e0bd	221	Bb,Qw,Kb,Rb,Nw,Qb,Kw,Nb,Rb,,,,,,,Bb,Kb,,,,,,,Kw,Qb,,,,,,,Pw,Nw,,,,,,,Nb,Pw,,,,,,,Bw,Kw,,,,,,,Kb,Rw,Pb,Kb,Bb,Nw,Pw,Kw,Bw	lightGray	0
04b379aac3770410211888d16fe41369	1170	Rw,Rw,Rw,Rw,Rw,Rw,Rw,Rw,Kw,,,,,,,Qb,Bb,,,,,,,Bw,Nw,,,Rb,Rb,,,Rw,Pb,,,Rb,Rb,,,Kw,Kb,,,,,,,Qw,Bw,,,,,,,Nb,Rb,Rw,Kw,Qw,Nb,Rb,Kb,Bb	darkGray	0
04ba3f74a14070827fa9be101dce580d	9	Nw,Qw,Pw,Rb,Bw,Qb,Pb,Qb,Bb,,,,,,,Pb,Kw,,,,,,,Rw,Pw,,,,,,,Bw,Nb,,,,,,,Qb,Bw,,,,,,,Pw,Kb,,,,,,,Rb,Bw,Nb,Qw,Kb,Rb,Nw,Qb,Rw	lightRed	0
04ca66067e42e0f86d51def00b2b3f10	3144	Qb,Pw,Kw,Bw,Nb,Pb,Kb,Kw,Kw,,,,,,,Rb,Bb,,,,,,,Bw,Nw,,,Nw,Nw,,,Qw,Pb,,,Nw,Nw,,,Pw,Kb,,,,,,,Rw,Bw,,,,,,,Bb,Kb,Nw,Qb,Kw,Rw,Nb,Qw,Pw	lightRed	0
04cf871094fb226a0e9fcfbcbf128845	3674	Nw,Rb,Kb,Qw,Nb,Rw,Kw,Qw,Qb,,,,,,,Pb,Kw,,,,,,,Kb,Rb,,,,,,,Bb,Nw,,,,,,,Rw,Qw,,,,,,,Pw,Pw,,,,,,,Qw,Kw,Bb,Kw,Pw,Nb,Bw,Kb,Pw	lightRed	0
04e974b56720db88c895fecf79efc379	3833	Rb,Qb,Kw,Rb,Nw,Qw,Kb,Rw,Rb,,,,,,,Nw,Bw,,,,,,,Rb,Qb,,,,,,,Kb,Pb,,,,,,,Qw,Rw,,,,,,,Nb,Bb,,,,,,,Rw,Qb,Kw,Bb,Rb,Pw,Qb,Bw,Pb	lightRed	0
05151d30ccdf5f3f26bc57ff06691377	1896	Qb,Bb,Kw,Rb,Nw,Bw,Kb,Rw,Rb,,,,,,,Bw,Pw,,,,,,,Kb,Qw,,,,,,,Pw,Bb,,,,,,,Nb,Rw,,,,,,,Qb,Pb,,,,,,,Kw,Bb,Kw,Pw,Nb,Bw,Kb,Pb,Bb	darkRed	0
0519f85fc6c96f1ff7a01ca75a092c18	1860	Rw,Pb,Rw,Bb,Qw,Pw,Rb,Rw,Bb,,,,,,,Rw,Kw,,,,,,,Rw,Pw,,,,,,,Rw,Nb,,,,,,,Rw,Bw,,,,,,,Rw,Kb,,,,,,,Rw,Bb,Pw,Kw,Bw,Nb,Pb,Kb,Rw	darkGray	0
0547bc96613345cae1e316c5fd2d188b	372	Qw,Qb,Nw,Rw,Kw,Qw,Bb,Qw,Bb,,,,,,,Rb,Qw,,,,,,,Nw,Pw,,,,,,,Qw,Rb,,,,,,,Kb,Bw,,,,,,,Rw,Qb,,,,,,,Nb,Qb,Pw,Nb,Bb,Kw,Pb,Nw,Rw	darkRed	0
054f6e3a09aecd296ff4a6a4e3850668	3770	Rw,Nw,Bb,Kw,Pw,Nb,Bw,Nb,Nb,,,,,,,Rw,Bw,,,,,,,Bb,Kb,,,,,,,Qb,Pb,,,,,,,Pb,Nw,,,,,,,Rb,Bb,,,,,,,Bw,Rw,Bb,Rw,Pw,Qw,Bw,Rb,Rw	lightGray	0
05582ecf31cd38f1e55940a7ee01aaee	2538	Nb,Bb,Nw,Pw,Kw,Bw,Nb,Bb,Bw,,,,,,,Bw,Kb,,,,,,,Nb,Pw,,,,,,,Pw,Nb,,,,,,,Kw,Bb,,,,,,,Bb,Kw,,,,,,,Nw,Qb,Qw,Bb,Rw,Pb,Qb,Bw,Bb	darkRed	0
05664e4fa16a42224206c3fde1728cae	3361	Kw,Pw,Kw,Bb,Nw,Pb,Kb,Bb,Bb,,,,,,,Nw,Kw,,,,,,,Qb,Pw,,,,,,,Kw,Nb,,,,,,,Rw,Qw,,,,,,,Nb,Kb,,,,,,,Qw,Pw,Bb,Nw,Pw,Kw,Bw,Nb,Nb	lightRed	0
05712f500bcb506366278f3408435bf5	507	Pw,Nb,Rw,Kw,Qb,Nw,Rb,Qb,Rw,,,,,,,Nw,Pb,,,,,,,Pb,Qb,,,Bb,Bb,,,Kb,Bw,,,Bb,Bb,,,Bw,Rb,,,,,,,Nb,Kb,,,,,,,Pw,Rb,Qw,Bb,Rw,Pb,Qb,Bw,Kb	lightGray	0
057477649b41e3a1e63f489cbe8fb10e	3061	Rw,Nb,Pw,Kb,Bw,Nw,Pb,Kw,Qb,,,,,,,Rb,Bw,,,,,,,Nw,Rw,,,Nw,Nw,,,Qb,Pb,,,Nw,Nw,,,Kw,Qw,,,,,,,Pw,Bb,,,,,,,Nb,Bb,Rw,Bb,Qb,Pb,Rb,Bw,Bb	darkRed	0
057883d8ed5403791f147d6399c3179c	1616	Qw,Kw,Rw,Nw,Qb,Kb,Pb,Qb,Pw,,,,,,,Pw,Kw,,,,,,,Kw,Bb,,,Qb,Qb,,,Bb,Nw,,,Qb,Qb,,,Nw,Pb,,,,,,,Pb,Kb,,,,,,,Kb,Bb,Qb,Bw,Rw,Pb,Qw,Bb,Nw	lightGray	0
058a745aa4740c625363d7fae9ee703c	100	Rb,Rb,Nw,Qw,Kb,Rw,Nb,Rb,Nb,,,,,,,Qb,Pw,,,,,,,Pb,Kb,,,,,,,Rb,Bw,,,,,,,Bw,Rw,,,,,,,Qw,Pb,,,,,,,Pw,Rw,Nw,Bb,Kb,Pb,Nb,Bw,Kb	lightRed	0
0599ae72629ef87569e53d75b1106aa2	2475	Qw,Nb,Bw,Kb,Pb,Nw,Bb,Kb,Bw,,,,,,,Qb,Kb,,,,,,,Kw,Pb,,,,,,,Rb,Nw,,,,,,,Nw,Bb,,,,,,,Qw,Kw,,,,,,,Kb,Rb,Rw,Nb,Qw,Kb,Rb,Nw,Kw	darkGray	0
05a5ba0f5e142d09774f21ca3326c1f1	3638	Kb,Nw,Rb,Kw,Qb,Nb,Rw,Kb,Kw,,,,,,,Kb,Pw,,,,,,,Bw,Nw,,,,,,,Nb,Qb,,,,,,,Pw,Kb,,,,,,,Kw,Rb,,,,,,,Bb,Bb,Qw,Nb,Rw,Kw,Qb,Nw,Pb	lightGray	1
05a8b6681b8082139836afda726e05d6	2463	Rb,Kb,Bw,Nb,Pw,Kw,Bb,Pw,Nb,,,,,,,Nw,Rw,,,,,,,Pb,Kw,,,,,,,Kb,Qb,,,,,,,Bw,Nw,,,,,,,Nb,Rb,,,,,,,Pw,Bw,Pb,Qb,Bb,Rw,Pw,Qw,Pw	lightGray	0
05aff9bc4ef769ff5ecce2fba29aade6	1057	Rb,Nw,Bb,Kw,Pw,Nb,Bw,Bw,Qb,,,,,,,Nw,Nw,,,,,,,Rb,Rw,,,,,,,Kb,Kw,,,,,,,Qw,Qw,,,,,,,Nb,Nb,,,,,,,Rw,Pw,Rb,Nw,Qw,Kb,Rw,Nb,Qw	darkGray	0
05c12a50c67de72dcdab6c4006b4ab7d	1543	Bb,Bw,Kb,Rw,Nb,Qb,Kw,Kb,Qw,,,,,,,Rb,Nb,,,,,,,Bw,Rb,,,,,,,Qw,Kb,,,,,,,Pw,Kb,,,,,,,Rw,Nw,,,,,,,Bb,Rb,Rb,Bw,Kw,Pw,Nw,Bb,Pb	darkRed	1
05d1564db85d0f1f00a88f77a7760da0	606	Qb,Pw,Kw,Bb,Nw,Pb,Kb,Qw,Rb,,,,,,,Bw,Nw,,,,,,,Nb,Qw,,,Nb,Nb,,,Pb,Kb,,,Nb,Nb,,,Kb,Rw,,,,,,,Bb,Nb,,,,,,,Nw,Nw,Bb,Kw,Pw,Nb,Bw,Kb,Qb	lightGray	0
05d942edb217218f0ac889901acde289	3400	Nb,Kb,Bw,Rw,Pb,Kw,Bb,Rw,Nw,,,,,,,Rw,Rb,,,,,,,Bb,Kw,,,Bb,Bb,,,Qw,Qb,,,Bb,Bb,,,Pw,Nb,,,,,,,Rb,Rw,,,,,,,Bw,Kb,Kb,Bw,Nw,Pb,Kw,Bb,Kw	lightGray	0
05de2f4b16d593aabc1aabedb357526e	2454	Bw,Pb,Qb,Bb,Rw,Pw,Qw,Kw,Qb,,,,,,,Kb,Nw,,,,,,,Pb,Rb,,,,,,,Nb,Kb,,,,,,,Bw,Qw,,,,,,,Kw,Nb,,,,,,,Pw,Pw,Pb,Nw,Bb,Kw,Pw,Nb,Bw	lightGray	0
05df2ac0cc3e7f0ed7a61e857d7721f6	3882	Qb,Kb,Qw,Nw,Rb,Kw,Qb,Qb,Bb,,,,,,,Rw,Kw,,,,,,,Bb,Pw,,,,,,,Qw,Nb,,,,,,,Pw,Qw,,,,,,,Rb,Kb,,,,,,,Bw,Qw,Kw,Qb,Bw,Rb,Pw,Qw,Bw	lightRed	0
05ea23ef08dd681228757c125c15ff28	3083	Kb,Bb,Kw,Pw,Nb,Bw,Kb,Bb,Nb,,,,,,,Bb,Qw,,,,,,,Qw,Kw,,,Pb,Pb,,,Pw,Rw,,,Pb,Pb,,,Rb,Nw,,,,,,,Bw,Qb,,,,,,,Qb,Bb,Rb,Kb,Qb,Nw,Rw,Pb,Rw	darkGray	0
05ec4fd13ac96ad5d1a57077e257dcef	105	Kb,Nw,Pb,Kw,Bb,Nb,Pw,Nb,Rw,,,,,,,Nw,Bb,,,,,,,Rb,Qb,,,Rb,Rb,,,Kb,Pb,,,Rb,Rb,,,Qw,Rb,,,,,,,Nb,Bw,,,,,,,Rw,Pb,Rb,Nw,Qw,Kb,Rw,Nb,Pb	lightGray	0
06156540409a3e444b0257d24d855bd6	2782	Nb,Rb,Nw,Qw,Kb,Rw,Nb,Rw,Rw,,,,,,,Bb,Kw,,,,,,,Kw,Qb,,,,,,,Pw,Bw,,,,,,,Nb,Rb,,,,,,,Bw,Kb,,,,,,,Kb,Nb,Qb,Kw,Rw,Nb,Qw,Pw,Bb	lightGray	0
061b6ad413fd1c4aa72875b391ef1760	796	Bw,Qw,Bb,Rw,Pb,Qb,Bw,Pb,Bw,,,,,,,Bb,Qb,,,,,,,Qw,Pw,,,Pb,Pb,,,Pb,Rb,,,Pb,Pb,,,Rw,Bb,,,,,,,Bw,Qw,,,,,,,Qb,Rw,Pw,Kw,Bw,Nb,Pb,Kb,Qb	darkRed	0
062a0e21048cb4f51c865e0c1aab3338	1741	Kb,Qw,Kb,Rw,Nb,Qb,Kw,Qw,Kw,,,,,,,Rw,Bb,,,,,,,Bb,Nb,,,Pb,Pb,,,Qw,Pw,,,Pb,Pb,,,Pw,Kb,,,,,,,Nb,Bw,,,,,,,Bw,Rw,Pb,Nw,Bw,Kb,Pw,Nb,Qb	lightRed	0
063bb4b2349a64d5a571146857e650c6	951	Pb,Bw,Kb,Pw,Nb,Bb,Kw,Rb,Bw,,,,,,,Pb,Kb,,,,,,,Rw,Pw,,,Rb,Rb,,,Bb,Nb,,,Rb,Rb,,,Qw,Bb,,,,,,,Pw,Kw,,,,,,,Rb,Qw,Pw,Qw,Bw,Rb,Pb,Qb,Nw	darkGray	0
063fd99ceb5176d845efe270c7edab96	983	Rb,Qw,Kb,Rw,Nb,Qb,Kw,Kw,Pb,,,,,,,Pw,Rw,,,,,,,Kw,Bb,,,Nb,Nb,,,Bw,Qw,,,Nb,Nb,,,Nb,Pw,,,,,,,Pb,Rb,,,,,,,Kb,Nw,Bw,Nb,Pb,Kb,Bb,Nw,Kb	lightRed	0
063fe7ce53859be1117ddcbad4f008e6	3264	Bw,Pb,Rw,Bb,Qw,Pw,Rb,Rw,Rb,,,,,,,Rw,Kb,,,,,,,Rw,Qw,,,,,,,Rw,Nb,,,,,,,Rw,Rw,,,,,,,Rw,Kw,,,,,,,Rw,Pw,Nb,Qw,Kw,Rw,Nw,Qb,Rw	lightGray	0
066054c431128c1882a8137581073448	1772	Kb,Nb,Rw,Kb,Qw,Nw,Rb,Rb,Bw,,,,,,,Qw,Kb,,,,,,,Bb,Pw,,,Pb,Pb,,,Rw,Nb,,,Pb,Pb,,,Pb,Bb,,,,,,,Qb,Kw,,,,,,,Bw,Pw,Pb,Kb,Bb,Nw,Pw,Kw,Pw	lightGray	0
0664f7c2ecdd58b527d644788472196b	1292	Nb,Qb,Nw,Pw,Kw,Qw,Nb,Kw,Nw,,,,,,,Rb,Rb,,,,,,,Kb,Kw,,,Nw,Nw,,,Qb,Kb,,,Nw,Nw,,,Nw,Nb,,,,,,,Rw,Rw,,,,,,,Kw,Bb,Qw,Nb,Rw,Kw,Qb,Nw,Rb	lightGray	0
066533d8b22e3d0b47c802b86be9a14c	3325	Nw,Kw,Pw,Nb,Bw,Kb,Pb,Bb,Nw,,,,,,,Pw,Rb,,,,,,,Qw,Kb,,,Rb,Rb,,,Bb,Qw,,,Rb,Rb,,,Rw,Nb,,,,,,,Pb,Rw,,,,,,,Qb,Rb,Qw,Kb,Rw,Nb,Qb,Kw,Qw	darkGray	0
067593891c15969416c6d08ee18ff4f0	2169	Kb,Bw,Qb,Pb,Rw,Bb,Qw,Qw,Pw,,,,,,,Bb,Nb,,,,,,,Rw,Bb,,,Nw,Nw,,,Pb,Kw,,,Nw,Nw,,,Qb,Pb,,,,,,,Bw,Nw,,,,,,,Rb,Rw,Qb,Kw,Rw,Nb,Qw,Kb,Qb	darkRed	0
067f56c8baa87c3280401276b5d78f59	437	Nw,Nw,Qb,Kw,Rw,Nb,Qw,Rw,Qb,,,,,,,Rw,Nw,,,,,,,Pb,Rb,,,,,,,Qb,Kb,,,,,,,Bw,Qw,,,,,,,Rb,Nb,,,,,,,Kb,Qb,Rw,Bb,Qw,Kb,Rb,Bw,Kb	darkGray	0
068a07ee597619a638796d99b527cc45	388	Rw,Qw,Bb,Rw,Pb,Qb,Bw,Bw,Qw,,,,,,,Pb,Bb,,,,,,,Qb,Nw,,,Pw,Pw,,,Nb,Pb,,,Pw,Pw,,,Rw,Qw,,,,,,,Pw,Bw,,,,,,,Qw,Rb,Kb,Bw,Nb,Pw,Kw,Bb,Pw	darkGray	0
069456507751b15a2c361b7bb91a4c41	3880	Rb,Rw,Nb,Qb,Kw,Rb,Nw,Kb,Pb,,,,,,,Nw,Pw,,,,,,,Qb,Kw,,,,,,,Kb,Bb,,,,,,,Rb,Nw,,,,,,,Nb,Pb,,,,,,,Qw,Kw,Qw,Kb,Rb,Nw,Qb,Kw,Kb	lightRed	0
06aeb8f7aa34d69c3a8b966e1f62228b	3	Kb,Qw,Pw,Rw,Bb,Qb,Pb,Qw,Qw,,,,,,,Rb,Bb,,,,,,,Bw,Rb,,,Nb,Nb,,,Qb,Pw,,,Nb,Nb,,,Pb,Qb,,,,,,,Rw,Bw,,,,,,,Bb,Kw,Kb,Pb,Rw,Bb,Qw,Pw,Rw	darkGray	0
06bb7f5ecb9ec74cd723ca47b67fb7d1	3911	Qb,Qb,Kw,Rw,Nb,Qw,Kb,Qb,Qw,,,,,,,Bb,Nb,,,,,,,Kw,Rw,,,,,,,Pb,Pb,,,,,,,Nw,Qb,,,,,,,Bw,Bw,,,,,,,Kb,Bb,Bb,Qw,Pb,Rw,Bw,Qb,Rw	darkRed	0
06d33c5143f8dac159e17292aa7a4331	1172	Qw,Kb,Qw,Nw,Rb,Kw,Qb,Kb,Pb,,,,,,,Bb,Qb,,,,,,,Qw,Bw,,,Pb,Pb,,,Pb,Rb,,,Pb,Pb,,,Rw,Pw,,,,,,,Bw,Qw,,,,,,,Qb,Bb,Pw,Nb,Bb,Kw,Pb,Nw,Qw	lightGray	0
06da46009995a54ed37b8e5de5a6ee78	637	Kb,Nw,Rb,Kb,Qw,Nb,Rw,Rb,Kw,,,,,,,Rb,Nw,,,,,,,Nw,Qb,,,Kb,Kb,,,Qw,Rb,,,Kb,Kb,,,Kb,Kb,,,,,,,Rw,Qw,,,,,,,Nb,Rw,Rw,Rw,Rw,Rw,Rw,Rw,Rw	lightRed	0
06e40f2b13e2a3711481b1839dee23b4	2684	Bb,Pw,Nb,Bw,Kb,Pb,Nw,Bb,Rb,,,,,,,Kb,Bw,,,,,,,Qw,Qb,,,,,,,Nw,Pb,,,,,,,Rb,Rw,,,,,,,Kw,Bb,,,,,,,Qb,Pw,Qw,Bb,Rw,Pb,Qb,Bw,Bw	lightGray	0
06e7e0952aee27fbcae9050db7a52195	2436	Bb,Kb,Pb,Nb,Bw,Kw,Pw,Kw,Nw,,,,,,,Bb,Pb,,,,,,,Kw,Qw,,,Nw,Nw,,,Pw,Bb,,,Nw,Nw,,,Nb,Nb,,,,,,,Bw,Pw,,,,,,,Qb,Kw,Kb,Rb,Nb,Qw,Kw,Rw,Rw	darkRed	0
06eae8a98d7d354e5e44fb38421aab85	1334	Kw,Kb,Bw,Nb,Pw,Kw,Qb,Bb,Nw,,,,,,,Rb,Rb,,,,,,,Bw,Kb,,,,,,,Qw,Qw,,,,,,,Pw,Nb,,,,,,,Rw,Rw,,,,,,,Bb,Pb,Rw,Nb,Qw,Kb,Rb,Nw,Bw	lightGray	0
06f83cd4ba3e6cc932009ec72f448872	32	Nb,Kb,Qw,Nb,Rw,Kw,Qb,Rw,Rb,,,,,,,Rw,Pw,,,,,,,Rw,Qw,,,,,,,Rw,Bb,,,,,,,Rw,Rw,,,,,,,Rw,Pb,,,,,,,Rw,Nb,Qw,Pw,Rb,Bw,Qb,Pb,Rw	lightRed	0
0703506fc34dfb819c098c128a17e257	1750	Kb,Rb,Nw,Qb,Kw,Rw,Nb,Kb,Bw,,,,,,,Qb,Qb,,,,,,,Bw,Pw,,,,,,,Rb,Rb,,,,,,,Pw,Bb,,,,,,,Qw,Qw,,,,,,,Bb,Qw,Bw,Nb,Pb,Kb,Bb,Nw,Bw	darkRed	0
07266d4ea8f7a268ae9b0cb56c412f18	3096	Pb,Nb,Rw,Kb,Kw,Nw,Rb,Kw,Pb,,,,,,,Kw,Qb,,,,,,,Bb,Bb,,,Pb,Pb,,,Nb,Rw,,,Pb,Pb,,,Pw,Pw,,,,,,,Kb,Qw,,,,,,,Bw,Bw,Nw,Bb,Kb,Pb,Nb,Bw,Nw	darkRed	0
0728a7f67b6ca32300d2b8f277347b37	4035	Kb,Kb,Rb,Nb,Qw,Kw,Rw,Pw,Pw,,,,,,,Nw,Nb,,,,,,,Bb,Bb,,,,,,,Kb,Kw,,,,,,,Pb,Pb,,,,,,,Nb,Nw,,,,,,,Bw,Kb,Nb,Qw,Kw,Rw,Nw,Bb,Nb	darkRed	0
0731322af060fc631cdf56dcf26b5d7b	625	Kb,Nw,Bb,Kw,Pw,Nb,Bw,Pb,Qb,,,,,,,Bw,Kw,,,,,,,Kb,Rw,,,Pb,Pb,,,Pb,Nb,,,Pb,Pb,,,Nw,Qw,,,,,,,Bb,Kb,,,,,,,Kw,Kb,Qb,Nw,Rw,Kw,Qw,Bb,Bw	lightRed	0
073282da855f128bcdd63f7d003a5a7c	1513	Rb,Kb,Bw,Nw,Pb,Kw,Qb,Pw,Kw,,,,,,,Nw,Bb,,,,,,,Rb,Rb,,,,,,,Kw,Pw,,,,,,,Kb,Kb,,,,,,,Nb,Bw,,,,,,,Rw,Pw,Rb,Kb,Kw,Bb,Rw,Kw,Nb	darkRed	0
07389c8d9e5a6ff79c5d366fd63e379f	2068	Rw,Rw,Rw,Rw,Rw,Rw,Rw,Rw,Nw,,,,,,,Bb,Qb,,,,,,,Qw,Kb,,,,,,,Pw,Rb,,,,,,,Rb,Nb,,,,,,,Bw,Qw,,,,,,,Qb,Nw,Pw,Kw,Bb,Nw,Pb,Kb,Rb	lightRed	0
073f647aa658187375a39d5834240ccf	1320	Bb,Kb,Qw,Nb,Rw,Pb,Qb,Rb,Qw,,,,,,,Bb,Bb,,,,,,,Nw,Nw,,,Nb,Nb,,,Pw,Pb,,,Nb,Nb,,,Kw,Kb,,,,,,,Bw,Bw,,,,,,,Nb,Rb,Bb,Qw,Pb,Rw,Bw,Qb,Bw	lightRed	0
073f7cd9ab900ef5940c330c930cefae	964	Bb,Kw,Pw,Nb,Bw,Kb,Pb,Nw,Kb,,,,,,,Bw,Qw,,,,,,,Rb,Nb,,,Pb,Pb,,,Pw,Rw,,,Pb,Pb,,,Qw,Pb,,,,,,,Bb,Qb,,,,,,,Rw,Nb,Bb,Nw,Pw,Kw,Bw,Nb,Qb	lightRed	0
0740a651e3b4479e0ba65f9b95912db8	3380	Nw,Rb,Nw,Qw,Kb,Rw,Nb,Nw,Qb,,,,,,,Nb,Nw,,,,,,,Qw,Rw,,,,,,,Kw,Kw,,,,,,,Rw,Qw,,,,,,,Nw,Nb,,,,,,,Qb,Qb,Nw,Pb,Kb,Bw,Nb,Pw,Pw	lightGray	0
074b3a11695469cc9ca2d9a32b9f6053	1186	Nb,Kw,Qb,Nw,Rb,Kb,Bw,Nb,Pw,,,,,,,Bw,Kw,,,,,,,Nb,Bw,,,Pb,Pb,,,Pw,Nb,,,Pb,Pb,,,Kw,Pb,,,,,,,Qb,Kb,,,,,,,Nw,Bb,Nb,Qw,Kb,Rb,Nw,Qb,Nb	darkRed	0
074ec71ed03de3bf9fb873f6fcf2a365	175	Rb,Bw,Kb,Pb,Nw,Bb,Kw,Qb,Rb,,,,,,,Pb,Kb,,,,,,,Qb,Qb,,,Bw,Bw,,,Bw,Nw,,,Bw,Bw,,,Rb,Rw,,,,,,,Pw,Kw,,,,,,,Qw,Nw,Bb,Rw,Pw,Qw,Bw,Nb,Pw	darkRed	0
074ff3da8d24f2d6c09740c96fabdc1e	2053	Kb,Bw,Nb,Pb,Kb,Bb,Nw,Pb,Rb,,,,,,,Rb,Kb,,,,,,,Bw,Qb,,,,,,,Qb,Nw,,,,,,,Pb,Rw,,,,,,,Rw,Kw,,,,,,,Bb,Rw,Nw,Rb,Kw,Qb,Nb,Rw,Nb	darkGray	0
0751d7aeda0026e66374ad1849850537	920	Qb,Pw,Nb,Bw,Kb,Pb,Nw,Rw,Bb,,,,,,,Rw,Kb,,,,,,,Rw,Rw,,,,,,,Rw,Nb,,,,,,,Rw,Bb,,,,,,,Rw,Kw,,,,,,,Rw,Qw,Pb,Qb,Bb,Rw,Pw,Qw,Rw	lightRed	0
0767e5c52a317a4fd9d94cefd23dd488	16	Pw,Rw,Pb,Qb,Bw,Nb,Pw,Nb,Nw,,,,,,,Kb,Rb,,,,,,,Qw,Kb,,,,,,,Nb,Qw,,,,,,,Rw,Nb,,,,,,,Kw,Rw,,,,,,,Bb,Rw,Rw,Rw,Rw,Rw,Rw,Rw,Rw	darkGray	0
076af4048d32ca521a35b4f38e602303	890	Bb,Qb,Pb,Rb,Bw,Qw,Pw,Pb,Nb,,,,,,,Rw,Bw,,,,,,,Pb,Kw,,,,,,,Qb,Pw,,,,,,,Bw,Nw,,,,,,,Rb,Bb,,,,,,,Pw,Rw,Pw,Rb,Bw,Qb,Kw,Rw,Kw	lightGray	0
076d23617b8c628afce330898b6be8a1	3606	Pw,Rw,Nb,Qb,Kw,Rb,Nw,Pb,Rw,,,,,,,Kw,Nb,,,,,,,Rw,Qw,,,,,,,Nw,Kb,,,,,,,Qb,Rb,,,,,,,Kb,Nw,,,,,,,Rb,Rw,Qb,Bw,Rw,Kw,Qw,Bb,Pb	darkGray	0
07749cea587e6fa3990ef9c87e6bfab9	658	Kb,Nw,Rb,Kb,Qw,Nb,Rw,Qb,Kb,,,,,,,Bw,Rb,,,,,,,Kb,Nw,,,Rb,Rb,,,Rw,Bb,,,Rb,Rb,,,Nb,Kw,,,,,,,Bb,Pw,,,,,,,Kw,Bw,Pb,Qb,Bw,Rb,Kb,Qw,Qw	darkRed	0
077a61a822f0875ed2157784b242ccbb	1245	Qw,Rw,Nb,Qb,Kw,Rb,Nw,Qw,Rw,,,,,,,Pw,Kw,,,,,,,Qw,Qb,,,,,,,Bw,Nw,,,,,,,Rb,Rb,,,,,,,Pb,Kb,,,,,,,Qb,Nb,Kw,Bb,Nb,Pw,Qb,Bw,Rb	lightGray	0
07811456fcb2aacee86d77933dccd7f4	2335	Nb,Qb,Nw,Rb,Kb,Bw,Nb,Nw,Nw,,,,,,,Nb,Rb,,,,,,,Qw,Kb,,,Nw,Nw,,,Kb,Qw,,,Nw,Nw,,,Rb,Nb,,,,,,,Nw,Rw,,,,,,,Qb,Pb,Pw,Rb,Bw,Qb,Pb,Rw,Qb	darkGray	0
0785eae8d0245c092f98c06e74706e28	320	Rw,Rw,Rw,Rw,Rw,Rw,Rw,Rw,Qw,,,,,,,Pb,Pw,,,,,,,Rw,Rb,,,Kb,Kb,,,Bb,Bw,,,Kb,Kb,,,Qw,Qb,,,,,,,Pw,Pb,,,,,,,Rb,Pw,Nb,Rw,Kw,Qb,Nw,Rb,Qb	darkGray	0
07969aa47513c5337b01e93531e66779	2417	Bb,Bw,Nb,Pw,Kw,Bb,Nw,Qw,Kw,,,,,,,Nw,Pw,,,,,,,Bb,Nw,,,Nb,Nb,,,Kb,Bb,,,Nb,Nb,,,Pb,Kb,,,,,,,Nb,Pb,,,,,,,Bw,Rb,Nb,Rw,Kb,Qw,Nw,Rb,Rb	lightRed	0
07a1853267a4193b9e82ed95cc2a2ff7	403	Kb,Pw,Kw,Bb,Nw,Pb,Kb,Bb,Kw,,,,,,,Kw,Rw,,,,,,,Bb,Nw,,,,,,,Nb,Qb,,,,,,,Pw,Kb,,,,,,,Kb,Rb,,,,,,,Qw,Nw,Nw,Pb,Kb,Bw,Nb,Pw,Rw	lightGray	0
07a780f494f83a28afdfb07f2b45186c	796	Bw,Qw,Bb,Rw,Pb,Qb,Bw,Pb,Bw,,,,,,,Bb,Qb,,,,,,,Qw,Pw,,,Pb,Pb,,,Pb,Rb,,,Pb,Pb,,,Rw,Bb,,,,,,,Bw,Qw,,,,,,,Qb,Rw,Pw,Kw,Bw,Nb,Pb,Kb,Qb	darkRed	0
07e11ef9e6745c9b40810c3608ff9c2f	3798	Rw,Bb,Qw,Pb,Nw,Bw,Kb,Pw,Rw,,,,,,,Qw,Rw,,,,,,,Nb,Rw,,,,,,,Rb,Rw,,,,,,,Kb,Rw,,,,,,,Qb,Rw,,,,,,,Nw,Rw,Pb,Kb,Bw,Nb,Pw,Kw,Bw	lightGray	0
07e433e484a77cb716bc733f94049bde	2481	Kw,Qw,Nb,Rw,Kw,Qb,Nw,Bb,Kw,,,,,,,Pw,Bb,,,,,,,Qw,Nw,,,,,,,Bw,Pb,,,,,,,Rb,Kb,,,,,,,Pb,Bw,,,,,,,Qb,Nb,Qb,Nw,Rb,Kb,Bw,Nb,Nw	lightGray	0
07eacd31ef17819d5c03848594356093	2653	Kb,Kb,Qw,Nw,Pb,Kw,Bb,Qb,Kw,,,,,,,Pw,Pw,,,,,,,Nb,Nw,,,,,,,Bb,Bb,,,,,,,Kw,Kb,,,,,,,Pb,Pb,,,,,,,Rw,Kb,Qb,Nw,Rw,Kw,Qw,Nb,Qw	lightGray	0
07ef0094d2ae700c638cba77702a1348	3396	Kb,Bw,Qb,Pw,Rb,Bb,Qw,Nb,Pw,,,,,,,Bw,Qw,,,,,,,Nb,Bb,,,Rb,Rb,,,Pw,Rw,,,Rb,Rb,,,Kw,Pb,,,,,,,Bb,Qb,,,,,,,Rw,Qw,Qb,Kw,Rb,Nw,Bw,Kb,Rb	darkRed	0
07f153034b717481e79c8b6edc7137f3	1199	Qb,Pw,Nb,Bw,Kb,Pb,Nw,Rw,Pb,,,,,,,Kw,Qb,,,,,,,Qb,Bw,,,,,,,Nb,Rb,,,,,,,Rw,Pw,,,,,,,Kb,Qw,,,,,,,Qw,Pw,Bw,Qb,Pw,Rb,Bb,Qw,Nw	lightRed	0
07f817f653d96dc20d10a33df9aa3301	3845	Qw,Kb,Qw,Nw,Rb,Kw,Qb,Bb,Bw,,,,,,,Bb,Qb,,,,,,,Kw,Pb,,,Nb,Nb,,,Pw,Rw,,,Nb,Nb,,,Nb,Bb,,,,,,,Bw,Qw,,,,,,,Kb,Qb,Qw,Pw,Rb,Bw,Qb,Pb,Kb	lightRed	0
0807b206b78f2d09bce837c51821bb34	3110	Qw,Kb,Bw,Nw,Pb,Kw,Bb,Nw,Pb,,,,,,,Rw,Qb,,,,,,,Bb,Bw,,,Bb,Bb,,,Qw,Nb,,,Bb,Bb,,,Pw,Pw,,,,,,,Rb,Qw,,,,,,,Bw,Kb,Qb,Nw,Rb,Kb,Qw,Nb,Bw	darkGray	0
081df067e0f919fcc8c5785e270f6dc8	4057	Bw,Kb,Pb,Nb,Bw,Kw,Pw,Kw,Pb,,,,,,,Pw,Qb,,,,,,,Rb,Bb,,,Pw,Pw,,,Bb,Rw,,,Pw,Pw,,,Qw,Pw,,,,,,,Pb,Qw,,,,,,,Rw,Kw,Rw,Pb,Qw,Bb,Rb,Pw,Pw	lightGray	1
081f6b27d5e6865fcf09a3aac3119650	1347	Nw,Nb,Rw,Kb,Kw,Nw,Rb,Qb,Pb,,,,,,,Bw,Kb,,,,,,,Qb,Bw,,,Nw,Nw,,,Pw,Pw,,,Nw,Nw,,,Nb,Kw,,,,,,,Bb,Kw,,,,,,,Kw,Bw,Nb,Qw,Kw,Rw,Nw,Qb,Pb	lightGray	0
08276db72b1ea766df39b42a2f42f9df	3479	Qb,Kb,Bw,Nw,Pb,Kw,Bb,Bw,Kb,,,,,,,Rb,Bw,,,,,,,Kb,Nb,,,Pb,Pb,,,Qw,Pw,,,Pb,Pb,,,Nb,Qw,,,,,,,Pw,Bb,,,,,,,Kw,Qb,Kw,Pw,Nb,Bw,Kb,Pb,Bw	lightGray	0
0829cea42bfa5f5953949a4e555ca347	2025	Bb,Qb,Bw,Rw,Pb,Qw,Bb,Rw,Bw,,,,,,,Rw,Kb,,,,,,,Kw,Pw,,,Pb,Pb,,,Qb,Nb,,,Pb,Pb,,,Nw,Bb,,,,,,,Rb,Qw,,,,,,,Kb,Bw,Bb,Nw,Pw,Qw,Bw,Nb,Qb	lightRed	0
0833deb41735c1985b440e2c1a28b6ca	3239	Kb,Pw,Nb,Bw,Kb,Pb,Nw,Nw,Rb,,,,,,,Pb,Bw,,,,,,,Kb,Qw,,,,,,,Bb,Pw,,,,,,,Nw,Rw,,,,,,,Pw,Bb,,,,,,,Kw,Pb,Bb,Rw,Pb,Qb,Bw,Rb,Nw	lightGray	0
0838658c033ce0e75470ad07f45acc0d	2942	Nw,Nw,Qb,Kb,Rb,Nb,Qw,Kw,Bw,,,,,,,Rw,Qb,,,,,,,Nb,Pb,,,Rb,Rb,,,Qw,Rw,,,Rb,Rb,,,Kb,Bb,,,,,,,Rb,Qw,,,,,,,Nw,Bb,Bb,Qw,Pb,Rw,Bw,Qb,Nb	darkGray	0
084dc9b53beea1191c04ac194aadac13	3516	Nw,Pb,Rw,Bb,Qw,Pw,Rb,Rw,Nb,,,,,,,Kw,Pw,,,,,,,Rw,Kw,,,Nb,Nb,,,Nb,Bb,,,Nb,Nb,,,Qw,Nw,,,,,,,Kb,Pb,,,,,,,Rb,Qb,Nb,Rw,Kw,Kb,Nw,Rb,Bb	lightGray	0
086405b930e1a01a258bde2479d5b59f	534	Kw,Nb,Rw,Kb,Qw,Nw,Rb,Kw,Nw,,,,,,,Bb,Rb,,,,,,,Rw,Kb,,,Bw,Bw,,,Pw,Qw,,,Bw,Bw,,,Qw,Nb,,,,,,,Bw,Rw,,,,,,,Rb,Kw,Pb,Kb,Bw,Nb,Pw,Qw,Bb	darkGray	0
0889885c8e9c2648fa77e9e903f3de9b	1457	Nb,Pb,Nw,Bw,Kb,Pw,Nb,Nb,Kw,,,,,,,Qw,Qb,,,,,,,Kb,Nw,,,,,,,Rw,Rb,,,,,,,Nb,Kb,,,,,,,Qb,Bw,,,,,,,Kw,Pw,Qw,Nb,Rw,Kw,Qb,Nw,Pb	lightGray	0
08911cfdf8f61c2ec9bfbb462c17bdfb	2502	Pw,Kb,Bw,Nb,Pw,Kw,Bb,Nw,Bb,,,,,,,Nw,Qw,,,,,,,Qb,Pb,,,Qb,Qb,,,Kb,Nw,,,Qb,Qb,,,Rb,Bw,,,,,,,Nb,Kb,,,,,,,Bw,Qw,Bw,Nb,Pw,Kw,Bb,Rw,Rb	darkRed	0
089453519d703ffaf45fe4839c435db3	590	Kb,Qb,Bw,Rb,Pw,Qw,Bb,Qw,Qb,,,,,,,Bb,Kw,,,,,,,Kw,Rb,,,,,,,Pb,Nw,,,,,,,Nw,Qw,,,,,,,Bw,Kb,,,,,,,Kb,Nw,Nw,Pb,Kw,Bb,Nb,Pw,Rb	darkGray	0
08b1492a5499e53675ad1c8ebea9fbc6	3480	Rb,Bb,Nw,Pb,Kb,Bw,Nb,Pw,Pw,,,,,,,Pw,Rb,,,,,,,Qw,Bw,,,,,,,Bw,Qb,,,,,,,Rb,Kw,,,,,,,Pb,Rw,,,,,,,Qb,Qw,Kb,Rb,Nw,Bb,Kw,Rw,Kb	lightRed	0
08d52c22ced63f63e2e2ba2a07807bc7	215	Bw,Kw,Bb,Nb,Pw,Kb,Bw,Bb,Nb,,,,,,,Rb,Rw,,,,,,,Nw,Kb,,,Qb,Qb,,,Qb,Qw,,,Qb,Qb,,,Kw,Nw,,,,,,,Rw,Rb,,,,,,,Nb,Bb,Kw,Rw,Nb,Qw,Kb,Rb,Kb	darkGray	0
08e4cd7b748b409bfcf4895681ad8c00	3694	Rw,Pw,Kw,Bw,Nb,Pb,Kb,Qb,Nw,,,,,,,Pw,Qb,,,,,,,Qw,Kw,,,Pb,Pb,,,Bb,Rw,,,Pb,Pb,,,Rw,Nb,,,,,,,Kw,Qw,,,,,,,Qb,Kw,Pb,Rw,Bb,Qw,Pw,Rb,Pw	lightRed	0
08e9e883907f0884828a8a6af46bb354	438	Bw,Nw,Rb,Kw,Qb,Nb,Rw,Nw,Qb,,,,,,,Pb,Pb,,,,,,,Qb,Rb,,,Bb,Bb,,,Bw,Bw,,,Bb,Bb,,,Rb,Qw,,,,,,,Pw,Pw,,,,,,,Qw,Rb,Bb,Rw,Pw,Qw,Bw,Rb,Pb	darkGray	0
08f7c4568ed56c1115a9d2a454a34d82	1372	Qw,Qw,Nb,Pb,Kb,Qb,Nw,Kw,Pw,,,,,,,Bw,Qw,,,,,,,Qb,Bb,,,Pb,Pb,,,Pb,Rw,,,Pb,Pb,,,Rw,Pb,,,,,,,Bb,Qb,,,,,,,Qw,Pw,Rb,Pw,Qb,Bw,Rw,Pb,Nb	lightRed	0
08fb4b9a3de9719faf93391cfbc0dd79	3799	Kw,Bb,Kw,Pw,Rb,Bw,Kb,Rb,Bb,,,,,,,Kb,Kw,,,,,,,Bw,Pw,,,,,,,Rw,Nb,,,,,,,Pb,Bw,,,,,,,Kw,Kb,,,,,,,Bb,Nb,Pw,Qw,Bw,Rb,Pb,Qb,Kb	lightRed	0
0910404dad3705870cc956549da5d288	3978	Rw,Rw,Bb,Qw,Kb,Rb,Bw,Rb,Rb,,,,,,,Nw,Pw,,,,,,,Bb,Qb,,,,,,,Qw,Bw,,,,,,,Pw,Rw,,,,,,,Nb,Pb,,,,,,,Bw,Rb,Kb,Rb,Nw,Qb,Kw,Rw,Nb	darkRed	0
09145339c5d0d45afb573035222e05f2	3019	Pb,Kw,Rw,Nw,Qb,Kb,Rb,Rw,Nb,,,,,,,Pb,Rw,,,,,,,Nw,Kb,,,Pb,Pb,,,Bb,Qw,,,Pb,Pb,,,Kw,Bw,,,,,,,Pw,Rb,,,,,,,Nb,Bw,Kb,Pb,Nb,Bw,Kw,Pw,Kw	darkGray	0
091b77dac4118fb4bb834a9ef8452e04	214	Kw,Rw,Kw,Qb,Nw,Rb,Pw,Kw,Bb,,,,,,,Bw,Kw,,,,,,,Rb,Pw,,,,,,,Pw,Rb,,,,,,,Kw,Bw,,,,,,,Nb,Qb,,,,,,,Rw,Pb,Nb,Rw,Kw,Qb,Nw,Rb,Nw	lightGray	0
091d9fd680c91c80e956f4a98777ff3d	74	Qb,Kw,Nb,Rb,Kb,Qb,Bw,Nw,Rb,,,,,,,Rw,Bw,,,,,,,Nb,Qw,,,,,,,Qw,Pw,,,,,,,Kb,Rw,,,,,,,Rb,Bb,,,,,,,Nw,Bb,Nb,Rw,Kb,Qw,Nw,Rb,Qb	lightGray	0
0924eed5592ab50c0d7f6df50fd7d648	1357	Kb,Kw,Qb,Nb,Rw,Kb,Qw,Bb,Bb,,,,,,,Pw,Nw,,,,,,,Qw,Pw,,,Bb,Bb,,,Bb,Kw,,,Bb,Bb,,,Rw,Bw,,,,,,,Pb,Nb,,,,,,,Qb,Bb,Rw,Pb,Qb,Bw,Rb,Pw,Bw	darkGray	0
092ac9dc11ec81c6d98eaa3db3245893	3910	Bb,Pw,Kw,Bw,Nb,Pb,Kb,Rw,Kb,,,,,,,Rw,Qw,,,,,,,Rw,Nb,,,Nw,Nw,,,Rw,Rw,,,Nw,Nw,,,Rw,Kw,,,,,,,Rw,Qb,,,,,,,Rw,Nb,Rb,Pw,Qw,Bb,Rw,Pb,Rw	lightGray	0
092ced18fc1c31dc0270465082d3621f	3746	Nw,Rw,Nb,Kb,Kb,Rb,Nw,Kb,Qb,,,,,,,Bb,Kw,,,,,,,Nw,Rb,,,Nb,Nb,,,Pb,Nw,,,Nb,Nb,,,Kb,Bw,,,,,,,Bw,Kb,,,,,,,Nb,Nb,Bw,Kb,Pb,Nw,Bb,Kw,Kb	darkRed	0
0934511e7301496fe8640f30dc1450af	1330	Pb,Pw,Rb,Bw,Qb,Pb,Nw,Bw,Pw,,,,,,,Qb,Rb,,,,,,,Kw,Nw,,,,,,,Rw,Qb,,,,,,,Nb,Kw,,,,,,,Qw,Rw,,,,,,,Pw,Kb,Pb,Nw,Bb,Kw,Pw,Nb,Nw	darkGray	0
09393deef70bcd30646bb187f51355f5	2073	Bb,Bb,Nw,Pb,Qb,Bw,Rb,Rb,Pb,,,,,,,Bb,Qb,,,,,,,Rw,Bw,,,Nb,Nb,,,Pb,Rb,,,Nb,Nb,,,Qb,Pw,,,,,,,Bw,Qw,,,,,,,Rb,Nw,Rw,Nb,Qb,Kw,Rb,Nw,Bw	lightGray	0
094a8b9415c3489800f94a5833ade5e8	2183	Rw,Rw,Rw,Rw,Rw,Rw,Rw,Rw,Kw,,,,,,,Nb,Qb,,,,,,,Rw,Nb,,,Qb,Qb,,,Kw,Rw,,,Qb,Qb,,,Qb,Kb,,,,,,,Nw,Qw,,,,,,,Rb,Bb,Pb,Rw,Bb,Qw,Pw,Rb,Qb	lightRed	0
094bbcd8e98527b326ccb51895ae6e8e	1894	Nb,Qb,Nw,Rb,Kb,Qw,Nb,Bw,Kb,,,,,,,Kw,Bw,,,,,,,Qb,Nw,,,Nb,Nb,,,Nb,Pb,,,Nb,Nb,,,Rw,Kw,,,,,,,Kb,Bb,,,,,,,Qw,Qb,Rb,Nw,Qw,Kb,Rw,Nb,Qb	darkRed	0
094df2cbc1e30e6f82b04746a9fc56c8	669	Qw,Rw,Nb,Qb,Kw,Rb,Bw,Pb,Kw,,,,,,,Kb,Pw,,,,,,,Rb,Nw,,,,,,,Nb,Bb,,,,,,,Qw,Kb,,,,,,,Kw,Pb,,,,,,,Rw,Rw,Rw,Bb,Qw,Pw,Nb,Bw,Kw	darkRed	0
0951af20a1c5e71322705754dd4cd420	2562	Nb,Qb,Pb,Rw,Bb,Qw,Kb,Rb,Kw,,,,,,,Kw,Bb,,,,,,,Pw,Nb,,,,,,,Nb,Pw,,,,,,,Bw,Kb,,,,,,,Kb,Bw,,,,,,,Pb,Kb,Nb,Rw,Kb,Kw,Nw,Rb,Bb	lightRed	0
09543ff2e3fdc1ed5cc5fafddecf64c6	3889	Nb,Kw,Qb,Nw,Rb,Kb,Qw,Pb,Pb,,,,,,,Kw,Qb,,,,,,,Pw,Bb,,,,,,,Nw,Rw,,,,,,,Bb,Pw,,,,,,,Kb,Qw,,,,,,,Pb,Pb,Kb,Rb,Nb,Qw,Kw,Rw,Pb	lightRed	0
0964e5d7ee03c28ee6c81d0a3ec7596a	263	Pw,Pb,Rw,Bw,Qb,Pw,Rb,Qw,Bb,,,,,,,Kw,Rw,,,,,,,Rw,Pb,,,Pb,Pb,,,Nw,Kb,,,Pb,Pb,,,Qb,Bw,,,,,,,Kb,Rb,,,,,,,Rb,Bb,Qw,Bb,Rw,Pb,Qb,Bw,Bw	lightRed	0
0979fb3aa07695e9f395989d8e40c7ce	129	Pw,Nw,Bb,Kw,Pw,Nb,Bw,Pb,Nb,,,,,,,Rw,Rw,,,,,,,Kw,Pb,,,Bw,Bw,,,Qw,Qb,,,Bw,Bw,,,Nb,Nw,,,,,,,Rb,Rb,,,,,,,Pw,Bw,Rb,Pw,Qw,Bb,Rw,Pb,Kw	darkRed	0
0992014ea70ece1f3d79cfb652268b02	3175	Bw,Qb,Pb,Rb,Bw,Qw,Pw,Rw,Nw,,,,,,,Rw,Kb,,,,,,,Rw,Kb,,,,,,,Rw,Rb,,,,,,,Rw,Nb,,,,,,,Rw,Qw,,,,,,,Rw,Qb,Pw,Nb,Bw,Kb,Pb,Nw,Rw	darkRed	0
09fde2ef96fadcde6562f8f387baaf38	2535	Kw,Rb,Bw,Qb,Pb,Rw,Bb,Rb,Bb,,,,,,,Qw,Nw,,,,,,,Bb,Pw,,,Nb,Nb,,,Rw,Kw,,,Nb,Nb,,,Pb,Bw,,,,,,,Qb,Nb,,,,,,,Bw,Qw,Qw,Pw,Rw,Bb,Qb,Pb,Qw	lightGray	0
0a1e1369eff1f9c9c717c6aa86e8091c	3776	Qb,Rw,Nb,Qw,Kb,Rb,Nw,Kw,Qw,,,,,,,Rw,Pw,,,,,,,Pb,Rb,,,,,,,Qb,Bw,,,,,,,Bw,Qb,,,,,,,Rb,Pb,,,,,,,Pw,Qw,Kw,Bb,Nw,Pb,Qb,Bw,Pw	lightGray	0
0a38c964490dbcac58c970503fbe88fc	623	Kw,Bb,Qw,Pw,Rb,Bw,Kb,Kb,Rb,,,,,,,Nb,Pw,,,,,,,Rw,Qb,,,,,,,Pb,Bw,,,,,,,Qb,Nw,,,,,,,Nw,Pb,,,,,,,Rb,Kb,Qb,Bw,Rb,Pw,Qw,Bb,Pw	darkRed	0
0a3c4bfb76e0937c7069bd90369b84b3	3527	Qb,Nw,Pb,Kw,Bb,Nb,Pw,Bb,Pw,,,,,,,Kw,Kw,,,,,,,Rw,Bw,,,,,,,Nb,Nb,,,,,,,Qw,Pb,,,,,,,Kb,Kb,,,,,,,Rb,Pb,Pb,Nw,Bb,Kw,Rw,Nb,Rb	lightGray	0
0a4f8b47dcaa099bdbac8f427d1990a6	2008	Pw,Kb,Rb,Nb,Qw,Kw,Rw,Qb,Pb,,,,,,,Bw,Rw,,,,,,,Qb,Bw,,,,,,,Pb,Qb,,,,,,,Rw,Pw,,,,,,,Bb,Rb,,,,,,,Qw,Qb,Kw,Bb,Nb,Pw,Kb,Bw,Bb	lightRed	0
0a514c5522a43534a9e2462af467b7d1	728	Qw,Pw,Kw,Bw,Nb,Rb,Kb,Pw,Rb,,,,,,,Pb,Nw,,,,,,,Qb,Qb,,,,,,,Bb,Kw,,,,,,,Rw,Rw,,,,,,,Pw,Nb,,,,,,,Qw,Kb,Bb,Kw,Pb,Nw,Bw,Qb,Rb	darkGray	0
0a52b1ae95da92d998aafa78c1ba45d7	3792	Nw,Kb,Rb,Nb,Qw,Kw,Rw,Kb,Nw,,,,,,,Rw,Rb,,,,,,,Nb,Kw,,,,,,,Qb,Qb,,,,,,,Kw,Nb,,,,,,,Rb,Pw,,,,,,,Nw,Bw,Rw,Nb,Qw,Kb,Rb,Nw,Bw	darkGray	0
0a5e922a23419743018a964ccf26ca05	3813	Rb,Pb,Qb,Bw,Rb,Pw,Qw,Qw,Pw,,,,,,,Bb,Qw,,,,,,,Qw,Nw,,,,,,,Pw,Rb,,,,,,,Rb,Kw,,,,,,,Bw,Qb,,,,,,,Kb,Bb,Qb,Pb,Rw,Nb,Qw,Kb,Pb	lightGray	0
0a62e1903280afc29f11d96a8120fdaf	1135	Kb,Nw,Qb,Kw,Rw,Nb,Qw,Pw,Pw,,,,,,,Bb,Qw,,,,,,,Nw,Bb,,,Nw,Nw,,,Pw,Rw,,,Nw,Nw,,,Kw,Pb,,,,,,,Bw,Kb,,,,,,,Nb,Bb,Kb,Qw,Nb,Rw,Kw,Qb,Nb	darkRed	0
0a69cd72e3fcb5cd5a0ce14fc69bffdc	3250	Bb,Nb,Qw,Kw,Rw,Bw,Qb,Nw,Rw,,,,,,,Bb,Nb,,,,,,,Kw,Kb,,,,,,,Pw,Kw,,,,,,,Nb,Rb,,,,,,,Bw,Nw,,,,,,,Kb,Qb,Pw,Kw,Bb,Nw,Pb,Kb,Bw	darkRed	1
0a6ec91837a67a5cd537abbf9a862e11	1815	Bw,Qb,Bw,Rb,Pw,Qw,Bb,Nb,Pw,,,,,,,Rb,Rb,,,,,,,Bw,Bb,,,Pb,Pb,,,Qw,Qw,,,Pb,Pb,,,Pw,Pb,,,,,,,Rw,Rw,,,,,,,Bb,Nb,Kw,Pw,Nb,Bw,Kb,Pb,Pb	lightRed	0
0a7f8e05d0c28beb9c5c18195d5d4ec3	214	Kw,Rw,Kw,Qb,Nw,Rb,Pw,Qw,Bb,,,,,,,Bw,Qw,,,,,,,Rb,Pw,,,,,,,Pw,Rb,,,,,,,Qw,Bw,,,,,,,Nb,Qb,,,,,,,Rw,Pb,Nb,Rw,Kw,Qb,Nw,Rb,Nw	lightGray	0
0a92cf650141cbc8da9cef3f346f894c	592	Kw,Rb,Kb,Qb,Nw,Rw,Kw,Nb,Nb,,,,,,,Rb,Rw,,,,,,,Kb,Kw,,,Rb,Rb,,,Qb,Qb,,,Rb,Rb,,,Nw,Nw,,,,,,,Rw,Rb,,,,,,,Kw,Nb,Kw,Rw,Nb,Qw,Kb,Rb,Nw	lightGray	0
0ac61f19cee7e9300cd56258f6966d79	3043	Pb,Kb,Qw,Nw,Pb,Kw,Bb,Nw,Rb,,,,,,,Bb,Nw,,,,,,,Qw,Qw,,,,,,,Pw,Kb,,,,,,,Rb,Rw,,,,,,,Bw,Bb,,,,,,,Qb,Kb,Rb,Kb,Qw,Nb,Rw,Kw,Kw	lightRed	0
0adf0e853914a3fcee908ea882123a5e	90	Pw,Bb,Qw,Pw,Rb,Bw,Qb,Rw,Pb,,,,,,,Kb,Kb,,,,,,,Rb,Bw,,,,,,,Nb,Nb,,,,,,,Qw,Pw,,,,,,,Kw,Qw,,,,,,,Rw,Bb,Nb,Pb,Kb,Bw,Nw,Rb,Rw	lightRed	0
0ae7081f196170c1f45caa1477634fcc	3379	Bb,Qw,Nb,Rw,Kw,Qb,Nw,Qw,Bw,,,,,,,Pw,Qb,,,,,,,Kw,Pb,,,,,,,Bb,Rw,,,,,,,Nw,Bb,,,,,,,Pb,Qw,,,,,,,Kb,Nw,Qw,Nb,Rw,Pb,Qb,Nw,Bb	darkGray	0
0af214b4c188713fb0f5dcd4bf0ed67b	3396	Kb,Bw,Qb,Pw,Rb,Bb,Qw,Nb,Pw,,,,,,,Bw,Qw,,,,,,,Nb,Bb,,,Rb,Rb,,,Pw,Rw,,,Rb,Rb,,,Kw,Pb,,,,,,,Bb,Qb,,,,,,,Rw,Qw,Qb,Kw,Rb,Nw,Bw,Kb,Rb	darkRed	0
0af2d5ac1338632394e74cfac20cc9bd	669	Qw,Rw,Nb,Qb,Kw,Rb,Bw,Pb,Kw,,,,,,,Kb,Pw,,,,,,,Rb,Nw,,,,,,,Nb,Bb,,,,,,,Qw,Kb,,,,,,,Kw,Pb,,,,,,,Rw,Rw,Rw,Bb,Qw,Pw,Nb,Bw,Kw	darkRed	0
0af33540deffe718c3ac97c2cd3a2c98	4010	Rw,Bb,Kw,Pw,Nb,Bw,Kb,Pb,Rb,,,,,,,Rb,Bw,,,,,,,Nw,Qw,,,,,,,Qw,Pw,,,,,,,Kb,Rw,,,,,,,Rw,Bb,,,,,,,Bb,Rb,Bb,Rw,Pb,Qb,Bw,Rb,Kb	darkRed	0
0b0ed1b1e2cdd76b8dab45a25376215f	3277	Rw,Pb,Qb,Bb,Rw,Pw,Qw,Nb,Rw,,,,,,,Pw,Rw,,,,,,,Kw,Rw,,,Kb,Kb,,,Bw,Rw,,,Kb,Kb,,,Nb,Rw,,,,,,,Pb,Rw,,,,,,,Kb,Rw,Pw,Qw,Bb,Rw,Pb,Qb,Pw	darkRed	0
0b1d35616b80e5afded498c57f34407f	4094	Pw,Kb,Pb,Nb,Bw,Kw,Pw,Pw,Rw,,,,,,,Kb,Kw,,,,,,,Bw,Qb,,,,,,,Nb,Nw,,,,,,,Pw,Rb,,,,,,,Kw,Kb,,,,,,,Bb,Nw,Kw,Qb,Nb,Rw,Pw,Qw,Rw	lightGray	0
0b2c6e9498c92a9e91cf8f0e3b20959d	2619	Rw,Rw,Rw,Rw,Rw,Rw,Rw,Rw,Bb,,,,,,,Qb,Kw,,,,,,,Bw,Pb,,,,,,,Rb,Nw,,,,,,,Pw,Bw,,,,,,,Qw,Kb,,,,,,,Bb,Nb,Qw,Kb,Rb,Nw,Qb,Kw,Bw	darkRed	0
0b3f2f210fa699b10db3a6faa52db2b5	1508	Pb,Qb,Pb,Rb,Bw,Qw,Kb,Bb,Rb,,,,,,,Rw,Pw,,,,,,,Pb,Qw,,,Bb,Bb,,,Qw,Bb,,,Bb,Bb,,,Bb,Rw,,,,,,,Rb,Kw,,,,,,,Pw,Qw,Bw,Rb,Pb,Qb,Bb,Rw,Qw	darkGray	0
0b436a1d5c2dd7f6bc8ddfcab91995be	3000	Nw,Bb,Rw,Pb,Kb,Bw,Rb,Qw,Bb,,,,,,,Bw,Nw,,,,,,,Rb,Rb,,,,,,,Pw,Kb,,,,,,,Qw,Bw,,,,,,,Bb,Nb,,,,,,,Rw,Bw,Kw,Qb,Nb,Rw,Kb,Qw,Bw	lightGray	0
0b45e90afea2c8de0963e48edda0e23e	1143	Qb,Bw,Nb,Pw,Kw,Bb,Nw,Qw,Nw,,,,,,,Bw,Bb,,,,,,,Rb,Kw,,,,,,,Pw,Pw,,,,,,,Qw,Nb,,,,,,,Bb,Bw,,,,,,,Rw,Pb,Kw,Bb,Nb,Pw,Kb,Qw,Pb	lightRed	0
0b46a1cd08546edc86d339f8f997cd24	231	Rw,Qw,Pw,Rb,Bw,Qb,Pb,Qb,Pw,,,,,,,Kw,Rb,,,,,,,Qb,Bw,,,Pw,Pw,,,Nw,Qb,,,Pw,Pw,,,Rb,Kw,,,,,,,Kb,Rw,,,,,,,Kw,Rb,Rb,Nw,Qb,Kw,Rw,Nb,Pw	lightRed	0
0b4e4d251db91398e8699be27bd0444a	4009	Qw,Pw,Nb,Bw,Kb,Pb,Nw,Kb,Qb,,,,,,,Nb,Kw,,,,,,,Qw,Rb,,,,,,,Kw,Nw,,,,,,,Rw,Qw,,,,,,,Nw,Kb,,,,,,,Qb,Bb,Rb,Bw,Qw,Pw,Rw,Bb,Nw	darkGray	0
0b6b09764632b56db4f59a52faee673f	1527	Qw,Rb,Nw,Qw,Kb,Rw,Nb,Pb,Pb,,,,,,,Nb,Nw,,,,,,,Pw,Bb,,,Pb,Pb,,,Kb,Kw,,,Pb,Pb,,,Bw,Rw,,,,,,,Nw,Nb,,,,,,,Pb,Nw,Kb,Rb,Nb,Qw,Kw,Rw,Pw	lightRed	0
0b6f9eb4a5a5147c791672137f8c4032	2504	Pw,Rw,Bb,Qb,Pb,Rb,Bw,Qb,Rb,,,,,,,Nb,Bw,,,,,,,Bw,Qb,,,,,,,Kb,Pb,,,,,,,Pb,Rw,,,,,,,Nw,Bb,,,,,,,Bb,Bb,Bb,Rw,Pw,Qw,Bw,Rb,Rw	lightRed	0
0b6fbcc6a19e89670722b779dace6b74	1130	Rw,Pb,Qb,Bb,Rw,Pw,Qw,Qb,Rw,,,,,,,Rw,Rw,,,,,,,Nb,Rw,,,Bb,Bb,,,Qb,Rw,,,Bb,Bb,,,Kw,Rw,,,,,,,Pb,Rw,,,,,,,Nw,Rw,Qw,Nb,Rw,Pb,Qb,Nw,Nw	lightRed	0
0b747c13b941aa2a1346120cefc84959	2574	Rb,Bb,Nw,Pb,Kb,Bw,Nb,Qw,Kb,,,,,,,Bb,Bw,,,,,,,Kw,Nw,,,Kb,Kb,,,Pw,Pb,,,Kb,Kb,,,Nb,Kw,,,,,,,Bw,Bb,,,,,,,Kb,Bw,Kw,Rw,Nw,Qb,Kb,Rb,Nw	darkGray	0
0b79cd4c4135c68dba161237b6a2c26c	1855	Pw,Qw,Bb,Rb,Pw,Qb,Bw,Nb,Rb,,,,,,,Kw,Kb,,,,,,,Pw,Qw,,,,,,,Nb,Nb,,,,,,,Bw,Pw,,,,,,,Kb,Kw,,,,,,,Pb,Pw,Kb,Pb,Nb,Bw,Kw,Pw,Bw	lightGray	0
0b7ac592f4033d9706ca51216b99601c	3596	Pb,Qw,Kb,Pb,Nw,Qb,Kw,Rb,Bw,,,,,,,Bb,Rb,,,,,,,Qw,Pb,,,,,,,Pw,Qb,,,,,,,Rb,Bb,,,,,,,Nw,Rw,,,,,,,Qb,Rw,Kb,Qw,Nw,Rb,Kw,Qb,Nw	lightGray	1
0b8cf6695a753b2c6966f8e3c399ac77	3621	Bw,Rw,Kw,Qw,Nb,Pb,Kb,Rw,Bb,,,,,,,Bw,Kw,,,,,,,Rb,Pw,,,Pw,Pw,,,Pb,Rb,,,Pw,Pw,,,Qb,Nw,,,,,,,Bb,Qb,,,,,,,Rw,Bb,Kb,Qw,Nw,Rb,Kw,Qb,Nw	darkGray	0
0b8d0eb4f2f7d756b212556f5a8d985a	494	Pw,Nw,Pb,Kb,Bw,Nb,Pw,Nw,Rb,,,,,,,Pw,Nw,,,,,,,Nb,Qb,,,,,,,Bw,Kw,,,,,,,Kb,Rw,,,,,,,Pb,Nb,,,,,,,Nw,Bb,Rw,Bb,Qw,Pw,Rb,Bw,Rb	lightGray	0
0b9a1e1606654743cc4e0ea9d6fb2abd	1777	Bw,Rw,Kw,Qb,Nw,Rb,Pw,Kw,Bb,,,,,,,Rw,Rw,,,,,,,Kw,Pb,,,,,,,Qb,Qb,,,,,,,Nw,Nw,,,,,,,Rb,Rb,,,,,,,Kb,Bw,Pb,Qb,Bw,Rb,Pw,Kw,Nb	lightGray	0
0b9e8b7e72a57627f43591cf0e420d94	3078	Bw,Pw,Nb,Bw,Kb,Pb,Nw,Bw,Qw,,,,,,,Bw,Kb,,,,,,,Qb,Rw,,,,,,,Pb,Nb,,,,,,,Rw,Qb,,,,,,,Bb,Kw,,,,,,,Qw,Nb,Qw,Kb,Rw,Nb,Qb,Kw,Bb	lightRed	0
0bacf2c0642858ce1fbf2c8c91d0308d	1896	Qb,Bb,Kw,Rb,Nw,Bw,Kb,Rw,Rb,,,,,,,Bw,Pw,,,,,,,Kb,Qw,,,,,,,Pw,Bb,,,,,,,Nb,Rw,,,,,,,Qb,Pb,,,,,,,Kw,Bb,Kw,Pw,Nb,Bw,Kb,Pb,Bb	darkRed	0
0baf4480c6a6d9a96a424ec1ed7d6058	4069	Pw,Bw,Nb,Pb,Kb,Bb,Nw,Bb,Pb,,,,,,,Pw,Rw,,,,,,,Kw,Bw,,,Rb,Rb,,,Bw,Kb,,,Rb,Rb,,,Nb,Pw,,,,,,,Pb,Rb,,,,,,,Kb,Pw,Qw,Kb,Rw,Nb,Qb,Kw,Bb	lightGray	0
0bb44d816e40aa1dff710484fa1d5c0d	2658	Qw,Pw,Kw,Bw,Nb,Pb,Kb,Qb,Kw,,,,,,,Nw,Qb,,,,,,,Bb,Bw,,,Bb,Bb,,,Kw,Rb,,,Bb,Bb,,,Pw,Pw,,,,,,,Nb,Qw,,,,,,,Bw,Pw,Qw,Bb,Rb,Pw,Qb,Bw,Kw	darkGray	0
0bc10527a955e30a54992f25b3de0fa4	1304	Rw,Kb,Qw,Nb,Rw,Kw,Qb,Bw,Qb,,,,,,,Bw,Pb,,,,,,,Nb,Rb,,,Rw,Rw,,,Pw,Bw,,,Rw,Rw,,,Kw,Qw,,,,,,,Bb,Pw,,,,,,,Nw,Pw,Rw,Pb,Qb,Bw,Rb,Pw,Pw	lightGray	0
0bc48efefb6671d620983bedadf81444	2859	Pw,Qb,Pb,Rb,Bw,Qw,Kb,Bw,Rw,,,,,,,Nw,Kw,,,,,,,Bb,Qb,,,Rw,Rw,,,Kw,Nw,,,Rw,Rw,,,Pw,Rb,,,,,,,Nb,Kb,,,,,,,Bw,Nw,Rw,Kw,Qb,Bw,Rb,Pw,Qb	darkGray	0
0bc4a87e6bcb73493e2cb04922524e07	3278	Bb,Pb,Qb,Bw,Rb,Pw,Qw,Pb,Pb,,,,,,,Bw,Qb,,,,,,,Nb,Bw,,,,,,,Pw,Rb,,,,,,,Kw,Pw,,,,,,,Bb,Qw,,,,,,,Nw,Rw,Bb,Kw,Rb,Nw,Qw,Kb,Pb	lightRed	0
0bccf7a64e060b3ea04571594c6f89b1	3196	Kb,Nw,Rb,Kb,Qw,Bb,Rw,Nw,Nw,,,,,,,Pw,Pb,,,,,,,Qw,Kb,,,Kb,Kb,,,Bb,Bw,,,Kb,Kb,,,Rw,Nb,,,,,,,Pb,Pw,,,,,,,Qb,Bw,Rw,Pb,Qb,Bw,Rb,Pw,Pb	darkRed	0
0be4ddf023c4a39c4fee6462f7856f2c	1263	Nw,Nw,Pb,Kb,Bw,Nb,Pw,Kb,Pb,,,,,,,Qw,Rw,,,,,,,Kb,Bw,,,Nb,Nb,,,Rb,Qb,,,Nb,Nb,,,Nw,Pw,,,,,,,Qb,Rb,,,,,,,Kw,Bb,Pw,Rb,Bw,Qb,Kw,Rw,Rb	darkGray	0
0c07653379ffd7411ef499e33749f68d	1032	Bw,Qw,Nb,Rw,Kw,Qb,Nw,Rw,Qb,,,,,,,Bw,Kw,,,,,,,Rb,Rw,,,,,,,Pw,Nb,,,,,,,Qw,Qw,,,,,,,Bb,Pw,,,,,,,Rw,Nw,Qb,Pb,Nb,Bw,Kw,Pw,Qb	lightGray	0
0c3ff987965e4d30d77702eee9b6dcab	738	Rw,Rw,Rw,Rw,Rw,Rw,Rw,Rw,Nb,,,,,,,Pb,Rw,,,,,,,Rw,Kw,,,,,,,Bb,Qb,,,,,,,Kw,Nw,,,,,,,Pw,Rb,,,,,,,Rb,Bb,Rb,Bw,Qw,Pw,Rw,Bb,Nw	lightGray	0
0c44dbbb939efbae881ff932a4041422	2341	Nb,Qb,Pb,Rw,Bb,Qw,Pw,Kb,Nb,,,,,,,Qb,Bw,,,,,,,Bw,Qb,,,Qw,Qw,,,Rw,Pb,,,Qw,Qw,,,Pb,Nw,,,,,,,Qw,Bb,,,,,,,Bb,Nb,Kw,Qb,Nw,Rb,Kb,Qw,Rb	darkGray	1
0c4a5fcee6056bbbb5bfbc876b80506a	697	Kw,Nb,Qw,Kb,Rb,Nw,Qb,Kb,Rw,,,,,,,Kw,Bb,,,,,,,Pw,Qb,,,,,,,Nw,Pb,,,,,,,Qb,Rb,,,,,,,Kb,Bw,,,,,,,Rb,Rb,Bw,Rb,Pb,Qb,Bb,Rw,Bb	darkRed	1
0c4ca98747a95016865f4ee3d56b86db	840	Qb,Qb,Bw,Rb,Pw,Qw,Bb,Pb,Rw,,,,,,,Bb,Pb,,,,,,,Kw,Qw,,,Bw,Bw,,,Pw,Bb,,,Bw,Bw,,,Rb,Rb,,,,,,,Bw,Pw,,,,,,,Qb,Rw,Rw,Rw,Rw,Rw,Rw,Rw,Rw	darkRed	0
0c51b7196487d5110592aeb9423cc259	622	Qb,Nb,Bw,Kb,Pb,Nw,Bb,Pb,Qw,,,,,,,Rb,Kb,,,,,,,Pw,Rw,,,Pb,Pb,,,Qb,Nb,,,Pb,Pb,,,Nw,Qb,,,,,,,Rw,Kw,,,,,,,Pb,Rb,Nb,Qw,Kb,Rb,Nw,Qb,Pw	lightGray	0
0c52809c155baf99d3e500ac98b25d4d	2978	Bw,Nw,Pb,Kw,Bb,Nb,Pw,Kb,Nb,,,,,,,Bb,Bw,,,,,,,Rw,Kw,,,,,,,Pb,Pw,,,,,,,Qb,Nw,,,,,,,Bw,Bb,,,,,,,Rb,Qw,Qw,Bb,Rw,Pb,Qb,Nw,Pw	darkRed	0
0c54b8a706d60278f41de7e481f6fc87	2048	Rw,Kw,Bb,Rb,Pw,Qb,Bw,Pw,Nb,,,,,,,Qw,Pw,,,,,,,Pw,Kw,,,,,,,Rb,Bb,,,,,,,Bw,Nw,,,,,,,Qb,Pb,,,,,,,Pb,Kb,Nb,Kw,Kb,Pb,Nw,Bb,Nw	lightGray	0
0c7c28ab284def686dc5802fcb2b71a6	3727	Kb,Qw,Nb,Rw,Kw,Qb,Nw,Bw,Rb,,,,,,,Bw,Nw,,,,,,,Qb,Qw,,,,,,,Pw,Kb,,,,,,,Rb,Rw,,,,,,,Bb,Nb,,,,,,,Qw,Rw,Nw,Pb,Kw,Bb,Nb,Pw,Qb	lightGray	0
0c8c5a83e3c66aacf997ba0d1708cbfb	711	Bb,Bb,Nw,Pb,Kb,Bw,Rb,Nb,Bw,,,,,,,Bw,Rb,,,,,,,Kb,Pb,,,,,,,Pw,Qb,,,,,,,Nb,Bb,,,,,,,Bb,Rw,,,,,,,Kw,Kw,Rw,Pb,Qb,Bw,Rb,Pw,Qb	lightRed	0
0c91841b5d8318ec8259d98d84986ee6	2301	Pw,Kb,Qw,Rb,Nw,Kw,Kb,Pb,Bw,,,,,,,Kb,Nb,,,,,,,Pb,Pb,,,Kb,Kb,,,Rb,Kb,,,Kb,Kb,,,Bw,Kb,,,,,,,Kw,Nw,,,,,,,Pw,Nb,Bb,Rw,Pw,Qw,Bw,Rb,Kb	lightGray	0
0ca9ce0bf7b101baaf1fe4cfb2271551	1114	Nb,Nw,Qb,Kw,Rw,Nb,Bw,Kb,Bw,,,,,,,Nb,Qb,,,,,,,Rw,Pb,,,,,,,Kw,Rw,,,,,,,Qb,Bb,,,,,,,Nw,Qw,,,,,,,Rb,Nb,Qb,Pb,Rw,Nb,Qw,Pw,Pw	lightGray	0
0cb1959589fc994c943e607a6566838e	3943	Kw,Kb,Qw,Nb,Rw,Kw,Qb,Qb,Pw,,,,,,,Rw,Nb,,,,,,,Kw,Bw,,,Rb,Rb,,,Qw,Kb,,,Rb,Rb,,,Nb,Rb,,,,,,,Pb,Nw,,,,,,,Kb,Rw,Pw,Kw,Bb,Nw,Pb,Kb,Nw	lightRed	0
0cbddda96155c1fa8014bba705f3af7f	2741	Qb,Qw,Nb,Rw,Pb,Qb,Bw,Kb,Bw,,,,,,,Kw,Rb,,,,,,,Pw,Pb,,,Rb,Rb,,,Nb,Qb,,,Rb,Rb,,,Bw,Bb,,,,,,,Kb,Rw,,,,,,,Pb,Bw,Pb,Rw,Bb,Qw,Pw,Rb,Kw	lightRed	1
0cd583fcb4d5440e4abcee8a62c5991f	2286	Qb,Pw,Kw,Bw,Nb,Pb,Kb,Pb,Pb,,,,,,,Qb,Kb,,,,,,,Bw,Bb,,,,,,,Rb,Nw,,,,,,,Pw,Rw,,,,,,,Qw,Kw,,,,,,,Bb,Rb,Kw,Bb,Nw,Pb,Kb,Bw,Rb	lightGray	0
0cea64ddd298163cc825383c3a4f4521	1125	Rw,Rw,Rw,Rw,Rw,Rw,Rw,Rw,Pb,,,,,,,Pb,Rw,,,,,,,Nw,Bw,,,,,,,Bb,Qb,,,,,,,Kw,Pw,,,,,,,Pw,Rb,,,,,,,Nb,Pb,Kb,Qw,Nw,Rb,Kw,Qb,Bw	darkGray	0
0cecc056133e6003f65fcdda20b7de0b	1270	Pb,Nb,Qw,Kb,Rb,Nw,Qb,Rw,Bb,,,,,,,Rw,Qw,,,,,,,Rw,Pw,,,Pw,Pw,,,Rw,Rb,,,Pw,Pw,,,Rw,Bw,,,,,,,Rw,Qb,,,,,,,Rw,Qw,Qw,Pw,Rb,Bw,Qb,Pb,Rw	darkGray	0
0cfaf7598456e259051a6829ed4eb858	2283	Bw,Pb,Nw,Qw,Kb,Rw,Nb,Bw,Bb,,,,,,,Qb,Qw,,,,,,,Pb,Pw,,,Rb,Rb,,,Rb,Rb,,,Rb,Rb,,,Bw,Bw,,,,,,,Qw,Qb,,,,,,,Pw,Nb,Qw,Nb,Rb,Kb,Qb,Nw,Kw	lightGray	0
0d066994aab7d85506fdeab103794980	3267	Nw,Pb,Kb,Bw,Nb,Pw,Kw,Nb,Nw,,,,,,,Nw,Pb,,,,,,,Bb,Kw,,,Pb,Pb,,,Kb,Bb,,,Pb,Pb,,,Pb,Nb,,,,,,,Nb,Pw,,,,,,,Bw,Kb,Nw,Bb,Kb,Pb,Nb,Bw,Bw	lightGray	0
0d101c98656cab50a5945701987d0778	2029	Pb,Bw,Qb,Pw,Rb,Bb,Qw,Rb,Rb,,,,,,,Bw,Bw,,,,,,,Qb,Qw,,,,,,,Pb,Pw,,,,,,,Rw,Rw,,,,,,,Bb,Bb,,,,,,,Qw,Nb,Bw,Qb,Pb,Rw,Bb,Qw,Bb	lightRed	0
0d1b36e005301c1cb85010566f45b0d7	1246	Rw,Bw,Nb,Pw,Kw,Bb,Nw,Pb,Nw,,,,,,,Bb,Pb,,,,,,,Rw,Kw,,,,,,,Pb,Bb,,,,,,,Qb,Rb,,,,,,,Bw,Pw,,,,,,,Rb,Rb,Pw,Kw,Bb,Nw,Pb,Kb,Nw	darkGray	0
0d29738eee9575c4971b47b9c39e7835	858	Bb,Pb,Kb,Bw,Nb,Pw,Kw,Nw,Rb,,,,,,,Qb,Kb,,,,,,,Pb,Qw,,,Qw,Qw,,,Rb,Bb,,,Qw,Qw,,,Bw,Rw,,,,,,,Qw,Pb,,,,,,,Pw,Pb,Nb,Pw,Kb,Bw,Nw,Pb,Kw	lightGray	0
0d2d4cbe83da5de0086fb32e3575627b	2024	Pb,Qb,Pb,Rb,Bw,Qw,Pw,Pb,Qw,,,,,,,Nb,Pw,,,,,,,Bw,Rb,,,Pw,Pw,,,Kw,Bw,,,Pw,Pw,,,Pw,Qb,,,,,,,Nw,Pb,,,,,,,Bb,Rb,Nw,Pb,Kw,Bb,Nb,Rw,Bb	lightGray	0
0d42c808df8946a021aa975947fbd788	978	Rb,Qb,Nw,Rb,Kb,Qw,Nb,Rw,Qb,,,,,,,Qw,Pb,,,,,,,Pw,Rw,,,,,,,Rw,Bb,,,,,,,Bb,Qw,,,,,,,Qb,Pw,,,,,,,Kw,Bw,Kb,Bw,Nb,Pw,Kw,Bb,Bw	lightRed	0
0d65ef7629e71db56a492eaf103c22e4	2881	Bw,Bb,Nw,Pb,Kb,Bw,Rb,Pw,Pb,,,,,,,Nb,Rw,,,,,,,Qw,Bw,,,,,,,Kw,Kb,,,,,,,Rw,Pw,,,,,,,Nw,Nb,,,,,,,Qb,Qb,Kw,Bb,Nb,Pw,Kb,Qw,Rb	lightGray	0
0d666e0402a77a9e09cfca1354d9b686	1867	Pw,Qw,Kb,Rb,Nw,Qb,Kw,Rb,Bw,,,,,,,Nw,Nb,,,,,,,Rb,Pw,,,Rb,Rb,,,Kw,Kw,,,Rb,Rb,,,Qb,Bb,,,,,,,Nb,Nw,,,,,,,Rw,Rw,Nw,Pb,Kw,Bb,Nb,Pw,Kw	lightGray	0
0d68455489abeb35ae8f7af58c7ab51e	2581	Rw,Rw,Rw,Rw,Rw,Rw,Rw,Rw,Bw,,,,,,,Kw,Nb,,,,,,,Qb,Pw,,,Pb,Pb,,,Nb,Kw,,,Pb,Pb,,,Rw,Bb,,,,,,,Kb,Nw,,,,,,,Qw,Qb,Kb,Rb,Nw,Qb,Kw,Rw,Bb	darkRed	0
0d696b939af1e2151511fb997fa2b126	3615	Bb,Rw,Nb,Qb,Kw,Pb,Nw,Kb,Kb,,,,,,,Bb,Pb,,,,,,,Kw,Nw,,,,,,,Pb,Bb,,,,,,,Nw,Kw,,,,,,,Bw,Pw,,,,,,,Kb,Nw,Nb,Bw,Kw,Pw,Rw,Bb,Kw	lightRed	0
0d6b475dd80c9852e4fc01e2e0eb4a08	1997	Rb,Pw,Rb,Bb,Qw,Pb,Rw,Rw,Kb,,,,,,,Qb,Qw,,,,,,,Kw,Nw,,,Rw,Rw,,,Rb,Rb,,,Rw,Rw,,,Nw,Pb,,,,,,,Qw,Qb,,,,,,,Kb,Nw,Rb,Nw,Qb,Kw,Rw,Nb,Qw	lightRed	0
0d74ae7b801068b9bef16cebc407c242	2231	Nw,Pw,Kw,Bb,Nw,Pb,Kb,Rb,Qb,,,,,,,Nw,Kw,,,,,,,Pb,Pw,,,,,,,Kb,Nb,,,,,,,Bw,Bw,,,,,,,Nb,Kb,,,,,,,Pw,Bw,Rb,Nw,Qw,Kb,Rw,Nb,Qb	darkRed	0
0d8228b4104d13168567fc7e95e46c41	594	Rb,Kw,Bb,Nb,Pw,Qb,Bw,Qb,Rb,,,,,,,Nb,Bw,,,,,,,Bw,Qb,,,Nb,Nb,,,Kb,Pb,,,Nb,Nb,,,Pb,Rw,,,,,,,Nw,Bb,,,,,,,Bb,Nw,Qb,Bw,Rw,Pb,Qw,Bb,Nb	darkRed	0
0d8310dce1884a741b58c597558e26cd	3259	Nw,Rb,Pw,Qb,Bw,Rw,Pb,Bb,Nw,,,,,,,Nw,Qb,,,,,,,Qb,Kb,,,Pb,Pb,,,Kw,Rb,,,Pb,Pb,,,Rw,Nb,,,,,,,Nb,Bw,,,,,,,Qw,Rb,Kb,Bw,Nb,Pw,Kw,Bb,Bw	lightRed	0
0d972b876cad1dac147d16d4988d8a6b	1221	Qw,Pw,Rb,Bw,Qb,Pb,Rw,Rb,Nw,,,,,,,Rw,Pb,,,,,,,Nb,Kb,,,,,,,Qw,Bw,,,,,,,Kb,Nb,,,,,,,Rb,Pw,,,,,,,Nw,Bw,Pw,Kw,Bb,Nw,Pb,Qb,Pw	lightGray	0
0d9982dfc6372818c267db6889139b77	2980	Nb,Bw,Qb,Pb,Rw,Bb,Qw,Bw,Bb,,,,,,,Nw,Nw,,,,,,,Bb,Pw,,,Rb,Rb,,,Kw,Kw,,,Rb,Rb,,,Pw,Bw,,,,,,,Nb,Nb,,,,,,,Bw,Bw,Pw,Qw,Bb,Rw,Pb,Qb,Bw	lightRed	0
0d9dd69a8970441e0041d8a579775404	3190	Pw,Qb,Kw,Rw,Nb,Qw,Kb,Kb,Pb,,,,,,,Kb,Rw,,,,,,,Rb,Bb,,,,,,,Nw,Qw,,,,,,,Qb,Pw,,,,,,,Kw,Nb,,,,,,,Rw,Qb,Kw,Bb,Nw,Pb,Kb,Qw,Kb	darkRed	0
0da74ca0ac56ecbd4c4e9f51083fe138	2966	Pb,Rw,Bb,Qw,Pw,Nb,Bw,Rw,Bw,,,,,,,Qw,Qb,,,,,,,Nb,Pb,,,,,,,Rw,Rw,,,,,,,Kw,Bb,,,,,,,Qb,Qw,,,,,,,Nw,Kb,Nw,Qb,Kb,Rb,Nb,Bw,Qb	darkRed	0
0daba666ecab953d607609be7a9b3449	3809	Bb,Kb,Bw,Nw,Pb,Kw,Bb,Pb,Bw,,,,,,,Pb,Kb,,,,,,,Qb,Pb,,,Nb,Nb,,,Bw,Nw,,,Nb,Nb,,,Rb,Bb,,,,,,,Qb,Kw,,,,,,,Qw,Bw,Qb,Nw,Rw,Qw,Qw,Nb,Qw	darkRed	0
0db105378fd20911f438566b404e43ae	2845	Qw,Bb,Kw,Pw,Nb,Bw,Kb,Kw,Qw,,,,,,,Pb,Kb,,,,,,,Rw,Rw,,,,,,,Bw,Bb,,,,,,,Qb,Qb,,,,,,,Pw,Pb,,,,,,,Rb,Bw,Kw,Bb,Rb,Pw,Qb,Bw,Nw	lightRed	0
0db35de764f9f6753086ca78c58ee898	445	Rw,Qw,Nb,Rb,Kb,Qb,Nw,Rw,Nb,,,,,,,Pw,Pw,,,,,,,Qw,Kb,,,,,,,Bw,Bw,,,,,,,Rb,Nw,,,,,,,Pb,Pb,,,,,,,Qb,Rb,Bw,Kb,Pb,Nw,Bb,Kw,Qb	lightRed	0
0dbd8321387094e593bbff64f275ffa3	3652	Pw,Kb,Bw,Nb,Pw,Kw,Bb,Rb,Nb,,,,,,,Kb,Pw,,,,,,,Pb,Kb,,,Kw,Kw,,,Nb,Bw,,,Kw,Kw,,,Bw,Rw,,,,,,,Kw,Pb,,,,,,,Pw,Kw,Rw,Pb,Qb,Bw,Rb,Pw,Kw	darkRed	0
0dcc1bca30385866d75c7dfff5ec4d38	457	Rw,Kw,Pw,Nw,Bb,Kb,Pb,Pw,Nw,,,,,,,Nb,Pb,,,,,,,Qw,Kb,,,Rw,Rw,,,Kb,Bw,,,Rw,Rw,,,Rb,Nb,,,,,,,Nw,Pw,,,,,,,Qb,Rb,Kw,Bb,Nb,Pw,Kb,Bw,Rb	lightGray	0
0de588d5f5420fa2ac307cf99e715a79	2008	Pw,Kb,Rb,Nb,Qw,Kw,Rw,Qb,Pb,,,,,,,Bw,Rw,,,,,,,Qb,Bw,,,,,,,Pb,Qb,,,,,,,Rw,Pw,,,,,,,Bb,Rb,,,,,,,Qw,Qb,Kw,Bb,Nb,Pw,Kb,Bw,Bb	lightRed	0
0df2130dacbf5e7e074c72a3227f42e9	60	Rb,Bw,Nb,Pw,Kw,Bb,Nw,Rw,Pb,,,,,,,Rb,Qb,,,,,,,Nw,Bb,,,Pw,Pw,,,Qb,Rw,,,Pw,Pw,,,Kw,Pw,,,,,,,Rw,Qw,,,,,,,Nb,Nb,Kb,Pb,Nb,Bw,Kw,Pw,Nw	lightRed	0
0df927c33c9e3adf4bceb917e7187a3f	303	Kw,Qw,Kb,Rw,Nb,Bb,Kw,Qw,Kw,,,,,,,Kw,Rw,,,,,,,Bb,Nb,,,,,,,Nb,Qw,,,,,,,Pw,Kb,,,,,,,Kb,Rb,,,,,,,Bw,Qw,Qb,Bw,Rb,Pw,Kw,Bb,Bw	lightGray	0
0dfd5debeb1fa6e3aaa2f6925a9342f5	3255	Kw,Bb,Kw,Pw,Nb,Bw,Kb,Kb,Pb,,,,,,,Rb,Nw,,,,,,,Pw,Qw,,,,,,,Qb,Kb,,,,,,,Bw,Pw,,,,,,,Rw,Nb,,,,,,,Pb,Rb,Pb,Kb,Bb,Nw,Pw,Kw,Qw	lightGray	0
0dffa0639f2ab7e754f5f1dc7b975697	3496	Qb,Qb,Nw,Rb,Kb,Kw,Nb,Pb,Rb,,,,,,,Pw,Kb,,,,,,,Rb,Qb,,,,,,,Bw,Nw,,,,,,,Qb,Rw,,,,,,,Pb,Kw,,,,,,,Rw,Nw,Qb,Bw,Rw,Pb,Qw,Bb,Bw	darkRed	0
0e03b02261f8995eddd2dd257ef16275	2728	Bw,Qb,Bw,Rw,Pb,Qw,Bb,Bb,Nb,,,,,,,Kb,Bw,,,,,,,Qw,Kw,,,,,,,Nw,Pw,,,,,,,Rb,Nw,,,,,,,Pb,Bb,,,,,,,Qb,Pw,Pb,Kb,Bw,Nb,Pw,Kw,Qw	darkRed	0
0e10aefb5ba9f20012094c564ec2de2c	2071	Rb,Kw,Pw,Nw,Bb,Kb,Pb,Nb,Kb,,,,,,,Nb,Pb,,,,,,,Qw,Nb,,,Nb,Nb,,,Kb,Bw,,,Nb,Nb,,,Rb,Kw,,,,,,,Nw,Pw,,,,,,,Qb,Bb,Nw,Bb,Kw,Pw,Nb,Bw,Pw	lightRed	0
0e140ccf30869c465b2f99735d2b91de	3181	Rb,Rw,Pb,Qb,Bw,Rb,Pw,Nb,Bw,,,,,,,Nb,Kb,,,,,,,Bw,Pw,,,Bb,Bb,,,Kw,Nb,,,Bb,Bb,,,Pw,Bb,,,,,,,Rw,Kw,,,,,,,Bb,Bw,Nw,Pb,Kb,Bw,Rb,Pw,Bb	lightRed	0
0e2cd9160cd7e4ca43e8d7439f157d42	229	Kw,Qw,Bb,Rb,Pw,Qb,Bw,Qb,Qb,,,,,,,Pb,Pb,,,,,,,Kb,Rb,,,,,,,Qw,Bw,,,,,,,Nb,Qw,,,,,,,Pw,Pw,,,,,,,Kw,Kb,Rb,Nw,Qb,Kw,Rw,Nb,Rb	darkRed	0
0e395bcb35de9f7a7cf40b6add7843c1	590	Kb,Qb,Bw,Rb,Pw,Qw,Bb,Qw,Qb,,,,,,,Bb,Kw,,,,,,,Kw,Rb,,,Rb,Rb,,,Pb,Nw,,,Rb,Rb,,,Nw,Qw,,,,,,,Bw,Kb,,,,,,,Kb,Nw,Nw,Pb,Kw,Bb,Nb,Pw,Rb	darkGray	0
0e4435d002a3d59eedbc90aea2c082be	2140	Qw,Nb,Bw,Kb,Pb,Rw,Bb,Nw,Qb,,,,,,,Kw,Bw,,,,,,,Qb,Rw,,,,,,,Nb,Pb,,,,,,,Rw,Qw,,,,,,,Kb,Bb,,,,,,,Qw,Nb,Qw,Pw,Rw,Bb,Qb,Pb,Kw	lightGray	0
0e444c242d62ff5f3cba0e169c82d7d7	2128	Rb,Bw,Nb,Pw,Kw,Bb,Nw,Rw,Bb,,,,,,,Bb,Rw,,,,,,,Rw,Pw,,,Nb,Nb,,,Pb,Qw,,,Nb,Nb,,,Qb,Bw,,,,,,,Bw,Rb,,,,,,,Rb,Kw,Qw,Nb,Pb,Kb,Bb,Nw,Pw	darkRed	0
0e4f99e3a56ec920319ebb3838b7d953	3998	Nw,Qb,Bw,Rw,Pb,Qw,Bb,Kw,Kw,,,,,,,Nb,Qb,,,,,,,Rw,Nb,,,Bw,Bw,,,Kb,Rw,,,Bw,Bw,,,Qw,Kb,,,,,,,Nw,Qw,,,,,,,Rb,Nw,Pb,Rw,Bw,Kb,Pw,Nb,Pw	darkRed	0
0e5ac03e9fee6c73605d782edfcfa597	1122	Pb,Qw,Bb,Rb,Pw,Qb,Nw,Qb,Bb,,,,,,,Rb,Rw,,,,,,,Pw,Pw,,,Bw,Bw,,,Qw,Qw,,,Bw,Bw,,,Bb,Bw,,,,,,,Rw,Rb,,,,,,,Pb,Pw,Kw,Bb,Nw,Pb,Kb,Bw,Rb	darkRed	1
0e61836726b1c5ebfdcfa50a3420f918	2981	Rw,Nb,Bw,Kw,Pw,Nw,Bb,Rw,Bw,,,,,,,Kb,Rb,,,,,,,Qw,Kw,,,,,,,Nw,Qb,,,,,,,Rb,Nb,,,,,,,Kw,Rw,,,,,,,Qb,Qb,Pw,Nb,Bw,Kb,Pb,Nw,Rw	darkGray	0
0ea720d4b63ec113b07930da1db8e711	1885	Rw,Pb,Kb,Bb,Nw,Pw,Kw,Pw,Qw,,,,,,,Nw,Bb,,,,,,,Pb,Rb,,,,,,,Kw,Pw,,,,,,,Bb,Qb,,,,,,,Nb,Bw,,,,,,,Pw,Qb,Pw,Rb,Bb,Qw,Pb,Rw,Kw	darkGray	0
0eb4301d07bc6bdd0e46f0e9863e7a0d	3345	Rb,Qb,Bw,Rb,Pw,Qw,Bb,Nw,Bb,,,,,,,Bw,Nw,,,,,,,Kb,Pw,,,Nb,Nb,,,Pw,Kw,,,Nb,Nb,,,Nb,Bw,,,,,,,Bb,Nb,,,,,,,Kw,Qb,Nb,Pw,Kb,Bw,Nw,Rb,Bw	darkRed	0
0ebd9b18fce868cf507eb9c2dfca83a3	199	Rw,Bb,Nw,Pb,Kb,Bw,Nb,Rw,Rw,,,,,,,Kw,Rw,,,,,,,Rw,Rw,,,,,,,Nb,Rw,,,,,,,Bw,Rw,,,,,,,Kb,Rw,,,,,,,Rb,Rw,Kb,Rb,Nw,Qb,Kw,Pw,Kw	lightGray	0
0ec747fe1ce2dd8140c67182ef1582ba	1196	Pw,Qb,Bw,Rb,Pw,Qw,Bb,Bw,Bb,,,,,,,Kb,Nw,,,,,,,Qw,Pw,,,Bw,Bw,,,Nb,Kw,,,Bw,Bw,,,Rw,Bw,,,,,,,Kw,Nb,,,,,,,Qb,Qw,Kb,Bw,Nw,Pb,Kw,Bb,Nw	lightGray	0
0ed8327d3d09997fee0b3f23a7436971	3124	Kb,Nb,Pw,Qb,Bw,Rw,Pb,Qw,Nw,,,,,,,Pw,Rb,,,,,,,Kw,Kw,,,,,,,Bb,Qb,,,,,,,Nw,Nb,,,,,,,Pb,Rw,,,,,,,Kb,Rw,Rw,Nb,Qb,Kw,Rb,Nw,Nw	darkRed	0
0edfa0171335730788427c148aefc31f	3088	Qb,Nw,Qb,Kb,Rb,Nb,Qw,Kb,Rb,,,,,,,Kb,Nw,,,,,,,Pb,Qb,,,,,,,Nb,Kw,,,,,,,Bw,Rw,,,,,,,Qw,Bb,,,,,,,Pw,Rb,Bw,Rb,Pw,Qw,Bb,Rw,Bw	lightRed	0
0ee646b3b83e3b76378a18333c0d1149	2923	Bb,Bb,Nw,Pb,Kb,Bw,Nb,Nw,Kb,,,,,,,Bw,Qw,,,,,,,Rb,Nw,,,,,,,Pw,Rb,,,,,,,Qw,Kw,,,,,,,Bb,Qb,,,,,,,Rw,Bb,Bb,Nw,Pb,Kb,Bw,Nb,Nb	lightGray	0
0ef990311b373fc51dc1877654777812	2320	Nw,Nw,Rb,Kb,Qw,Nb,Rw,Pb,Nb,,,,,,,Rw,Bw,,,,,,,Bb,Kb,,,,,,,Qb,Pb,,,,,,,Pb,Nw,,,,,,,Rb,Bb,,,,,,,Bw,Bb,Qb,Nw,Rw,Kw,Qw,Nb,Qw	darkGray	0
0f25dbaf67b240f5b4317909d5636895	545	Pw,Nw,Rb,Kw,Qb,Bb,Rw,Rb,Rw,,,,,,,Pb,Bb,,,,,,,Kb,Qb,,,,,,,Qw,Pb,,,,,,,Nb,Rb,,,,,,,Pw,Bw,,,,,,,Kw,Pw,Kw,Bb,Nw,Pb,Kb,Qw,Qb	darkRed	0
0f47371041701a352dabc004d396729d	3719	Rw,Qb,Nw,Rb,Pw,Qw,Nb,Qw,Rw,,,,,,,Bw,Rw,,,,,,,Qb,Rw,,,,,,,Pb,Rw,,,,,,,Rw,Rw,,,,,,,Bb,Rw,,,,,,,Qw,Rw,Nw,Pb,Kb,Bw,Nb,Pw,Bb	darkGray	0
0f4912631784c7507b2c0a60d480cb2d	3615	Bb,Rw,Nb,Qb,Kw,Pb,Nw,Kb,Kb,,,,,,,Bb,Pb,,,,,,,Kw,Nw,,,,,,,Pb,Bb,,,,,,,Nw,Kw,,,,,,,Bw,Pw,,,,,,,Kb,Nw,Nb,Bw,Kw,Pw,Rw,Bb,Kw	lightRed	0
0f5419e55e419cfb7913e9eeac07c47e	1396	Qb,Kb,Rb,Nb,Qw,Kw,Rw,Qw,Pb,,,,,,,Pb,Rw,,,,,,,Qb,Bw,,,,,,,Bw,Qb,,,,,,,Rb,Pw,,,,,,,Pw,Rb,,,,,,,Qw,Rw,Pw,Rb,Bb,Qw,Pb,Rw,Bb	darkRed	0
0f55d901a40fdac4b2822265c49e3270	2049	Pw,Pw,Kw,Bw,Rw,Pw,Kw,Kw,Kw,,,,,,,Nw,Nw,,,,,,,Rw,Rw,,,Pw,Pw,,,Pw,Qw,,,Pw,Pw,,,Kw,Qw,,,,,,,Bw,Nw,,,,,,,Rw,Kb,Rw,Nw,Kw,Kw,Rw,Nw,Bw	lightRed	0
0f6343c89f25541818075419cb2c1793	311	Kw,Qb,Bw,Rw,Pb,Qw,Bb,Rw,Kb,,,,,,,Rw,Rb,,,,,,,Rw,Nw,,,,,,,Rw,Qb,,,,,,,Rw,Kw,,,,,,,Rw,Rw,,,,,,,Rw,Rw,Rw,Rw,Rw,Rw,Rw,Rw,Rw	lightGray	0
0f722c89a34537b7c249cf431977dc2d	2936	Rw,Pb,Rw,Bb,Qw,Pw,Rb,Qw,Nb,,,,,,,Qb,Pw,,,,,,,Pb,Qw,,,,,,,Nw,Bb,,,,,,,Bb,Nw,,,,,,,Qw,Pb,,,,,,,Pw,Kb,Kw,Bb,Rw,Pb,Qb,Bw,Qb	lightGray	0
0f8106629f854f2ce54141eccb2a9690	1338	Pw,Kb,Rb,Nb,Qw,Kw,Rw,Rw,Nw,,,,,,,Qw,Rb,,,,,,,Bb,Kb,,,Bw,Bw,,,Rw,Qw,,,Bw,Bw,,,Pb,Nb,,,,,,,Qb,Rw,,,,,,,Bw,Nb,Pw,Qw,Bb,Rw,Pb,Qb,Qb	lightRed	0
0f8a5780ae17cc243e122a6f1831d875	1946	Rw,Pw,Qw,Bw,Rb,Pb,Qb,Qb,Rw,,,,,,,Pw,Rw,,,,,,,Rb,Rw,,,Rb,Rb,,,Bw,Rw,,,Rb,Rb,,,Qb,Rw,,,,,,,Pb,Rw,,,,,,,Rw,Rw,Nw,Rb,Kw,Qb,Nb,Rw,Bb	lightRed	1
0f8fecdf5c4ef19df34b08ef9d35d72b	3607	Qb,Pb,Kb,Bb,Nw,Pw,Kw,Bb,Bw,,,,,,,Kb,Rb,,,,,,,Rb,Pb,,,,,,,Nb,Qb,,,,,,,Qw,Bb,,,,,,,Kw,Rw,,,,,,,Rw,Qw,Rb,Nw,Qw,Kb,Rw,Nb,Nb	lightRed	0
0f92e4da426a5662d80cbdf1749d4c10	55	Nb,Pw,Qw,Bb,Rw,Pb,Qb,Qb,Rb,,,,,,,Bw,Bw,,,,,,,Kb,Qb,,,Pw,Pw,,,Pb,Kw,,,Pw,Pw,,,Nw,Rw,,,,,,,Bb,Nb,,,,,,,Kw,Rw,Pw,Qw,Bw,Rb,Pb,Qb,Kw	darkRed	0
0f95e1728d56d8108ebb718a871d3f72	1584	Pw,Qb,Nw,Pw,Kw,Bw,Nb,Bb,Rb,,,,,,,Rb,Bw,,,,,,,Nw,Qw,,,,,,,Qb,Pw,,,,,,,Kw,Rw,,,,,,,Rw,Bb,,,,,,,Nb,Qb,Kb,Bw,Nb,Pw,Kw,Bb,Nw	darkRed	0
0facb8827a504016f509918a185eb3d6	3461	Rb,Rw,Pb,Qb,Bw,Rb,Pw,Nb,Bw,,,,,,,Nb,Kb,,,,,,,Bw,Pw,,,Bb,Bb,,,Kw,Nb,,,Bb,Bb,,,Pw,Bb,,,,,,,Rw,Kw,,,,,,,Bb,Bw,Nw,Pb,Kb,Bw,Rb,Pw,Bb	lightRed	0
0fadf6d38c5c7c53ca654917d87e4f17	1693	Rw,Bb,Kw,Pb,Nw,Bw,Qb,Rw,Rb,,,,,,,Pb,Bw,,,,,,,Rw,Qb,,,,,,,Bw,Pb,,,,,,,Qb,Rw,,,,,,,Pw,Bb,,,,,,,Rb,Bw,Bb,Nw,Pw,Qw,Bw,Rb,Bw	lightGray	0
0fae55df2f1011cbf85c47ee7111f5d6	1505	Rb,Pw,Qw,Bb,Rw,Pb,Qb,Kw,Pw,,,,,,,Nw,Nb,,,,,,,Rb,Bw,,,,,,,Pw,Kb,,,,,,,Qw,Rb,,,,,,,Nb,Nw,,,,,,,Rw,Rw,Rw,Bb,Qw,Pw,Rb,Bw,Nb	darkGray	0
0fd0cefea2c9c956d90bcd3e65708c50	3264	Rb,Bb,Rw,Pw,Qw,Bw,Rb,Rb,Kw,,,,,,,Pw,Bb,,,,,,,Kw,Nb,,,,,,,Bb,Pw,,,,,,,Nw,Kb,,,,,,,Pb,Bw,,,,,,,Kb,Qb,Kb,Rb,Nb,Qw,Kw,Rw,Rw	darkGray	0
0fd1f3f6180383db3835004f0e50e463	3292	Qb,Kb,Bw,Nb,Pw,Kw,Bb,Bb,Nw,,,,,,,Kb,Qb,,,,,,,Qw,Kw,,,Nw,Nw,,,Nb,Rw,,,Nw,Nw,,,Rw,Nb,,,,,,,Pb,Qw,,,,,,,Qb,Pb,Kw,Bb,Nb,Pw,Kb,Bw,Nb	darkRed	0
0fd32d0966f47e5b98bd7a4df0c45695	2979	Nb,Qb,Kw,Rw,Nb,Qw,Kb,Rb,Pb,,,,,,,Rb,Qb,,,,,,,Nw,Bw,,,Pw,Pw,,,Qw,Rb,,,Pw,Pw,,,Kb,Pw,,,,,,,Rw,Kw,,,,,,,Nb,Pb,Qb,Nw,Rb,Kb,Qw,Nb,Rw	lightGray	0
0fdf0fe634a1d93d9901d2cf2d47ed7a	3162	Bw,Qb,Nw,Rb,Kb,Qw,Bb,Rb,Bb,,,,,,,Nw,Kw,,,,,,,Qb,Pb,,,,,,,Kw,Nw,,,,,,,Rw,Bw,,,,,,,Nb,Qb,,,,,,,Qw,Qw,Rw,Nb,Qw,Kb,Rb,Nw,Bb	darkGray	0
0fe1a921fc9bd9e1cd0c639535140be5	3744	Nw,Kw,Pw,Nb,Bw,Kb,Rb,Bw,Pw,,,,,,,Rb,Nb,,,,,,,Nw,Bb,,,Bw,Bw,,,Qw,Kw,,,Bw,Bw,,,Kb,Pb,,,,,,,Rw,Nw,,,,,,,Nb,Pw,Kw,Qb,Nw,Rb,Kb,Qw,Kb	darkGray	0
0fe52857e489f37f65ecec0c5c801981	3037	Rw,Pb,Kb,Bw,Nb,Pw,Kw,Pw,Kw,,,,,,,Rb,Pw,,,,,,,Kb,Rw,,,,,,,Qb,Bb,,,,,,,Pw,Qb,,,,,,,Rw,Pb,,,,,,,Kw,Qb,Pw,Kw,Bw,Nb,Pb,Kb,Pb	lightRed	0
0fed4a725abbdde52ff0ab6e7ac7c797	1951	Pb,Nb,Pw,Kb,Bw,Nw,Pb,Kb,Qw,,,,,,,Rw,Nb,,,,,,,Pb,Rw,,,,,,,Qb,Kw,,,,,,,Bw,Qb,,,,,,,Rb,Nw,,,,,,,Pw,Kb,Bb,Kw,Pb,Nw,Qw,Kb,Nb	darkGray	0
0feec8ac40dd0a4aa841317707c60456	266	Rb,Rb,Bw,Kw,Pw,Nw,Bb,Bw,Kw,,,,,,,Pw,Rw,,,,,,,Nb,Nw,,,Bb,Bb,,,Bw,Qb,,,Bb,Bb,,,Kb,Kb,,,,,,,Rb,Rb,,,,,,,Nw,Nb,Kb,Qw,Nw,Rb,Kw,Qb,Rw	lightGray	0
0ff1952a373895fdec6617b660929020	2498	Bb,Bw,Qb,Pw,Rb,Bb,Qw,Kw,Kb,,,,,,,Pb,Rb,,,,,,,Rw,Nw,,,Pb,Pb,,,Bb,Qb,,,Pb,Pb,,,Qw,Kw,,,,,,,Pw,Rw,,,,,,,Rb,Nw,Kb,Pb,Nb,Bw,Kw,Pw,Bw	darkRed	0
0ff5d4c6eeca180194eacd973dbb6b70	3978	Rw,Rw,Bb,Qw,Kb,Rb,Bw,Rb,Rb,,,,,,,Nw,Pw,,,,,,,Bb,Qb,,,,,,,Qw,Bw,,,,,,,Pw,Rw,,,,,,,Nb,Pb,,,,,,,Bw,Rb,Kb,Rb,Nw,Qb,Kw,Rw,Nb	darkRed	0
1002560e5307c547de88f92958f27696	1368	Nb,Kw,Bb,Nb,Pw,Kb,Qw,Nw,Bw,,,,,,,Rw,Rb,,,,,,,Kw,Pb,,,Pw,Pw,,,Qb,Qb,,,Pw,Pw,,,Nw,Bb,,,,,,,Rb,Rw,,,,,,,Kb,Qw,Nb,Pw,Kb,Bw,Rw,Pb,Pb	lightRed	0
100ece92b848886d45d365f3db606c03	2882	Nw,Qb,Bw,Rw,Pb,Qw,Bb,Bb,Nb,,,,,,,Bb,Rw,,,,,,,Nw,Kb,,,Pb,Pb,,,Pw,Qw,,,Pb,Pb,,,Kw,Nw,,,,,,,Bw,Rb,,,,,,,Nb,Bw,Bb,Qw,Pw,Rb,Bw,Kb,Bw	lightRed	0
10217ea67f18ee694a72e497a26dc065	2987	Bb,Kb,Qw,Nw,Rb,Kw,Qb,Bb,Rw,,,,,,,Bw,Pb,,,,,,,Qb,Qw,,,,,,,Pb,Bb,,,,,,,Rw,Rb,,,,,,,Bb,Pw,,,,,,,Qw,Qw,Rb,Bw,Qb,Pb,Rw,Bb,Kw	lightGray	0
10300afe9931106a76bb9f5456114727	2255	Rb,Pb,Qb,Bw,Rb,Kb,Qw,Pw,Rb,,,,,,,Kw,Bw,,,,,,,Qb,Qb,,,,,,,Nb,Pb,,,,,,,Rw,Rw,,,,,,,Kb,Bb,,,,,,,Qw,Qb,Qb,Pb,Rw,Bb,Qw,Pw,Rw	darkGray	0
1073363f84d45bc88058992a150b3305	364	Bb,Pw,Qw,Bb,Rw,Pb,Qb,Nw,Pw,,,,,,,Bb,Kw,,,,,,,Kw,Bb,,,Rb,Rb,,,Pw,Nw,,,Rb,Rb,,,Nb,Pb,,,,,,,Bw,Kb,,,,,,,Kb,Nw,Kw,Bb,Nw,Rb,Kb,Bw,Pw	darkRed	1
107e7e754444873e995828db8df3e201	3385	Bb,Kw,Pw,Nb,Bw,Kb,Pb,Bb,Nw,,,,,,,Pw,Nb,,,,,,,Nb,Bw,,,Qb,Qb,,,Bw,Kb,,,Qb,Qb,,,Kb,Pb,,,,,,,Pb,Nw,,,,,,,Nw,Rw,Bb,Nw,Pw,Kw,Bw,Nb,Qw	lightRed	0
108cbf4379c6302982d24a96688960a0	185	Kw,Qb,Kw,Rw,Nb,Qw,Pw,Kw,Qw,,,,,,,Bb,Nb,,,,,,,Qw,Pb,,,,,,,Pw,Kb,,,,,,,Rb,Qb,,,,,,,Bw,Nw,,,,,,,Kb,Qw,Pw,Kw,Bw,Nb,Pb,Qb,Pb	darkGray	0
109d8cc52094cbb7207ed7b145703890	423	Nw,Rw,Nb,Qb,Kw,Rb,Nw,Rw,Rw,,,,,,,Qb,Kw,,,,,,,Pb,Qb,,,Nw,Nw,,,Rw,Nw,,,Nw,Nw,,,Bb,Rb,,,,,,,Kw,Kb,,,,,,,Pw,Pb,Bw,Rb,Pb,Qb,Bb,Nw,Nb	darkRed	0
109db15071fdd2150418372323bc9fa9	4020	Pb,Qb,Pb,Rw,Bb,Qw,Pw,Qw,Kw,,,,,,,Nw,Qb,,,,,,,Rb,Nw,,,Pw,Pw,,,Kb,Rb,,,Pw,Pw,,,Qw,Kb,,,,,,,Nb,Qw,,,,,,,Rw,Rw,Rw,Bb,Qw,Pw,Rb,Nw,Nb	darkRed	0
10a948fa37b7961571d93cb0742798fc	3416	Pb,Pb,Nw,Bb,Kw,Rw,Nb,Rb,Kw,,,,,,,Rw,Qb,,,,,,,Bb,Nw,,,Nb,Nb,,,Qb,Rb,,,Nb,Nb,,,Pb,Kb,,,,,,,Rb,Qw,,,,,,,Bw,Rb,Rw,Bb,Qb,Pb,Rb,Bw,Bb	darkGray	0
10ba5e573ce44a2a4ce7386091776452	1812	Qw,Nb,Pw,Kw,Bb,Nw,Pb,Nb,Nw,,,,,,,Bb,Rb,,,,,,,Rw,Kb,,,Nw,Nw,,,Pw,Qw,,,Nw,Nw,,,Qw,Nb,,,,,,,Bw,Pw,,,,,,,Rb,Bw,Kw,Rw,Nb,Qw,Pw,Rb,Nb	darkRed	0
10d1382fcba1a742c698075d80ff8f74	446	Kb,Nw,Bb,Kb,Pb,Nb,Bw,Bb,Rb,,,,,,,Nb,Nw,,,,,,,Rw,Qb,,,Nb,Nb,,,Pb,Kw,,,Nb,Nb,,,Qb,Rw,,,,,,,Bw,Nb,,,,,,,Rb,Rw,Nw,Qb,Kw,Rw,Nb,Qw,Pw	darkRed	0
10d5481df073d1b6bf5e112105007a08	3276	Pw,Nb,Qw,Kw,Rw,Nw,Qb,Rb,Bw,,,,,,,Rb,Kb,,,,,,,Nw,Pb,,,Qb,Qb,,,Qw,Rw,,,Qb,Qb,,,Kb,Bb,,,,,,,Rw,Qw,,,,,,,Bb,Nw,Nw,Pb,Kb,Bw,Nb,Rw,Bw	darkRed	0
10e108b948f59c39c3544df19f3660c2	138	Rw,Kb,Rb,Nw,Qb,Kw,Rw,Nb,Bw,,,,,,,Nb,Kb,,,,,,,Bw,Pw,,,,,,,Kw,Nb,,,,,,,Pw,Bb,,,,,,,Nw,Kw,,,,,,,Bb,Bb,Bb,Nw,Pw,Kw,Qw,Nb,Pb	lightGray	0
10e18354871c90392c429df93d7b43fe	583	Qw,Qw,Nb,Rb,Kb,Qb,Bw,Bb,Bw,,,,,,,Bb,Kb,,,,,,,Qw,Pb,,,Bb,Bb,,,Pb,Nw,,,Bb,Bb,,,Rw,Bb,,,,,,,Bw,Kw,,,,,,,Qb,Rb,Rw,Nb,Qb,Kw,Rb,Nw,Qb	darkGray	0
10ea7a46670abe6ee78cf003e75b2f72	2757	Qb,Kb,Qw,Nw,Rb,Kw,Qb,Qw,Kb,,,,,,,Bw,Qw,,,,,,,Qb,Nb,,,Bb,Bb,,,Pw,Rw,,,Bb,Bb,,,Rb,Kw,,,,,,,Bb,Qb,,,,,,,Qw,Qb,Qw,Kb,Rb,Nw,Qb,Kw,Bb	lightRed	0
10ed72980ac538a2c5854413a12a8a39	2391	Bb,Nw,Pb,Kw,Bb,Nb,Pw,Nb,Qb,,,,,,,Rw,Pb,,,,,,,Nb,Rb,,,Nw,Nw,,,Qw,Bw,,,Nw,Nw,,,Kb,Qw,,,,,,,Rb,Pw,,,,,,,Nw,Nw,Nw,Qb,Kw,Rw,Bb,Qw,Kw	lightGray	0
1105e152be9c6f0c38968d979b14a18e	2430	Bw,Nb,Qw,Kb,Rb,Nw,Qb,Rw,Qw,,,,,,,Pw,Bb,,,,,,,Nb,Rb,,,,,,,Bb,Pw,,,,,,,Kw,Qb,,,,,,,Pb,Bw,,,,,,,Rw,Nb,Bb,Qw,Pw,Rb,Bw,Qb,Bb	darkRed	0
110706212474e8d3a4ce0c4f471754c1	596	Bw,Bw,Rb,Pw,Qw,Bb,Rw,Pb,Kw,,,,,,,Bw,Pw,,,,,,,Qb,Nw,,,,,,,Pb,Bb,,,,,,,Rw,Kb,,,,,,,Bb,Rb,,,,,,,Qw,Kw,Bb,Qw,Pw,Rb,Bw,Kb,Kb	lightRed	0
1108e3fc7c968d1e0a34e4b38678551e	3891	Kw,Rw,Kw,Qw,Nb,Rb,Kb,Nw,Pw,,,,,,,Qw,Kw,,,,,,,Pw,Bw,,,,,,,Rb,Rb,,,,,,,Bw,Pb,,,,,,,Qb,Qb,,,,,,,Pb,Pw,Bw,Kb,Pw,Nb,Bb,Kw,Rb	lightRed	0
110fb526503abed573b41a557db7a3d6	1817	Rw,Nb,Qw,Kw,Rw,Bw,Qb,Kw,Bb,,,,,,,Kw,Rw,,,,,,,Qb,Pw,,,,,,,Nb,Qw,,,,,,,Rw,Bw,,,,,,,Kb,Rb,,,,,,,Qw,Nw,Nw,Rb,Kb,Qw,Nb,Rw,Pw	lightRed	0
111ddc3218138bbf891634c059e0a2eb	646	Kb,Bb,Kw,Pw,Rb,Bw,Kb,Kw,Qb,,,,,,,Kw,Bw,,,,,,,Pw,Rw,,,,,,,Nw,Kw,,,,,,,Bb,Qw,,,,,,,Qb,Bb,,,,,,,Pb,Kw,Nb,Bw,Qb,Pb,Nw,Bb,Rb	lightRed	0
11334ba7d6d238b3e9420c764a1caf89	3449	Qw,Bw,Nb,Pw,Kw,Bb,Rw,Qb,Bb,,,,,,,Pw,Kw,,,,,,,Rb,Pb,,,,,,,Bw,Nw,,,,,,,Qb,Bw,,,,,,,Pb,Kb,,,,,,,Rw,Nb,Nw,Pb,Kb,Bw,Rb,Pw,Rw	lightRed	0
113452ed22ceb4c58d88e687d9bf189b	1292	Nb,Qb,Nw,Pw,Kw,Qw,Nb,Kw,Nw,,,,,,,Rb,Rb,,,,,,,Kb,Kw,,,Nw,Nw,,,Kb,Qb,,,Nw,Nw,,,Nw,Nb,,,,,,,Rw,Rw,,,,,,,Kw,Bb,Qw,Nb,Rw,Kw,Qb,Nw,Rb	lightGray	0
113cd982d4a74ff46de23f31c9829b8c	2971	Qb,Qb,Bw,Rb,Pw,Qw,Bb,Nb,Qw,,,,,,,Bw,Kb,,,,,,,Rb,Rb,,,Nb,Nb,,,Pw,Nw,,,Nb,Nb,,,Qw,Qb,,,,,,,Bb,Kw,,,,,,,Rw,Bw,Nb,Rw,Kw,Qb,Nw,Rb,Qb	lightGray	0
113d9140fb07123fd660227ba245f17a	299	Pw,Bb,Rw,Kb,Qw,Nw,Rb,Pw,Rw,,,,,,,Nw,Pb,,,,,,,Pb,Qw,,,,,,,Qw,Nb,,,,,,,Bb,Rb,,,,,,,Nb,Pw,,,,,,,Pw,Qb,Pw,Rb,Bw,Qb,Pb,Rw,Bw	lightGray	0
1159fed97702527d99dc63197129bc95	2977	Bb,Qw,Nb,Rw,Kw,Qb,Nw,Nb,Pw,,,,,,,Pw,Rb,,,,,,,Nb,Bb,,,,,,,Bb,Qw,,,,,,,Kw,Kw,,,,,,,Pb,Rw,,,,,,,Nw,Bb,Bb,Qw,Pb,Rw,Bw,Qb,Pb	darkGray	0
115a7967219082a38a9be916745c1889	1316	Nb,Kw,Pw,Nb,Bw,Kb,Pb,Pb,Qb,,,,,,,Rb,Pb,,,,,,,Nw,Rw,,,Pb,Pb,,,Qb,Bb,,,Pb,Pb,,,Kw,Qw,,,,,,,Rw,Pw,,,,,,,Nb,Nb,Bw,Qb,Kw,Rw,Nb,Qw,Pb	lightGray	0
117405aaab9682cac374f018528eb9f6	2246	Kb,Kb,Pb,Nw,Bb,Kw,Pw,Kb,Kw,,,,,,,Kw,Rw,,,,,,,Bb,Nw,,,,,,,Nw,Qb,,,,,,,Pb,Pw,,,,,,,Kb,Rb,,,,,,,Bw,Nw,Bw,Nb,Pw,Kw,Bb,Nw,Nb	lightRed	0
117d7ad6ae1bae5f3290acc96900170a	3690	Rb,Rw,Pb,Qb,Bw,Rb,Pw,Kw,Kw,,,,,,,Bw,Pw,,,,,,,Nb,Nw,,,Nb,Nb,,,Pb,Bb,,,Nb,Nb,,,Kb,Kb,,,,,,,Bb,Pb,,,,,,,Nw,Nw,Qb,Bw,Rw,Pb,Qw,Bb,Kw	lightRed	0
11806edc3a265a396bac58466c19ea16	1336	Qb,Bw,Qb,Pb,Rw,Bb,Kw,Bb,Pb,,,,,,,Qw,Rw,,,,,,,Nb,Nb,,,,,,,Rw,Qw,,,,,,,Pb,Pw,,,,,,,Qb,Rb,,,,,,,Nw,Qw,Bw,Rb,Pb,Qb,Bb,Rw,Kb	lightGray	0
118c20728fa6dc2327dddffd6b3f3d8c	3376	Rw,Qb,Nw,Rw,Kw,Qw,Nb,Nb,Kw,,,,,,,Nb,Rw,,,,,,,Pw,Nb,,,Nb,Nb,,,Kb,Bw,,,Nb,Nb,,,Bw,Kb,,,,,,,Nw,Rb,,,,,,,Pb,Kw,Pb,Kb,Bb,Nw,Pw,Kw,Qb	darkGray	0
119a3044b999df980a2df0a5889d5ff1	22	Rw,Nb,Rw,Kb,Qw,Nw,Rb,Qb,Rb,,,,,,,Qb,Pw,,,,,,,Bw,Qw,,,Nb,Nb,,,Rw,Bb,,,Nb,Nb,,,Pb,Rw,,,,,,,Qw,Pb,,,,,,,Bb,Rw,Bw,Qb,Kw,Rw,Nb,Qw,Qb	darkGray	0
11b613f02bfdf36d830afd16a6b9e3c4	3327	Bb,Nb,Pw,Kb,Bw,Nw,Pb,Rw,Bw,,,,,,,Rw,Kb,,,,,,,Rw,Pw,,,,,,,Rw,Nb,,,,,,,Rw,Bb,,,,,,,Rw,Qw,,,,,,,Rw,Kb,Qb,Kw,Rb,Nw,Qw,Kb,Rw	lightRed	0
11b89214a98404e4499a4c3ee96965af	1248	Rw,Bb,Qw,Pb,Rw,Bw,Qb,Nb,Qw,,,,,,,Nb,Nb,,,,,,,Pw,Rw,,,Qb,Qb,,,Kb,Kw,,,Qb,Qb,,,Bw,Qb,,,,,,,Nw,Nw,,,,,,,Pb,Qb,Bb,Nw,Pw,Kw,Bw,Nb,Kw	lightRed	0
11c305d15953f4a23b940033e61ecf17	152	Nw,Rw,Kw,Qb,Nw,Rb,Kb,Rw,Rb,,,,,,,Rw,Nw,,,,,,,Rw,Qb,,,,,,,Rw,Kw,,,,,,,Rw,Rw,,,,,,,Rw,Nb,,,,,,,Rw,Kb,Qw,Kb,Rw,Nb,Qb,Kw,Rw	darkRed	0
11c3996f7a29b52782aa3a124601ede0	3765	Bb,Bw,Qb,Kw,Rw,Nb,Qw,Kb,Rw,,,,,,,Nb,Kw,,,,,,,Rw,Qw,,,Nw,Nw,,,Kb,Nb,,,Nw,Nw,,,Qw,Rb,,,,,,,Bw,Kb,,,,,,,Rb,Kw,Pw,Qw,Nw,Rb,Pb,Qb,Qw	lightRed	0
11c72e79238e022a5fe0acf43eb66c28	1765	Nw,Rw,Pb,Qb,Bw,Rb,Pw,Rw,Qw,,,,,,,Rw,Bb,,,,,,,Rw,Rb,,,,,,,Rw,Pw,,,,,,,Rw,Qb,,,,,,,Rw,Bw,,,,,,,Rw,Pb,Pb,Kb,Bb,Nw,Pw,Kw,Rw	darkRed	0
11cee33ec09617b3ae5c47ebd2a96433	1780	Pb,Bw,Rb,Pw,Qw,Nb,Rw,Qb,Qb,,,,,,,Rw,Bw,,,,,,,Bb,Rb,,,Bb,Bb,,,Qb,Pw,,,Bb,Bb,,,Pb,Qw,,,,,,,Rb,Bb,,,,,,,Bw,Qb,Nw,Qb,Kw,Pw,Nb,Bw,Bb	lightRed	0
11df75e4ee8c5094616766fd61d7209b	3086	Rw,Rw,Rw,Rw,Rw,Rw,Rw,Rw,Pw,,,,,,,Kw,Kw,,,,,,,Pb,Bb,,,,,,,Nb,Nw,,,,,,,Kw,Rb,,,,,,,Kb,Kb,,,,,,,Pb,Pw,Qb,Nw,Rw,Kw,Qw,Bb,Nb	lightRed	1
11e4ae8881811947fb4fa218b1f331c7	3839	Bb,Qb,Nw,Rb,Kb,Qw,Nb,Rw,Nb,,,,,,,Bw,Pw,,,,,,,Kb,Kb,,,,,,,Pb,Bw,,,,,,,Nw,Nw,,,,,,,Bb,Pb,,,,,,,Kw,Qb,Qw,Kb,Rw,Nb,Qb,Kw,Kb	darkRed	1
11fd6e855242f07683f02d564de722eb	2726	Nb,Kw,Qb,Nw,Rb,Kb,Qw,Rw,Qw,,,,,,,Qb,Kb,,,,,,,Nw,Rb,,,,,,,Rb,Nw,,,,,,,Kb,Qb,,,,,,,Qw,Kw,,,,,,,Nb,Qb,Rb,Bw,Qw,Pw,Rw,Bb,Kw	darkGray	0
11ffbe2548074df87e9156c684d9dcc4	3579	Bw,Qw,Pw,Rw,Bb,Qb,Pb,Kb,Rw,,,,,,,Rw,Pb,,,,,,,Pb,Qw,,,Pb,Pb,,,Qw,Bb,,,Pb,Pb,,,Bb,Rb,,,,,,,Rb,Pw,,,,,,,Pw,Kb,Rb,Bw,Qw,Pw,Rw,Bb,Bw	lightGray	0
120a7b2b9be3b8f75d4d5d0d1f7d42b5	2438	Bb,Pb,Nw,Bw,Kb,Pw,Nb,Qw,Kb,,,,,,,Qw,Pb,,,,,,,Pw,Nw,,,Rw,Rw,,,Rw,Bb,,,Rw,Rw,,,Bb,Kw,,,,,,,Qb,Rw,,,,,,,Pb,Nw,Bw,Kb,Pb,Nw,Bb,Kw,Nw	lightRed	0
121158798758af98425970c4ea5975ed	13	Nb,Qw,Bb,Rb,Pw,Qb,Bw,Nb,Pw,,,,,,,Qb,Nb,,,,,,,Kw,Bw,,,Rw,Rw,,,Rb,Kb,,,Rw,Rw,,,Nw,Pb,,,,,,,Qw,Nw,,,,,,,Kb,Qw,Kb,Bw,Nb,Pw,Kw,Bb,Nb	lightGray	0
12117b69d875f7300e983ab450b69c75	1607	Qw,Kb,Bw,Nb,Pw,Kw,Bb,Pw,Nb,,,,,,,Rw,Qw,,,,,,,Nb,Kw,,,Qw,Qw,,,Qw,Rw,,,Qw,Qw,,,Kb,Nw,,,,,,,Rb,Qb,,,,,,,Bw,Nw,Kb,Bw,Nb,Pw,Kw,Bb,Nb	darkRed	1
12179f64bb4f4e86584c93356046aa3d	859	Rb,Qw,Kb,Rb,Nw,Qb,Kw,Pb,Rw,,,,,,,Qw,Bb,,,,,,,Kb,Qb,,,,,,,Rw,Pb,,,,,,,Nb,Rb,,,,,,,Qb,Bw,,,,,,,Kw,Kb,Bw,Rb,Pw,Qw,Bb,Rw,Kb	darkRed	0
1231481cd2b786b7922530077c66376e	2347	Pw,Rw,Bb,Qb,Pb,Rb,Nw,Pb,Kb,,,,,,,Pw,Bw,,,,,,,Kw,Nb,,,,,,,Bw,Pw,,,,,,,Rb,Kw,,,,,,,Pb,Bb,,,,,,,Qb,Rw,Rb,Bw,Qb,Kw,Rw,Bb,Bw	darkGray	0
1233cdfca2fb8b130d0f565d20d05d95	2789	Kb,Pw,Qw,Bw,Rb,Pb,Qb,Rw,Pb,,,,,,,Bb,Nw,,,,,,,Kw,Bb,,,Pb,Pb,,,Pb,Kw,,,Pb,Pb,,,Nw,Pw,,,,,,,Bw,Nb,,,,,,,Kb,Kw,Nb,Qw,Kb,Rb,Nw,Qb,Qb	darkGray	0
1240f2c60803967cec8a91c27c11f621	1532	Nb,Nb,Bw,Kb,Pb,Nw,Bb,Bw,Nb,,,,,,,Qw,Bw,,,,,,,Kb,Kb,,,Pw,Pw,,,Rw,Pb,,,Pw,Pw,,,Nb,Nw,,,,,,,Qb,Bb,,,,,,,Kw,Pb,Bb,Qw,Pw,Rb,Bw,Qb,Nb	darkRed	0
126bae8ff881933a8febdbb88295b693	2669	Rw,Kw,Pw,Nw,Bb,Kb,Pb,Qb,Qw,,,,,,,Rb,Bb,,,,,,,Bw,Rw,,,,,,,Qw,Pb,,,,,,,Pw,Qb,,,,,,,Rw,Bw,,,,,,,Bb,Nb,Qb,Pb,Rw,Bb,Qw,Pw,Kb	lightGray	0
12705c622fa43ccf753767fe0bef0eb0	2653	Kb,Kb,Qw,Nw,Pb,Kw,Bb,Qb,Kw,,,,,,,Pw,Pw,,,,,,,Nb,Nw,,,,,,,Bb,Bb,,,,,,,Kw,Kb,,,,,,,Pb,Pb,,,,,,,Rw,Kb,Qb,Nw,Rw,Kw,Qw,Nb,Qw	lightGray	0
1270d623ae9dd8a30902b5b879249a2a	3604	Pw,Bb,Rw,Pb,Qb,Bw,Rb,Qb,Bw,,,,,,,Bb,Kb,,,,,,,Nw,Pb,,,Rb,Rb,,,Pb,Nw,,,Rb,Rb,,,Kb,Bb,,,,,,,Bw,Kw,,,,,,,Rb,Kb,Nw,Qb,Kb,Rb,Nb,Qw,Rw	lightRed	0
12803fb874a9e755b910e9c53a66a76d	256	Rb,Nw,Qb,Pw,Rb,Nb,Qw,Nw,Rb,,,,,,,Nb,Nw,,,,,,,Rw,Qw,,,,,,,Pb,Kb,,,,,,,Qb,Rw,,,,,,,Nw,Bb,,,,,,,Rb,Pw,Pw,Kw,Bw,Nb,Pb,Kb,Pb	lightGray	0
1280495f3f25b3f96819949c03150c4b	3395	Rw,Bb,Qw,Pw,Rb,Bw,Qb,Pb,Kb,,,,,,,Kb,Rb,,,,,,,Pb,Nb,,,,,,,Nb,Qw,,,,,,,Bw,Kw,,,,,,,Kw,Rw,,,,,,,Pw,Rb,Nw,Pb,Kb,Bw,Nb,Pw,Nw	lightRed	0
1280ca3fee3ecca55ee4dee4a72e704a	420	Rw,Kw,Pw,Nb,Bw,Kb,Pb,Pw,Bb,,,,,,,Pb,Qw,,,,,,,Kb,Pw,,,,,,,Bw,Rb,,,,,,,Nb,Bw,,,,,,,Pw,Qb,,,,,,,Qw,Qw,Nb,Qw,Kw,Rw,Nw,Qb,Bb	darkRed	0
1287723dde494ba5e95cb0ea7c2cdf17	188	Bb,Nb,Pw,Kb,Bw,Nw,Pb,Pb,Qw,,,,,,,Pb,Pw,,,,,,,Nw,Rw,,,Qb,Qb,,,Bw,Bb,,,Qb,Qb,,,Kb,Kb,,,,,,,Pw,Pb,,,,,,,Nb,Qb,Pb,Kb,Bb,Nw,Pw,Kw,Qb	darkGray	0
129aae7282877a071b9d922f24e3b46c	3257	Rw,Kw,Pb,Nb,Bw,Kw,Pw,Rb,Bb,,,,,,,Kw,Nw,,,,,,,Qb,Pb,,,Rb,Rb,,,Nw,Kb,,,Rb,Rb,,,Rb,Qw,,,,,,,Kb,Nb,,,,,,,Qw,Rb,Kw,Bb,Nw,Pb,Qb,Bw,Bb	darkRed	0
129b4b8b030a777885edb1f8091b288b	2250	Rw,Bb,Nw,Pb,Kb,Bw,Nb,Nw,Kw,,,,,,,Nw,Pw,,,,,,,Pb,Nb,,,,,,,Kw,Bw,,,,,,,Bb,Kb,,,,,,,Nb,Pb,,,,,,,Pw,Pb,Kb,Rb,Nb,Qw,Kw,Rw,Nb	darkGray	0
129bb34c2251594c688e892787435a82	765	Qb,Kw,Rw,Nw,Qb,Kb,Rb,Qw,Rb,,,,,,,Kb,Pw,,,,,,,Rb,Qb,,,,,,,Bb,Bw,,,,,,,Qw,Rw,,,,,,,Pb,Pb,,,,,,,Rw,Bw,Kb,Qw,Nw,Rb,Kw,Qb,Rw	lightGray	0
129d1d73c8ebd0e79f86990f9f91b0c9	1661	Rw,Rb,Kb,Qw,Nb,Rw,Kb,Bw,Qb,,,,,,,Kb,Pb,,,,,,,Qw,Rw,,,Pb,Pb,,,Nw,Bb,,,Pb,Pb,,,Rb,Kw,,,,,,,Pb,Pw,,,,,,,Qb,Nb,Qw,Pw,Rb,Bw,Qb,Pb,Nb	lightRed	0
12a6d6844eb8fe022b66fa6b4f0b31d4	1870	Bw,Nw,Rb,Kb,Qw,Nb,Rw,Bb,Kb,,,,,,,Kb,Qw,,,,,,,Pb,Nb,,,,,,,Nw,Rw,,,,,,,Bb,Kw,,,,,,,Kw,Qb,,,,,,,Rw,Pb,Qb,Bw,Rw,Pb,Kw,Bb,Nw	darkRed	0
12c064ddcb7bb707fa014938a8b59e2b	87	Rb,Pw,Nb,Bb,Kw,Pb,Nw,Nb,Pw,,,,,,,Qw,Nb,,,,,,,Bb,Bw,,,,,,,Rw,Kb,,,,,,,Pb,Pb,,,,,,,Qb,Nw,,,,,,,Bw,Kw,Bw,Kb,Pw,Nb,Bb,Kw,Bb	lightRed	0
12c8d65efa7b713d01f49179edd190b0	1056	Bw,Kw,Rb,Nw,Qb,Kw,Rw,Kb,Bb,,,,,,,Kw,Nw,,,,,,,Pw,Rb,,,Rb,Rb,,,Nw,Kb,,,Rb,Rb,,,Bb,Qw,,,,,,,Kb,Nb,,,,,,,Pb,Nb,Rw,Kw,Qb,Nw,Rb,Kb,Kb	darkGray	0
12c9affd7ecaf5458304521d112117a7	3947	Pw,Qw,Pw,Rw,Bb,Kb,Pb,Qb,Qw,,,,,,,Qw,Kb,,,,,,,Bb,Rw,,,Nb,Nb,,,Rb,Nb,,,Nb,Nb,,,Pw,Qb,,,,,,,Kb,Kw,,,,,,,Bw,Rw,Bw,Kb,Pb,Rw,Bb,Qw,Pw	darkGray	0
12da434e320079e949e03e0a8562bb49	2538	Nb,Bb,Nw,Pw,Kw,Bw,Nb,Bb,Bw,,,,,,,Bw,Kb,,,,,,,Nb,Pw,,,,,,,Pw,Nb,,,,,,,Kw,Bb,,,,,,,Bb,Kw,,,,,,,Nw,Qb,Qw,Bb,Rw,Pb,Qb,Bw,Bb	darkRed	0
12dfc66f9ff4be7a7c7d063e28746d7b	2213	Bb,Bb,Qw,Pw,Rb,Bw,Qb,Bb,Rb,,,,,,,Bw,Nw,,,,,,,Rb,Qb,,,,,,,Pb,Kw,,,,,,,Qb,Rw,,,,,,,Bb,Nb,,,,,,,Rw,Nb,Bw,Rb,Pb,Qb,Bb,Rw,Nw	darkRed	0
12e27d3d6526996482d58f440cf84e21	788	Qb,Kb,Qw,Nw,Rb,Kw,Qb,Kw,Rw,,,,,,,Rb,Nb,,,,,,,Kb,Qb,,,Qw,Qw,,,Qw,Kw,,,Qw,Qw,,,Nb,Rb,,,,,,,Rw,Nw,,,,,,,Kw,Rw,Nb,Pw,Kw,Bb,Nw,Pb,Kb	lightRed	0
12e602b61bc8aacadae046c6fbc10b50	3390	Bw,Nw,Bb,Kb,Pb,Nb,Bw,Nw,Pb,,,,,,,Qw,Kb,,,,,,,Bb,Bb,,,Pb,Pb,,,Rb,Nw,,,Pb,Pb,,,Pw,Pw,,,,,,,Qb,Kw,,,,,,,Bw,Qb,Nw,Qb,Kb,Rb,Nb,Qw,Kb	lightRed	0
13001bbed10b3d9609aeceb7625090e6	2047	Nb,Rb,Kb,Qw,Nb,Rw,Kw,Nb,Rb,,,,,,,Nw,Kb,,,,,,,Rb,Qb,,,Nb,Nb,,,Kw,Nw,,,Nb,Nb,,,Qb,Rw,,,,,,,Nb,Kw,,,,,,,Rw,Nw,Bb,Nw,Pb,Kb,Bw,Nb,Rw	darkGray	0
130e9093183c231c40c23423d04b6816	2641	Nw,Bw,Kb,Pb,Nw,Bb,Kw,Nw,Qw,,,,,,,Bw,Bb,,,,,,,Qb,Rw,,,Nb,Nb,,,Pw,Pb,,,Nb,Nb,,,Rb,Qb,,,,,,,Bb,Bw,,,,,,,Qw,Nw,Rw,Kw,Qw,Nb,Rb,Kb,Nw	darkRed	0
131dd0c6dc4db09f3054d7a0e7641487	1298	Pb,Qb,Nw,Rb,Kb,Qw,Nb,Rw,Bw,,,,,,,Nb,Kb,,,,,,,Rw,Pw,,,Bw,Bw,,,Kb,Nb,,,Bw,Bw,,,Qw,Bb,,,,,,,Nw,Kw,,,,,,,Rb,Rb,Kw,Bb,Nw,Pb,Kb,Bw,Kw	darkGray	0
132252bd6ec6c72124ec76d996f8226b	2413	Rw,Pb,Kb,Bw,Nb,Pw,Kw,Bb,Kw,,,,,,,Rw,Pw,,,,,,,Nb,Nb,,,Qb,Qb,,,Qw,Bw,,,Qb,Qb,,,Kb,Kb,,,,,,,Rb,Pb,,,,,,,Nw,Bw,Qb,Nw,Rb,Kb,Bw,Nb,Qb	lightGray	0
1337ba396fc857f50418bcee127fd584	1188	Qb,Kb,Pb,Nw,Bb,Kw,Pw,Bb,Pb,,,,,,,Nw,Qb,,,,,,,Pb,Bb,,,,,,,Kb,Nw,,,,,,,Bw,Pw,,,,,,,Nb,Qw,,,,,,,Pw,Bb,Bw,Kb,Pw,Nb,Bb,Kw,Bb	darkRed	0
13398ce6c0a9a635723433440476224a	1953	Qw,Nb,Pw,Kw,Bb,Nw,Pb,Nw,Bw,,,,,,,Nb,Qb,,,,,,,Bw,Pb,,,Nw,Nw,,,Kw,Rw,,,Nw,Nw,,,Pw,Bb,,,,,,,Rw,Qw,,,,,,,Bb,Rw,Rb,Pw,Qb,Bw,Rw,Pb,Kb	lightGray	0
1341f188b4e9c8055dba774ed94a408b	1295	Qw,Kw,Pw,Nw,Bb,Kb,Pb,Pb,Rw,,,,,,,Rw,Nb,,,,,,,Kw,Qb,,,Pb,Pb,,,Qw,Kw,,,Pb,Pb,,,Nb,Rb,,,,,,,Rb,Nw,,,,,,,Pw,Qw,Rw,Bb,Qw,Pw,Rb,Bw,Qw	lightRed	0
1343f9dc5abe7215e6a47013c2ee9b5d	919	Nw,Rw,Nb,Qb,Kw,Pb,Nw,Kb,Nw,,,,,,,Kb,Qb,,,,,,,Bw,Kb,,,,,,,Nw,Rb,,,,,,,Pb,Bb,,,,,,,Kw,Qw,,,,,,,Bb,Pb,Nb,Bw,Kw,Pw,Nw,Bb,Kb	lightGray	0
13498ece03967d766cada8df63d35626	3129	Nw,Bw,Qb,Pw,Rb,Bb,Qw,Qb,Kw,,,,,,,Rb,Qb,,,,,,,Nw,Nw,,,,,,,Qw,Rb,,,,,,,Pw,Kb,,,,,,,Rw,Bw,,,,,,,Bb,Rw,Kb,Rb,Nb,Qw,Kw,Rw,Pw	darkRed	0
134ecf88807109164cb824251728fe70	3596	Pb,Qw,Kb,Pb,Nw,Qb,Kw,Rb,Bw,,,,,,,Bb,Rb,,,,,,,Qw,Pb,,,Bw,Bw,,,Pw,Qb,,,Bw,Bw,,,Rb,Bb,,,,,,,Nw,Rw,,,,,,,Qb,Rw,Kb,Qw,Nw,Rb,Kw,Qb,Nw	lightGray	1
135483b9b159c919ad8644103d85c423	11	Qb,Qb,Nw,Rw,Kw,Qw,Nb,Nw,Bw,,,,,,,Kb,Rb,,,,,,,Bw,Pb,,,Rw,Rw,,,Nb,Qb,,,Rw,Rw,,,Pw,Bb,,,,,,,Kw,Nw,,,,,,,Bb,Nw,Nw,Bb,Kw,Pw,Nb,Qw,Pw	lightRed	0
1359f1d43e65dabde0e6f6a12f8b613d	788	Qb,Kb,Qw,Nw,Rb,Kw,Qb,Kw,Rw,,,,,,,Rb,Nb,,,,,,,Kb,Qb,,,Qw,Qw,,,Qw,Kw,,,Qw,Qw,,,Nb,Rb,,,,,,,Rw,Nw,,,,,,,Kw,Rw,Nb,Pw,Kw,Bb,Nw,Pb,Kb	lightRed	0
135a349a389c29d6503808043fcd5923	2723	Nw,Pb,Nw,Bw,Kb,Pw,Nb,Qb,Pw,,,,,,,Rb,Nb,,,,,,,Pw,Bw,,,Kb,Kb,,,Qb,Kb,,,Kb,Kb,,,Bw,Pb,,,,,,,Rw,Nw,,,,,,,Pb,Pw,Qw,Nb,Rb,Kb,Qb,Nw,Nw	darkRed	0
136415c150b85f45979a5ceabe98c951	271	Kb,Bb,Kw,Pb,Nw,Bw,Kb,Qb,Rb,,,,,,,Rw,Pw,,,,,,,Kw,Qb,,,Rb,Rb,,,Qb,Bw,,,Rb,Rb,,,Nw,Nw,,,,,,,Rb,Pb,,,,,,,Kb,Bw,Pb,Nw,Bb,Kw,Pw,Rb,Rw	lightGray	0
136c51b24ed406ff7bc3c3e2cfbb61a6	1746	Bb,Kb,Bw,Nw,Pb,Kw,Qb,Qw,Pw,,,,,,,Pw,Rb,,,,,,,Qw,Bw,,,Nb,Nb,,,Nw,Qb,,,Nb,Nb,,,Rb,Pb,,,,,,,Pb,Rw,,,,,,,Qb,Nb,Bb,Nw,Pw,Kw,Bw,Nb,Kw	lightGray	0
137a299f8c59b47dbb097ce979099295	1225	Rb,Nw,Pb,Kw,Bb,Nb,Pw,Kw,Bb,,,,,,,Pb,Qw,,,,,,,Kb,Pb,,,Bb,Bb,,,Bw,Rw,,,Bb,Bb,,,Nb,Bw,,,,,,,Pw,Qb,,,,,,,Kw,Pw,Qb,Kw,Rb,Nw,Qw,Kb,Bb	darkGray	0
1389986da71ec1c0b251c2391262f952	3110	Qw,Kb,Bw,Nw,Pb,Kw,Bb,Nw,Pb,,,,,,,Rw,Qb,,,,,,,Bb,Bw,,,Bb,Bb,,,Qw,Nb,,,Bb,Bb,,,Pw,Pw,,,,,,,Rb,Qw,,,,,,,Bw,Kb,Qb,Nw,Rb,Kb,Qw,Nb,Bw	darkGray	0
1391197bb14e3ba9f8e63760da27f6f1	3804	Qw,Pw,Kw,Bb,Nw,Pb,Kb,Qw,Bw,,,,,,,Nw,Qb,,,,,,,Pb,Pw,,,,,,,Kb,Rb,,,,,,,Qw,Bb,,,,,,,Nb,Qw,,,,,,,Rw,Rb,Kb,Bw,Nb,Pw,Qw,Bb,Qb	darkRed	0
1396cbef922c88d5433dde9df0b248e1	4061	Pb,Nb,Bw,Kb,Pb,Nw,Bb,Nw,Pb,,,,,,,Qb,Kb,,,,,,,Kw,Bw,,,Pb,Pb,,,Rw,Nb,,,Pb,Pb,,,Nb,Pw,,,,,,,Qw,Kw,,,,,,,Kb,Pw,Rb,Bw,Kw,Pw,Nw,Bb,Kb	lightGray	0
139ab7bdaa3060e893f0b2a222ef7511	80	Kb,Pw,Kw,Bw,Rb,Pb,Kb,Rb,Kb,,,,,,,Pb,Pb,,,,,,,Kb,Nb,,,Nw,Nw,,,Bb,Bw,,,Nw,Nw,,,Nw,Qw,,,,,,,Pw,Pw,,,,,,,Qw,Bw,Kw,Rw,Nb,Qw,Kb,Rb,Qb	darkRed	0
139cb66e20f5e1bc9ea8346ab1066789	744	Qb,Nb,Bw,Kw,Pw,Nw,Bb,Pb,Nb,,,,,,,Kw,Bw,,,,,,,Bb,Kw,,,Qb,Qb,,,Nb,Pw,,,Qb,Qb,,,Pw,Nw,,,,,,,Kb,Bb,,,,,,,Bw,Nw,Rw,Pb,Qw,Bb,Rb,Pw,Pw	darkRed	0
13b5b8539c03e3f345d7340bd0cefdda	2041	Bw,Kw,Rw,Nw,Qw,Kw,Pb,Pw,Bw,,,,,,,Rb,Nb,,,,,,,Bw,Pw,,,,,,,Qw,Kw,,,,,,,Pw,Bb,,,,,,,Rw,Nw,,,,,,,Bb,Bw,Pw,Nb,Bw,Kb,Rb,Nw,Kw	lightRed	0
13c24197e05fce0afbdf3f424b4558dd	3000	Nw,Bb,Rw,Pb,Kb,Bw,Rb,Qw,Bb,,,,,,,Bw,Nw,,,,,,,Rb,Rb,,,,,,,Pw,Kb,,,,,,,Qw,Bw,,,,,,,Bb,Nb,,,,,,,Rw,Bw,Kw,Qb,Nb,Rw,Kb,Qw,Bw	lightGray	0
13dc60b68fefc2985d42a9ba3ce462bd	2931	Qw,Qb,Kw,Rb,Nw,Qw,Kb,Rw,Nw,,,,,,,Rw,Rb,,,,,,,Rw,Kw,,,,,,,Rw,Bb,,,,,,,Rw,Nb,,,,,,,Rw,Pw,,,,,,,Rw,Nw,Qb,Bw,Rw,Pb,Qw,Bb,Rw	lightRed	0
13ddf23d03af76a6298c9d802bddcd0e	3193	Qb,Bb,Nw,Pw,Qw,Bw,Rb,Bw,Qb,,,,,,,Bw,Nw,,,,,,,Qb,Rw,,,Pw,Pw,,,Pw,Kw,,,Pw,Pw,,,Rb,Qw,,,,,,,Bb,Nb,,,,,,,Qw,Pw,Pb,Qb,Bb,Rw,Kb,Qw,Rb	lightRed	0
13f3c80cad78005803ca0c7243ff9aa8	760	Kb,Rb,Pw,Qb,Bw,Rw,Pb,Bb,Nw,,,,,,,Kb,Pb,,,,,,,Qw,Kw,,,,,,,Nw,Bb,,,,,,,Rb,Nb,,,,,,,Kw,Rw,,,,,,,Qb,Rb,Rb,Pw,Qb,Nw,Rw,Kw,Kb	darkRed	0
13fb9deae9d017439991a5b1276ce4b6	1622	Qb,Qw,Pw,Rw,Bw,Qb,Pb,Kb,Kb,,,,,,,Bb,Qw,,,,,,,Kw,Nb,,,,,,,Pb,Rw,,,,,,,Nw,Kw,,,,,,,Bw,Qb,,,,,,,Qb,Kb,Pb,Nw,Bb,Kw,Pw,Nb,Kb	lightGray	0
140789dfda9030a2bdce156bef976fd7	530	Kb,Qb,Bw,Rw,Pb,Qw,Bb,Qb,Kb,,,,,,,Nw,Bw,,,,,,,Bb,Nb,,,Bw,Bw,,,Kb,Pw,,,Bw,Bw,,,Pb,Kw,,,,,,,Nb,Bb,,,,,,,Qw,Pb,Kw,Qb,Nw,Rb,Kb,Qw,Nw	darkGray	0
1418dc4a492c5aec3337a12d295e38f8	1928	Qb,Rw,Bb,Qw,Pw,Rb,Bw,Nw,Rb,,,,,,,Rb,Pw,,,,,,,Pw,Qb,,,Pb,Pb,,,Qb,Nw,,,Pb,Pb,,,Bw,Rw,,,,,,,Rw,Kw,,,,,,,Pb,Rw,Kb,Qw,Nw,Rb,Kw,Qb,Bb	darkRed	0
142052b7f70b616c30c9adb3aad05d15	2503	Bw,Kb,Pb,Nb,Bw,Kw,Pw,Rb,Rb,,,,,,,Qw,Bw,,,,,,,Bb,Qw,,,,,,,Nw,Pw,,,,,,,Pb,Rw,,,,,,,Kb,Nb,,,,,,,Bw,Bb,Rb,Nw,Qb,Kw,Rw,Nb,Kb	darkGray	0
14336df5368c7bd3a79ac99e04865407	786	Kw,Kw,Pw,Nb,Bw,Kb,Pb,Pb,Rb,,,,,,,Qb,Bw,,,,,,,Nw,Qb,,,Bb,Bb,,,Rw,Pb,,,Bb,Bb,,,Kw,Nw,,,,,,,Qw,Bb,,,,,,,Nb,Qw,Kb,Qw,Nw,Rb,Kw,Qb,Bw	lightGray	0
143a9cb5b7200ff496f3642fec2d9354	2737	Qb,Pb,Rw,Bb,Qw,Pw,Rb,Nb,Bw,,,,,,,Bw,Kb,,,,,,,Rb,Pb,,,,,,,Pb,Nw,,,,,,,Qb,Bb,,,,,,,Bb,Kw,,,,,,,Rw,Kw,Nb,Qw,Kb,Rb,Nw,Qb,Kb	lightRed	0
144194992962fc3450f9071bd2b505a8	1124	Kb,Qb,Bw,Rb,Pw,Qw,Bb,Rw,Kb,,,,,,,Kw,Qw,,,,,,,Rw,Nb,,,,,,,Nb,Rw,,,,,,,Qw,Kw,,,,,,,Kb,Qb,,,,,,,Pb,Qb,Pb,Kb,Bw,Nb,Pw,Kw,Kw	lightGray	0
1443b5a204ecd471e4ecaf5fbf6e4c33	822	Rw,Rw,Rw,Rw,Rw,Rw,Rw,Rw,Bw,,,,,,,Kw,Kb,,,,,,,Qb,Pw,,,Pb,Pb,,,Nw,Nb,,,Pb,Pb,,,Rb,Bb,,,,,,,Kb,Kw,,,,,,,Qw,Nw,Bb,Qw,Pb,Rw,Bw,Qb,Pb	darkGray	0
145a892d73bce44b2bab69ed7e2076eb	1817	Rw,Nb,Qw,Kw,Rw,Bw,Qb,Kw,Bb,,,,,,,Kw,Rw,,,,,,,Qb,Pw,,,,,,,Nb,Qw,,,,,,,Rw,Bw,,,,,,,Kb,Rb,,,,,,,Qw,Nw,Nw,Rb,Kb,Qw,Nb,Rw,Pw	lightRed	0
1461c1889cbd53723b4b157a34df539e	2137	Bw,Nb,Bw,Kb,Pb,Nw,Bb,Qw,Pb,,,,,,,Nw,Nw,,,,,,,Rb,Bw,,,,,,,Kb,Kb,,,,,,,Qw,Pw,,,,,,,Nb,Nb,,,,,,,Rw,Bw,Qw,Pw,Rb,Bw,Qb,Pb,Qw	darkRed	0
146be574b0dbee143bb8c3150b6f9295	1279	Bb,Rw,Nb,Qb,Pb,Rb,Nw,Nb,Kb,,,,,,,Rw,Pb,,,,,,,Bb,Nb,,,,,,,Qb,Bw,,,,,,,Pb,Qw,,,,,,,Rb,Pw,,,,,,,Bw,Qw,Qb,Kw,Rb,Nw,Qw,Kb,Rw	lightGray	0
1474007eb0c11637973918dc49b195f2	794	Rw,Kb,Qw,Nb,Rw,Kw,Qb,Pw,Nb,,,,,,,Pw,Pw,,,,,,,Kw,Kb,,,,,,,Qb,Bw,,,,,,,Rw,Nw,,,,,,,Kb,Pb,,,,,,,Qw,Nw,Rb,Nw,Qw,Kb,Rw,Nb,Qw	lightGray	0
147689cf022050cc9c49340cccabe0dd	4032	Rw,Qw,Bb,Rw,Pb,Qb,Bw,Qb,Kw,,,,,,,Bb,Pw,,,,,,,Qw,Nw,,,,,,,Pw,Qb,,,,,,,Rb,Kb,,,,,,,Bw,Pb,,,,,,,Qb,Qw,Pb,Rw,Bw,Qb,Pw,Rb,Qw	darkRed	0
147d959309af7f324cfec275f35f2523	696	Pb,Pb,Kb,Bb,Nw,Pw,Qw,Rw,Nb,,,,,,,Nw,Pw,,,,,,,Pb,Kb,,,,,,,Kb,Bw,,,,,,,Bw,Nw,,,,,,,Nb,Pb,,,,,,,Pw,Rb,Bb,Nw,Pb,Kb,Bw,Nb,Pw	darkRed	0
147f81469597ce7d1bb6d524234f7759	883	Rb,Pw,Kw,Bb,Nw,Pb,Kb,Qw,Kw,,,,,,,Rb,Rw,,,,,,,Nw,Nw,,,,,,,Qw,Qb,,,,,,,Kb,Kb,,,,,,,Rw,Rb,,,,,,,Bb,Bw,Bw,Qb,Pw,Rb,Bb,Qw,Bb	darkRed	0
148ae72a7f128c4621ae9221f05fece4	1395	Rb,Rb,Nw,Qw,Pw,Rw,Bb,Qb,Qw,,,,,,,Rb,Nb,,,,,,,Bw,Rw,,,Rb,Rb,,,Kw,Qw,,,Rb,Rb,,,Pw,Qb,,,,,,,Rw,Nw,,,,,,,Bb,Rw,Kb,Rb,Nw,Qb,Kw,Rw,Rb	darkGray	0
148c9f6eafd5105a91b117a84190f058	2033	Pw,Qb,Bw,Rb,Pw,Qw,Bb,Qw,Kw,,,,,,,Pw,Rw,,,,,,,Kw,Nb,,,,,,,Bb,Qw,,,,,,,Nw,Kb,,,,,,,Pb,Rb,,,,,,,Kb,Nb,Nb,Bw,Kw,Pw,Nw,Bb,Kw	lightRed	0
148d5056bd77e90b864e07ce52e5e96a	1766	Rb,Rw,Kw,Qb,Bw,Rb,Kb,Pb,Kw,,,,,,,Nw,Bb,,,,,,,Pb,Nb,,,,,,,Kw,Pw,,,,,,,Bb,Kb,,,,,,,Nb,Bw,,,,,,,Pw,Nb,Nw,Rb,Qb,Qw,Nb,Rw,Rw	darkRed	0
1496a508dc8cab4cce8ab80ce28417d7	1284	Bb,Bw,Rb,Pw,Qw,Bb,Rw,Qb,Qb,,,,,,,Rb,Kw,,,,,,,Bw,Rw,,,,,,,Qb,Nb,,,,,,,Pb,Qw,,,,,,,Rw,Kb,,,,,,,Bb,Nb,Qw,Bb,Rw,Pb,Qb,Bw,Qb	darkRed	0
14a32bc8d04cd4ad35dd5631a7b057bb	1131	Nb,Bb,Qw,Pw,Rb,Bw,Qb,Qw,Rb,,,,,,,Qw,Kb,,,,,,,Bb,Qw,,,,,,,Rb,Nb,,,,,,,Pw,Rw,,,,,,,Qb,Pb,,,,,,,Bw,Qb,Pb,Kb,Bw,Nb,Pw,Kw,Pb	lightGray	0
14ab9c83f6524d1e08985d7d8de50925	3075	Pw,Pb,Kb,Bw,Nb,Pw,Qw,Rw,Rb,,,,,,,Nw,Nw,,,,,,,Kb,Qb,,,,,,,Qw,Kw,,,,,,,Rw,Rw,,,,,,,Nb,Nb,,,,,,,Qw,Nw,Kw,Rw,Bw,Qb,Kb,Rb,Rw	darkGray	0
14acaf4372e830b59d6626a575088951	1746	Bb,Kb,Bw,Nw,Pb,Kw,Qb,Qw,Pw,,,,,,,Pw,Rb,,,,,,,Qw,Bw,,,Nb,Nb,,,Nw,Qb,,,Nb,Nb,,,Rb,Pb,,,,,,,Pb,Rw,,,,,,,Qb,Nb,Bb,Nw,Pw,Kw,Bw,Nb,Kw	lightGray	0
14bce187091f2495b8e7ab45cb9917e6	3693	Nb,Pb,Qb,Bb,Rw,Pw,Kw,Rw,Bb,,,,,,,Nw,Kw,,,,,,,Qb,Pb,,,Pw,Pw,,,Kw,Nw,,,Pw,Pw,,,Rw,Kw,,,,,,,Nb,Kb,,,,,,,Kw,Bw,Pw,Qw,Bb,Rw,Pb,Qb,Kw	darkRed	0
14c3e9cdbc73ae5733406e7952e656ed	2200	Rb,Rw,Nb,Qb,Kw,Rb,Nw,Qb,Pw,,,,,,,Nb,Nb,,,,,,,Bw,Bw,,,,,,,Kb,Qb,,,,,,,Pb,Pb,,,,,,,Rw,Nw,,,,,,,Bb,Pb,Qb,Bw,Rb,Pw,Qw,Nb,Bw	lightGray	0
14d0bb5aab27edf0a50a890c7ce479a9	3289	Qb,Nw,Bb,Kb,Pb,Rb,Bw,Pw,Kb,,,,,,,Qb,Bw,,,,,,,Kw,Nw,,,,,,,Rw,Pb,,,,,,,Nb,Kw,,,,,,,Qw,Bb,,,,,,,Kb,Qb,Nw,Bb,Kb,Pb,Nb,Bw,Kw	lightGray	0
14da6761c31135a33632e170d0542d16	3670	Nb,Rb,Bw,Qb,Pw,Rw,Nb,Kb,Pw,,,,,,,Bb,Qw,,,,,,,Kw,Bb,,,Rb,Rb,,,Pb,Rw,,,Rb,Rb,,,Nw,Pb,,,,,,,Qw,Qb,,,,,,,Kb,Rb,Qb,Nw,Rw,Kw,Qw,Nb,Qb	darkGray	0
14f009200a8dc2ff1f5f643039083df7	2783	Pw,Kw,Bb,Nb,Pw,Kb,Bw,Nb,Kb,,,,,,,Kw,Qw,,,,,,,Bb,Nw,,,,,,,Nw,Rb,,,,,,,Pb,Kw,,,,,,,Kb,Qb,,,,,,,Bw,Qw,Rw,Nb,Qw,Kb,Rb,Nw,Kw	lightGray	0
1503f1dcda9694a06ff8b4532583d514	2826	Rw,Nw,Pb,Kb,Bw,Nb,Pw,Bb,Rw,,,,,,,Bb,Rw,,,,,,,Kw,Rw,,,Kb,Kb,,,Pb,Rw,,,Kb,Kb,,,Nw,Rw,,,,,,,Bw,Rw,,,,,,,Kb,Rw,Pb,Qb,Bw,Rb,Pw,Qw,Nw	lightGray	0
1512a7be4c505c9067d4bf22ed5afc82	3393	Bb,Kw,Bb,Nb,Pw,Kb,Bw,Kb,Rw,,,,,,,Bb,Pb,,,,,,,Nw,Qw,,,Bb,Bb,,,Pb,Bb,,,Bb,Bb,,,Kb,Rb,,,,,,,Bw,Pw,,,,,,,Nb,Nw,Bb,Kw,Pw,Nb,Bw,Kb,Bw	lightGray	0
1530cbccb9104db71fc24a5c4d8aa247	1721	Kw,Nb,Bw,Kb,Pb,Nw,Bb,Qb,Pb,,,,,,,Kb,Rw,,,,,,,Bw,Bw,,,Nb,Nb,,,Nw,Qb,,,Nb,Nb,,,Pb,Pw,,,,,,,Kw,Rb,,,,,,,Bb,Pb,Rw,Pb,Qb,Bw,Rb,Kb,Pw	lightGray	0
154075f6cf5ce3e1e04e86374ac0aea1	88	Qb,Kw,Bb,Nb,Pw,Kb,Bw,Bb,Nb,,,,,,,Pb,Qw,,,,,,,Qb,Kb,,,Nb,Nb,,,Bw,Rb,,,Nb,Nb,,,Rb,Nw,,,,,,,Pw,Qb,,,,,,,Qw,Nb,Rb,Kb,Qw,Nb,Pw,Kw,Rw	darkRed	0
1544303d8eecdcdd2e6f8867ab576c8c	508	Pb,Kb,Rb,Nb,Qw,Kw,Rw,Rw,Pw,,,,,,,Pb,Nb,,,,,,,Nw,Bw,,,,,,,Bb,Qb,,,,,,,Qw,Pb,,,,,,,Pw,Rw,,,,,,,Nb,Qw,Qw,Pw,Rb,Bw,Qb,Pb,Kw	darkRed	0
1549caa5f510253455103f28748063cd	8	Qb,Bw,Rb,Kw,Qb,Nb,Rw,Bb,Bb,,,,,,,Rw,Kw,,,,,,,Pb,Pw,,,,,,,Qw,Nb,,,,,,,Nb,Bw,,,,,,,Rb,Kb,,,,,,,Kb,Kw,Bw,Rb,Pb,Qb,Bb,Rw,Qw	darkGray	0
155b76b769f07b6be6fa4049db91c58a	1652	Qb,Bw,Kb,Pb,Nw,Bb,Kw,Rw,Bb,,,,,,,Rw,Kw,,,,,,,Rw,Pb,,,Bw,Bw,,,Rw,Nw,,,Bw,Bw,,,Rw,Bw,,,,,,,Rw,Kb,,,,,,,Rw,Pb,Qw,Pw,Rw,Bb,Qb,Pb,Rw	lightGray	0
1564c04b627dbb0768068fdb5342b6bc	1473	Nw,Bw,Nb,Pb,Kb,Bb,Nw,Rb,Rb,,,,,,,Qw,Nw,,,,,,,Nb,Qw,,,Pb,Pb,,,Rw,Kb,,,Pb,Pb,,,Kw,Rw,,,,,,,Qb,Nb,,,,,,,Nw,Qw,Kw,Qb,Nb,Rw,Kb,Qw,Kw	lightGray	0
156585eba91ae2b67b15b593d572f671	8	Qb,Bw,Rb,Kw,Qb,Nb,Rw,Bb,Bb,,,,,,,Rw,Kw,,,,,,,Pb,Pw,,,,,,,Qw,Nb,,,,,,,Nb,Bw,,,,,,,Rb,Kb,,,,,,,Kb,Kw,Bw,Rb,Pb,Qb,Bb,Rw,Qw	darkGray	0
1567c109b27ebbc369ee8aefdb56898a	2742	Nb,Pw,Nb,Bb,Kw,Pb,Rw,Nb,Bb,,,,,,,Bb,Rw,,,,,,,Rw,Pb,,,,,,,Pb,Qb,,,,,,,Kb,Bw,,,,,,,Bw,Rb,,,,,,,Rb,Pw,Qb,Nw,Rb,Kb,Qw,Bb,Nb	darkRed	0
1568436a2e7419d0d73cb2397f554e5f	4025	Nb,Pb,Qb,Nb,Rw,Kb,Qw,Qb,Bb,,,,,,,Kb,Kw,,,,,,,Bw,Pw,,,,,,,Nb,Nb,,,,,,,Pw,Bw,,,,,,,Kw,Kb,,,,,,,Bb,Qw,Nb,Pw,Kw,Bb,Rw,Pb,Kb	lightRed	1
15739fb9fcd7c4712b195ff5d2092123	35	Kb,Kb,Qw,Nw,Pb,Kw,Bb,Pw,Bw,,,,,,,Nw,Nb,,,,,,,Pb,Pw,,,,,,,Kb,Kw,,,,,,,Bw,Bb,,,,,,,Nb,Nw,,,,,,,Pw,Bw,Bw,Rb,Pb,Qb,Bb,Nw,Qb	darkGray	0
1589eec09d4e133743433540734244e3	408	Kb,Bb,Rw,Pb,Qb,Bw,Rb,Pb,Rw,,,,,,,Kw,Kw,,,,,,,Rw,Qw,,,,,,,Nw,Nb,,,,,,,Qb,Rb,,,,,,,Kb,Kb,,,,,,,Rb,Pw,Nb,Qw,Kb,Rb,Nw,Qb,Qb	lightRed	0
1597dca35b1b59b1fb9e19e3ee773161	1000	Rw,Nw,Rb,Kw,Qb,Nb,Rw,Bb,Qb,,,,,,,Pw,Bw,,,,,,,Nb,Rb,,,Pw,Pw,,,Bw,Pb,,,Pw,Pw,,,Qb,Qw,,,,,,,Pb,Bb,,,,,,,Rw,Nw,Pw,Rb,Bw,Qb,Pb,Rw,Rw	darkRed	0
15a1fa7d421808f4d5b665b83e32af6f	3066	Pb,Rb,Bw,Qb,Pb,Rw,Bb,Nb,Kw,,,,,,,Bb,Qb,,,,,,,Rw,Nb,,,,,,,Pw,Rw,,,,,,,Qw,Kb,,,,,,,Bw,Qw,,,,,,,Rb,Qb,Nw,Pb,Kb,Bw,Nb,Pw,Nb	darkRed	0
15aa59622a90f162b92fbf704c94d7d8	140	Qb,Kw,Bb,Rb,Pw,Qb,Bw,Pb,Pw,,,,,,,Pw,Nb,,,,,,,Rb,Bw,,,Nb,Nb,,,Bw,Kb,,,Nb,Nb,,,Qb,Pb,,,,,,,Pb,Nw,,,,,,,Rw,Pw,Rw,Kw,Qb,Nw,Rb,Kb,Kw	darkRed	0
15b7dfcd37f18c88397a4ab65a7d95a6	91	Nw,Qb,Nw,Rw,Kw,Qw,Bb,Bb,Kw,,,,,,,Bw,Bb,,,,,,,Rb,Nw,,,Pw,Pw,,,Pw,Rb,,,Pw,Pw,,,Qw,Kb,,,,,,,Bb,Bw,,,,,,,Rw,Rw,Bw,Rb,Pb,Qb,Bb,Rw,Kw	darkRed	0
15c48ca5919b4c9e6af02fa79a3e621e	2911	Nb,Pw,Kw,Qb,Nw,Pb,Kb,Bb,Nb,,,,,,,Nb,Pw,,,,,,,Rw,Kb,,,Bw,Bw,,,Kb,Bw,,,Bw,Bw,,,Qw,Nw,,,,,,,Nw,Pb,,,,,,,Rb,Bb,Bb,Qw,Pw,Rb,Bw,Qb,Kw	darkGray	0
15c59a420a2b27b9f340b863a36f9a98	2006	Kb,Bb,Rw,Pw,Qw,Bw,Rb,Bw,Bb,,,,,,,Bw,Kw,,,,,,,Kb,Pw,,,,,,,Pb,Nb,,,,,,,Nw,Kw,,,,,,,Bb,Kb,,,,,,,Kw,Bw,Kb,Bw,Rw,Pb,Kw,Bb,Bb	lightRed	0
15d1db680482835b7917d592f1b4a8be	1783	Qw,Bw,Kb,Pw,Nb,Bb,Kw,Kw,Pw,,,,,,,Bb,Rb,,,,,,,Rw,Nw,,,,,,,Pb,Qb,,,,,,,Qb,Kw,,,,,,,Bw,Rw,,,,,,,Rb,Pw,Qb,Pb,Rw,Bb,Qw,Pw,Pb	darkGray	0
15dec41f0f051400c3cc6dd6f04dc0b6	1598	Pb,Pb,Nw,Bw,Kb,Pw,Nb,Nb,Rb,,,,,,,Rb,Kb,,,,,,,Nw,Qw,,,Pb,Pb,,,Qb,Nb,,,Pb,Pb,,,Kw,Rw,,,,,,,Rw,Kw,,,,,,,Bb,Qb,Bw,Qb,Pw,Nb,Bb,Qw,Qb	lightRed	0
15eee1a4ee398785daef52cac30a8946	538	Qw,Pw,Qw,Kw,Rb,Pb,Qb,Pb,Rw,,,,,,,Qw,Bb,,,,,,,Nb,Qw,,,,,,,Rb,Pw,,,,,,,Kb,Nb,,,,,,,Qb,Bw,,,,,,,Nw,Qb,Kb,Qw,Nw,Rb,Kw,Qb,Kw	darkRed	0
15f3f5d4f3fc647361a9eeba30d1a742	833	Rb,Pw,Kw,Bb,Nw,Pb,Kb,Qw,Kw,,,,,,,Rb,Rw,,,,,,,Nw,Nw,,,,,,,Qw,Qb,,,,,,,Kb,Kb,,,,,,,Rw,Rb,,,,,,,Bb,Bw,Bw,Qb,Pw,Rb,Bb,Qw,Bb	darkRed	0
15fc28654ea71cba72a1bd83d4aa5e46	3669	Kb,Nb,Rw,Kb,Qw,Nw,Rb,Bb,Kb,,,,,,,Rw,Pb,,,,,,,Nb,Nw,,,,,,,Qw,Bb,,,,,,,Kb,Kw,,,,,,,Pb,Pw,,,,,,,Nw,Rw,Rw,Rw,Rw,Rw,Rw,Rw,Rw	darkRed	0
15fec63c935703a5a8523f5aa5140b62	1144	Qw,Nb,Qw,Kb,Rb,Bw,Qb,Rw,Pb,,,,,,,Rw,Nw,,,,,,,Rw,Bb,,,,,,,Rw,Kw,,,,,,,Rw,Pw,,,,,,,Rw,Nb,,,,,,,Rw,Rw,Pb,Nw,Bb,Kw,Pw,Nb,Rw	lightGray	0
1607a42450b25299c710f817c1b04872	3309	Nw,Rw,Nb,Bw,Kb,Rb,Nw,Nb,Kw,,,,,,,Nb,Rw,,,,,,,Bw,Nw,,,Pw,Pw,,,Kw,Qb,,,Pw,Pw,,,Pw,Kb,,,,,,,Nw,Pb,,,,,,,Bb,Pb,Bw,Qb,Pw,Rb,Bb,Qw,Kw	lightGray	1
1616f49d140bb647a0233d96d8347e90	677	Qb,Nw,Bb,Kw,Pw,Nb,Bw,Kw,Qw,,,,,,,Kw,Bb,,,,,,,Pw,Rw,,,Pb,Pb,,,Nw,Pb,,,Pb,Pb,,,Bb,Qb,,,,,,,Kb,Bw,,,,,,,Pb,Pw,Kb,Rb,Nb,Qw,Kw,Rw,Rw	darkRed	1
1620cecd7790c1cea2f9881010b920dc	1255	Kb,Pw,Kw,Bb,Rw,Pb,Kb,Nb,Kw,,,,,,,Kw,Kb,,,,,,,Nb,Rw,,,,,,,Rw,Nb,,,,,,,Pb,Qb,,,,,,,Qb,Kw,,,,,,,Bw,Rb,Bb,Rw,Pb,Qb,Bw,Rb,Rw	lightGray	0
162905e11a13adf2bb108585a20a9970	460	Pw,Rb,Pw,Qw,Bb,Rw,Pb,Rw,Rw,,,,,,,Qw,Nb,,,,,,,Kb,Qw,,,,,,,Rb,Kb,,,,,,,Nw,Rb,,,,,,,Qb,Nw,,,,,,,Kw,Nb,Qw,Kb,Rb,Nw,Qb,Kw,Pw	lightGray	0
1629098d2ba6200d0192936edea92a65	3715	Qw,Kw,Bb,Nb,Pw,Kb,Bw,Pw,Rw,,,,,,,Bb,Pb,,,,,,,Kw,Qw,,,,,,,Pb,Bb,,,,,,,Nw,Rb,,,,,,,Bw,Pw,,,,,,,Qb,Rw,Bb,Nw,Pw,Kw,Bw,Nb,Rb	lightGray	0
1634ce3f73fa181e1f55d21740f8949e	2671	Nb,Rw,Pb,Kw,Bb,Rb,Pw,Rb,Bw,,,,,,,Bb,Qb,,,,,,,Nw,Pb,,,Rw,Rw,,,Pw,Rw,,,Rw,Rw,,,Kw,Bb,,,,,,,Bw,Qw,,,,,,,Nb,Rb,Qw,Pw,Rw,Bb,Qb,Pb,Rw	darkGray	0
163a2ff20f89ee69be02c947ad926a8e	3605	Bw,Kb,Bw,Nw,Pb,Kw,Bb,Nb,Nw,,,,,,,Qb,Qb,,,,,,,Kw,Kw,,,Nw,Nw,,,Rb,Rw,,,Nw,Nw,,,Nw,Bb,,,,,,,Qw,Qw,,,,,,,Kb,Rw,Rw,Pb,Qw,Nb,Rb,Pw,Bw	darkGray	0
165294ded6d673f7c4b8af2d1b6159d4	3705	Pw,Bw,Rb,Pw,Kw,Bb,Rw,Rb,Pw,,,,,,,Rw,Nb,,,,,,,Kw,Bb,,,,,,,Qw,Kw,,,,,,,Nb,Pb,,,,,,,Rb,Nw,,,,,,,Pw,Bb,Nw,Rb,Kw,Qb,Nb,Rw,Bw	lightGray	0
1652fb6025824ac2b5667eb205c7174b	2148	Kb,Nw,Bb,Kb,Pb,Nb,Bw,Qb,Bb,,,,,,,Bb,Rw,,,,,,,Rw,Kb,,,Bb,Bb,,,Pw,Qw,,,Bb,Bb,,,Qw,Bw,,,,,,,Bw,Rb,,,,,,,Rb,Pb,Qw,Pw,Rb,Bw,Kb,Pb,Bw	darkRed	0
165c5716814a17a1a7ada864da6aeb4e	1272	Kb,Nb,Bw,Kw,Pw,Rw,Bb,Rw,Bw,,,,,,,Pw,Kb,,,,,,,Rb,Pw,,,,,,,Bb,Nb,,,,,,,Qw,Bb,,,,,,,Pb,Kw,,,,,,,Rw,Pb,Kw,Pw,Nw,Bb,Kb,Pb,Bw	lightGray	0
165fdb372aeda32b6fc31247c55a0c75	1625	Rb,Rb,Nw,Qw,Kb,Rw,Nb,Qw,Qb,,,,,,,Bb,Bw,,,,,,,Rw,Nb,,,Bb,Bb,,,Pb,Pw,,,Bb,Bb,,,Kb,Kw,,,,,,,Bw,Bb,,,,,,,Nb,Kb,Kw,Bb,Nb,Pw,Kb,Bw,Qb	lightRed	0
166a92f6e5d979682d7323f7504d90a8	59	Qw,Nw,Pb,Qw,Bb,Nb,Pw,Pw,Rb,,,,,,,Kw,Bw,,,,,,,Qb,Qb,,,,,,,Nw,Pb,,,,,,,Rb,Rw,,,,,,,Kb,Bb,,,,,,,Qw,Rw,Qw,Kb,Rb,Nw,Qb,Kw,Pw	lightRed	0
166cb1f3c9f4c9f53cddb011479a49ac	746	Rb,Bb,Rw,Pb,Qb,Bw,Rb,Kb,Pw,,,,,,,Rw,Kw,,,,,,,Pb,Bw,,,Nw,Nw,,,Qw,Rb,,,Nw,Nw,,,Bb,Pb,,,,,,,Rb,Kb,,,,,,,Pw,Pb,Pw,Rb,Bb,Qw,Pb,Rw,Kw	lightRed	0
167129554b058c4eb230686ced4cae16	2269	Bw,Pw,Kw,Bw,Nb,Pb,Kb,Rw,Pw,,,,,,,Rw,Nb,,,,,,,Bb,Bw,,,Bw,Bw,,,Qb,Kb,,,Bw,Bw,,,Pb,Pb,,,,,,,Rb,Nw,,,,,,,Bw,Qw,Rw,Kw,Qw,Nb,Rb,Kb,Pb	lightGray	0
16737052006cbf052f139f4299b98095	102	Pb,Nw,Pb,Kb,Bw,Nb,Pw,Pb,Bw,,,,,,,Kb,Nb,,,,,,,Pb,Pw,,,Kb,Kb,,,Rw,Kw,,,Kb,Kb,,,Bb,Bb,,,,,,,Kw,Nw,,,,,,,Pw,Bb,Bb,Nw,Pw,Kw,Bw,Nb,Kw	lightGray	0
169b34f8e5ed27d21b7597f1e32c7c1f	1044	Qw,Kb,Rb,Nw,Qb,Pb,Rw,Kb,Rb,,,,,,,Bb,Nw,,,,,,,Kw,Qw,,,,,,,Rb,Kb,,,,,,,Nw,Rw,,,,,,,Qw,Bb,,,,,,,Kb,Bb,Qb,Kw,Rw,Nb,Qw,Kb,Kb	lightRed	0
16a7ad83a2be5992d3a166863671c427	91	Nw,Qb,Nw,Rw,Kw,Qw,Bb,Bb,Kw,,,,,,,Bw,Bb,,,,,,,Rb,Nw,,,Pw,Pw,,,Pw,Rb,,,Pw,Pw,,,Qw,Kb,,,,,,,Bb,Bw,,,,,,,Rw,Rw,Bw,Rb,Pb,Qb,Bb,Rw,Kw	darkRed	0
16b43edb39fe39344be8114f9c4759e7	1523	Qb,Pw,Rb,Bb,Qw,Pb,Rw,Bw,Nb,,,,,,,Nb,Bw,,,,,,,Rw,Kb,,,,,,,Kb,Pb,,,,,,,Qw,Nw,,,,,,,Nw,Bb,,,,,,,Rb,Rw,Qb,Qw,Nb,Rw,Kw,Qb,Qb	darkRed	0
16bc2844a62104524ae05aefec2b4916	3173	Pb,Qb,Pb,Rb,Bw,Qw,Kb,Bb,Rw,,,,,,,Nb,Pb,,,,,,,Bw,Qb,,,,,,,Kb,Bw,,,,,,,Pb,Rb,,,,,,,Nw,Pw,,,,,,,Bb,Pb,Qb,Bw,Rb,Pw,Qw,Bb,Nb	lightGray	0
16c0071cf1290f892c053eba552f466f	2025	Bb,Qb,Bw,Rw,Pb,Qw,Bb,Rw,Bw,,,,,,,Rw,Kb,,,,,,,Kw,Pw,,,Pb,Pb,,,Qb,Nb,,,Pb,Pb,,,Nw,Bb,,,,,,,Rb,Qw,,,,,,,Kb,Bw,Bb,Nw,Pw,Qw,Bw,Nb,Qb	darkRed	1
16c3613082665a2199ea4cc89562359b	1575	Pb,Kb,Pb,Nw,Bb,Kw,Rw,Qw,Qb,,,,,,,Kb,Kw,,,,,,,Rb,Rb,,,Rb,Rb,,,Nw,Nw,,,Rb,Rb,,,Qb,Qw,,,,,,,Kw,Kb,,,,,,,Rw,Rw,Rw,Rw,Rw,Rw,Rw,Rw,Rw	darkGray	0
16c43284df396e954e89cbaf13516e49	1263	Nw,Nw,Pb,Kb,Bw,Nb,Pw,Kb,Pb,,,,,,,Qw,Rw,,,,,,,Kb,Bw,,,Nb,Nb,,,Rb,Qb,,,Nb,Nb,,,Nw,Pw,,,,,,,Qb,Rb,,,,,,,Kw,Bb,Pw,Rb,Bw,Qb,Kw,Rw,Rb	darkGray	0
16ca31bbd909d86cb13a28d867183dd4	1580	Bw,Pw,Nb,Bw,Kb,Rb,Nw,Nb,Rb,,,,,,,Qb,Pw,,,,,,,Pb,Kw,,,Pb,Pb,,,Rb,Bb,,,Pb,Pb,,,Bw,Rw,,,,,,,Kw,Pb,,,,,,,Kb,Nw,Kw,Bb,Nw,Pb,Kb,Bw,Pb	lightGray	0
16ccf17ee4814236a97c6419ca3f578f	1734	Nw,Rb,Bw,Qb,Pb,Rw,Bb,Bw,Kb,,,,,,,Kb,Pb,,,,,,,Bw,Nb,,,,,,,Nb,Bw,,,,,,,Rw,Qw,,,,,,,Kw,Pw,,,,,,,Bb,Qb,Rw,Nb,Qb,Kw,Rb,Nw,Kw	lightGray	0
16f0994a24c9978dc4417f38bb479b65	1198	Pb,Qw,Bb,Rb,Pw,Qb,Bw,Qb,Pb,,,,,,,Kw,Qb,,,,,,,Bb,Bb,,,Nw,Nw,,,Nw,Rw,,,Nw,Nw,,,Pb,Pw,,,,,,,Kb,Kw,,,,,,,Bw,Qb,Qw,Nb,Rb,Kb,Qb,Nw,Qw	darkRed	0
170889ad1442e3a0653a5b31cc0ac443	2074	Rb,Nw,Bb,Kw,Pw,Rb,Bw,Pw,Kw,,,,,,,Pb,Pw,,,,,,,Kb,Nw,,,,,,,Bb,Bb,,,,,,,Nw,Kb,,,,,,,Pw,Pb,,,,,,,Kw,Qb,Kw,Qb,Nb,Rw,Kb,Qw,Bb	lightRed	0
171f9ddc7c385f77abc0436f57aef959	1311	Pw,Bb,Rw,Pw,Qw,Bw,Rb,Kb,Pw,,,,,,,Rb,Kw,,,,,,,Nw,Bw,,,,,,,Qb,Nb,,,,,,,Kw,Pb,,,,,,,Rw,Kb,,,,,,,Nb,Kb,Bb,Kw,Pw,Nb,Bw,Kb,Bb	lightGray	0
173bcfd2a7f44209dee8d53cb3aa29fe	3680	Kw,Qb,Nw,Rb,Kb,Qw,Nb,Bb,Qb,,,,,,,Kb,Nw,,,,,,,Qw,Rb,,,,,,,Nb,Kb,,,,,,,Rw,Qw,,,,,,,Kw,Nb,,,,,,,Qb,Kb,Rw,Nb,Bw,Kb,Pb,Nw,Bb	lightGray	0
173f64fb6b7d5465e189f78cb215df34	2205	Nw,Qb,Kw,Rw,Nb,Qw,Kb,Nw,Rb,,,,,,,Rw,Bw,,,,,,,Pb,Qb,,,,,,,Qb,Pb,,,,,,,Bw,Nw,,,,,,,Rb,Bb,,,,,,,Pw,Pw,Pb,Kb,Qw,Nb,Rw,Kw,Bw	darkGray	0
173fd259aa96c45dfe55f18fe450890c	1482	Pb,Qb,Bw,Rb,Pw,Qw,Nb,Rw,Rb,,,,,,,Pb,Kb,,,,,,,Nw,Qw,,,,,,,Bb,Nb,,,,,,,Kw,Rw,,,,,,,Pw,Kw,,,,,,,Nb,Qw,Bb,Nw,Pb,Kb,Bw,Nb,Rw	lightGray	0
1753e756326f5eb4c0111ab42a8626a3	2230	Nb,Rb,Pw,Qw,Bb,Rw,Kw,Rw,Nb,,,,,,,Rb,Bw,,,,,,,Nw,Kb,,,Rb,Rb,,,Bb,Pb,,,Rb,Rb,,,Kw,Rw,,,,,,,Pw,Bb,,,,,,,Nb,Pw,Qb,Kw,Rw,Nb,Qw,Kb,Kb	lightGray	0
17571a374caf37c183726094919d661d	390	Nw,Nw,Qb,Kb,Rb,Nb,Bw,Rb,Qb,,,,,,,Kw,Nw,,,,,,,Rw,Rb,,,Nw,Nw,,,Nb,Pw,,,Nw,Nw,,,Qw,Qw,,,,,,,Kb,Bb,,,,,,,Rb,Qb,Bb,Kw,Pb,Nw,Bw,Kb,Qw	darkRed	0
175f3a1cdf5278986fb1a2cb5b674391	108	Rw,Pw,Rb,Bw,Qb,Pb,Rw,Pb,Bw,,,,,,,Nw,Qb,,,,,,,Pb,Pb,,,,,,,Kb,Rw,,,,,,,Bw,Nb,,,,,,,Nb,Qw,,,,,,,Pw,Bw,Bb,Qw,Pb,Rw,Bw,Qb,Qb	lightGray	0
176395a858588db840f5337f025677ec	399	Nb,Nw,Rb,Kb,Qw,Nb,Rw,Rw,Qb,,,,,,,Nw,Bw,,,,,,,Qb,Rb,,,Rw,Rw,,,Qw,Pw,,,Rw,Rw,,,Rw,Qw,,,,,,,Nb,Bb,,,,,,,Qw,Pw,Bb,Rw,Pw,Qw,Bw,Rb,Bw	lightRed	1
17648ed74500b96857b71867bd01af9b	385	Pw,Kb,Qw,Nb,Rw,Kw,Qb,Qw,Pw,,,,,,,Pw,Kw,,,,,,,Nb,Bb,,,,,,,Bw,Nw,,,,,,,Qb,Pb,,,,,,,Pb,Kb,,,,,,,Nw,Rb,Qb,Kw,Rw,Nb,Qw,Pw,Nw	lightRed	0
176b86ac532adf8fb5f3acc1a890a417	3591	Bb,Nb,Pw,Kb,Bw,Nw,Pb,Pb,Qb,,,,,,,Nw,Pb,,,,,,,Qb,Rb,,,Pb,Pb,,,Kb,Bw,,,Pb,Pb,,,Rb,Qw,,,,,,,Nb,Kb,,,,,,,Qw,Rb,Bb,Rw,Pw,Qw,Bw,Rb,Rb	lightGray	0
1770a818307fe334a3f4d2541a5cdb83	3904	Rw,Rw,Rw,Rw,Rw,Rw,Rw,Rw,Pb,,,,,,,Qb,Nw,,,,,,,Pb,Bw,,,Bb,Bb,,,Rw,Kb,,,Bb,Bb,,,Bb,Pw,,,,,,,Qw,Nb,,,,,,,Pw,Qw,Qw,Nb,Rb,Kb,Qb,Bw,Bb	lightGray	0
177542ca5f228dc7464ca02caf8b4774	2809	Qw,Qw,Kb,Rb,Nw,Qb,Kw,Pw,Pw,,,,,,,Pw,Qw,,,,,,,Kw,Bb,,,,,,,Bw,Rw,,,,,,,Nb,Pb,,,,,,,Pb,Qb,,,,,,,Kb,Kw,Qw,Bb,Rw,Pb,Qb,Bw,Kb	darkRed	0
177951fb7cca715fcd1aa26bf3d040f8	55	Nb,Pw,Qw,Bb,Rw,Pb,Qb,Qb,Rb,,,,,,,Bw,Bw,,,,,,,Kb,Qb,,,Pw,Pw,,,Pb,Kw,,,Pw,Pw,,,Nw,Rw,,,,,,,Bb,Nb,,,,,,,Kw,Rw,Pw,Qw,Bw,Rb,Pb,Qb,Kw	darkRed	0
1781ba226d6192057141bcb1d306af9b	1605	Bb,Rw,Bb,Qb,Pb,Rb,Bw,Nw,Bb,,,,,,,Qw,Nw,,,,,,,Bb,Pb,,,Qw,Qw,,,Rb,Kb,,,Qw,Qw,,,Pw,Bw,,,,,,,Qb,Nb,,,,,,,Bw,Nb,Rb,Nw,Qb,Kw,Rw,Nb,Nw	darkGray	0
178467840b562ec1a8e4cb24ab421c49	361	Bb,Bb,Nw,Pb,Kb,Bw,Nb,Nb,Pb,,,,,,,Nb,Rw,,,,,,,Bw,Bw,,,,,,,Kb,Qb,,,,,,,Pb,Pw,,,,,,,Nw,Rb,,,,,,,Bb,Bw,Bb,Kw,Pw,Nb,Qw,Kb,Rb	darkGray	0
17938f8d21a65865d09c49e5021caeee	1195	Kw,Nb,Pw,Kw,Bb,Pw,Pb,Nb,Pw,,,,,,,Nb,Kw,,,,,,,Qw,Bw,,,,,,,Kw,Nb,,,,,,,Rw,Pb,,,,,,,Pw,Kb,,,,,,,Qb,Kb,Nb,Pw,Kw,Bb,Rw,Pb,Pw	darkRed	0
179e7167a597d42d3185f93f0c0534eb	3211	Pb,Qb,Bw,Rb,Pw,Kw,Bb,Pw,Bw,,,,,,,Qb,Nb,,,,,,,Bw,Pw,,,Pb,Pb,,,Rw,Kw,,,Pb,Pb,,,Pb,Bb,,,,,,,Qw,Nw,,,,,,,Bb,Bw,Qw,Pw,Rb,Bw,Qb,Pb,Nb	lightGray	0
17aa17652de191da5deb3d435ceba14e	783	Rb,Pw,Qw,Bw,Rb,Pb,Qb,Rb,Bw,,,,,,,Qb,Nb,,,,,,,Nw,Rw,,,Nw,Nw,,,Pw,Kw,,,Nw,Nw,,,Kw,Bb,,,,,,,Bw,Nw,,,,,,,Nb,Pw,Pb,Rw,Bw,Qb,Pw,Rb,Qw	darkRed	0
17adc2f9f547046feec21adad0c3e3ca	0	Nw,Rw,Nb,Qb,Qw,Rb,Nw,Kw,Qb,,,,,,,Rw,Nw,,,,,,,Pb,Rb,,,Nb,Nb,,,Qb,Qb,,,Nb,Nb,,,Kw,Qw,,,,,,,Nb,Nb,,,,,,,Pw,Qw,Kw,Qb,Pw,Nb,Kb,Qw,Nb	darkGray	0
17b7b84b314dfbefd4e52c35593ce4fe	402	Kb,Bw,Kb,Pb,Nw,Qb,Kw,Pb,Rb,,,,,,,Pw,Pw,,,,,,,Rb,Qb,,,Pb,Pb,,,Bw,Bw,,,Pb,Pb,,,Qb,Rw,,,,,,,Pb,Pb,,,,,,,Rw,Rw,Rw,Rw,Rw,Rw,Rw,Rw,Rw	lightRed	0
17bdbe3fde392cbff7dbad2fc66d2371	953	Rw,Rw,Rw,Rw,Rw,Rw,Rw,Rw,Bb,,,,,,,Bb,Qw,,,,,,,Rw,Pb,,,Nb,Nb,,,Pw,Rw,,,Nb,Nb,,,Qw,Bw,,,,,,,Bw,Qb,,,,,,,Rb,Bb,Qw,Bb,Rb,Pw,Qb,Bw,Kb	lightGray	0
17c5d9a49d03fd92f0afb18522776c65	3101	Pw,Rb,Pw,Qb,Bw,Rw,Pb,Qb,Rb,,,,,,,Rb,Kb,,,,,,,Kb,Qb,,,,,,,Qw,Nw,,,,,,,Nb,Rw,,,,,,,Rw,Kw,,,,,,,Kw,Pb,Nb,Qw,Kw,Rw,Nw,Qb,Pb	darkGray	0
17cdc1b3a6a4f62aac78e9c36133e94f	2313	Qw,Qw,Pw,Rw,Bb,Qb,Pb,Qw,Bw,,,,,,,Bb,Rb,,,,,,,Kw,Pw,,,,,,,Pw,Qw,,,,,,,Nb,Bb,,,,,,,Bw,Rw,,,,,,,Kb,Nw,Qw,Pw,Rb,Bw,Qb,Pb,Kw	darkRed	0
17ce2bfd5e8df10485ef0d8082fe88de	177	Rb,Bb,Rw,Kb,Qw,Bw,Rb,Qw,Kb,,,,,,,Kw,Qw,,,,,,,Qb,Nb,,,Bb,Bb,,,Bw,Rw,,,Bb,Bb,,,Rb,Kw,,,,,,,Pw,Qb,,,,,,,Qw,Kb,Pw,Nb,Bb,Kw,Pb,Nw,Pw	lightGray	0
17f1fc835b0dc535a0307609b8eddceb	1918	Bb,Qb,Kw,Pw,Nb,Qw,Kb,Bw,Qw,,,,,,,Kb,Kb,,,,,,,Qw,Pb,,,,,,,Nw,Nw,,,,,,,Rb,Qb,,,,,,,Kw,Kw,,,,,,,Qb,Pb,Kw,Bb,Nw,Pb,Kb,Bw,Bb	lightGray	0
17ffe7d09d6dd54aad375f3fc3a9b2ee	2482	Bb,Qw,Bb,Rb,Kb,Qb,Bw,Kb,Rb,,,,,,,Bb,Nw,,,,,,,Kw,Qb,,,Rb,Rb,,,Pb,Kw,,,Rb,Rb,,,Nw,Rw,,,,,,,Bw,Nb,,,,,,,Kb,Kb,Pb,Nw,Bb,Kw,Pw,Nb,Nb	lightGray	1
18070d87c52719ea7158dbe718e228f6	3588	Nw,Pb,Kb,Bw,Nb,Pw,Qw,Bb,Bb,,,,,,,Rb,Rw,,,,,,,Pw,Pw,,,,,,,Qb,Qw,,,,,,,Bw,Bw,,,,,,,Rw,Rb,,,,,,,Pb,Kw,Qw,Kb,Rb,Nw,Qb,Kw,Qb	darkGray	0
180f1f4e8f9fd25a2f0e8a1742a6e69b	263	Pw,Pb,Rw,Bw,Qb,Pw,Rb,Qw,Bb,,,,,,,Kw,Rw,,,,,,,Rw,Pb,,,Pb,Pb,,,Nw,Kb,,,Pb,Pb,,,Qb,Bw,,,,,,,Kb,Rb,,,,,,,Rb,Bb,Qw,Bb,Rw,Pb,Qb,Bw,Bw	lightRed	0
1810a6aa827efa9e9a9f7f04305a0ebc	87	Rb,Pw,Nb,Bb,Kw,Pb,Nw,Nb,Pw,,,,,,,Qw,Nb,,,,,,,Bb,Bw,,,,,,,Rw,Kb,,,,,,,Pb,Pb,,,,,,,Qb,Nw,,,,,,,Bw,Kw,Bw,Kb,Pw,Nb,Bb,Kw,Bb	lightRed	0
1810b8692746c1b060f512a9ee1ed73b	2350	Rw,Rw,Rw,Rw,Rw,Rw,Rw,Rw,Kb,,,,,,,Pw,Qw,,,,,,,Rb,Bb,,,Kb,Kb,,,Bw,Rw,,,Kb,Kb,,,Qb,Kw,,,,,,,Pb,Qb,,,,,,,Rw,Qw,Rb,Bw,Qb,Pb,Rw,Bb,Kw	darkRed	0
1812c8733802c776bbe0ff6578a56324	469	Nb,Rb,Bw,Qw,Pw,Rw,Bb,Pw,Nw,,,,,,,Pb,Bb,,,,,,,Nw,Kw,,,Bw,Bw,,,Bb,Pw,,,Bw,Bw,,,Kw,Nb,,,,,,,Rw,Bw,,,,,,,Nb,Bb,Qb,Kw,Rw,Nb,Qw,Kb,Rb	darkGray	0
182dab91ac85d35378301eba857d36f6	2254	Bb,Bw,Qb,Pw,Rb,Bb,Qw,Kb,Qw,,,,,,,Nw,Kb,,,,,,,Bb,Rw,,,,,,,Kw,Nb,,,,,,,Pw,Qb,,,,,,,Nb,Kw,,,,,,,Qw,Nw,Nw,Qb,Kb,Rb,Nb,Bw,Rb	lightRed	0
182eb73b490bd0f1aa9c9736f132f81f	2083	Bw,Rb,Bw,Qw,Pw,Rw,Nb,Bw,Kb,,,,,,,Kw,Pb,,,,,,,Pw,Nb,,,Bw,Bw,,,Nw,Bw,,,Bw,Bw,,,Bb,Kw,,,,,,,Kb,Pw,,,,,,,Pb,Pb,Bw,Qb,Pb,Rw,Bb,Qw,Bb	darkRed	0
1835f8004500bd51e128ec5499fcda42	125	Rb,Bb,Rw,Pw,Qw,Bw,Rb,Nb,Kw,,,,,,,Qb,Qb,,,,,,,Pb,Nw,,,,,,,Rw,Rb,,,,,,,Bb,Kb,,,,,,,Qw,Qw,,,,,,,Pw,Bb,Pw,Qw,Bb,Rw,Pb,Qb,Qb	lightRed	0
1839249270dcf33a831f8f7051b60477	153	Pb,Bw,Rb,Pw,Qw,Bb,Rw,Rw,Bb,,,,,,,Pw,Kw,,,,,,,Kw,Pb,,,Pb,Pb,,,Bw,Nw,,,Pb,Pb,,,Nb,Bw,,,,,,,Pb,Kb,,,,,,,Kb,Rb,Bb,Kw,Pw,Nb,Bw,Kb,Pw	darkRed	0
184b5a3262a10f481dcd1735ae31aef2	1538	Kw,Bw,Nb,Pb,Kb,Bb,Nw,Rw,Bb,,,,,,,Bb,Rw,,,,,,,Qw,Pb,,,Pb,Pb,,,Pb,Qb,,,Pb,Pb,,,Rw,Bw,,,,,,,Bw,Rb,,,,,,,Qb,Qb,Bw,Nb,Pw,Kw,Bb,Nw,Qw	darkGray	1
185c9ee8eaa7e50b16e8bf94a6ef89b0	1501	Qb,Pw,Rb,Bw,Qb,Pb,Rw,Pw,Kw,,,,,,,Nw,Bb,,,,,,,Qb,Nw,,,,,,,Qw,Pb,,,,,,,Rw,Kb,,,,,,,Nb,Bw,,,,,,,Qw,Rw,Bb,Kw,Pw,Nb,Bw,Kb,Pb	lightGray	0
185fd82beaa5a55eb286f8275387da2b	2152	Pw,Bw,Nb,Pb,Kb,Qb,Nw,Nw,Bb,,,,,,,Rb,Nw,,,,,,,Nw,Pw,,,,,,,Qb,Kw,,,,,,,Kw,Bw,,,,,,,Rw,Nb,,,,,,,Bb,Nb,Nb,Bw,Kb,Pb,Nw,Bb,Bw	lightRed	0
186332c89db649fcfde5a36e4cd4b2dc	60	Rb,Bw,Nb,Pw,Kw,Bb,Nw,Rw,Pb,,,,,,,Rb,Qb,,,,,,,Nw,Bb,,,Pw,Pw,,,Qb,Rw,,,Pw,Pw,,,Kw,Pw,,,,,,,Rw,Qw,,,,,,,Nb,Nb,Kb,Pb,Nb,Bw,Kw,Pw,Nw	lightRed	0
186761f261baa323385e138cc373fa08	2580	Bw,Qw,Bb,Rb,Pw,Qb,Bw,Pw,Rw,,,,,,,Qw,Kw,,,,,,,Kb,Qw,,,,,,,Rw,Nb,,,,,,,Nb,Rb,,,,,,,Qb,Kb,,,,,,,Kw,Bb,Rw,Pb,Qb,Bw,Rb,Pw,Rw	lightGray	0
18782c661fd2eab339218a2cc58382d8	791	Bw,Qb,Pb,Rw,Bb,Qw,Pw,Bb,Rw,,,,,,,Qb,Kw,,,,,,,Pb,Qw,,,Pb,Pb,,,Rb,Nb,,,Pb,Pb,,,Bw,Rb,,,,,,,Qw,Kb,,,,,,,Kb,Qw,Rb,Nw,Qw,Kb,Pw,Nb,Rb	lightGray	0
187aaeb6b01a4a72081e1b8d6280880f	3947	Pw,Qw,Pw,Rw,Bb,Kb,Pb,Qb,Qw,,,,,,,Qw,Kb,,,,,,,Bb,Rw,,,Nb,Nb,,,Rb,Nb,,,Nb,Nb,,,Pw,Qb,,,,,,,Kb,Kw,,,,,,,Bw,Rw,Bw,Kb,Pb,Rw,Bb,Qw,Pw	darkGray	0
187b649bdd9616e34588aa364057be36	4014	Rb,Qb,Bw,Rw,Pb,Qw,Bb,Nb,Rb,,,,,,,Nb,Bw,,,,,,,Qw,Qw,,,,,,,Kb,Pw,,,,,,,Rb,Rw,,,,,,,Nw,Bb,,,,,,,Qb,Bb,Pb,Nw,Bw,Kb,Pw,Nb,Qw	darkRed	0
188e33f662dc4d983f0373ea86701508	2482	Bb,Qw,Bb,Rb,Kb,Qb,Bw,Kb,Rb,,,,,,,Bb,Nw,,,,,,,Kw,Qb,,,Rb,Rb,,,Pb,Kw,,,Rb,Rb,,,Nw,Rw,,,,,,,Bw,Nb,,,,,,,Kb,Kb,Pb,Nw,Bb,Kw,Pw,Nb,Nb	lightGray	0
1893c2a8114181f322ba62b748768d27	1714	Kw,Nw,Qb,Kw,Rw,Nb,Qw,Pw,Pw,,,,,,,Rw,Kw,,,,,,,Kw,Bw,,,,,,,Qb,Nb,,,,,,,Nw,Pb,,,,,,,Rb,Kb,,,,,,,Pw,Nw,Rw,Nb,Bw,Kb,Rb,Nw,Nb	lightGray	0
18968841627ffcebdcc9fe9b7e73d744	2816	Kb,Qb,Pb,Rb,Bw,Qw,Pw,Qw,Kb,,,,,,,Qw,Bw,,,,,,,Bb,Nw,,,Rb,Rb,,,Rb,Pb,,,Rb,Rb,,,Pw,Kw,,,,,,,Qb,Bb,,,,,,,Bw,Kb,Qw,Nb,Rb,Kb,Qb,Nw,Nw	darkGray	0
18a74cc30130f69180ccc471e9e14493	3920	Pw,Bb,Qw,Pw,Rb,Bw,Qb,Rw,Pb,,,,,,,Nb,Rw,,,,,,,Qw,Bb,,,,,,,Kb,Qw,,,,,,,Rb,Pw,,,,,,,Nw,Rb,,,,,,,Qb,Rw,Qb,Bw,Rb,Pw,Qw,Bb,Rw	lightRed	0
18b584b39b5b8028d34fd70f3eae0dfe	3090	Kb,Bb,Qw,Pw,Rb,Bw,Kb,Rw,Bb,,,,,,,Pw,Kw,,,,,,,Rb,Pb,,,,,,,Bw,Nw,,,,,,,Qb,Bw,,,,,,,Pb,Kb,,,,,,,Rw,Kw,Qw,Kb,Pb,Nw,Qb,Kw,Nw	darkRed	0
18bb9717bc7cb6edaffd1e8aa8cd3bfb	4066	Rw,Rb,Nw,Qb,Kw,Rw,Nb,Nb,Nw,,,,,,,Rb,Pb,,,,,,,Nw,Kw,,,,,,,Qw,Bb,,,,,,,Kb,Nb,,,,,,,Rw,Pw,,,,,,,Nb,Rw,Rb,Kb,Qb,Nw,Rw,Kw,Qb	darkRed	0
18d2d7b613b097fc38b63cb1df2f5908	925	Rw,Pb,Qb,Bw,Rb,Pw,Qw,Nw,Rw,,,,,,,Nw,Rw,,,,,,,Pb,Rw,,,Pb,Pb,,,Kb,Rw,,,Pb,Pb,,,Bw,Rw,,,,,,,Nb,Rw,,,,,,,Rw,Rw,Rw,Nb,Qw,Kb,Rb,Nw,Kw	darkGray	1
18d77a338be9b92f317e22063093355a	2976	Rw,Rw,Pb,Qw,Nb,Rb,Pw,Bw,Kw,,,,,,,Bw,Qb,,,,,,,Qb,Nw,,,,,,,Pb,Rb,,,,,,,Rw,Kb,,,,,,,Bb,Qw,,,,,,,Qw,Kw,Pw,Qw,Bw,Rb,Pb,Qb,Bw	lightGray	0
18f038d6d24cc79a0c344df26a973dff	3852	Kb,Qw,Pw,Rw,Bb,Qb,Pb,Qw,Qw,,,,,,,Rb,Bb,,,,,,,Bw,Rb,,,Nb,Nb,,,Qb,Pw,,,Nb,Nb,,,Pb,Qb,,,,,,,Rw,Bw,,,,,,,Bb,Kw,Kb,Pb,Rw,Bb,Qw,Pw,Rw	darkGray	0
1914d261eb9151d63cb6c1f04adf61ff	3755	Pb,Qb,Bw,Rw,Pb,Qw,Bb,Pw,Nb,,,,,,,Bb,Bw,,,,,,,Kw,Kb,,,Rb,Rb,,,Pw,Pb,,,Rb,Rb,,,Rb,Nw,,,,,,,Bw,Bb,,,,,,,Qb,Pb,Pw,Nb,Bw,Kb,Pb,Nw,Pb	lightGray	0
1919c2d7f10e0a5e47de7fdfbdef9653	1256	Nb,Qw,Nb,Pb,Kb,Bb,Nw,Rw,Pw,,,,,,,Rb,Rb,,,,,,,Bw,Bb,,,,,,,Qw,Qw,,,,,,,Pw,Kw,,,,,,,Rw,Rw,,,,,,,Bb,Rw,Pb,Nw,Bw,Kb,Pw,Nb,Kb	darkRed	0
1922ac94a8e74ee15b89893a77b359f0	309	Kb,Bb,Pw,Pb,Kb,Bw,Nb,Rw,Pb,,,,,,,Nb,Qb,,,,,,,Pw,Bw,,,,,,,Kw,Nb,,,,,,,Bb,Pw,,,,,,,Rw,Kw,,,,,,,Pb,Bw,Nb,Bw,Kw,Pw,Nw,Bb,Rb	darkGray	0
192cee771fd402ae45da25b3adc16174	2575	Pw,Bb,Qw,Pw,Rb,Bw,Qb,Qb,Rw,,,,,,,Kw,Pb,,,,,,,Bb,Qw,,,Rw,Rw,,,Nw,Bb,,,Rw,Rw,,,Pb,Rb,,,,,,,Kb,Pw,,,,,,,Bw,Nw,Nw,Bb,Kw,Pw,Nb,Bw,Kb	darkRed	0
193eed93090193762f3b1cec7e3ccdb9	1044	Kw,Kb,Rb,Nw,Qb,Pb,Rw,Kb,Rb,,,,,,,Bb,Nw,,,,,,,Kw,Qw,,,,,,,Rb,Kb,,,,,,,Nw,Rw,,,,,,,Qw,Bb,,,,,,,Kb,Bb,Qb,Kw,Rw,Nb,Qw,Kb,Kb	lightRed	0
1957b7d5a7ebbd9f921339616afcff7d	1458	Pb,Pw,Nb,Bb,Kw,Pb,Nw,Bb,Pw,,,,,,,Kw,Rb,,,,,,,Qb,Bw,,,Pb,Pb,,,Nw,Qb,,,Pb,Pb,,,Rb,Pb,,,,,,,Kb,Rw,,,,,,,Qw,Kb,Pw,Qw,Bw,Rb,Pb,Qb,Rw	lightGray	0
1969fc0ece6470f24f68fa7471d2f07e	1475	Kw,Pw,Kw,Bw,Nb,Pb,Kb,Pb,Kw,,,,,,,Pw,Qb,,,,,,,Pw,Nb,,,Nw,Nw,,,Bb,Rw,,,Nw,Nw,,,Nw,Kb,,,,,,,Pb,Qw,,,,,,,Qb,Pw,Nw,Rb,Pw,Qw,Nb,Rw,Bw	darkRed	0
19860947e587611eb583e547eda1a4b3	3315	Kb,Kw,Rw,Nb,Qw,Kb,Rb,Bw,Rb,,,,,,,Rw,Pw,,,,,,,Kw,Qb,,,,,,,Qw,Bw,,,,,,,Nb,Rw,,,,,,,Rb,Pb,,,,,,,Kb,Qw,Pb,Qb,Bw,Nb,Pw,Qw,Bb	darkGray	0
19922a8e731d21282ad00f59b2a1353f	1011	Qw,Qb,Pb,Rw,Bb,Qw,Pw,Rb,Nb,,,,,,,Qb,Rw,,,,,,,Pb,Kb,,,,,,,Rb,Bw,,,,,,,Bw,Nw,,,,,,,Qw,Rb,,,,,,,Pw,Bw,Rb,Nw,Qw,Kb,Rw,Nb,Rb	darkGray	0
19ac30376797aa8d3da4ba0ce4cd077e	598	Kb,Pb,Nw,Qw,Kb,Rw,Nb,Pw,Bw,,,,,,,Qb,Rb,,,,,,,Pb,Pw,,,,,,,Rb,Qw,,,,,,,Bw,Bb,,,,,,,Qw,Rw,,,,,,,Pw,Qw,Qw,Kb,Rb,Nw,Qb,Kw,Pw	lightRed	0
19b7f06c5bd45bc083c5b28de5fb5de9	3236	Qw,Pb,Qb,Bw,Nb,Pw,Qw,Bb,Nb,,,,,,,Pb,Rw,,,,,,,Qb,Kb,,,Qb,Qb,,,Bw,Qw,,,Qb,Qb,,,Rb,Nw,,,,,,,Pw,Rb,,,,,,,Qw,Pw,Nw,Qb,Kb,Rb,Nb,Qw,Bw	lightGray	0
19c81aefbc3fa58a20714979cd55d80d	3484	Kw,Bb,Kw,Pw,Nb,Bw,Kb,Pw,Bb,,,,,,,Rw,Pw,,,,,,,Pb,Pw,,,,,,,Qw,Kw,,,,,,,Nb,Bw,,,,,,,Rb,Nb,,,,,,,Pw,Rb,Nw,Qb,Kb,Rb,Nb,Kw,Qb	darkRed	0
19ca64422fea9d1c9c02b3d60559bf2c	206	Bw,Nw,Pb,Kb,Bw,Nb,Pw,Kb,Kb,,,,,,,Pb,Qw,,,,,,,Kb,Bb,,,Bb,Bb,,,Bw,Rw,,,Bb,Bb,,,Nb,Pb,,,,,,,Pw,Qb,,,,,,,Kw,Nb,Bw,Rb,Pw,Qw,Bb,Rw,Rw	lightRed	0
19cc806a745d170bb38e8c84d5688ed2	3947	Pw,Qw,Pw,Rw,Bb,Kb,Pb,Qb,Qw,,,,,,,Qw,Kb,,,,,,,Bw,Rw,,,Nb,Nb,,,Rb,Nb,,,Nb,Nb,,,Pw,Qb,,,,,,,Kb,Kw,,,,,,,Bw,Rw,Bw,Kb,Pb,Rw,Bb,Qw,Pw	darkGray	0
19d971fa0137cd175c374cd0271dad96	1337	Rw,Rb,Kb,Qb,Nw,Rw,Kw,Qb,Nb,,,,,,,Bb,Bw,,,,,,,Kw,Kw,,,Nw,Nw,,,Pb,Pw,,,Nw,Nw,,,Nw,Nw,,,,,,,Bw,Bb,,,,,,,Kb,Qw,Rb,Nw,Qw,Kb,Rw,Nb,Pb	darkGray	0
19ddfcdd360f5900ec569468e32d2868	927	Pw,Nb,Bw,Kw,Pw,Nw,Bb,Qb,Bb,,,,,,,Bw,Rw,,,,,,,Rb,Pb,,,Nw,Nw,,,Pb,Qb,,,Nw,Nw,,,Qb,Bw,,,,,,,Bb,Rb,,,,,,,Nw,Bw,Pb,Nw,Bw,Kb,Pw,Nb,Nw	darkRed	0
19e64641bd5e29b4f28ff81fe3729fa3	698	Qb,Rw,Kw,Qw,Nb,Rb,Kb,Qb,Pb,,,,,,,Kw,Nw,,,,,,,Qb,Bb,,,,,,,Nw,Kw,,,,,,,Rb,Pw,,,,,,,Kb,Nb,,,,,,,Qw,Pb,Nb,Rw,Kb,Qw,Nw,Pb,Kw	darkGray	0
19f241cc3e59709dc0ba7001f3714ad4	864	Qw,Kb,Pb,Nb,Qw,Kw,Pw,Nb,Pw,,,,,,,Pw,Qw,,,,,,,Qw,Nw,,,,,,,Bw,Rb,,,,,,,Rb,Pb,,,,,,,Pb,Qb,,,,,,,Qb,Kw,Rb,Kb,Qw,Nb,Rw,Kw,Rw	darkGray	0
19f3d0168a273d1ff69c415813b4a648	1161	Nw,Kb,Bw,Nb,Pw,Qw,Bb,Pb,Nb,,,,,,,Pw,Rw,,,,,,,Rb,Pb,,,,,,,Bb,Qb,,,,,,,Qw,Nw,,,,,,,Pb,Rb,,,,,,,Rw,Pb,Qb,Pb,Rw,Bb,Qw,Pw,Nb	darkGray	1
19f440e4e2dedeb246bb470b8e8aea7c	1167	Qw,Kb,Rb,Nb,Qw,Kw,Rw,Qb,Bb,,,,,,,Pw,Rw,,,,,,,Qw,Pw,,,,,,,Bw,Qw,,,,,,,Rb,Bw,,,,,,,Pb,Rb,,,,,,,Qb,Kb,Rb,Nw,Qb,Kw,Rw,Nb,Nw	darkGray	0
1a04d4b35ff29fe30e83605c29998ac3	863	Rw,Pw,Kw,Bw,Nb,Pb,Qb,Qb,Rw,,,,,,,Kb,Rw,,,,,,,Pb,Rw,,,,,,,Nw,Rw,,,,,,,Bb,Rw,,,,,,,Kw,Rw,,,,,,,Pw,Rw,Pb,Kb,Bb,Nw,Pw,Kw,Qb	darkRed	0
1a0a411a68d85d31ad1be8424c899445	738	Rw,Rw,Rw,Rw,Rw,Rw,Rw,Rw,Nb,,,,,,,Pb,Rw,,,,,,,Rw,Kw,,,,,,,Bb,Qb,,,,,,,Qw,Nw,,,,,,,Pw,Rb,,,,,,,Rb,Bb,Rb,Bw,Qw,Pw,Rw,Bb,Nw	lightGray	0
1a0c1975097af4f0fd06c848936d4552	1968	Rw,Pw,Kw,Bb,Nw,Pb,Kb,Rb,Kb,,,,,,,Bb,Qw,,,,,,,Nw,Nw,,,Rb,Rb,,,Pb,Rb,,,Rb,Rb,,,Kb,Kw,,,,,,,Bw,Kb,,,,,,,Rb,Kb,Rw,Pb,Qw,Bb,Nb,Pw,Bb	lightGray	0
1a4f58677dacb3b0abb537f4421661f9	3803	Qb,Pb,Rw,Bb,Qw,Pw,Rb,Pw,Pw,,,,,,,Pw,Kw,,,,,,,Nb,Bw,,,,,,,Qb,Nb,,,,,,,Kw,Pb,,,,,,,Pb,Kb,,,,,,,Nw,Bb,Nw,Rb,Kw,Qb,Nb,Rw,Qb	darkGray	0
1a69525df91177dfc528588ce3179eff	1804	Pb,Nw,Rb,Kw,Qb,Nb,Rw,Pb,Nw,,,,,,,Kb,Rb,,,,,,,Rb,Kw,,,,,,,Nb,Qb,,,,,,,Qw,Nb,,,,,,,Kw,Rw,,,,,,,Rw,Qb,Nw,Qb,Kw,Rw,Nb,Qw,Nb	lightGray	0
1a75a68833b20ddb7fb2bc27e320bc14	2010	Kb,Pw,Rb,Bw,Qb,Pb,Rw,Rb,Nb,,,,,,,Nb,Pw,,,,,,,Rw,Kw,,,Nb,Nb,,,Kb,Bb,,,Nb,Nb,,,Qw,Nw,,,,,,,Nw,Pb,,,,,,,Rb,Kb,Pw,Qw,Bw,Rb,Pb,Qb,Qw	lightRed	0
1a8e9bcbd8ffb94ee00e42c0ebbdbf1c	3973	Rw,Kw,Bb,Nb,Pw,Kb,Bw,Kw,Kb,,,,,,,Pb,Qw,,,,,,,Rw,Nb,,,,,,,Bb,Rw,,,,,,,Qw,Kw,,,,,,,Pw,Qb,,,,,,,Nb,Nb,Pw,Qw,Bw,Rb,Pb,Kb,Nb	lightGray	0
1aafa4699f37b939fb3c3a04ae5d8288	865	Kw,Kw,Pw,Nb,Bw,Kb,Pb,Nb,Kb,,,,,,,Bw,Qw,,,,,,,Nb,Nb,,,Nb,Nb,,,Pb,Rw,,,Nb,Nb,,,Kb,Kw,,,,,,,Bb,Qb,,,,,,,Nw,Nw,Nw,Bb,Kw,Pw,Nb,Bw,Kb	darkGray	0
1ab64562c4267b786cc791aae33356c9	1700	Bb,Bb,Kw,Pb,Nw,Bw,Kb,Qb,Qb,,,,,,,Rw,Pb,,,,,,,Bb,Rw,,,,,,,Qw,Bb,,,,,,,Pw,Qw,,,,,,,Nb,Pw,,,,,,,Bw,Bw,Kw,Qb,Bw,Rb,Kb,Qw,Kb	darkGray	0
1abd8b57ec00746121669b0fdf539361	2318	Kw,Bw,Kb,Pb,Nw,Bb,Kw,Bb,Kb,,,,,,,Kw,Pb,,,,,,,Qb,Nw,,,Pb,Pb,,,Nw,Bb,,,Pb,Pb,,,Rb,Kw,,,,,,,Kb,Pw,,,,,,,Qw,Pw,Pw,Nb,Bw,Kb,Pb,Nw,Qb	darkRed	0
1ac14bb87954064683d7f8e7b8c48305	2987	Bw,Nw,Pb,Qw,Bb,Nb,Pw,Kb,Nb,,,,,,,Bb,Bw,,,,,,,Rw,Kw,,,,,,,Pb,Pw,,,,,,,Qb,Nw,,,,,,,Bw,Bb,,,,,,,Rb,Qw,Qw,Bb,Rw,Pb,Qb,Nw,Pw	darkRed	0
1acade6e92636fa0186fd6c1230df030	2088	Nb,Rw,Nb,Qw,Kb,Rb,Nw,Pw,Qw,,,,,,,Rw,Bb,,,,,,,Kw,Rb,,,Qb,Qb,,,Qw,Pw,,,Qb,Qb,,,Nb,Qb,,,,,,,Rb,Bw,,,,,,,Kb,Nw,Pb,Qb,Bw,Rb,Pw,Qw,Rw	darkRed	0
1ad81382a72031306c06dedd3945e4dc	284	Nb,Pw,Kw,Bb,Nw,Pb,Kb,Bb,Qb,,,,,,,Pw,Kw,,,,,,,Kw,Rb,,,Nb,Nb,,,Bb,Nw,,,Nb,Nb,,,Nw,Qw,,,,,,,Pb,Kb,,,,,,,Kb,Bw,Qb,Bw,Rw,Pb,Qw,Bb,Qb	lightGray	0
1ae6fd815d74d3f6cc0c77fa6881b580	2778	Qb,Nw,Rb,Kb,Qw,Nb,Rw,Bb,Rw,,,,,,,Nw,Kw,,,,,,,Qb,Bw,,,Pb,Pb,,,Pw,Nb,,,Pb,Pb,,,Rb,Rb,,,,,,,Nb,Kb,,,,,,,Qw,Kw,Qb,Pb,Rw,Bb,Qw,Pw,Pw	lightGray	0
1ae74ab7eb7318bbe82bcaef2d711719	716	Nw,Bb,Nw,Pw,Kw,Bw,Nb,Pb,Qw,,,,,,,Nb,Pw,,,,,,,Bw,Rw,,,Pb,Pb,,,Kb,Bb,,,Pb,Pb,,,Pb,Qb,,,,,,,Rw,Pb,,,,,,,Bb,Rw,Rw,Bb,Qb,Pb,Rb,Bw,Kw	darkRed	0
1aeb688bedd418f8775423bef79ecb0d	1192	Bb,Bw,Kb,Pw,Nb,Bb,Kw,Nb,Pw,,,,,,,Bb,Qw,,,,,,,Nw,Bb,,,,,,,Pw,Rw,,,,,,,Kw,Pb,,,,,,,Bw,Qb,,,,,,,Nb,Bw,Qw,Pw,Rw,Bb,Qb,Pb,Nw	lightGray	0
1af24c6678fc00501cbb5acd54af40fd	3927	Qb,Rw,Nb,Qw,Kb,Rb,Nw,Rw,Nb,,,,,,,Qb,Qw,,,,,,,Bw,Kb,,,Nw,Nw,,,Rw,Rb,,,Nw,Nw,,,Pb,Nw,,,,,,,Qw,Qb,,,,,,,Bb,Rb,Nb,Pw,Kb,Bw,Nw,Pb,Nw	darkRed	0
1af25246ec458bdda16916513c2972e5	3918	Rw,Bw,Kb,Pw,Nb,Bb,Kw,Pb,Rw,,,,,,,Rw,Pb,,,,,,,Nb,Qw,,,,,,,Qb,Bb,,,,,,,Kw,Rb,,,,,,,Rb,Pw,,,,,,,Bw,Rb,Pb,Rw,Bw,Qb,Pw,Rb,Rb	lightGray	0
1af536de4d6d9c425f4e40f6422b7823	3722	Pb,Qb,Pb,Rw,Bb,Qw,Pw,Qb,Bw,,,,,,,Qw,Nb,,,,,,,Nb,Pb,,,,,,,Rw,Kb,,,,,,,Kw,Bb,,,,,,,Qb,Nw,,,,,,,Nw,Qb,Qb,Bw,Rw,Pb,Qw,Bb,Kw	lightRed	0
1b04b030d98739cfceef24fd377b8a12	3940	Qb,Kw,Rw,Nb,Bw,Kb,Rb,Qw,Qb,,,,,,,Rw,Kw,,,,,,,Kw,Rb,,,,,,,Qb,Nw,,,,,,,Nw,Qw,,,,,,,Rb,Kb,,,,,,,Kb,Pb,Bb,Kw,Pb,Nw,Bw,Kb,Kw	darkRed	0
1b0b453d61bb48f9b55ba58a0558bd47	3795	Bw,Bb,Nw,Pw,Kw,Bw,Nb,Nb,Rw,,,,,,,Rb,Pb,,,,,,,Bw,Qw,,,,,,,Qb,Bb,,,,,,,Kw,Rb,,,,,,,Rw,Pw,,,,,,,Nb,Bb,Qb,Nw,Rb,Kb,Qw,Nb,Rw	lightRed	0
1b3106c66fdd4ea02fd644575fcf235f	1462	Nw,Nw,Bb,Kb,Pb,Nb,Bw,Pb,Bw,,,,,,,Rw,Qb,,,,,,,Bb,Pw,,,,,,,Qw,Rb,,,,,,,Pw,Bb,,,,,,,Rb,Qw,,,,,,,Bw,Bb,Nw,Pb,Kb,Qw,Nb,Pw,Nb	lightRed	0
1b36e3861bbf5abe83c5ba8030d7295b	3873	Nb,Qb,Pb,Rw,Nb,Qw,Pw,Pw,Kb,,,,,,,Kw,Pb,,,,,,,Qb,Rw,,,Kb,Kb,,,Nb,Bb,,,Kb,Kb,,,Rw,Qw,,,,,,,Kb,Kb,,,,,,,Qw,Qw,Pb,Nw,Bw,Kb,Pw,Rb,Nw	darkGray	1
1b38a4c793d8d245d8cfe7b80f467a97	950	Qw,Bw,Rb,Pb,Qb,Bb,Rw,Kb,Kb,,,,,,,Bw,Bw,,,,,,,Kb,Nw,,,Kb,Kb,,,Pw,Pb,,,Kb,Kb,,,Nb,Kw,,,,,,,Bb,Bb,,,,,,,Kw,Bb,Kw,Rw,Nb,Qw,Kb,Rb,Pb	darkGray	0
1b3d893a39f00520a3d8c5f2529cd83d	157	Qb,Pw,Kw,Bw,Nb,Pb,Kb,Pw,Bw,,,,,,,Pb,Rb,,,,,,,Kb,Pb,,,Pb,Pb,,,Bw,Qb,,,Pb,Pb,,,Nb,Bb,,,,,,,Pw,Rw,,,,,,,Kw,Kw,Nw,Bb,Kb,Pb,Nb,Bw,Kw	lightRed	0
1b489660166355c98e7c30207680e560	92	Pb,Nb,Pw,Kw,Bb,Nw,Pb,Rw,Rb,,,,,,,Kw,Kb,,,,,,,Rw,Qw,,,Nb,Nb,,,Nw,Nb,,,Nb,Nb,,,Qb,Rw,,,,,,,Kb,Kw,,,,,,,Rb,Kw,Bb,Qw,Pb,Nw,Bw,Kb,Rb	lightGray	1
1b4d79c8e17cca1dc58681c3347add13	3058	Nw,Qb,Bw,Rw,Pb,Qw,Bb,Nb,Rb,,,,,,,Bw,Bw,,,,,,,Rb,Qb,,,,,,,Pw,Pb,,,,,,,Qw,Rw,,,,,,,Bb,Bb,,,,,,,Rw,Pb,Qb,Bw,Rb,Pw,Qw,Bb,Kb	lightRed	1
1b6002c06bd2c203d92103cf37805e09	2668	Nb,Kw,Bb,Nw,Pb,Kb,Bw,Qb,Kb,,,,,,,Kw,Rb,,,,,,,Rw,Nw,,,,,,,Nw,Bb,,,,,,,Qb,Kw,,,,,,,Kb,Rw,,,,,,,Pb,Rb,Nw,Bb,Kw,Pw,Rb,Bw,Pw	darkRed	0
1b731513eba3f7c7caf691203bcf3462	3400	Nb,Kb,Bw,Rw,Pb,Kw,Bb,Rw,Nw,,,,,,,Rw,Rb,,,,,,,Bb,Kw,,,Bb,Bb,,,Qw,Qb,,,Bb,Bb,,,Pw,Nb,,,,,,,Rb,Rw,,,,,,,Bw,Kb,Kb,Bw,Nw,Pb,Kw,Bb,Kw	lightGray	0
1b7e9c834967be91c3e47a5537d01987	4066	Rw,Rb,Nw,Qb,Kw,Rw,Nb,Nb,Nw,,,,,,,Rb,Pb,,,,,,,Nw,Kw,,,,,,,Qw,Bb,,,,,,,Kb,Nb,,,,,,,Rw,Pw,,,,,,,Nb,Rw,Rb,Kb,Qb,Nw,Rw,Kw,Qb	darkRed	0
1b8458097930a634a5a0550c495bfc3d	818	Kw,Pb,Kb,Bb,Rw,Pw,Qw,Nb,Rw,,,,,,,Bw,Bb,,,,,,,Rb,Qw,,,,,,,Pw,Pw,,,,,,,Kw,Rb,,,,,,,Bb,Bw,,,,,,,Rw,Pb,Nw,Pb,Kb,Bw,Nb,Pw,Qw	lightRed	0
1b912fbd2b164612657dc1bf506811ce	1720	Nb,Nw,Rb,Kw,Qb,Bb,Rw,Rb,Qw,,,,,,,Qb,Kb,,,,,,,Bw,Rw,,,,,,,Rb,Nb,,,,,,,Pw,Bb,,,,,,,Qw,Kw,,,,,,,Nb,Rw,Rw,Rw,Rw,Rw,Rw,Rw,Rw	darkGray	0
1b9d8b6e7e6df839843e14a8f7ffbf00	2035	Rw,Nw,Rb,Kw,Qb,Nb,Rw,Bb,Qb,,,,,,,Rb,Kw,,,,,,,Bw,Rw,,,,,,,Qw,Nb,,,,,,,Pw,Qw,,,,,,,Nw,Pw,,,,,,,Bb,Kw,Rb,Bw,Qw,Pw,Rw,Bb,Nb	darkRed	0
1baa9dcf41f6f2fd4e0cfdf5f1f35dca	258	Qb,Qw,Pw,Rb,Bw,Qb,Pb,Qw,Qw,,,,,,,Kb,Kb,,,,,,,Rb,Rb,,,,,,,Nb,Nw,,,,,,,Qw,Bb,,,,,,,Kw,Kw,,,,,,,Rw,Qb,Pw,Rb,Bb,Qw,Pb,Rw,Bw	lightRed	0
1bbd91d90958a2759eb6b1099d7b4163	1070	Rw,Pw,Kw,Bw,Nb,Pb,Kb,Nw,Qb,,,,,,,Kb,Pb,,,,,,,Rb,Rb,,,,,,,Nb,Bw,,,,,,,Qw,Qw,,,,,,,Kw,Pw,,,,,,,Rw,Bw,Qw,Nb,Rw,Kw,Qb,Nw,Bb	darkGray	0
1bcf4e3de9eb31e18ca8eed5fe188d78	1911	Nw,Kb,Pb,Nw,Bb,Kw,Pw,Kw,Pw,,,,,,,Bb,Qw,,,,,,,Nw,Bw,,,Qw,Qw,,,Pw,Rb,,,Qw,Qw,,,Kw,Kw,,,,,,,Bw,Qb,,,,,,,Nb,Qb,Nw,Rb,Kw,Qb,Nb,Rw,Qw	darkGray	0
1bd381e798568f91e5567f1c7562e531	1701	Nw,Nw,Bb,Kw,Pw,Nb,Bw,Nb,Bw,,,,,,,Qb,Nb,,,,,,,Bw,Pw,,,Bb,Bb,,,Rw,Kw,,,Bb,Bb,,,Pb,Bb,,,,,,,Qw,Nw,,,,,,,Bb,Rb,Qb,Pb,Rb,Bw,Qw,Pw,Nb	lightGray	0
1bd61c95b2b39ca445d34a717cee07f1	3869	Pb,Qw,Bb,Rb,Pw,Qb,Bw,Nb,Bb,,,,,,,Rw,Kw,,,,,,,Pb,Pb,,,,,,,Qw,Nw,,,,,,,Bb,Bw,,,,,,,Rb,Kb,,,,,,,Kb,Bw,Bw,Nb,Pb,Kb,Bb,Nw,Rb	darkRed	0
1bda02b8d6be7019427972551ee229de	3520	Bb,Bw,Nb,Pw,Kw,Bb,Nw,Bb,Kb,,,,,,,Pb,Pb,,,,,,,Rw,Nw,,,,,,,Bw,Bb,,,,,,,Qb,Kw,,,,,,,Pw,Pw,,,,,,,Rb,Pw,Rb,Bw,Qw,Pw,Rw,Bb,Bb	lightGray	0
1bdb4d023ba25ad2e9a1dbb359ff5c8a	947	Pb,Pw,Kw,Bw,Nb,Pb,Kb,Nb,Nw,,,,,,,Kw,Pb,,,,,,,Pw,Kb,,,Nb,Nb,,,Nw,Bw,,,Nb,Nb,,,Bb,Nb,,,,,,,Kb,Pw,,,,,,,Pb,Bb,Rb,Kb,Qb,Nw,Rw,Kw,Nb	lightGray	0
1be5b8abcb37488336214788461c189e	1999	Qw,Qb,Pb,Rw,Nb,Qw,Qb,Qw,Qb,,,,,,,Rb,Rb,,,,,,,Bw,Nw,,,,,,,Qb,Qb,,,,,,,Pb,Qw,,,,,,,Rw,Rw,,,,,,,Bb,Qb,Pb,Qb,Bw,Rb,Pw,Qw,Rw	darkRed	0
1be827e3583f1128d9d1e4ebdab24040	2047	Nb,Rb,Kb,Qw,Nb,Rw,Kw,Nb,Rb,,,,,,,Nw,Kb,,,,,,,Rb,Qb,,,Nb,Nb,,,Kw,Nw,,,Nb,Nb,,,Qb,Rw,,,,,,,Nb,Kw,,,,,,,Rw,Nw,Bb,Nw,Pb,Kb,Bw,Nb,Rw	darkGray	0
1be85e9a53f93c79b206222f789e218d	3524	Kw,Kb,Bw,Nb,Pw,Kw,Bb,Nw,Bb,,,,,,,Rb,Kw,,,,,,,Nw,Pw,,,,,,,Qw,Rb,,,,,,,Kb,Bw,,,,,,,Pw,Qb,,,,,,,Nb,Nb,Pb,Nw,Bw,Kb,Pw,Nb,Rb	darkGray	0
1beb30323af4c4152a1e52f73871c4cd	397	Pw,Qb,Kw,Rw,Nb,Qw,Kb,Rw,Qw,,,,,,,Qw,Nb,,,,,,,Bb,Rb,,,,,,,Rb,Kb,,,,,,,Pw,Qb,,,,,,,Kb,Nw,,,,,,,Bw,Kw,Nw,Rb,Kb,Qw,Nb,Rw,Kw	darkGray	0
1bef72e6f5ed5774830c81b301bdecfe	3580	Nb,Rw,Kw,Qb,Nw,Rb,Kb,Kb,Rw,,,,,,,Bw,Bb,,,,,,,Rw,Qb,,,Pb,Pb,,,Pb,Pb,,,Pb,Pb,,,Qb,Nb,,,,,,,Bb,Bw,,,,,,,Rw,Qw,Kw,Rw,Nb,Qw,Pw,Rb,Nw	lightGray	0
1bf954555e2fe4a4ca4c3eeb12833d5a	3354	Pw,Pw,Qw,Nw,Rb,Pb,Qb,Qw,Pw,,,,,,,Nw,Nb,,,,,,,Bb,Bw,,,,,,,Kw,Kb,,,,,,,Pw,Pb,,,,,,,Nb,Nw,,,,,,,Qw,Kw,Bb,Nw,Pw,Kw,Bw,Nb,Qw	lightRed	0
1c07b740984fb80cb07e5b1e40103d23	732	Kw,Rw,Bb,Kw,Pw,Rb,Bw,Kw,Pw,,,,,,,Nb,Rb,,,,,,,Bw,Bw,,,Kw,Kw,,,Kb,Qb,,,Kw,Kw,,,Pb,Pb,,,,,,,Nw,Rw,,,,,,,Qb,Kb,Bb,Rw,Pw,Kw,Bw,Rb,Kb	darkRed	0
1c07bc39bf9d21c9a4805d5d4b7d936f	2222	Rw,Bb,Kw,Pw,Nb,Bw,Kb,Nw,Rw,,,,,,,Pb,Rw,,,,,,,Qb,Rw,,,Pb,Pb,,,Bw,Rw,,,Pb,Pb,,,Rb,Rw,,,,,,,Pw,Rw,,,,,,,Qw,Rw,Nw,Rb,Kw,Qb,Nb,Rw,Kw	darkGray	0
1c2219191720d22e511c9c9271449a6d	3213	Kw,Nw,Pb,Kb,Bw,Nb,Pw,Pb,Qb,,,,,,,Bb,Kw,,,,,,,Kw,Rb,,,,,,,Pw,Nw,,,,,,,Nb,Qw,,,,,,,Bw,Kb,,,,,,,Kb,Qb,Pb,Nw,Bb,Kw,Pw,Rb,Nb	darkRed	0
1c3be178cea526d892e1ac1f12d0d0f8	897	Qb,Rb,Kb,Qb,Nw,Rw,Pb,Pb,Bb,,,,,,,Rb,Qw,,,,,,,Nw,Pw,,,,,,,Qb,Rb,,,,,,,Kw,Bw,,,,,,,Rw,Qb,,,,,,,Nb,Qw,Bw,Nb,Pb,Kb,Bb,Nw,Pb	lightGray	0
1c3c9166bf05151ab3d914531e472d29	265	Kb,Qb,Nw,Rb,Pw,Qw,Bb,Bb,Bb,,,,,,,Bw,Qw,,,,,,,Qb,Pw,,,,,,,Pb,Rb,,,,,,,Rw,Bw,,,,,,,Bb,Qb,,,,,,,Qw,Nb,Nw,Pb,Kb,Qw,Nb,Pw,Rw	darkGray	0
1c4b8e5ef4efff4b9b3951de1e290f0c	1505	Rb,Pw,Qw,Bb,Rw,Pb,Qb,Kw,Pw,,,,,,,Nw,Nb,,,,,,,Rb,Bw,,,,,,,Pw,Kb,,,,,,,Qw,Rb,,,,,,,Nb,Nw,,,,,,,Rw,Rw,Rw,Bb,Qw,Pw,Rb,Bw,Nb	darkGray	0
1c5321c6b325e3cfdc6e7d122b09e736	2486	Qb,Kw,Rw,Nb,Qw,Kb,Rb,Rw,Qw,,,,,,,Qb,Bb,,,,,,,Kw,Nw,,,Nw,Nw,,,Rw,Pb,,,Nw,Nw,,,Nb,Kb,,,,,,,Qw,Bw,,,,,,,Pw,Rb,Qb,Kw,Rb,Nw,Qw,Kb,Kw	lightRed	0
1c5d528cf508fe3442a0b365e9a4ce3b	2475	Qw,Nb,Bw,Kb,Pb,Nw,Bb,Kb,Bw,,,,,,,Qb,Kb,,,,,,,Kw,Pb,,,,,,,Rb,Nw,,,,,,,Nw,Bb,,,,,,,Qw,Kw,,,,,,,Kb,Rb,Rw,Nb,Qw,Kb,Rb,Nw,Qw	darkGray	0
1c5d5dfe93763c27692655797d88a3dd	3856	Kw,Nw,Bb,Qw,Pw,Nb,Bw,Pb,Rw,,,,,,,Nb,Pb,,,,,,,Bw,Qb,,,,,,,Kb,Bw,,,,,,,Pb,Rb,,,,,,,Nw,Kb,,,,,,,Qb,Qw,Bb,Rw,Pb,Qb,Bw,Nb,Kw	darkRed	0
1c62e2259a368983b49358efa186a448	2171	Bb,Qw,Bb,Rw,Pb,Qb,Bw,Nb,Pb,,,,,,,Nb,Rw,,,,,,,Rw,Bw,,,Nb,Nb,,,Kw,Kb,,,Nb,Nb,,,Qb,Pw,,,,,,,Nw,Rb,,,,,,,Rb,Bb,Kb,Bw,Rw,Pb,Qw,Bb,Rb	darkGray	0
1c73678b5713a4bc529eae477d50e883	3660	Pw,Nb,Bw,Kb,Pb,Nw,Bb,Rw,Pw,,,,,,,Bb,Rb,,,,,,,Nw,Bb,,,,,,,Pb,Qw,,,,,,,Kb,Pb,,,,,,,Qw,Rw,,,,,,,Nb,Pb,Pb,Kb,Bb,Nw,Pw,Kw,Rb	lightRed	0
1c78fb34617b4aa730639e09260ec78e	3887	Nb,Qw,Kb,Rb,Nw,Qb,Kw,Kw,Nb,,,,,,,Qw,Pw,,,,,,,Bb,Kb,,,,,,,Rb,Bw,,,,,,,Pw,Nw,,,,,,,Qb,Pb,,,,,,,Bw,Kw,Nb,Bw,Kb,Pb,Nw,Bb,Pb	lightRed	0
1c7a63870be9e6a10d4374a0933e2c10	3268	Qw,Pb,Kb,Bw,Nb,Pw,Kw,Nw,Bw,,,,,,,Kw,Rb,,,,,,,Rw,Pw,,,Nw,Nw,,,Nw,Qw,,,Nw,Nw,,,Qb,Bb,,,,,,,Kb,Rw,,,,,,,Pb,Qw,Rw,Nb,Qb,Kw,Rb,Bw,Pb	lightGray	0
1c7ff51300848bfd5cfdf09a4ab58fc6	1323	Pb,Nb,Bw,Kb,Pb,Nw,Bb,Nb,Bb,,,,,,,Qb,Rw,,,,,,,Bw,Pb,,,Pb,Pb,,,Rw,Qb,,,Pb,Pb,,,Pb,Bw,,,,,,,Qw,Rb,,,,,,,Bb,Nw,Bb,Qw,Pb,Rw,Bw,Qb,Rw	lightGray	0
1c844c90abac32920aaa16a8ab1577b7	1203	Qb,Pw,Kw,Bb,Nw,Pb,Kb,Bw,Rb,,,,,,,Nb,Kb,,,,,,,Rw,Qw,,,,,,,Kb,Nb,,,,,,,Qw,Rw,,,,,,,Bw,Kw,,,,,,,Rb,Pb,Rw,Kw,Qb,Nw,Rb,Kb,Nw	lightGray	0
1c8a6e27163b09dc7af0b06f53187c8b	2425	Qb,Kb,Bw,Nw,Pb,Kw,Bb,Kw,Qb,,,,,,,Qw,Kw,,,,,,,Bb,Rb,,,Qb,Qb,,,Rb,Nw,,,Qb,Qb,,,Pw,Bw,,,,,,,Qb,Kb,,,,,,,Bw,Qb,Pb,Kb,Bw,Nb,Pw,Qw,Rw	darkGray	0
1c999f948ee241cc99aa298cf8921fb9	2826	Rw,Nw,Pb,Kb,Bw,Nb,Pw,Bb,Rw,,,,,,,Bb,Rw,,,,,,,Kw,Rw,,,Kb,Kb,,,Pb,Rw,,,Kb,Kb,,,Nw,Rw,,,,,,,Bw,Rw,,,,,,,Kb,Rw,Pb,Qb,Bw,Rb,Pw,Qw,Nw	lightGray	0
1cb499edaa8de0fb9bc5ec1eead27189	3521	Bb,Kb,Bw,Nb,Pw,Kw,Bb,Qw,Bw,,,,,,,Nb,Qb,,,,,,,Pw,Pb,,,,,,,Kb,Rw,,,,,,,Bw,Bb,,,,,,,Nw,Qw,,,,,,,Pb,Rb,Nb,Pw,Kw,Bb,Nw,Pb,Bw	darkGray	0
1cb9b430e14fa04f08fa0a874e9a78cc	3390	Bw,Nw,Bb,Kb,Pb,Nb,Bw,Nw,Pb,,,,,,,Qw,Kb,,,,,,,Bb,Bb,,,Pb,Pb,,,Rb,Nw,,,Pb,Pb,,,Pw,Pw,,,,,,,Qb,Kw,,,,,,,Bw,Qb,Nw,Qb,Kb,Rb,Nb,Qw,Kb	lightRed	0
1cc8ccf49b946f0cfd3dc3962a7c5ec3	1740	Pw,Qw,Pw,Rb,Bw,Qb,Kw,Qw,Kw,,,,,,,Kw,Qb,,,,,,,Qb,Nb,,,Nb,Nb,,,Nb,Rw,,,Nb,Nb,,,Rw,Kb,,,,,,,Kb,Qw,,,,,,,Qw,Rw,Rw,Nb,Qb,Pb,Rb,Nw,Pw	lightGray	0
1cd1a9928581087a464c908f9554cee5	3471	Kw,Nb,Pw,Kb,Bw,Pw,Pb,Qw,Rw,,,,,,,Kw,Pb,,,,,,,Pw,Kb,,,,,,,Pw,Kw,,,,,,,Bb,Nb,,,,,,,Kb,Pw,,,,,,,Pb,Rw,Rw,Rw,Rw,Rw,Rw,Rw,Rw	lightRed	0
1cd28321fdc29323a69a6d58f627167c	3759	Rw,Nw,Pb,Kb,Bw,Nb,Pw,Bb,Qw,,,,,,,Kb,Bb,,,,,,,Qw,Rb,,,,,,,Nb,Pw,,,,,,,Rw,Qb,,,,,,,Kw,Bw,,,,,,,Qb,Kw,Bb,Nw,Pb,Kb,Bw,Nb,Qw	lightRed	0
1cf440330da7b313b4cb22e678b560cb	2933	Rw,Rb,Nw,Qb,Qw,Rw,Nb,Bw,Qb,,,,,,,Bb,Rb,,,,,,,Kw,Nw,,,,,,,Rb,Bb,,,,,,,Nw,Kw,,,,,,,Bw,Rw,,,,,,,Kb,Nw,Bb,Qw,Pw,Rb,Bw,Qb,Rw	darkRed	0
1cfe0308e8fa925691a39012e47152d6	2546	Rb,Kw,Qb,Nb,Rw,Kb,Qw,Kb,Kb,,,,,,,Pw,Pb,,,,,,,Nb,Nb,,,Nw,Nw,,,Bw,Bw,,,Nw,Nw,,,Kb,Kw,,,,,,,Rb,Pw,,,,,,,Nw,Kw,Qb,Kw,Rw,Nb,Bw,Kb,Rw	lightGray	0
1d0f75b3e4e32fb2488517348d47f7a4	2583	Pw,Nw,Qb,Kb,Rb,Nb,Qw,Nb,Qw,,,,,,,Rw,Bb,,,,,,,Bb,Rw,,,Bb,Bb,,,Qw,Pb,,,Bb,Bb,,,Pw,Qb,,,,,,,Rb,Nw,,,,,,,Bw,Kw,Pw,Nb,Bb,Kw,Pb,Nw,Pb	darkRed	0
1d19640b8084bfa28632a34689aebab9	1885	Rw,Pb,Kb,Bb,Nw,Pw,Kw,Pw,Qw,,,,,,,Nw,Bb,,,,,,,Pb,Rb,,,,,,,Kw,Pw,,,,,,,Bb,Qb,,,,,,,Nb,Bw,,,,,,,Pw,Qb,Pw,Rb,Bb,Qw,Pb,Rw,Kw	darkGray	0
1d220d5cd09be3cd9b0f07f853f263fa	1223	Rb,Pw,Qw,Bb,Rw,Pb,Qb,Bw,Rw,,,,,,,Qw,Nb,,,,,,,Nb,Bw,,,Pb,Pb,,,Rw,Kb,,,Pb,Pb,,,Kb,Pb,,,,,,,Qb,Nw,,,,,,,Nw,Kw,Bb,Rw,Pb,Qb,Bw,Rb,Qw	darkGray	0
1d27b97fa856f108c9c7fc08b8a24168	3333	Pw,Pb,Qb,Bb,Rw,Pw,Qw,Nw,Qb,,,,,,,Kw,Kw,,,,,,,Qb,Rw,,,,,,,Nw,Nb,,,,,,,Rb,Qw,,,,,,,Kb,Kb,,,,,,,Qw,Kb,Rw,Pb,Qw,Bb,Rb,Pw,Pb	darkGray	0
1d4dbadab07970ff6713b6b5552455fa	1789	Kb,Pb,Qb,Bb,Rw,Pw,Kw,Pw,Rw,,,,,,,Bw,Pb,,,,,,,Nb,Qw,,,Pb,Pb,,,Pw,Bb,,,Pb,Pb,,,Kw,Rb,,,,,,,Bb,Pw,,,,,,,Nw,Bw,Pw,Kw,Bw,Nb,Pb,Kb,Rw	darkGray	0
1d521fb5de9f7662ff5c131dbb254de5	2166	Pw,Bw,Rb,Pw,Qw,Bb,Rw,Kw,Qb,,,,,,,Pw,Pb,,,,,,,Qw,Rb,,,Rb,Rb,,,Bb,Bw,,,Rb,Rb,,,Rw,Qw,,,,,,,Pb,Pw,,,,,,,Qb,Bb,Qb,Nw,Rb,Kb,Qw,Nb,Bb	darkGray	0
1d61052982d0cde899440b6ee3cafa91	1502	Kw,Bw,Nb,Pb,Kb,Bb,Nw,Rb,Kw,,,,,,,Bb,Kb,,,,,,,Kw,Rb,,,Rb,Rb,,,Pw,Nw,,,Rb,Rb,,,Nb,Qb,,,,,,,Bw,Kw,,,,,,,Kb,Nw,Rb,Pw,Qb,Bw,Rw,Pb,Bb	darkRed	1
1d644f21b3979f6483465286fd3a9daa	1784	Pw,Kw,Bb,Nw,Pb,Kb,Bw,Bw,Rb,,,,,,,Rw,Bw,,,,,,,Pb,Qw,,,,,,,Qb,Pw,,,,,,,Bw,Rw,,,,,,,Rb,Bb,,,,,,,Pw,Kw,Nw,Bb,Kb,Pb,Nb,Bw,Bw	darkRed	0
1d65a9a252592e886783122306a16cdf	2693	Nb,Pb,Rw,Bb,Qw,Pw,Rb,Bb,Nw,,,,,,,Nw,Bb,,,,,,,Bb,Kb,,,Nw,Nw,,,Kw,Rb,,,Nw,Nw,,,Pw,Nb,,,,,,,Nb,Bw,,,,,,,Qw,Nw,Nb,Bw,Kw,Pw,Nw,Bb,Rw	lightGray	0
1d6c0c06b62350dfba0885851082e9d3	526	Nb,Nw,Qb,Kw,Pw,Nb,Qw,Bw,Bw,,,,,,,Qw,Rb,,,,,,,Nb,Pw,,,Pw,Pw,,,Rb,Kw,,,Pw,Pw,,,Kb,Bb,,,,,,,Qb,Rw,,,,,,,Nw,Qw,Pw,Rb,Bb,Qw,Pb,Rw,Rb	darkRed	0
1d745fab117d5043ca9e9c30745d0c05	4035	Kb,Kb,Rb,Nb,Qw,Kw,Rw,Pw,Pw,,,,,,,Nw,Nb,,,,,,,Bb,Bb,,,Rb,Rb,,,Kb,Kw,,,Rb,Rb,,,Pb,Pb,,,,,,,Nb,Nw,,,,,,,Bw,Kb,Nb,Qw,Kw,Rw,Nw,Bb,Nb	darkRed	0
1d7b7edd53da1b2c83eadbb73f95124f	844	Nw,Bb,Rw,Pw,Qw,Bw,Nb,Pw,Nw,,,,,,,Qw,Qb,,,,,,,Bb,Kb,,,,,,,Rw,Rb,,,,,,,Pb,Nb,,,,,,,Qb,Qw,,,,,,,Bw,Kb,Bb,Qw,Pb,Rw,Bw,Qb,Rb	lightRed	0
1d9307d0de37479fc0e7650869f080e7	300	Pb,Qb,Kw,Rw,Nb,Qw,Pw,Qb,Nb,,,,,,,Pb,Qw,,,,,,,Qw,Kw,,,Qb,Qb,,,Kw,Rw,,,Qb,Qb,,,Rw,Nw,,,,,,,Nw,Qb,,,,,,,Qb,Kw,Nw,Bb,Kb,Pb,Nb,Bw,Qw	darkGray	0
1db3bc63c5eda5e9cccfd8b55c463cbd	1681	Bb,Pb,Qb,Bw,Rb,Kb,Qw,Rb,Bb,,,,,,,Kb,Qw,,,,,,,Rb,Pb,,,,,,,Nw,Rw,,,,,,,Qb,Bw,,,,,,,Kw,Qb,,,,,,,Rw,Qb,Bb,Nw,Pw,Kw,Bw,Nb,Kw	lightGray	0
1dc3fcafaf32c14a413be97a18b1ad0a	2401	Rw,Nw,Rb,Qw,Qb,Nb,Rw,Nw,Rw,,,,,,,Qw,Rw,,,,,,,Pw,Rw,,,,,,,Rb,Rw,,,,,,,Bw,Rw,,,,,,,Qb,Rw,,,,,,,Pb,Rw,Pb,Qb,Bb,Rw,Pw,Kw,Rb	lightGray	0
1df444d2a66c35868b80530182cbb75c	1623	Rb,Pb,Kb,Bb,Nw,Pw,Kw,Qw,Rw,,,,,,,Nb,Pb,,,,,,,Rw,Qb,,,,,,,Kb,Bw,,,,,,,Qw,Rb,,,,,,,Nw,Pw,,,,,,,Rb,Pw,Pw,Qw,Bw,Rb,Pb,Qb,Pw	darkGray	0
1df85e1036038d55cbb7def2a28e20e3	599	Bb,Bb,Kw,Pb,Nw,Bw,Kb,Bb,Pw,,,,,,,Rb,Qw,,,,,,,Pw,Bb,,,Rb,Rb,,,Qb,Rw,,,Rb,Rb,,,Bw,Pb,,,,,,,Rw,Qb,,,,,,,Pb,Pw,Bw,Qb,Pw,Rb,Bb,Qw,Bb	lightRed	0
1e181f250b2e8e1d5df4bdaa7307cc6d	3303	Kw,Nw,Bb,Kw,Pw,Nb,Bw,Kb,Pw,,,,,,,Bw,Qw,,,,,,,Qb,Bb,,,Nb,Nb,,,Pw,Rw,,,Nb,Nb,,,Rb,Pb,,,,,,,Bb,Qb,,,,,,,Qw,Kw,Bw,Rb,Pw,Kw,Bb,Nw,Qw	lightRed	0
1e1872963ba3bd0c128a8db8f6bd6770	3132	Nw,Rw,Pb,Qw,Bb,Rb,Pw,Pw,Qw,,,,,,,Bb,Kb,,,,,,,Qw,Rw,,,,,,,Pw,Nb,,,,,,,Rb,Qb,,,,,,,Bw,Kw,,,,,,,Qb,Pw,Pb,Rw,Bb,Qw,Pw,Rb,Qb	lightRed	0
1e2519b54e12c6c8f758d023109eed78	1264	Bw,Kw,Pw,Nw,Bb,Kb,Pb,Nw,Rw,,,,,,,Qb,Bb,,,,,,,Rb,Qb,,,,,,,Nb,Pb,,,,,,,Qw,Nb,,,,,,,Kw,Bw,,,,,,,Rw,Nw,Qw,Nb,Rb,Kb,Qb,Nw,Nw	lightRed	0
1e3b9a4c9609b6a9968bdebd7e57a0fc	1053	Rb,Nb,Pw,Kw,Bb,Nw,Pb,Bb,Bw,,,,,,,Bb,Rb,,,,,,,Qw,Pb,,,,,,,Pw,Qb,,,,,,,Rb,Bb,,,,,,,Nw,Nw,,,,,,,Qb,Kb,Bw,Qb,Pb,Rw,Bb,Qw,Qw	lightGray	0
1e3c4328af3a2ef7eff97630087e09ae	55	Nb,Pw,Qw,Bb,Rw,Pb,Qb,Qb,Rb,,,,,,,Bw,Bw,,,,,,,Kb,Qb,,,Pw,Pw,,,Pb,Kw,,,Pw,Pw,,,Nw,Rw,,,,,,,Bb,Nb,,,,,,,Kw,Rw,Pw,Qw,Bw,Rb,Pb,Qb,Kw	darkRed	0
1e57272ea26ef577ccfa3cea4510d5fe	1109	Bw,Nw,Pb,Kb,Bw,Nb,Pw,Bb,Nw,,,,,,,Rb,Qb,,,,,,,Bw,Kb,,,Rw,Rw,,,Qw,Rb,,,Rw,Rw,,,Pw,Nb,,,,,,,Rw,Qw,,,,,,,Bb,Pb,Nw,Pb,Kw,Bb,Nb,Pw,Kb	lightRed	0
1e5f29b33a222478e8ce9016aec7bd43	3002	Nw,Kb,Qw,Nw,Rb,Kw,Qb,Rw,Pb,,,,,,,Rw,Rw,,,,,,,Rw,Bb,,,,,,,Rw,Qw,,,,,,,Rw,Pw,,,,,,,Rw,Rb,,,,,,,Rw,Bw,Pb,Rw,Bb,Qw,Pw,Rb,Rw	darkGray	0
1e5fdf152a378ad155e0f521be63c728	2032	Bw,Rb,Nw,Qw,Kb,Rw,Nb,Bw,Bb,,,,,,,Nb,Qw,,,,,,,Bw,Pw,,,Pb,Pb,,,Kw,Rb,,,Pb,Pb,,,Pw,Bw,,,,,,,Nw,Qb,,,,,,,Bb,Qb,Kw,Pw,Nw,Qb,Kb,Rb,Nb	lightGray	0
1e6167af5b08c0ec676a2869f86286b5	1886	Pb,Bw,Rb,Pb,Qb,Bb,Nw,Nb,Bw,,,,,,,Rb,Nb,,,,,,,Bw,Rw,,,Qw,Qw,,,Qw,Kw,,,Qw,Qw,,,Pw,Qb,,,,,,,Rw,Nw,,,,,,,Bb,Rw,Rw,Rw,Rw,Rw,Rw,Rw,Rw	lightRed	0
1e710a3691b0c61c432e69c1802d7aa5	65	Rw,Bw,Qb,Kw,Rw,Nb,Qw,Qb,Qb,,,,,,,Pw,Nw,,,,,,,Kw,Rb,,,,,,,Bb,Kb,,,,,,,Nw,Qw,,,,,,,Pb,Nb,,,,,,,Kb,Kw,Qw,Kb,Rw,Nb,Qb,Kw,Pw	lightGray	0
1e7675e5b1af490c93e2493594bfe1dc	3820	Rw,Rw,Pb,Qb,Bw,Rb,Pb,Qb,Pb,,,,,,,Nw,Kb,,,,,,,Pb,Bb,,,Qw,Qw,,,Kb,Nw,,,Qw,Qw,,,Bw,Pw,,,,,,,Nb,Kw,,,,,,,Pw,Pw,Qw,Kb,Rw,Nb,Qb,Kw,Nw	lightRed	0
1e9b4bb05d86a39e045905ee811fbebe	3031	Bw,Bw,Nb,Pb,Kb,Bb,Nw,Qb,Bw,,,,,,,Nw,Kb,,,,,,,Bb,Pb,,,,,,,Kw,Nw,,,,,,,Pw,Bb,,,,,,,Nb,Kw,,,,,,,Bw,Pw,Pw,Rb,Bw,Qb,Pb,Rw,Nb	darkGray	0
1e9fb0ad5332a5856c6d90280534e2e0	4067	Pw,Nb,Qw,Kw,Rw,Nw,Qb,Rw,Rb,,,,,,,Rw,Pw,,,,,,,Rw,Qb,,,,,,,Rw,Bw,,,,,,,Rw,Rw,,,,,,,Rw,Pb,,,,,,,Rw,Pw,Pw,Rb,Bb,Qw,Pb,Rw,Rw	darkGray	0
1ec469d309fdbf9878c3de9e0468ce67	3178	Nb,Nb,Bw,Kw,Pw,Nw,Bb,Kw,Bb,,,,,,,Bb,Kw,,,,,,,Kw,Pw,,,,,,,Pw,Nb,,,,,,,Nb,Bw,,,,,,,Bw,Kb,,,,,,,Kb,Rw,Rw,Nb,Qb,Kw,Rb,Bw,Qb	darkRed	0
1ee0699c54784447e7336630e5c9a730	2385	Kb,Nw,Qb,Kb,Rb,Nb,Qw,Rw,Kb,,,,,,,Rb,Rb,,,,,,,Pw,Nw,,,,,,,Qb,Qb,,,,,,,Nw,Qw,,,,,,,Rw,Rw,,,,,,,Kw,Nb,Rb,Pw,Qw,Qb,Rw,Pb,Nb	lightRed	0
1ee08375d21dcd5b913eb12c8be3413c	1270	Pb,Nb,Qw,Kb,Rb,Nw,Qb,Rw,Bb,,,,,,,Rw,Qw,,,,,,,Rw,Pw,,,Pw,Pw,,,Rw,Rb,,,Pw,Pw,,,Rw,Bw,,,,,,,Rw,Qb,,,,,,,Rw,Qw,Qw,Pw,Rb,Bw,Qb,Pb,Rw	darkGray	0
1eea0babbeea9173eae25c7a3965ddd4	475	Bw,Pb,Nw,Bw,Kb,Pw,Nb,Nw,Bb,,,,,,,Nw,Qw,,,,,,,Qb,Pw,,,,,,,Kw,Rb,,,,,,,Rw,Bw,,,,,,,Nb,Kb,,,,,,,Qw,Rb,Qb,Bw,Rb,Pw,Qw,Bb,Nw	lightRed	0
1f23216b9b005941e3afeb51b256be89	1923	Kb,Qw,Pw,Rw,Bb,Qb,Kw,Nb,Nb,,,,,,,Nb,Qw,,,,,,,Rw,Kb,,,,,,,Kw,Rb,,,,,,,Qb,Nw,,,,,,,Nw,Qb,,,,,,,Rb,Rb,Rb,Nw,Qw,Kb,Rw,Nb,Rb	lightRed	0
1f2524e0f909fe7f071e494b38df706b	399	Nb,Nw,Rb,Kb,Qw,Nb,Rw,Rw,Qb,,,,,,,Nw,Bw,,,,,,,Qb,Rb,,,Rw,Rw,,,Kw,Pw,,,Rw,Rw,,,Rw,Qw,,,,,,,Nb,Bb,,,,,,,Qw,Pw,Bb,Rw,Pw,Qw,Bw,Rb,Bw	lightRed	0
1f2d5ab86d7bdfd433195ed04afa6be2	1082	Qw,Nb,Pw,Kb,Bw,Rw,Pb,Pb,Bw,,,,,,,Bw,Kb,,,,,,,Nb,Pw,,,Nw,Nw,,,Rw,Nb,,,Nw,Nw,,,Kw,Bb,,,,,,,Qb,Kw,,,,,,,Nw,Rw,Rw,Rw,Rw,Rw,Rw,Rw,Rw	darkRed	0
1f377abe14fac8cade444c3886efd5c6	2002	Qb,Kw,Pw,Nw,Bb,Qb,Pb,Bw,Bb,,,,,,,Nw,Qw,,,,,,,Bb,Pw,,,,,,,Kb,Rb,,,,,,,Pb,Bw,,,,,,,Nb,Qb,,,,,,,Bw,Kw,Nb,Pw,Kw,Bb,Rw,Pb,Kw	darkRed	0
1f5480c86bd3786b24cad93b4b3428a4	725	Qb,Rw,Nb,Qw,Kb,Rb,Nw,Kw,Pb,,,,,,,Kb,Qb,,,,,,,Pb,Bw,,,,,,,Nb,Rb,,,,,,,Bw,Pw,,,,,,,Kw,Qw,,,,,,,Pw,Pb,Rw,Kw,Qb,Nw,Pb,Kb,Pb	lightRed	0
1f56c055c3fc77acad0d3e7dfaa2f5d8	2159	Bw,Rw,Nb,Qb,Kw,Pb,Nw,Rw,Qw,,,,,,,Rb,Bb,,,,,,,Kb,Rb,,,,,,,Qb,Pb,,,,,,,Nw,Qb,,,,,,,Rw,Bw,,,,,,,Kw,Nb,Kw,Pw,Nw,Bb,Kb,Pb,Qw	lightGray	0
1f59b261792e09e1bc6c0fc68030670a	3734	Rb,Pb,Qb,Bb,Rw,Pw,Qw,Bw,Bw,,,,,,,Kw,Rb,,,,,,,Pw,Pw,,,Pb,Pb,,,Nw,Qw,,,Pb,Pb,,,Bb,Bb,,,,,,,Kb,Rw,,,,,,,Pb,Qb,Kw,Qb,Nb,Rw,Kb,Qw,Nw	lightRed	0
1f64143fc9fff2bace229654b8250455	2862	Pw,Bw,Rb,Pw,Qw,Bb,Rw,Bw,Qb,,,,,,,Qw,Kw,,,,,,,Pw,Rb,,,Pw,Pw,,,Nw,Nw,,,Pw,Pw,,,Bb,Qw,,,,,,,Kb,Kb,,,,,,,Pb,Pb,Bw,Qb,Pw,Rb,Bb,Qw,Bb	darkRed	1
1f73786e9a36b485269ae233eadcc787	2346	Pw,Nw,Pb,Kw,Bb,Nb,Rw,Bw,Pb,,,,,,,Qb,Nw,,,,,,,Kw,Bw,,,Bb,Bb,,,Rw,Kb,,,Bb,Bb,,,Nb,Pw,,,,,,,Qw,Nb,,,,,,,Kb,Nw,Qw,Kb,Rw,Nb,Qb,Kw,Bw	lightRed	0
1f738ff01695e6d8f8b93e095d883648	1640	Pw,Kw,Pw,Nw,Bb,Kb,Pb,Bb,Rb,,,,,,,Pw,Kb,,,,,,,Qw,Qw,,,,,,,Bb,Bb,,,,,,,Rw,Rw,,,,,,,Pb,Kw,,,,,,,Qb,Rw,Rb,Nw,Qb,Kw,Rw,Nb,Rw	darkRed	0
1f83a022fc409c7bcee4194e489bc704	2237	Qb,Rw,Kw,Qw,Nb,Rb,Kb,Kb,Pw,,,,,,,Bw,Nb,,,,,,,Qb,Bb,,,,,,,Pw,Kw,,,,,,,Nb,Pb,,,,,,,Bb,Rw,,,,,,,Qw,Qw,Nb,Qw,Kw,Rw,Nw,Qb,Kw	darkGray	0
1f8a3df8872ae397f1430087254116c4	2657	Rb,Rw,Bb,Kb,Pb,Nb,Bw,Pw,Qw,,,,,,,Kw,Kb,,,,,,,Qb,Rb,,,Rw,Rw,,,Bw,Nw,,,Rw,Rw,,,Rb,Qb,,,,,,,Pw,Kw,,,,,,,Qw,Qb,Pb,Qb,Bw,Rb,Pw,Qw,Qw	darkRed	0
1f8b8468c1694f43827dc8a91eff7d5c	1952	Kb,Nw,Bb,Kb,Pb,Nb,Bw,Bw,Nb,,,,,,,Qw,Rw,,,,,,,Pw,Kw,,,Nw,Nw,,,Rw,Qb,,,Nw,Nw,,,Bb,Nw,,,,,,,Qb,Rb,,,,,,,Pb,Pw,Bb,Qw,Pw,Rb,Bw,Qb,Qb	darkGray	1
1f8bb5f0e6632d4a2056515a6c0000f2	2541	Pw,Pw,Qw,Bb,Rw,Pb,Qb,Kb,Rb,,,,,,,Bw,Bw,,,,,,,Nb,Qb,,,,,,,Pb,Pb,,,,,,,Kb,Rw,,,,,,,Bb,Nb,,,,,,,Nw,Rw,Qb,Pb,Rw,Bb,Qw,Pw,Bw	darkGray	0
1f91107943f0f546b5215ce3654ef72a	491	Nb,Bw,Nb,Pb,Kb,Bb,Nw,Nw,Kw,,,,,,,Rb,Qb,,,,,,,Nw,Nb,,,Rb,Rb,,,Qb,Rw,,,Rb,Rb,,,Kw,Kb,,,,,,,Rw,Qw,,,,,,,Nb,Qb,Nb,Pw,Kb,Bw,Nw,Pb,Nb	darkRed	0
1f9c0bd644db2822c2cc49d56f96f841	68	Rw,Rw,Rw,Rw,Rw,Rw,Rw,Rw,Qb,,,,,,,Qb,Rb,,,,,,,Kw,Nb,,,Nw,Nw,,,Rb,Qw,,,Nw,Nw,,,Nw,Kw,,,,,,,Bw,Rw,,,,,,,Kb,Kb,Pb,Kb,Bb,Rw,Pw,Kw,Bb	darkGray	0
1fa3855b6fcc69f0ef7dfcab02105552	2341	Nb,Qb,Pb,Rw,Bb,Qw,Pw,Kb,Nb,,,,,,,Qb,Bw,,,,,,,Bw,Qb,,,Qw,Qw,,,Rw,Pb,,,Qw,Qw,,,Pb,Nw,,,,,,,Qw,Bb,,,,,,,Bb,Nb,Kw,Qb,Nw,Rb,Kb,Qw,Rb	darkGray	0
1fa875cd5b612b16750c6f747ffef718	1880	Nb,Qb,Bw,Rw,Pb,Kw,Bb,Kw,Kb,,,,,,,Rb,Pb,,,,,,,Bw,Nw,,,,,,,Qb,Bb,,,,,,,Pb,Kw,,,,,,,Nw,Pw,,,,,,,Bb,Bb,Bw,Rb,Pw,Qw,Bb,Rw,Qw	darkGray	0
1fb557a60f7ef54d003da0dd1b3be56c	1910	Qw,Kw,Bb,Nb,Pw,Kb,Bw,Kb,Bb,,,,,,,Bb,Qw,,,,,,,Nw,Pw,,,,,,,Pw,Rb,,,,,,,Kw,Bw,,,,,,,Bw,Kb,,,,,,,Nb,Pb,Qb,Bw,Rw,Pb,Qw,Bb,Pw	darkGray	0
1fcb197e4787328cf4d472a0431ddca6	652	Pb,Bw,Nb,Pw,Kw,Bb,Nw,Qw,Kw,,,,,,,Nb,Bb,,,,,,,Qw,Nw,,,,,,,Kb,Pb,,,,,,,Rb,Qb,,,,,,,Nw,Bw,,,,,,,Qb,Kb,Qb,Kw,Rw,Nb,Qw,Kb,Pb	lightGray	0
1fdcb72dcbaf964bb3c80840411cff85	1197	Bb,Qw,Kb,Rw,Nb,Bb,Kw,Nw,Rw,,,,,,,Rb,Bb,,,,,,,Pw,Qb,,,,,,,Qb,Pb,,,,,,,Bw,Rb,,,,,,,Rw,Bw,,,,,,,Pb,Qb,Pw,Qw,Bw,Rb,Kw,Qb,Kw	darkRed	0
1fe9c6a33bb169a0efca75930b9f3463	1915	Bw,Nb,Bw,Kw,Pw,Nw,Bb,Bw,Bw,,,,,,,Nw,Rb,,,,,,,Pb,Pb,,,,,,,Kb,Qb,,,,,,,Qw,Bb,,,,,,,Nb,Rw,,,,,,,Pw,Pw,Kb,Qw,Nb,Rw,Kw,Qb,Pw	darkGray	0
1fec1f6b1314e94b84adcc4401cf091c	3477	Nw,Pw,Qw,Bb,Rw,Pb,Qb,Bw,Pw,,,,,,,Bw,Qb,,,,,,,Kb,Bb,,,,,,,Pw,Rw,,,,,,,Nb,Pw,,,,,,,Bb,Qw,,,,,,,Kw,Kw,Kw,Pw,Nb,Bw,Kb,Pb,Bw	darkRed	0
2002c21b9a6f6a1dd31a858e78b827a1	1601	Pb,Bw,Qb,Pw,Rb,Bb,Qw,Kw,Kb,,,,,,,Pb,Rb,,,,,,,Nw,Nb,,,Pb,Pb,,,Bb,Qw,,,Pb,Pb,,,Kw,Kw,,,,,,,Pw,Rw,,,,,,,Nb,Kw,Rw,Nb,Qb,Kw,Rb,Nw,Kw	lightRed	0
20113472a0bf76e959dee3baa3967f11	2613	Nb,Nw,Pb,Kw,Bb,Nb,Pw,Rw,Kw,,,,,,,Rw,Bb,,,,,,,Nb,Nw,,,Pb,Pb,,,Qb,Pb,,,Pb,Pb,,,Kw,Kb,,,,,,,Rb,Bw,,,,,,,Nw,Kw,Bb,Rw,Pb,Qb,Bw,Rb,Qw	lightGray	0
2024546833821f07311fba152bfc95d9	1209	Kb,Rw,Kw,Qw,Nb,Rb,Pw,Qw,Pw,,,,,,,Nb,Kw,,,,,,,Bw,Qb,,,,,,,Kb,Nw,,,,,,,Pb,Rb,,,,,,,Nw,Kb,,,,,,,Qb,Kw,Qb,Kw,Rb,Nw,Qw,Kb,Kb	darkGray	0
2026f1d06f7f5fbffefcbb14d004c23b	3430	Qw,Qb,Bw,Rw,Pb,Qw,Bb,Pw,Qw,,,,,,,Rb,Nb,,,,,,,Bw,Rw,,,Pb,Pb,,,Qb,Kw,,,Pb,Pb,,,Pb,Qb,,,,,,,Rw,Nw,,,,,,,Nb,Rb,Rw,Nb,Qb,Pb,Rb,Bw,Rw	lightGray	0
20308efdb0b9c60afb3cd5f2a3e52401	1111	Kb,Qb,Kw,Rw,Nb,Qw,Kb,Qw,Pw,,,,,,,Kw,Nb,,,,,,,Rw,Bw,,,,,,,Nb,Kb,,,,,,,Bw,Pb,,,,,,,Kb,Nw,,,,,,,Pb,Rb,Qb,Nw,Rw,Kw,Qw,Nb,Kb	lightGray	0
20343c6a328c1781931141e455ae6c38	3893	Qb,Rb,Bw,Qw,Pw,Rw,Bb,Nw,Nb,,,,,,,Rb,Rw,,,,,,,Nw,Kb,,,Nb,Nb,,,Qw,Qw,,,Nb,Nb,,,Kb,Nw,,,,,,,Rw,Rb,,,,,,,Nb,Pb,Rb,Nw,Qb,Kw,Rw,Bb,Qw	darkGray	0
203f26def8399117a98d67e3959c9715	3579	Bw,Qw,Pw,Rw,Bb,Qb,Pb,Kb,Rw,,,,,,,Rw,Pb,,,,,,,Pb,Qw,,,Pb,Pb,,,Qw,Bb,,,Pb,Pb,,,Bb,Rb,,,,,,,Rb,Pw,,,,,,,Pw,Kb,Rb,Bw,Qw,Pw,Rw,Bb,Bw	lightGray	0
2045b53cdb031a2a25841a37ae060584	1295	Qw,Kw,Pw,Nw,Bb,Kb,Pb,Pb,Rw,,,,,,,Rw,Nb,,,,,,,Kw,Qb,,,Pb,Pb,,,Qw,Kw,,,Pb,Pb,,,Nb,Rb,,,,,,,Rb,Nw,,,,,,,Pw,Qw,Rw,Bb,Qw,Pw,Rb,Bw,Qw	lightRed	0
204d6586ea8e8107832151129b475e1a	3993	Bb,Kb,Qw,Nw,Rb,Kw,Qb,Nw,Bw,,,,,,,Nw,Nb,,,,,,,Bb,Pw,,,,,,,Kb,Kw,,,,,,,Pb,Bb,,,,,,,Nb,Nw,,,,,,,Bw,Pb,Qb,Kw,Rb,Nw,Qw,Kb,Nb	lightGray	0
205177a76964cbe21b5b1fb65604aa62	747	Bw,Qb,Nw,Rb,Kb,Bw,Nb,Rb,Rw,,,,,,,Pw,Kw,,,,,,,Nb,Qw,,,,,,,Bb,Nb,,,,,,,Kw,Rb,,,,,,,Rb,Kb,,,,,,,Nw,Qb,Pb,Nw,Bw,Kb,Pw,Nb,Qb	lightGray	1
2055e68813c387f70fed8a4884e784e7	1745	Pw,Qb,Nw,Rw,Kw,Qw,Nb,Pw,Pw,,,,,,,Pb,Rb,,,,,,,Rw,Bw,,,Bb,Bb,,,Bb,Qb,,,Bb,Bb,,,Qw,Pb,,,,,,,Pw,Rw,,,,,,,Rb,Rb,Rb,Bw,Qw,Pw,Rw,Bb,Rw	lightRed	0
205ab7d1a352382cc804fa30bf4906ef	795	Bb,Pw,Qw,Bw,Rb,Pb,Qb,Kw,Qw,,,,,,,Nb,Nb,,,,,,,Pw,Rw,,,,,,,Kw,Kw,,,,,,,Bb,Qb,,,,,,,Nw,Bw,,,,,,,Pb,Kb,Rw,Bb,Qw,Pw,Nb,Bw,Kb	lightGray	0
206619ded252167ed1119a3ddb9f920f	1603	Rw,Bb,Nw,Pw,Kw,Bw,Nb,Kb,Kb,,,,,,,Nw,Bw,,,,,,,Qb,Nb,,,Pw,Pw,,,Kb,Pw,,,Pw,Pw,,,Rb,Kw,,,,,,,Nb,Bb,,,,,,,Qw,Qw,Qw,Bb,Rw,Pb,Qb,Bw,Rb	lightGray	0
20965978243d158b91a4e52778ada03c	1322	Rb,Pw,Rb,Nw,Qb,Kw,Rw,Rw,Rw,,,,,,,Nw,Kw,,,,,,,Pb,Qw,,,Bb,Bb,,,Kw,Nb,,,Bb,Bb,,,Bb,Rb,,,,,,,Rb,Pw,,,,,,,Pw,Rb,Bb,Qw,Pw,Rb,Bw,Qb,Rb	lightGray	0
209c0e7cf321bcebc8e26ea61750398d	3458	Nw,Nw,Pb,Kb,Bw,Nb,Pw,Rw,Nb,,,,,,,Rb,Qw,,,,,,,Pw,Kb,,,Bw,Bw,,,Qb,Rb,,,Bw,Bw,,,Bw,Nw,,,,,,,Rw,Qb,,,,,,,Pb,Qb,Kw,Bb,Nw,Pb,Kb,Bw,Nb	darkGray	0
209d1b15ac18a55d53a92cf7b2eeefa9	1216	Kb,Nw,Bb,Kw,Pw,Rb,Bw,Rw,Qb,,,,,,,Kb,Bw,,,,,,,Bw,Rw,,,,,,,Nb,Pb,,,,,,,Pw,Qw,,,,,,,Kw,Bb,,,,,,,Bb,Rb,Bw,Rb,Pw,Kw,Bb,Rw,Rb	lightGray	0
209f248e8b93a0f691fffdf671a78a88	3196	Kb,Nw,Rb,Kb,Qw,Bb,Rw,Nw,Nw,,,,,,,Pw,Pb,,,,,,,Qw,Kb,,,Kb,Kb,,,Bb,Bw,,,Kb,Kb,,,Rw,Nb,,,,,,,Pb,Pw,,,,,,,Qb,Bw,Rw,Pb,Qb,Bw,Rb,Pw,Pb	darkRed	0
20ad4bae4fbc0560aa0f3f1a60010c52	697	Kw,Nb,Qw,Kb,Rb,Pw,Qb,Kb,Rw,,,,,,,Kw,Bb,,,,,,,Pw,Qb,,,,,,,Nw,Pb,,,,,,,Qb,Rb,,,,,,,Kb,Bw,,,,,,,Rb,Rb,Bw,Rb,Pb,Qb,Bb,Rw,Bb	darkRed	1
20c4fdd8dbae136258087a7eedfe9424	405	Pb,Kb,Pb,Nw,Bb,Kw,Pw,Pw,Pb,,,,,,,Bw,Qb,,,,,,,Rb,Bw,,,,,,,Kw,Rb,,,,,,,Qb,Kb,,,,,,,Bb,Qw,,,,,,,Rw,Qw,Bb,Qw,Pb,Rw,Bw,Qb,Pw	lightRed	0
20c6a170a342f31bef1ce0ac510967f4	1798	Pw,Nb,Rw,Kw,Qb,Nw,Rb,Kw,Rw,,,,,,,Bb,Bb,,,,,,,Qw,Kw,,,Bw,Bw,,,Pb,Pw,,,Bw,Bw,,,Rw,Rb,,,,,,,Bw,Bw,,,,,,,Qb,Bw,Bb,Nw,Pb,Kb,Bw,Nb,Kb	lightGray	0
20c6c46a565afed90d51d57c9e7cec98	3293	Qw,Kw,Qb,Nw,Rb,Kb,Qw,Pw,Bb,,,,,,,Bb,Kw,,,,,,,Rw,Pb,,,Pb,Pb,,,Pb,Nw,,,Pb,Pb,,,Qb,Bw,,,,,,,Bw,Kb,,,,,,,Rb,Kb,Rw,Kw,Qb,Nw,Rb,Kb,Nw	lightGray	0
20e93ffaec0d67ae8fb4a5ccf6d8f012	538	Qw,Pw,Qw,Bw,Rb,Pb,Qb,Pb,Rw,,,,,,,Qw,Bb,,,,,,,Nb,Qw,,,,,,,Rb,Pw,,,,,,,Kb,Nb,,,,,,,Qb,Bw,,,,,,,Nw,Qb,Kb,Qw,Nw,Rb,Kw,Qb,Kw	darkRed	0
20e9a942b24b08d0531193737feccf75	1065	Nw,Pb,Qb,Bb,Rw,Pw,Qw,Pb,Bb,,,,,,,Bb,Qw,,,,,,,Qw,Pb,,,Nw,Nw,,,Pw,Nw,,,Nw,Nw,,,Rb,Bw,,,,,,,Bw,Qb,,,,,,,Qb,Nb,Kb,Pb,Nw,Bb,Kw,Pw,Rw	lightGray	0
20edb2c524b771c47d2018a924a3649a	2957	Pw,Nw,Pb,Kb,Bw,Nb,Pw,Kw,Nw,,,,,,,Bw,Qb,,,,,,,Qb,Kw,,,Bw,Bw,,,Pw,Rw,,,Bw,Bw,,,Rb,Nb,,,,,,,Bb,Kw,,,,,,,Kw,Pb,Rb,Nw,Qb,Kw,Rw,Bb,Bw	lightGray	1
20f0000c17b478f40deb140258d82107	2	Pw,Qw,Bb,Rw,Pb,Qb,Nw,Kw,Pw,,,,,,,Qw,Kw,,,,,,,Kb,Bb,,,,,,,Rw,Nw,,,,,,,Nb,Pb,,,,,,,Qb,Kb,,,,,,,Kw,Nb,Kb,Bw,Nb,Pw,Kw,Bb,Pw	darkRed	0
20fc242f5b4fe360baad182399044cd1	3303	Kw,Nw,Bb,Kw,Pw,Nb,Bw,Kb,Pw,,,,,,,Bw,Qw,,,,,,,Qb,Bb,,,Nb,Nb,,,Pw,Rw,,,Nb,Nb,,,Rb,Pb,,,,,,,Bb,Qb,,,,,,,Qw,Kw,Bw,Rb,Pw,Kw,Bb,Nw,Qw	lightRed	0
20fe4d310cdde87cd5482a499f8a57d6	4056	Rb,Pw,Nb,Bb,Kw,Pb,Nw,Qw,Rb,,,,,,,Qb,Nw,,,,,,,Nw,Qw,,,,,,,Rb,Kb,,,,,,,Kb,Rw,,,,,,,Qw,Bb,,,,,,,Nb,Qw,Rb,Pw,Qw,Bb,Rw,Pb,Bw	darkGray	0
210ab7cb22b6d1505df51aef6fb1b41b	1804	Bb,Rw,Kw,Qb,Nw,Pb,Kb,Rw,Nw,,,,,,,Bb,Qb,,,,,,,Qw,Kw,,,Pb,Pb,,,Pb,Rw,,,Pb,Pb,,,Rw,Nb,,,,,,,Bw,Qw,,,,,,,Qb,Bw,Nw,Pb,Kw,Bb,Nb,Pw,Kb	lightRed	0
212a566f7fc1ca2aefaa899276898e69	108	Rw,Pw,Rb,Bw,Qb,Pb,Rw,Pb,Bw,,,,,,,Nw,Qb,,,,,,,Pb,Pb,,,,,,,Kb,Rw,,,,,,,Bw,Nb,,,,,,,Nb,Qw,,,,,,,Pw,Bw,Bb,Qw,Pb,Rw,Bw,Qb,Qb	lightGray	0
214beef34f4846959f46e934ffe9f071	3510	Nb,Bw,Nb,Pb,Kb,Bb,Nw,Pw,Nb,,,,,,,Pb,Pw,,,,,,,Qb,Kb,,,Pb,Pb,,,Bw,Bw,,,Pb,Pb,,,Rb,Nw,,,,,,,Pw,Pb,,,,,,,Kw,Kw,Nb,Bw,Kb,Pb,Nw,Bb,Nb	darkRed	0
2161c3fbe2082792154346dddb689a48	3784	Rw,Pw,Nb,Bb,Qw,Pb,Nw,Rb,Kb,,,,,,,Bb,Bw,,,,,,,Pb,Nw,,,,,,,Bw,Pb,,,,,,,Qw,Kw,,,,,,,Kw,Bb,,,,,,,Pw,Rb,Nw,Bb,Kb,Rb,Nb,Bw,Bb	darkRed	0
21748ddcae8f4bcae518b36ac28e0f31	2141	Nw,Pb,Nw,Bw,Kb,Pw,Nb,Qb,Pw,,,,,,,Rb,Nb,,,,,,,Pw,Bw,,,,,,,Qb,Kb,,,,,,,Bw,Pb,,,,,,,Rw,Nw,,,,,,,Pb,Pw,Qw,Nb,Rb,Kb,Qb,Nw,Rw	darkRed	0
2175e16ecc5e80e100360a77cb283463	2507	Rw,Pw,Rb,Bb,Kw,Pb,Rw,Pb,Bb,,,,,,,Kw,Rw,,,,,,,Bb,Pb,,,Pb,Pb,,,Nw,Qb,,,Pb,Pb,,,Pb,Bw,,,,,,,Kb,Rb,,,,,,,Bw,Kw,Rw,Nb,Qw,Kb,Rb,Nw,Pw	lightGray	0
2182646fa73756d72b0bff63b5515d88	1173	Qw,Qb,Bw,Rw,Kw,Qw,Nb,Nb,Qw,,,,,,,Pb,Bb,,,,,,,Kb,Rb,,,Pw,Pw,,,Bw,Pw,,,Pw,Pw,,,Nb,Qb,,,,,,,Pw,Bw,,,,,,,Kw,Pw,Rw,Kw,Qw,Nb,Rb,Kb,Qb	lightRed	0
21a29c112bdfda3699f9c4c021945708	3770	Rw,Nw,Bb,Kw,Pw,Nb,Bw,Nb,Nb,,,,,,,Rw,Bw,,,,,,,Bb,Kb,,,Bb,Bb,,,Qb,Pb,,,Bb,Bb,,,Pb,Nw,,,,,,,Rb,Bb,,,,,,,Bw,Rw,Bb,Rw,Pw,Qw,Bw,Rb,Rw	lightGray	0
21a6b540e89d63b08768599603d3d588	1583	Rw,Qb,Kw,Rw,Nb,Qw,Kb,Pb,Rb,,,,,,,Pw,Kb,,,,,,,Kw,Qb,,,,,,,Bw,Nw,,,,,,,Nb,Rw,,,,,,,Pb,Kw,,,,,,,Kb,Qb,Bb,Kw,Pb,Nw,Bw,Kb,Bw	lightRed	0
21ab9496c7c0939a9926e77f9b56f4d6	2521	Bw,Bb,Rw,Pb,Qb,Bw,Rb,Qw,Bw,,,,,,,Bw,Qb,,,,,,,Kb,Pb,,,Kb,Kb,,,Pb,Rw,,,Kb,Kb,,,Nw,Bb,,,,,,,Bb,Qw,,,,,,,Kw,Bb,Rw,Pb,Qw,Bb,Rb,Pw,Rw	lightGray	0
21b3409e05413fb3c7892141edbf147f	2160	Nb,Kb,Bw,Nw,Pb,Kw,Bb,Nb,Qb,,,,,,,Bw,Nw,,,,,,,Kb,Rb,,,Bb,Bb,,,Pw,Kb,,,Bb,Bb,,,Nb,Qw,,,,,,,Bb,Nb,,,,,,,Kw,Pw,Bw,Nb,Pb,Kb,Bb,Nw,Qb	darkRed	0
21b47bbd08f2aba02e892ae80ea35c80	3426	Bw,Nb,Pw,Kb,Bw,Nw,Pb,Bb,Kw,,,,,,,Kb,Qb,,,,,,,Pb,Nb,,,,,,,Nw,Rw,,,,,,,Bb,Kb,,,,,,,Kw,Qw,,,,,,,Pw,Kb,Nb,Pw,Kb,Bw,Nw,Pb,Rw	darkRed	0
21b49de8f9329580757bb7587b99d51e	1448	Nb,Pb,Nw,Bw,Kb,Pw,Nb,Rb,Pb,,,,,,,Rb,Qb,,,,,,,Bw,Bb,,,Pw,Pw,,,Qb,Rw,,,Pw,Pw,,,Pb,Pw,,,,,,,Rw,Qw,,,,,,,Bb,Kb,Qw,Pw,Nw,Bb,Kb,Pb,Qb	lightGray	0
21b61dc25ce5bec91ce063abc2e09d68	1863	Pw,Bb,Nw,Pb,Kb,Bw,Nb,Bw,Qw,,,,,,,Nw,Kb,,,,,,,Qb,Rb,,,Rb,Rb,,,Pw,Nw,,,Rb,Rb,,,Rb,Qb,,,,,,,Bb,Kw,,,,,,,Qw,Nb,Nb,Qw,Kb,Rb,Nw,Qb,Nb	darkGray	0
21c860ef658b2d3d52431a6185457aef	877	Qb,Pw,Nb,Bw,Kb,Pb,Nw,Pw,Rw,,,,,,,Bb,Nb,,,,,,,Qw,Qb,,,Nw,Nw,,,Pb,Kw,,,Nw,Nw,,,Rw,Rb,,,,,,,Bw,Nw,,,,,,,Qb,Nb,Qb,Nw,Rw,Kw,Qw,Nb,Qb	darkGray	0
21db4b882a95f56dac1e4f4415cc7233	506	Rb,Pw,Kw,Bw,Nb,Pb,Kb,Kw,Kw,,,,,,,Qb,Bb,,,,,,,Kw,Nb,,,,,,,Rb,Pw,,,,,,,Nw,Kb,,,,,,,Qw,Bw,,,,,,,Kb,Kw,Nb,Rw,Kb,Qw,Nw,Rb,Qb	lightRed	0
21e070b0013f6a7f29c13e3b4dbf9e52	2702	Qb,Qw,Pw,Rb,Bw,Qb,Pb,Kb,Kb,,,,,,,Rb,Qw,,,,,,,Pw,Nw,,,Kb,Kb,,,Qb,Pb,,,Kb,Kb,,,Bw,Kw,,,,,,,Rw,Qb,,,,,,,Pb,Rw,Rw,Rw,Rw,Rw,Rw,Rw,Rw	darkRed	0
21e30100c625c568575cb9a3d84536d0	211	Nb,Bb,Qw,Pb,Rw,Bw,Qb,Pw,Qw,,,,,,,Nb,Bb,,,,,,,Bw,Rw,,,Pw,Pw,,,Kw,Pb,,,Pw,Pw,,,Pw,Qb,,,,,,,Nw,Bw,,,,,,,Bb,Kb,Kw,Qb,Nb,Rw,Kb,Qw,Rb	darkRed	0
21e8ed87caf6d73ff5665a88e1c7875f	1250	Qb,Nw,Pb,Kw,Bb,Nb,Pw,Nb,Bw,,,,,,,Nb,Nb,,,,,,,Rw,Pw,,,,,,,Kb,Kw,,,,,,,Qw,Bb,,,,,,,Nw,Nw,,,,,,,Rb,Qw,Bb,Nw,Pw,Kw,Nw,Nb,Nw	lightRed	0
21f0d91c8b5a085d7edc12066fa8e842	2408	Pw,Rb,Nw,Qw,Kb,Rw,Nb,Rb,Bb,,,,,,,Pw,Qw,,,,,,,Nb,Pw,,,Nw,Nw,,,Bw,Rb,,,Nw,Nw,,,Qb,Bw,,,,,,,Pb,Qb,,,,,,,Nw,Qw,Bb,Qw,Kb,Rb,Nw,Qb,Pb	darkRed	0
21f8b238ffbe9af2257bfc39f86fa025	3055	Rb,Pb,Kb,Bb,Nw,Pw,Kw,Bb,Bw,,,,,,,Kb,Nb,,,,,,,Pb,Pb,,,Nb,Nb,,,Nw,Kb,,,Nb,Nb,,,Bb,Bb,,,,,,,Kw,Nw,,,,,,,Pw,Nw,Kb,Qw,Nb,Rw,Kw,Qb,Nw	darkRed	0
22018c1da4905c360fc2171a6aff6add	1087	Kw,Nb,Bw,Kw,Pw,Nw,Bb,Rw,Rb,,,,,,,Pb,Kb,,,,,,,Rw,Qb,,,,,,,Bw,Nw,,,,,,,Qb,Rw,,,,,,,Pw,Kw,,,,,,,Nb,Rb,Pw,Qw,Bb,Rw,Pb,Qb,Bw	darkGray	0
2205e87d9a3d1e3fde9bad61b62022db	3916	Nb,Rw,Kw,Qb,Bw,Rb,Pw,Kb,Rw,,,,,,,Pw,Bb,,,,,,,Nb,Qb,,,Rb,Rb,,,Bw,Pb,,,Rb,Rb,,,Kb,Rb,,,,,,,Rb,Bw,,,,,,,Nw,Kw,Qw,Kb,Rw,Nb,Qb,Kw,Pb	lightGray	1
220f0974e462619bebbf6b1a4569c8b2	1867	Pw,Qw,Kb,Rb,Nw,Qb,Kw,Rb,Bw,,,,,,,Nw,Nb,,,,,,,Rb,Pw,,,,,,,Kw,Kw,,,,,,,Qb,Bb,,,,,,,Nb,Nw,,,,,,,Rw,Rw,Nw,Pb,Kw,Bb,Nb,Pw,Kw	lightGray	0
221d36dfe1078c51da2e77360d2165fa	492	Qb,Pw,Bb,Qb,Pb,Nb,Bw,Qw,Rb,,,,,,,Pw,Pw,,,,,,,Rb,Qb,,,,,,,Bb,Bw,,,,,,,Qw,Rw,,,,,,,Pb,Pb,,,,,,,Rw,Bw,Nb,Rw,Pb,Qb,Pw,Rb,Bb	lightGray	0
222908a3aecc5d06270fea10ac86ba0f	423	Nw,Rw,Nb,Qb,Kw,Rb,Nw,Rw,Rw,,,,,,,Qb,Kw,,,,,,,Pb,Qb,,,Nw,Nw,,,Rw,Nw,,,Nw,Nw,,,Bb,Rb,,,,,,,Kw,Kb,,,,,,,Pw,Pb,Bw,Rb,Pb,Qb,Bb,Nw,Nb	darkRed	0
22314f7312f5f15fc4c09a6cbbc64ffb	865	Kw,Kw,Pw,Nb,Bw,Kb,Pb,Nb,Kb,,,,,,,Bw,Qw,,,,,,,Nb,Nb,,,,,,,Pb,Rw,,,,,,,Kb,Kw,,,,,,,Bb,Qb,,,,,,,Nw,Nw,Nw,Bb,Kw,Pw,Nb,Bw,Kb	darkGray	0
223d31770491a70f995b8e3a5aeb102a	2185	Nb,Rw,Nb,Qw,Kb,Rb,Nw,Bb,Qb,,,,,,,Rw,Kw,,,,,,,Nb,Rb,,,Bb,Bb,,,Qw,Nw,,,Bb,Bb,,,Kb,Qw,,,,,,,Rb,Kb,,,,,,,Nw,Pb,Kb,Rb,Nw,Qb,Pb,Rw,Kw	lightGray	0
22446cb9a3020dc225a423552e110d15	4036	Rw,Rw,Rw,Rw,Rw,Rw,Rw,Rw,Rw,,,,,,,Qw,Nb,,,,,,,Kb,Qb,,,,,,,Rw,Kw,,,,,,,Nb,Rb,,,,,,,Bb,Nw,,,,,,,Kw,Pw,Qw,Kb,Rb,Nw,Qb,Kw,Pw	lightRed	0
224fd362cedc9aa6ac0bc5f1b3f3d10a	2049	Pb,Pw,Qw,Bw,Rb,Pb,Kb,Qw,Qw,,,,,,,Nw,Nb,,,,,,,Rb,Rb,,,Pb,Pb,,,Pw,Kb,,,Pb,Pb,,,Qw,Qb,,,,,,,Bb,Nw,,,,,,,Rw,Kw,Rw,Nb,Qb,Kw,Rb,Nw,Bb	lightRed	0
22528e7f4243f516981119d198555824	2015	Kb,Nb,Bw,Kb,Pb,Nw,Qb,Bw,Pb,,,,,,,Bw,Qb,,,,,,,Kb,Bb,,,Pb,Pb,,,Pw,Rw,,,Pb,Pb,,,Nb,Pw,,,,,,,Bb,Kw,,,,,,,Kw,Pb,Bw,Rb,Pb,Qb,Bb,Nw,Nw	lightRed	0
2260100519540c0fe576d9c241677603	1586	Bw,Kb,Rb,Nw,Bb,Kw,Rw,Bb,Kw,,,,,,,Qw,Rw,,,,,,,Bb,Nb,,,Rb,Rb,,,Nw,Qw,,,Rb,Rb,,,Pb,Kb,,,,,,,Kb,Rb,,,,,,,Bw,Rb,Qb,Bw,Rb,Pw,Qw,Bb,Rb	darkRed	0
22747802db26b5c66ec03c803de6a1da	3104	Kw,Pb,Kb,Bb,Nw,Pw,Kw,Qb,Qb,,,,,,,Pb,Pb,,,,,,,Rw,Rb,,,,,,,Bb,Bw,,,,,,,Qw,Qw,,,,,,,Pw,Pw,,,,,,,Rb,Pw,Qb,Pb,Rw,Bb,Qw,Pw,Qw	lightGray	0
2278c76e7109b2ae67f6748f17871127	1997	Rb,Pw,Rb,Bb,Qw,Pb,Rw,Rw,Kb,,,,,,,Qb,Qw,,,,,,,Kw,Nw,,,Rw,Rw,,,Rb,Rb,,,Rw,Rw,,,Nw,Pb,,,,,,,Qw,Qb,,,,,,,Kb,Nw,Rb,Nw,Qb,Kw,Rw,Nb,Qw	lightRed	0
2291507281871eb4d2041c54f895a14a	2025	Bb,Qb,Bw,Rw,Pb,Qw,Bb,Rw,Bw,,,,,,,Rw,Kb,,,,,,,Kw,Pw,,,Pb,Pb,,,Qb,Nb,,,Pb,Pb,,,Nw,Bb,,,,,,,Rb,Qw,,,,,,,Kb,Bw,Bb,Nw,Pw,Qw,Bw,Nb,Qb	lightRed	0
2297aa3aadeae732590d665012aa1af7	1986	Qb,Kb,Qw,Nw,Rb,Kw,Qb,Qb,Bb,,,,,,,Rw,Kw,,,,,,,Bb,Pw,,,,,,,Qw,Nb,,,,,,,Pw,Qw,,,,,,,Rb,Kb,,,,,,,Bw,Qw,Kw,Qb,Bw,Rb,Pw,Qw,Bw	lightRed	0
22c7ae73067c6df69ded5838ffb67c00	1108	Qw,Pw,Kw,Bb,Nw,Pb,Kb,Qb,Nw,,,,,,,Nb,Rb,,,,,,,Rw,Kb,,,Kb,Kb,,,Kw,Qw,,,Kb,Kb,,,Qb,Nb,,,,,,,Nw,Rw,,,,,,,Rb,Nb,Rb,Nw,Qw,Kb,Rw,Bb,Rb	lightRed	1
22cd3a7629147dccb4fb233ceb010ad4	1894	Nb,Qb,Nw,Rb,Kb,Qw,Nb,Bw,Kb,,,,,,,Kw,Bw,,,,,,,Qb,Nw,,,Nb,Nb,,,Nb,Pb,,,Nb,Nb,,,Rw,Kw,,,,,,,Kb,Bb,,,,,,,Qw,Qb,Rb,Nw,Qw,Kb,Rw,Nb,Qb	darkRed	0
22d1bf6f0c8c40e2c79324dd6334fe6e	3337	Bb,Kb,Bw,Rw,Pb,Qw,Bb,Rb,Bw,,,,,,,Rb,Nb,,,,,,,Nw,Pb,,,,,,,Qw,Kb,,,,,,,Kb,Bb,,,,,,,Rw,Nw,,,,,,,Bb,Bb,Nw,Pb,Kb,Bw,Nb,Pw,Qw	lightGray	0
22d93c9436f6c47395d7856662d92e71	1482	Pb,Qb,Bw,Rb,Pw,Qw,Nb,Rw,Rb,,,,,,,Pb,Kb,,,,,,,Nw,Qw,,,,,,,Bb,Nb,,,,,,,Kw,Rw,,,,,,,Pw,Kw,,,,,,,Nb,Qw,Bb,Nw,Pb,Kb,Bw,Nb,Rw	lightGray	0
22f290e100543ad075e312d88d7deb5e	2208	Pw,Rb,Pw,Qb,Bw,Rw,Pb,Nb,Bb,,,,,,,Kw,Kw,,,,,,,Qb,Pb,,,Nb,Nb,,,Nw,Nw,,,Nb,Nb,,,Rb,Bw,,,,,,,Kb,Qb,,,,,,,Qw,Rb,Bw,Nb,Pb,Kb,Bb,Nw,Pb	darkGray	0
22f311bef008d947baf460ab99c3480a	3038	Pw,Nw,Bb,Kw,Pw,Nb,Qw,Pw,Qb,,,,,,,Qb,Pb,,,,,,,Kw,Rb,,,Bw,Bw,,,Rb,Bw,,,Bw,Bw,,,Nw,Qw,,,,,,,Kb,Pw,,,,,,,Kb,Nb,Qb,Kw,Rb,Nw,Bw,Kb,Pb	lightGray	0
22fe941ea987581d5c92f0a973320297	3350	Pw,Bb,Qw,Pb,Nw,Bw,Kb,Pw,Pb,,,,,,,Pb,Nw,,,,,,,Rw,Bb,,,Pb,Pb,,,Bw,Kw,,,Pb,Pb,,,Qb,Rw,,,,,,,Pw,Nb,,,,,,,Rb,Rb,Rb,Bw,Qb,Pb,Rw,Nb,Kb	lightGray	0
2310d2eb54ed84d47908f5e53e8d1dcc	73	Bw,Rw,Bb,Qw,Pw,Rb,Bw,Pw,Nw,,,,,,,Rb,Bb,,,,,,,Kb,Kb,,,Bw,Bw,,,Qw,Pb,,,Bw,Bw,,,Nb,Nb,,,,,,,Rw,Bw,,,,,,,Kw,Nw,Nw,Pb,Kb,Bw,Nb,Pw,Rw	lightGray	0
232176ca92b83682a3d1f65cd84e61af	4036	Rw,Rw,Rw,Rw,Rw,Rw,Rw,Rw,Rw,,,,,,,Qw,Nb,,,,,,,Kb,Qb,,,,,,,Rw,Kw,,,,,,,Nb,Rb,,,,,,,Bb,Nw,,,,,,,Kw,Pw,Qw,Kb,Rb,Nw,Qb,Kw,Pw	lightRed	0
232efca960082b2076871f05b90be7e5	1065	Nw,Pb,Qb,Bb,Rw,Pw,Qw,Pb,Bb,,,,,,,Bb,Qw,,,,,,,Qw,Pb,,,Nw,Nw,,,Pw,Nw,,,Nw,Nw,,,Rb,Bw,,,,,,,Bw,Qb,,,,,,,Qb,Nb,Kb,Pb,Nw,Bb,Kw,Pw,Rw	lightGray	0
233a97a839442bcf8964f6d62be0df15	1192	Bb,Bw,Kb,Pw,Nb,Bb,Kw,Nb,Pw,,,,,,,Bb,Qw,,,,,,,Nw,Bb,,,,,,,Pw,Rw,,,,,,,Kw,Pb,,,,,,,Bw,Qb,,,,,,,Nb,Bw,Qw,Pw,Rw,Bb,Qb,Pb,Nw	lightGray	0
2348f8720af590df8454353fa231dd61	639	Qw,Rb,Bw,Qw,Pw,Rw,Bb,Bb,Nb,,,,,,,Bw,Qw,,,,,,,Rb,Kb,,,,,,,Pw,Rb,,,,,,,Qw,Nw,,,,,,,Bb,Qb,,,,,,,Rw,Qb,Qw,Kb,Rw,Nb,Qb,Kw,Kb	darkRed	0
235671bded825c1d2330bd65e07ff3b2	2960	Rw,Rw,Rw,Rw,Rw,Rw,Rw,Rw,Pb,,,,,,,Kw,Rw,,,,,,,Bb,Bw,,,Nb,Nb,,,Nw,Qb,,,Nb,Nb,,,Pb,Pw,,,,,,,Kb,Rb,,,,,,,Bw,Rw,Rw,Pb,Qb,Bw,Rb,Pw,Rb	lightGray	0
2369a22d0c5b13756a65d8a1126cd794	2212	Bw,Bb,Nw,Pb,Kb,Bw,Rb,Kb,Qw,,,,,,,Kw,Nb,,,,,,,Pw,Rb,,,Pb,Pb,,,Nb,Kb,,,Pb,Pb,,,Bw,Qb,,,,,,,Kb,Nw,,,,,,,Rb,Pb,Kb,Pb,Nw,Bb,Kw,Pw,Qw	lightGray	0
237153070ad50ee3400d64a3373fc121	2117	Bw,Qw,Pw,Rw,Bb,Qb,Pb,Nw,Kb,,,,,,,Bb,Rb,,,,,,,Kw,Nb,,,,,,,Pb,Qw,,,,,,,Nw,Kw,,,,,,,Bw,Rw,,,,,,,Qb,Pw,Pb,Qb,Bb,Rw,Kb,Qw,Nb	darkRed	0
237ebc14668bcef7ec3c7ae4bda4b498	319	Pb,Bw,Kb,Pw,Nb,Bb,Kw,Qb,Pw,,,,,,,Rb,Nb,,,,,,,Pw,Bb,,,,,,,Qb,Kw,,,,,,,Bw,Pb,,,,,,,Rw,Nw,,,,,,,Pb,Nw,Kw,Pw,Nb,Bw,Kb,Rb,Bw	lightGray	0
2393a4923525c49d906038768c122e78	3263	Kb,Kw,Pw,Rb,Bw,Qb,Pb,Bw,Pw,,,,,,,Nw,Nb,,,,,,,Bb,Bb,,,Pb,Pb,,,Kw,Kw,,,Pb,Pb,,,Pw,Pb,,,,,,,Nb,Nw,,,,,,,Bw,Nb,Qb,Kw,Rw,Nb,Qw,Pw,Bb	darkRed	0
23b12da633d77f923db7e818298f969f	1678	Pw,Qb,Nw,Rb,Kb,Qw,Bb,Nb,Qw,,,,,,,Qw,Pw,,,,,,,Bb,Rw,,,Nw,Nw,,,Rb,Bb,,,Nw,Nw,,,Pw,Qb,,,,,,,Qb,Pb,,,,,,,Bw,Qb,Qw,Pw,Rw,Bb,Qb,Pb,Nw	lightRed	0
23cd51694bb22e45bb6d9206bf26d96c	617	Qb,Kw,Rw,Nw,Qb,Kb,Rb,Bw,Rb,,,,,,,Kb,Pw,,,,,,,Pb,Qb,,,Bb,Bb,,,Nb,Bw,,,Bb,Bb,,,Qw,Rw,,,,,,,Kw,Pb,,,,,,,Pw,Pb,Bw,Nb,Pb,Kb,Qb,Nw,Kb	darkGray	0
23d42eb3acfb4e09bf29983db07d87d4	564	Qb,Kw,Pw,Nb,Bw,Kb,Pb,Bb,Qw,,,,,,,Bb,Kb,,,,,,,Kw,Rw,,,Nb,Nb,,,Pb,Nb,,,Nb,Nb,,,Nw,Qb,,,,,,,Bw,Kw,,,,,,,Kb,Kw,Pw,Nb,Bb,Kw,Pb,Nw,Kw	lightGray	0
23ea12604a0a669bfb904ac136415838	358	Kb,Bb,Kw,Pw,Nb,Bw,Kb,Kw,Pw,,,,,,,Bb,Qw,,,,,,,Rw,Bb,,,,,,,Pw,Rw,,,,,,,Qw,Pb,,,,,,,Bw,Qb,,,,,,,Rb,Bb,Rw,Bb,Qb,Pb,Rb,Bw,Nw	lightGray	0
2404404994d88e0110a6955609bcbd49	283	Pw,Nw,Pb,Kw,Bb,Nb,Rw,Bw,Rw,,,,,,,Rw,Kw,,,,,,,Pb,Qw,,,Rw,Rw,,,Qw,Nb,,,Rw,Rw,,,Nb,Rb,,,,,,,Rb,Kb,,,,,,,Kb,Rw,Bw,Nb,Pw,Kw,Qb,Nw,Kw	lightRed	0
2410c6af997011814c21ef42e45a8272	638	Nw,Qw,Pw,Rw,Bb,Qb,Kw,Kw,Nb,,,,,,,Qw,Rw,,,,,,,Nb,Kw,,,,,,,Rw,Qw,,,,,,,Kw,Nw,,,,,,,Qb,Rb,,,,,,,Nw,Kb,Bw,Rb,Pw,Kw,Bb,Rw,Qb	lightRed	0
241356a90fd478c3ad1dce0e5fa02d6d	1693	Rw,Bb,Kw,Pb,Nw,Bw,Kb,Rw,Rb,,,,,,,Pb,Bw,,,,,,,Rw,Qb,,,,,,,Bw,Pb,,,,,,,Qb,Rw,,,,,,,Pw,Bb,,,,,,,Rb,Bw,Bb,Nw,Pw,Qw,Bw,Rb,Bw	lightGray	0
241caafb80762f5e1ba370f690175762	2592	Pw,Qw,Pw,Rb,Nw,Qb,Kw,Qw,Nw,,,,,,,Rw,Rb,,,,,,,Pb,Kw,,,,,,,Qw,Qb,,,,,,,Bb,Nb,,,,,,,Rb,Rw,,,,,,,Pw,Pb,Rw,Nb,Qw,Kb,Rb,Nw,Rw	darkRed	0
2426c1b60e7aa3442dfc3ff0d81277cd	902	Nw,Pw,Nb,Bw,Qb,Pb,Rw,Nw,Qw,,,,,,,Qb,Kb,,,,,,,Bw,Rw,,,,,,,Rb,Nb,,,,,,,Pw,Qb,,,,,,,Qw,Kw,,,,,,,Bb,Rw,Bb,Nw,Pw,Kw,Bw,Nb,Kb	darkRed	0
24336f5746be66f514d3d716f9421169	3410	Bb,Rw,Nb,Qw,Kb,Rb,Nw,Nb,Kb,,,,,,,Pw,Qw,,,,,,,Rb,Nw,,,,,,,Bb,Rb,,,,,,,Qw,Pb,,,,,,,Pb,Qb,,,,,,,Rw,Qw,Pw,Qw,Bb,Rw,Pb,Qb,Pw	lightRed	0
24357f6b5378488523bd946cf2af3621	2920	Nw,Qw,Pw,Rb,Bw,Qb,Pb,Kw,Kb,,,,,,,Bb,Qw,,,,,,,Qw,Nb,,,Rb,Rb,,,Pb,Rw,,,Rb,Rb,,,Nw,Kw,,,,,,,Bw,Bb,,,,,,,Qb,Pw,Nw,Bb,Kb,Pb,Nb,Bw,Rw	lightRed	0
243d8b562cb8cc46cb901ff46b50c783	901	Qb,Bw,Nb,Pb,Kb,Qb,Nw,Kw,Qb,,,,,,,Pb,Nw,,,,,,,Nw,Rb,,,Pb,Pb,,,Bb,Kb,,,Pb,Pb,,,Kw,Qw,,,,,,,Pw,Nb,,,,,,,Nb,Pb,Nb,Bw,Kw,Pw,Nw,Bb,Rw	lightGray	0
243fbf486294894d4af9534ee5ac2e11	22705	Qb,Pw,Rb,Bw,Qb,Pb,Rw,Bw,Qw,,,,,,,Nw,Kb,,,,,,,Qb,Rw,,,,,,,Kb,Nb,,,,,,,Rb,Qb,,,,,,,Nb,Kw,,,,,,,Qw,Qb,Rb,Kb,Qb,Nw,Rw,Pb,Pb	darkGray	0
244c9c69fc0cbe6629f5a11fa1c16a24	1034	Kb,Pb,Nw,Bb,Kw,Pw,Nb,Nb,Nw,,,,,,,Kb,Bb,,,,,,,Bw,Kb,,,,,,,Nb,Pb,,,,,,,Pw,Nb,,,,,,,Qw,Kw,,,,,,,Bb,Kw,Qb,Nw,Rb,Kb,Bw,Nb,Kw	darkRed	0
2458e5402526b742a471f1ee50e10b60	3979	Kw,Rw,Pb,Qb,Bw,Rb,Pw,Pb,Rb,,,,,,,Kw,Kb,,,,,,,Pw,Qw,,,,,,,Nb,Nb,,,,,,,Bw,Rw,,,,,,,Kb,Kw,,,,,,,Pb,Pb,Bw,Kb,Pw,Nb,Bb,Kw,Qb	darkGray	0
246832ce22117e41766e60af72632472	3542	Kw,Rw,Nb,Qw,Kb,Rb,Nw,Pw,Kb,,,,,,,Rw,Rb,,,,,,,Pb,Nw,,,Pb,Pb,,,Qb,Qb,,,Pb,Pb,,,Bw,Kw,,,,,,,Rb,Rw,,,,,,,Pw,Rw,Rw,Rw,Rw,Rw,Rw,Rw,Rw	lightGray	0
247d793bb28da9cba3fa9dd044752428	1953	Qw,Nb,Pw,Kw,Bb,Nw,Pb,Nw,Bw,,,,,,,Nb,Qb,,,,,,,Bw,Pb,,,Nw,Nw,,,Kw,Rw,,,Nw,Nw,,,Pw,Bb,,,,,,,Rw,Qw,,,,,,,Bb,Rw,Rb,Pw,Qb,Bw,Rw,Pb,Kb	lightGray	0
247fc0d089fcf0a1618d670e40fcdb5a	1167	Qw,Kb,Rb,Nb,Qw,Kw,Rw,Qb,Bb,,,,,,,Pw,Rw,,,,,,,Qw,Pw,,,,,,,Bw,Qw,,,,,,,Rb,Bw,,,,,,,Pb,Rb,,,,,,,Qb,Kb,Rb,Nw,Qb,Kw,Rw,Nb,Nw	darkGray	0
248b763831f62e1ac404aa3f6703c388	1519	Pw,Rw,Pb,Qw,Bb,Rb,Pw,Rw,Pw,,,,,,,Pw,Kw,,,,,,,Qw,Bb,,,Qw,Qw,,,Bw,Nw,,,Qw,Qw,,,Rb,Pb,,,,,,,Pb,Kb,,,,,,,Qb,Bb,Kb,Pb,Nw,Bb,Kw,Pw,Kw	lightGray	0
249180712e829b54a39123a1501fdd86	384	Nw,Rb,Kb,Qw,Nb,Rw,Kw,Rb,Kw,,,,,,,Qw,Rw,,,,,,,Nb,Nb,,,Rb,Rb,,,Rb,Bw,,,Rb,Rb,,,Kb,Kb,,,,,,,Qb,Pb,,,,,,,Nw,Qw,Qb,Pb,Rw,Nb,Qw,Kb,Qw	darkGray	0
249383a48844768e0295692356ebfe79	2733	Kb,Nw,Pb,Kb,Qw,Nb,Pw,Nw,Kb,,,,,,,Nb,Rb,,,,,,,Qw,Nw,,,,,,,Kw,Bb,,,,,,,Rw,Kw,,,,,,,Nw,Pw,,,,,,,Qb,Pw,Rw,Pb,Kw,Bb,Rb,Pw,Nb	darkRed	0
249641738f20d0dc35f48717093c3d7e	328	Nb,Bb,Qw,Pw,Rb,Bw,Kb,Qb,Kb,,,,,,,Rb,Qw,,,,,,,Pw,Nb,,,,,,,Qb,Rw,,,,,,,Bw,Kw,,,,,,,Rw,Qb,,,,,,,Pb,Qw,Qb,Nw,Rb,Kb,Qw,Nb,Bw	lightGray	0
2498501dd40bfbfcba01a17fa5896850	2968	Rb,Qw,Pw,Rw,Bb,Qb,Pb,Qb,Bw,,,,,,,Pb,Qb,,,,,,,Rw,Pb,,,,,,,Bb,Rw,,,,,,,Qw,Bb,,,,,,,Pw,Qw,,,,,,,Rb,Kw,Qw,Pw,Rb,Bw,Kb,Pb,Kw	darkGray	0
249a2dccab870f43ccb294d600d9c1c4	2169	Kb,Bw,Qb,Pb,Rw,Bb,Qw,Qw,Pw,,,,,,,Bb,Nb,,,,,,,Rw,Bb,,,,,,,Pb,Kw,,,,,,,Qb,Pb,,,,,,,Bw,Nw,,,,,,,Rb,Rw,Qb,Kw,Rw,Nb,Qw,Kb,Qb	darkRed	1
24a67f976695eb80a2825f8d52f654f5	1683	Nb,Kb,Pb,Nw,Bb,Kw,Pw,Qw,Pw,,,,,,,Bw,Rb,,,,,,,Kb,Bb,,,,,,,Pb,Qw,,,,,,,Nw,Pb,,,,,,,Bb,Rw,,,,,,,Kw,Rw,Kb,Qw,Nb,Rw,Kw,Qb,Rb	lightGray	0
24b79b1492c90e3ee8d58437688c1b68	1318	Qw,Pw,Qw,Bw,Rb,Pb,Qb,Nw,Pw,,,,,,,Qb,Rb,,,,,,,Pb,Bb,,,Rb,Rb,,,Rw,Qw,,,Rb,Rb,,,Bb,Pb,,,,,,,Qw,Rw,,,,,,,Kb,Pb,Kw,Pw,Nw,Bb,Kb,Pb,Nb	lightGray	0
24bf1f9f2d8f834f26e1bcdbfe67b26a	1037	Pb,Qb,Pb,Rw,Bb,Qw,Kb,Qw,Qb,,,,,,,Nw,Kw,,,,,,,Qb,Rb,,,Bb,Bb,,,Pw,Nw,,,Bb,Bb,,,Rb,Qw,,,,,,,Nb,Kb,,,,,,,Qw,Rw,Qb,Kw,Rw,Nb,Qw,Kb,Nw	darkGray	0
24bf2aaa7170853286259bab2a466057	1786	Bb,Qb,Nw,Pw,Kw,Bw,Nb,Kb,Rb,,,,,,,Kw,Pw,,,,,,,Bb,Qb,,,Pb,Pb,,,Nb,Bw,,,Pb,Pb,,,Pw,Rw,,,,,,,Kb,Pb,,,,,,,Bw,Bb,Qb,Bw,Rw,Pb,Qw,Bb,Rw	darkRed	0
24cae55f9d91e487c66e3953b6a5c94b	1983	Pw,Rb,Nw,Qw,Kb,Rw,Nb,Bb,Qw,,,,,,,Rb,Kb,,,,,,,Nw,Rw,,,,,,,Qb,Nb,,,,,,,Kw,Qb,,,,,,,Rw,Kw,,,,,,,Nb,Qw,Pw,Nb,Bb,Kw,Pb,Rw,Nb	lightRed	0
24da127d75110ef3f15632b02a24c58c	2039	Kb,Rw,Pb,Qw,Bb,Rb,Pw,Nw,Kw,,,,,,,Qw,Rw,,,,,,,Nb,Nb,,,,,,,Rw,Qw,,,,,,,Kw,Kb,,,,,,,Qb,Rb,,,,,,,Bw,Rb,Rw,Bb,Qb,Pb,Rb,Bw,Kb	lightGray	0
24df0fc971a3780ff4294755a5131abf	2253	Qb,Kw,Bb,Nw,Pb,Kb,Qw,Kb,Nw,,,,,,,Nw,Qb,,,,,,,Bb,Kw,,,Pb,Pb,,,Kw,Pw,,,Pb,Pb,,,Pw,Nb,,,,,,,Nb,Bw,,,,,,,Bw,Bb,Nb,Bw,Kb,Pb,Nw,Bb,Kw	lightRed	0
24e24caab66daf6dacdffbe904593bdb	1639	Pw,Kb,Bw,Nw,Pb,Kw,Bb,Kw,Bb,,,,,,,Qb,Qw,,,,,,,Nw,Pw,,,,,,,Rw,Rb,,,,,,,Kw,Bw,,,,,,,Qw,Qb,,,,,,,Nb,Qb,Rw,Kw,Qw,Nb,Rb,Kb,Rw	darkRed	0
24e686c4331c565bd693320260b52a39	1587	Pb,Qb,Pb,Rw,Bb,Qw,Pw,Nb,Bb,,,,,,,Rw,Kw,,,,,,,Pb,Pw,,,Nb,Nb,,,Qb,Nb,,,Nb,Nb,,,Bw,Bw,,,,,,,Rb,Kb,,,,,,,Pw,Rw,Pw,Nb,Bb,Kw,Pb,Nw,Rb	lightRed	0
24e991657f99941bd7b6ad956d70bb06	3549	Rw,Nw,Qb,Kw,Rw,Nb,Qw,Pw,Qw,,,,,,,Bw,Nb,,,,,,,Nb,Rw,,,Nw,Nw,,,Rw,Pb,,,Nw,Nw,,,Kw,Qb,,,,,,,Bb,Nw,,,,,,,Nw,Pw,Kb,Rb,Nb,Qw,Kw,Rw,Kw	lightRed	0
24ebd12b9d1f9bc8bd63e9a5bfa920de	1730	Qw,Kb,Nw,Qw,Kb,Rw,Nb,Nb,Nb,,,,,,,Qw,Bw,,,,,,,Kb,Kw,,,,,,,Rb,Pw,,,,,,,Nw,Nw,,,,,,,Qb,Bb,,,,,,,Kw,Kb,Qb,Bw,Rb,Pw,Qw,Bb,Rw	darkGray	0
24f6a50185bbe7f327b92d2e9ad3e488	1994	Kb,Pb,Rw,Nb,Qw,Kb,Rb,Nw,Qw,,,,,,,Kw,Pw,,,,,,,Pw,Nw,,,Pw,Pw,,,Nb,Bb,,,Pw,Pw,,,Bw,Kb,,,,,,,Kb,Pb,,,,,,,Pb,Bw,Rb,Pw,Qw,Bb,Rw,Pb,Pb	lightRed	1
24fb017320316a33ccd61bf25b2edf5a	3510	Nb,Bw,Nb,Pb,Kb,Bb,Nw,Pw,Nb,,,,,,,Pb,Pw,,,,,,,Kb,Kb,,,Pb,Pb,,,Bw,Bw,,,Pb,Pb,,,Rb,Nw,,,,,,,Pw,Pb,,,,,,,Kw,Kw,Nb,Bw,Kb,Pb,Nw,Bb,Nb	darkRed	0
24fe7e4d27e2a59973b96b746637f6c6	3451	Bw,Rb,Nw,Qw,Kb,Pw,Nb,Pw,Qb,,,,,,,Qb,Pb,,,,,,,Kw,Rb,,,Rb,Rb,,,Rw,Bw,,,Rb,Rb,,,Nb,Qw,,,,,,,Qw,Pw,,,,,,,Kb,Bw,Bw,Qb,Pw,Rb,Bb,Qw,Kw	darkGray	0
251d78130a2736296074d4bde6164d65	430	Bw,Pw,Kw,Bb,Nw,Pb,Kb,Qb,Pb,,,,,,,Nw,Qb,,,,,,,Rb,Bw,,,,,,,Kw,Rb,,,,,,,Qb,Kb,,,,,,,Nb,Qw,,,,,,,Rw,Rw,Rw,Rw,Rw,Rw,Rw,Rw,Rw	lightRed	0
252ac8630e5633b57545c3f222cd3740	1562	Pw,Nb,Bw,Kw,Pw,Nw,Bb,Bw,Pb,,,,,,,Rw,Rw,,,,,,,Pb,Bb,,,,,,,Qw,Qw,,,,,,,Bb,Pw,,,,,,,Rb,Rb,,,,,,,Pw,Rw,Qw,Nb,Rb,Kb,Qb,Nw,Kb	darkRed	0
252f5469e760b411111d59c4608f7016	3413	Rw,Bw,Kb,Pb,Nw,Bb,Kw,Pw,Qw,,,,,,,Rb,Pw,,,,,,,Bw,Rw,,,,,,,Qb,Bb,,,,,,,Pb,Qb,,,,,,,Rw,Pb,,,,,,,Bb,Kw,Qw,Bb,Rb,Pw,Qb,Bw,Bb	darkRed	0
2535e1945a06f18ace615d435079ac46	2501	Qb,Kb,Rb,Nw,Qb,Kw,Rw,Rw,Pw,,,,,,,Kw,Kw,,,,,,,Pw,Bw,,,,,,,Nb,Nb,,,,,,,Bw,Pb,,,,,,,Kb,Kb,,,,,,,Pb,Qb,Qb,Bw,Rw,Pb,Qw,Bb,Bw	darkGray	0
253ac6d892be6a00a079c1924bed1797	2898	Rw,Bb,Qw,Pw,Rb,Bw,Qb,Nb,Nw,,,,,,,Nw,Qb,,,,,,,Bb,Kw,,,Pb,Pb,,,Kw,Rw,,,Pb,Pb,,,Pw,Nb,,,,,,,Nb,Qw,,,,,,,Bw,Bw,Pw,Kw,Qb,Nw,Rb,Kb,Rb	darkRed	0
253c4acf3339025ba889c6332b2e536c	2759	Qb,Bw,Nb,Pb,Kb,Bb,Nw,Pb,Rw,,,,,,,Pw,Bb,,,,,,,Kw,Qw,,,,,,,Bb,Pw,,,,,,,Nw,Rb,,,,,,,Pb,Bw,,,,,,,Kb,Pb,Pw,Kw,Bb,Nw,Pb,Qb,Pw	lightGray	0
253c82ad2e429016d80efc4b10d69693	3999	Nb,Rw,Nb,Qw,Kb,Rb,Nw,Pw,Kb,,,,,,,Pw,Qw,,,,,,,Nb,Nw,,,,,,,Bw,Rb,,,,,,,Kb,Kw,,,,,,,Pb,Qb,,,,,,,Nw,Nw,Qw,Pw,Rb,Bw,Qb,Pb,Qb	darkRed	0
2558c9e312e98830f71cb1da2797d2bc	2987	Bb,Kb,Qw,Nw,Rb,Kw,Qb,Bb,Rw,,,,,,,Bw,Pb,,,,,,,Qb,Qw,,,,,,,Pb,Bb,,,,,,,Rw,Rb,,,,,,,Bb,Pw,,,,,,,Qw,Qw,Rb,Bw,Qb,Pb,Rw,Bb,Kw	lightGray	0
2579f0ec8af2c35b32ecf7dd8cd8574b	1385	Qb,Bb,Rw,Pb,Qb,Bw,Rb,Nb,Pb,,,,,,,Kb,Qb,,,,,,,Pb,Bw,,,,,,,Nw,Rb,,,,,,,Bb,Pw,,,,,,,Kw,Qw,,,,,,,Pw,Rb,Qb,Bw,Rw,Pb,Qw,Bb,Nb	lightRed	0
258df919633d4d7a0beb8d869b19e346	3759	Rw,Nw,Pb,Kb,Bw,Nb,Pw,Bb,Qw,,,,,,,Kb,Bb,,,,,,,Qw,Rb,,,,,,,Nb,Pw,,,,,,,Rw,Qb,,,,,,,Kw,Bw,,,,,,,Qb,Kw,Bb,Nw,Pb,Kb,Bw,Nb,Qw	lightRed	0
258f5e42af57148f49a921190b00e258	3906	Nb,Nb,Rw,Kb,Qw,Nw,Rb,Rw,Nb,,,,,,,Kw,Rw,,,,,,,Rw,Kb,,,Rw,Rw,,,Nw,Qw,,,Rw,Rw,,,Qb,Nw,,,,,,,Kb,Rb,,,,,,,Rb,Kb,Nb,Nb,Kb,Rb,Nw,Qb,Qb	lightGray	0
259383ff2fc88edaf57b455a91fcd223	886	Kb,Pw,Kw,Bb,Nw,Rb,Kb,Nw,Qb,,,,,,,Rw,Bw,,,,,,,Bb,Rb,,,Qb,Qb,,,Qb,Pw,,,Qb,Qb,,,Pb,Qw,,,,,,,Rb,Nb,,,,,,,Bw,Kb,Pw,Nb,Bb,Kw,Pb,Nw,Pb	lightGray	0
25c6955eebc6c940188a5d3084c6210d	1916	Pb,Pb,Qb,Bb,Rw,Pw,Qw,Pb,Nb,,,,,,,Pb,Rw,,,,,,,Kb,Kw,,,,,,,Bb,Qb,,,,,,,Nw,Nw,,,,,,,Pw,Pb,,,,,,,Kw,Qb,Kb,Pb,Nb,Bw,Qw,Pw,Qb	lightGray	0
25d368ba15acc13766175155ff3156b6	1872	Rw,Kw,Rw,Nb,Qw,Kb,Rb,Rb,Qb,,,,,,,Nb,Kw,,,,,,,Rw,Rb,,,,,,,Kb,Nw,,,,,,,Qw,Qw,,,,,,,Nw,Kb,,,,,,,Rb,Qw,Nb,Rw,Kw,Qb,Nw,Rb,Rb	darkRed	0
25d5ea0bdcac5b821601a33aaf8b08bb	2053	Kb,Bw,Nb,Pb,Kb,Bb,Nw,Pb,Rb,,,,,,,Rb,Kb,,,,,,,Bw,Kb,,,Nw,Nw,,,Qb,Nw,,,Nw,Nw,,,Pb,Rw,,,,,,,Rw,Kw,,,,,,,Bb,Rw,Nw,Rb,Kw,Qb,Nb,Rw,Nb	darkGray	0
25d8e5635c17be11f389ae00cc411fbc	2431	Pw,Nb,Qw,Kw,Rw,Nw,Qb,Bb,Pb,,,,,,,Qw,Kb,,,,,,,Nb,Bb,,,,,,,Pb,Nw,,,,,,,Kb,Rw,,,,,,,Qb,Kw,,,,,,,Nw,Qw,Pb,Kb,Bw,Nb,Pw,Kw,Rb	lightRed	0
260d2905ed0b95663ce0076b98cc257a	21	Kb,Pb,Rw,Bw,Qb,Pw,Nb,Kw,Kb,,,,,,,Rw,Bw,,,,,,,Pb,Nw,,,Bb,Bb,,,Qb,Pb,,,Bb,Bb,,,Bw,Kw,,,,,,,Rb,Bb,,,,,,,Pw,Pb,Kw,Bb,Nw,Pb,Kb,Bw,Bb	lightRed	0
260d85d0ee7f80239d1a35f25f82ff88	2313	Qw,Qw,Pw,Rw,Bb,Qb,Pb,Qw,Bw,,,,,,,Bb,Rb,,,,,,,Kw,Pw,,,Qb,Qb,,,Pw,Qw,,,Qb,Qb,,,Nb,Bb,,,,,,,Bw,Rw,,,,,,,Kb,Nw,Qw,Pw,Rb,Bw,Qb,Pb,Kw	darkRed	0
2621b4d83dca75503568888d94e7e73f	869	Nw,Rb,Kb,Qb,Nw,Rw,Kw,Pw,Nw,,,,,,,Qw,Rb,,,,,,,Nb,Kb,,,,,,,Rw,Qw,,,,,,,Kw,Nb,,,,,,,Qb,Rw,,,,,,,Nw,Bw,Bw,Kb,Pw,Nb,Bb,Kw,Pw	lightGray	0
26236bf5b61efa9804a4a5ad30c29032	3747	Bw,Qb,Nw,Rb,Kb,Qw,Nb,Pw,Nb,,,,,,,Kw,Qw,,,,,,,Bb,Kw,,,Pw,Pw,,,Nw,Rw,,,Pw,Pw,,,Pb,Nw,,,,,,,Kb,Qb,,,,,,,Bw,Nb,Bw,Kb,Pw,Nb,Bb,Kw,Rb	lightGray	0
26244e267f47d87cee834e225ada7f84	3918	Rw,Bw,Kb,Pw,Nb,Bb,Kw,Pb,Rw,,,,,,,Rw,Pb,,,,,,,Nb,Qw,,,,,,,Qb,Bb,,,,,,,Kw,Rb,,,,,,,Rb,Pw,,,,,,,Bw,Rb,Pb,Rw,Bw,Qb,Pw,Rb,Rb	lightGray	0
2626db7d82cc3401e41f7346b6967717	3873	Nb,Qb,Pb,Rw,Nb,Qw,Pw,Pw,Qb,,,,,,,Kw,Pb,,,,,,,Qb,Rw,,,Kb,Kb,,,Nb,Bb,,,Kb,Kb,,,Rw,Qw,,,,,,,Kb,Kb,,,,,,,Qw,Qw,Pb,Nw,Bw,Kb,Pw,Rb,Nw	darkGray	1
262dde07bf92a7d16d6adcb6cb55fbcb	2036	Bw,Pb,Nw,Bb,Kw,Pw,Nb,Rw,Kw,,,,,,,Nw,Kb,,,,,,,Qb,Rb,,,Pw,Pw,,,Kb,Nw,,,Pw,Pw,,,Rb,Qb,,,,,,,Nb,Kw,,,,,,,Kw,Bw,Bb,Nw,Pb,Kb,Bw,Nb,Nw	lightGray	1
2635059f7713a1e304fc6508fe862c11	4040	Nb,Qw,Pw,Rw,Bb,Qb,Pb,Nw,Nw,,,,,,,Kw,Bb,,,,,,,Qb,Qw,,,,,,,Nw,Pw,,,,,,,Rb,Rb,,,,,,,Kb,Bw,,,,,,,Bw,Rb,Bw,Nb,Pw,Kw,Bb,Nw,Rw	lightRed	0
2648ece1529154dd08be48219f0f0b58	1739	Rw,Nw,Qb,Kb,Rb,Nb,Qw,Nb,Nw,,,,,,,Bb,Qb,,,,,,,Rw,Kw,,,,,,,Pb,Rw,,,,,,,Qb,Nb,,,,,,,Bw,Qw,,,,,,,Rb,Rw,Bb,Rw,Pb,Kb,Bw,Rb,Pb	lightGray	0
264ccfdb129a87368a4964817f9637d3	1412	Rw,Qb,Kw,Rw,Nb,Qw,Kb,Rw,Kw,,,,,,,Bb,Qb,,,,,,,Kw,Nb,,,Rb,Rb,,,Pw,Rw,,,Rb,Rb,,,Nb,Kb,,,,,,,Bw,Qw,,,,,,,Kb,Nw,Nb,Bw,Kw,Pw,Nw,Bb,Bw	darkRed	0
2663e107ae8d7d7875a8b8ae95e9f11d	2207	Pb,Nb,Rw,Kw,Qb,Nw,Rb,Nw,Nw,,,,,,,Rw,Qb,,,,,,,Nb,Kw,,,,,,,Qb,Rw,,,,,,,Pb,Nb,,,,,,,Rb,Qw,,,,,,,Nw,Qb,Pb,Kb,Bw,Nb,Pw,Qw,Pb	lightGray	0
266c94ce13e7344b2671b47fb2b8e22d	2127	Bw,Nb,Pw,Kw,Bb,Nw,Pb,Kw,Rb,,,,,,,Nw,Pw,,,,,,,Bb,Qw,,,,,,,Kb,Bb,,,,,,,Pb,Rw,,,,,,,Nb,Pb,,,,,,,Bw,Kb,Kb,Rb,Nb,Qw,Kw,Rw,Pw	lightRed	0
2699c26b365a12892cf37b03aad1fbf8	1365	Kb,Qw,Nb,Rb,Kb,Qb,Nw,Rw,Bw,,,,,,,Nw,Nb,,,,,,,Pb,Pb,,,,,,,Kb,Kb,,,,,,,Bw,Qb,,,,,,,Nb,Nw,,,,,,,Pw,Bb,Nw,Pb,Kw,Bb,Nb,Pw,Nb	darkRed	0
26b0b1e1051e943c478e2e65767f9d25	2581	Rw,Rw,Rw,Rw,Rw,Rw,Rw,Rw,Bw,,,,,,,Kw,Nb,,,,,,,Qb,Pw,,,Pb,Pb,,,Nb,Kw,,,Pb,Pb,,,Rw,Bb,,,,,,,Kb,Nw,,,,,,,Qw,Qb,Kb,Rb,Nw,Qb,Kw,Rw,Bb	darkRed	0
26b4090d79b829809dd55a50ea941bac	501	Rw,Nw,Qb,Kb,Rb,Nb,Qw,Pw,Nb,,,,,,,Rw,Pw,,,,,,,Pb,Kb,,,,,,,Qw,Bw,,,,,,,Bb,Nw,,,,,,,Rb,Pb,,,,,,,Pw,Kw,Bb,Kw,Pb,Nw,Bw,Kb,Kb	lightRed	0
26b7b3896b1e8de91ce3efbe3bca3351	2829	Kw,Rw,Kw,Qw,Nb,Pb,Kb,Pb,Qb,,,,,,,Bb,Bw,,,,,,,Kw,Rw,,,,,,,Pb,Kw,,,,,,,Nw,Qw,,,,,,,Bw,Nb,,,,,,,Kb,Kb,Rb,Nw,Qw,Kb,Rw,Nb,Kb	lightRed	0
26ba784dfa3fdbd01877975008bd2cf0	1925	Kb,Bw,Kb,Pb,Nw,Bb,Kw,Rb,Rw,,,,,,,Qb,Pb,,,,,,,Pb,Qw,,,,,,,Rb,Bb,,,,,,,Bw,Rb,,,,,,,Kw,Pw,,,,,,,Pw,Nw,Bw,Rb,Pw,Qw,Bb,Rw,Nb	lightGray	0
26c57a8e10833d76cf61dc57d34de4a3	2690	Rb,Pw,Kw,Bw,Nb,Pb,Kb,Pb,Bw,,,,,,,Bw,Qb,,,,,,,Nb,Pb,,,Bw,Bw,,,Pw,Rw,,,Bw,Bw,,,Kw,Bb,,,,,,,Bb,Kw,,,,,,,Nw,Nw,Qw,Bb,Rb,Pw,Qb,Bw,Bw	darkGray	0
26cdca8357c060b3e7e197273850807c	2341	Nb,Qb,Pb,Rw,Bb,Qw,Pw,Kb,Nb,,,,,,,Qb,Bw,,,,,,,Bw,Qb,,,Qw,Qw,,,Rw,Pb,,,Qw,Qw,,,Pb,Nw,,,,,,,Qw,Bb,,,,,,,Bb,Nb,Kw,Qb,Nw,Rb,Kb,Qw,Rb	darkGray	0
26cfc6da7231c6bbf1efa6e8b89121e0	2482	Bw,Kw,Bb,Rb,Kb,Qb,Bw,Kb,Rb,,,,,,,Bb,Nw,,,,,,,Kw,Qb,,,Rb,Rb,,,Pb,Kw,,,Rb,Rb,,,Nw,Rw,,,,,,,Bw,Nb,,,,,,,Kb,Kb,Pb,Nw,Bb,Kw,Pw,Nb,Nb	lightGray	0
26da6ee4f270bd158da3c2e3d3d06fd3	314	Rb,Qw,Bb,Rw,Pb,Qb,Bw,Kb,Pw,,,,,,,Nw,Kw,,,,,,,Qb,Bb,,,,,,,Kb,Nw,,,,,,,Rb,Pb,,,,,,,Nb,Kb,,,,,,,Qw,Qb,Qb,Kw,Rb,Nw,Qw,Kb,Qb	darkGray	0
26f040c26f0f64138520f903907f58fb	2104	Bb,Nb,Qw,Kb,Pb,Nw,Bb,Rb,Nb,,,,,,,Nb,Rw,,,,,,,Bw,Pb,,,Pw,Pw,,,Kw,Qb,,,Pw,Pw,,,Pw,Bw,,,,,,,Nw,Rb,,,,,,,Bb,Pw,Qw,Nb,Rw,Kw,Qb,Nw,Pw	lightRed	0
26f7c65f1f4ca21e3b42d2a1ae850d2f	1281	Kw,Kb,Qw,Nb,Rw,Kw,Qb,Pb,Kb,,,,,,,Rw,Pb,,,,,,,Kw,Nb,,,Qb,Qb,,,Qb,Bw,,,Qb,Qb,,,Nw,Kw,,,,,,,Rb,Pw,,,,,,,Pw,Rw,Rb,Kb,Qw,Nb,Rw,Kw,Bw	darkRed	0
26fa0819c6548718a524306dbf68e93a	2222	Rw,Bb,Kw,Pw,Nb,Bw,Qb,Nw,Rw,,,,,,,Pb,Rw,,,,,,,Qb,Rw,,,Pb,Pb,,,Bw,Rw,,,Pb,Pb,,,Rb,Rw,,,,,,,Pw,Rw,,,,,,,Qw,Rw,Nw,Rb,Kw,Qb,Nb,Rw,Kw	darkGray	0
26fe31586992fe81f7772b9a21b111a9	3078	Bw,Pw,Nb,Bw,Kb,Pb,Nw,Bw,Qw,,,,,,,Bw,Kb,,,,,,,Qb,Rw,,,,,,,Pb,Nb,,,,,,,Rw,Qb,,,,,,,Bb,Kw,,,,,,,Qw,Nb,Qw,Kb,Rw,Nb,Qb,Kw,Bb	lightRed	0
2717128121ee66745b46388c7067e4a8	2567	Qb,Qb,Kw,Rb,Nw,Qw,Kb,Bb,Pb,,,,,,,Qb,Nw,,,,,,,Kw,Bb,,,,,,,Rw,Kw,,,,,,,Nb,Rw,,,,,,,Qw,Nb,,,,,,,Kb,Kb,Bb,Qw,Pb,Rw,Bw,Qb,Qb	lightGray	0
2733b2a4437698c13c8f8af3b1666e8d	1987	Rb,Kb,Qw,Nw,Rb,Kw,Qb,Bw,Kb,,,,,,,Nw,Pb,,,,,,,Pb,Nw,,,,,,,Kb,Bb,,,,,,,Bw,Kw,,,,,,,Nb,Pw,,,,,,,Pw,Pw,Qb,Nw,Rw,Kw,Qw,Nb,Kb	lightRed	0
273bae7a99188c88c8f4325389c41cac	615	Rw,Rw,Kw,Qw,Nb,Rb,Kb,Qb,Nw,,,,,,,Kb,Bb,,,,,,,Pb,Kw,,,Bw,Bw,,,Nb,Pw,,,Bw,Bw,,,Bw,Nb,,,,,,,Kw,Bw,,,,,,,Pw,Pb,Rw,Bb,Qb,Pb,Rb,Bw,Kw	darkGray	0
273ea16166ea542440f31abe1db3d24d	4089	Kw,Pb,Nw,Bb,Kw,Pw,Rb,Pw,Bb,,,,,,,Bb,Nw,,,,,,,Nw,Pb,,,,,,,Pw,Kb,,,,,,,Kw,Bw,,,,,,,Bw,Nb,,,,,,,Nb,Rw,Rb,Nw,Kw,Kb,Rw,Nb,Nb	darkGray	0
2748f87b041bd82796c78e937e92a940	2843	Rw,Qb,Bw,Rb,Pw,Qw,Nb,Nw,Rw,,,,,,,Pb,Rw,,,,,,,Nw,Rw,,,Pb,Pb,,,Bb,Rw,,,Pb,Pb,,,Kw,Rw,,,,,,,Rw,Rw,,,,,,,Nb,Rw,Rw,Bb,Qb,Pb,Rb,Bw,Bw	darkRed	0
274dcf3b08ec256a19e4ea0ce1f42733	405	Pb,Kb,Pb,Nw,Bb,Kw,Pw,Pw,Pb,,,,,,,Bw,Qb,,,,,,,Rb,Bw,,,,,,,Kw,Rb,,,,,,,Qb,Kb,,,,,,,Bb,Qw,,,,,,,Rw,Qw,Bb,Qw,Pb,Rw,Bw,Qb,Pw	lightRed	0
277ec9c4a2e66e073a47c076b3caec5b	1886	Pb,Bw,Rb,Pb,Qb,Bb,Nw,Nb,Bw,,,,,,,Rb,Nb,,,,,,,Bw,Rw,,,Qw,Qw,,,Qw,Kw,,,Qw,Qw,,,Pw,Qb,,,,,,,Rw,Nw,,,,,,,Bb,Rw,Rw,Rw,Rw,Rw,Rw,Rw,Rw	lightRed	0
2782f11517e6cce3f284ff029fa0ffe6	3106	Rw,Pw,Rb,Nw,Qb,Kw,Rw,Pb,Rw,,,,,,,Bb,Rw,,,,,,,Nw,Rw,,,Pb,Pb,,,Pb,Rw,,,Pb,Pb,,,Kb,Rw,,,,,,,Bw,Rw,,,,,,,Nb,Rw,Pb,Kb,Bw,Nb,Pw,Kw,Pb	darkRed	0
27953d8ed68d618e8f1d22c6e16c8db4	2246	Kb,Kb,Pb,Nw,Bb,Kw,Pw,Kb,Kw,,,,,,,Kw,Rw,,,,,,,Bb,Nw,,,,,,,Nw,Qb,,,,,,,Pb,Pw,,,,,,,Kb,Rb,,,,,,,Bw,Nw,Bw,Nb,Pw,Kw,Bb,Nw,Nb	lightRed	0
279a5404b1be7df0ac30669ac18bbac8	3182	Pw,Pw,Qw,Bb,Rw,Pb,Qb,Rw,Nb,,,,,,,Kb,Bw,,,,,,,Rb,Kb,,,,,,,Nb,Pb,,,,,,,Qw,Nw,,,,,,,Kw,Bb,,,,,,,Rw,Pw,Pb,Kb,Bw,Nb,Pw,Kw,Nw	darkRed	0
27a6552d2890381f5671b48215f9f56a	3958	Kw,Pb,Kb,Bb,Nw,Pw,Kw,Pw,Pb,,,,,,,Rw,Kb,,,,,,,Bb,Bw,,,Pb,Pb,,,Qb,Nb,,,Pb,Pb,,,Pb,Pw,,,,,,,Rb,Kw,,,,,,,Bw,Bw,Rb,Bw,Qw,Pw,Rw,Bb,Nw	lightGray	0
27ab5a48aa20ac24dba881e1724bbb31	3285	Bb,Rb,Bw,Qb,Pb,Nw,Bb,Nb,Qw,,,,,,,Nw,Nb,,,,,,,Qb,Pb,,,Rw,Rw,,,Kb,Kb,,,Rw,Rw,,,Rb,Qb,,,,,,,Bb,Nw,,,,,,,Qw,Rb,Bw,Rb,Pw,Kw,Bb,Nw,Bw	darkRed	0
27c821adb9cb05c53728f8fe37a81345	2013	Kw,Nb,Rw,Kw,Qb,Nw,Rb,Nb,Qb,,,,,,,Kw,Bw,,,,,,,Rw,Rw,,,,,,,Nw,Pb,,,,,,,Qb,Qw,,,,,,,Kb,Bb,,,,,,,Rb,Nw,Nw,Qb,Kb,Rb,Nb,Qw,Qw	darkRed	0
27d0712ac3dc0635c8ae69df518042cf	1417	Kw,Bb,Rw,Pb,Qb,Bw,Rb,Qw,Nw,,,,,,,Nb,Pb,,,,,,,Rw,Kw,,,Nb,Nb,,,Kb,Bb,,,Nb,Nb,,,Qw,Nb,,,,,,,Nw,Pw,,,,,,,Rb,Pw,Rb,Nw,Qb,Kw,Rw,Nb,Nw	darkGray	0
27d5f99285fb696581cbc585c2a33ce3	3250	Bb,Nb,Qw,Kw,Rw,Bw,Qb,Nw,Rw,,,,,,,Bb,Nb,,,,,,,Kw,Qb,,,,,,,Pw,Kw,,,,,,,Nb,Rb,,,,,,,Bw,Nw,,,,,,,Kb,Qb,Pw,Kw,Bb,Nw,Pb,Kb,Bw	darkRed	0
27dd0a5d1fb4add7bdb6b3001a629061	2002	Qb,Kw,Pw,Nw,Bb,Qb,Pb,Bw,Bb,,,,,,,Nw,Qw,,,,,,,Bb,Pw,,,,,,,Kb,Rb,,,,,,,Pb,Bw,,,,,,,Nb,Qb,,,,,,,Bw,Kw,Nb,Pw,Kw,Bb,Rw,Pb,Kw	darkRed	0
27e84169034444a6ad9368a97fc11958	2118	Rw,Rw,Rw,Rw,Rw,Rw,Rw,Rw,Rw,,,,,,,Pb,Pb,,,,,,,Nw,Qw,,,Pw,Pw,,,Bw,Bb,,,Pw,Pw,,,Kb,Nb,,,,,,,Pw,Pw,,,,,,,Nb,Rb,Rw,Kw,Qb,Nw,Rb,Kb,Qw	darkRed	0
280bd05c480a2289d13d60751b075a51	73	Bw,Rw,Bb,Qw,Pw,Rb,Bw,Pw,Nw,,,,,,,Rb,Bb,,,,,,,Kb,Kb,,,Bw,Bw,,,Qw,Pb,,,Bw,Bw,,,Nb,Nb,,,,,,,Rw,Bw,,,,,,,Kw,Nw,Nw,Pb,Kb,Bw,Nb,Pw,Rw	lightGray	0
281a588191a99c7128688d5bedcb557c	2604	Rw,Pb,Qb,Bw,Rb,Pw,Qw,Nb,Rw,,,,,,,Qw,Rw,,,,,,,Bb,Rw,,,Pb,Pb,,,Rb,Rw,,,Pb,Pb,,,Pw,Rw,,,,,,,Qb,Rw,,,,,,,Bw,Rw,Bw,Qb,Pb,Rw,Bb,Qw,Qb	lightGray	0
281b3e4165bb1cb0f3478149d95b9423	631	Pb,Pb,Qb,Bb,Rw,Pw,Qw,Rw,Kb,,,,,,,Pb,Bw,,,,,,,Kb,Nb,,,Rb,Rb,,,Bw,Pw,,,Rb,Rb,,,Nb,Kw,,,,,,,Pw,Bb,,,,,,,Kw,Rw,Qw,Pw,Rw,Bb,Qb,Kw,Qw	darkGray	0
281c7a9586ee438dd8e1007a9e518674	2770	Nb,Nw,Bb,Kb,Pb,Nb,Bw,Pb,Qb,,,,,,,Rw,Nw,,,,,,,Bb,Rb,,,,,,,Qb,Kb,,,,,,,Pb,Qw,,,,,,,Rb,Nb,,,,,,,Bw,Bw,Qb,Kw,Rb,Nw,Bw,Kb,Kb	lightGray	0
2822af275b86a8bdeef4fef6583e05e8	3393	Bb,Kw,Bb,Nb,Pw,Kb,Bw,Kb,Rw,,,,,,,Bb,Pb,,,,,,,Nw,Qw,,,Bb,Bb,,,Pb,Bb,,,Bb,Bb,,,Kb,Rb,,,,,,,Bw,Pw,,,,,,,Nb,Nw,Bb,Kw,Pw,Nb,Bw,Kb,Bw	lightGray	0
282a543a7cd68d25ab0678f4ccf1f883	1705	Qw,Qw,Pw,Rb,Bw,Kb,Pb,Rw,Kb,,,,,,,Qb,Rb,,,,,,,Pb,Nb,,,Nw,Nw,,,Rb,Qw,,,Nw,Nw,,,Bw,Kw,,,,,,,Qw,Rw,,,,,,,Pw,Pw,Nb,Rw,Kb,Bw,Nw,Pb,Bb	darkGray	0
2834fd63d6d1980b7fcb2f40c3602ce0	2079	Qb,Pw,Kw,Bb,Nw,Pb,Kb,Bw,Nb,,,,,,,Qw,Bw,,,,,,,Bb,Kb,,,,,,,Rb,Pb,,,,,,,Pw,Nw,,,,,,,Qb,Bb,,,,,,,Bw,Nb,Bb,Nw,Pw,Kw,Bw,Nb,Nb	lightRed	1
28389c32605677c15b8ba89da9217b09	2419	Nb,Rb,Pw,Qw,Bb,Rw,Pb,Rw,Kw,,,,,,,Rw,Qb,,,,,,,Rw,Bw,,,Pb,Pb,,,Rw,Rb,,,Pb,Pb,,,Rw,Pw,,,,,,,Rw,Qw,,,,,,,Rw,Qb,Bw,Kb,Pb,Nw,Bb,Kw,Rw	darkGray	0
285871871765dd7741fde3ef9cd8d432	2326	Rb,Kw,Qb,Nb,Rw,Kb,Qw,Nw,Nb,,,,,,,Qb,Rw,,,,,,,Kw,Kb,,,Rb,Rb,,,Rb,Qw,,,Rb,Rb,,,Nw,Nw,,,,,,,Bw,Rb,,,,,,,Kb,Nw,Bb,Qw,Pw,Rb,Bw,Qb,Nb	lightRed	0
2874d38d427cb8696648181969da0827	1138	Nw,Nw,Qb,Kb,Rb,Nb,Qw,Qw,Nw,,,,,,,Rb,Qb,,,,,,,Rb,Kb,,,,,,,Nb,Rb,,,,,,,Qw,Nb,,,,,,,Kw,Qw,,,,,,,Rw,Pw,Kw,Pw,Nw,Bb,Kb,Pb,Bb	lightRed	0
2876e00f55775d1b41b926227925965e	1930	Rb,Pb,Kb,Bb,Nw,Pw,Kw,Pb,Rb,,,,,,,Kw,Pw,,,,,,,Qb,Qb,,,Qw,Qw,,,Nw,Bw,,,Qw,Qw,,,Rb,Rw,,,,,,,Kb,Pb,,,,,,,Qw,Nb,Bb,Kw,Rb,Nw,Qw,Kb,Rb	lightRed	0
287fb2cbe93d51e508c768e3c192f555	442	Nb,Kw,Nb,Rb,Kb,Qb,Nw,Nb,Nb,,,,,,,Bb,Bw,,,,,,,Qw,Kw,,,,,,,Pb,Pw,,,,,,,Rw,Nw,,,,,,,Bw,Bb,,,,,,,Qb,Nw,Kb,Qw,Nw,Rb,Kw,Qb,Nw	lightGray	0
2887494f02a4e5da54d2148ac6318602	3504	Kw,Pb,Rw,Bb,Qw,Pw,Rb,Qb,Nb,,,,,,,Bw,Pw,,,,,,,Rb,Kb,,,,,,,Pw,Bw,,,,,,,Qw,Nw,,,,,,,Nb,Pb,,,,,,,Rw,Pb,Kw,Qb,Nb,Rw,Kb,Qw,Bw	darkRed	0
2895eed4d16820229e160c665b7ab8ae	1156	Rw,Kb,Kw,Nb,Rw,Kw,Qb,Qb,Kb,,,,,,,Nb,Kw,,,,,,,Bw,Nb,,,,,,,Qb,Rw,,,,,,,Pb,Kw,,,,,,,Rw,Bb,,,,,,,Bb,Kw,Bb,Kw,Pb,Rw,Bw,Kb,Bw	lightGray	0
28a48ec35cd6a0717e1089f76d199166	1458	Pb,Pw,Nb,Bb,Kw,Pb,Nw,Bb,Pw,,,,,,,Kw,Rb,,,,,,,Qb,Bw,,,Pb,Pb,,,Nw,Qb,,,Pb,Pb,,,Rb,Pb,,,,,,,Kb,Rw,,,,,,,Qw,Kb,Pw,Qw,Bw,Rb,Pb,Qb,Rw	lightGray	0
28b62de9fc933b44356026998b35bff3	1220	Rw,Rb,Pw,Qw,Bb,Rw,Pb,Bb,Pw,,,,,,,Qb,Nb,,,,,,,Bw,Bb,,,,,,,Rb,Kw,,,,,,,Pw,Pb,,,,,,,Qw,Nw,,,,,,,Nb,Nw,Kb,Rb,Nb,Qw,Kw,Rw,Pb	lightRed	0
28d1fcd901961d1d3fefe87784fbc002	3887	Nb,Qw,Kb,Rb,Nw,Qb,Kw,Kw,Nb,,,,,,,Qw,Pw,,,,,,,Bb,Kb,,,,,,,Rb,Bw,,,,,,,Pw,Nw,,,,,,,Qb,Pb,,,,,,,Bw,Kw,Nb,Bw,Kb,Pb,Nw,Bb,Pb	lightRed	0
28e432c07a669c245f19918d93af688c	3052	Rb,Kw,Rw,Nb,Qw,Kb,Rb,Kb,Kb,,,,,,,Qw,Pb,,,,,,,Bb,Nb,,,,,,,Rb,Bw,,,,,,,Pw,Kw,,,,,,,Qb,Pw,,,,,,,Bw,Nw,Pb,Nw,Bw,Kb,Pw,Nb,Kw	lightRed	0
28f3a34e349e2aaae864b42d6522d95f	4039	Qb,Nb,Rw,Kw,Qb,Nw,Rb,Bb,Qb,,,,,,,Bw,Nw,,,,,,,Nb,Rb,,,Rw,Rw,,,Pw,Kb,,,Rw,Rw,,,Kw,Bw,,,,,,,Bb,Nb,,,,,,,Nw,Nw,Bw,Rb,Pw,Qw,Bb,Rw,Qb	darkGray	0
28f59e3783e8e782e070e26d234e880d	2172	Rw,Bw,Kb,Pb,Nw,Bb,Kw,Nw,Bb,,,,,,,Rw,Nw,,,,,,,Kw,Pb,,,,,,,Qb,Kb,,,,,,,Nw,Bw,,,,,,,Rb,Nb,,,,,,,Kb,Bb,Qw,Bb,Rw,Pb,Qb,Bw,Kb	lightRed	0
28f67e804b06710c521584efa81333c6	1903	Qw,Bw,Kb,Pw,Nb,Bb,Kw,Rb,Nb,,,,,,,Bw,Qw,,,,,,,Rb,Kb,,,Pb,Pb,,,Kw,Rb,,,Pb,Pb,,,Qb,Nw,,,,,,,Bb,Qb,,,,,,,Rw,Kw,Qb,Pb,Rb,Bw,Qw,Pw,Kw	darkGray	0
28f7f62a363aa9914ec02bcd10a107dc	3596	Pb,Qw,Kb,Pb,Nw,Qb,Kw,Rb,Bw,,,,,,,Bb,Rb,,,,,,,Qw,Pb,,,Bw,Bw,,,Pw,Qb,,,Bw,Bw,,,Rb,Bb,,,,,,,Nw,Rw,,,,,,,Qb,Rw,Kb,Qw,Nw,Rb,Kw,Qb,Nw	lightGray	1
28ff94c11b21adc604dfc8dcb3ee7000	2108	Bw,Qb,Qw,Pw,Nb,Bw,Kb,Pb,Nb,,,,,,,Nb,Qw,,,,,,,Bw,Kw,,,,,,,Kb,Rw,,,,,,,Pw,Nw,,,,,,,Nw,Qb,,,,,,,Bb,Qw,Bb,Qw,Pb,Rw,Bw,Qb,Nw	darkRed	0
290c32c5e1ea084796a61c919859a789	29	Pw,Qb,Bw,Rw,Pb,Qw,Bb,Rw,Rw,,,,,,,Kb,Pb,,,,,,,Qw,Qw,,,,,,,Nb,Bb,,,,,,,Rw,Rb,,,,,,,Kw,Pw,,,,,,,Qb,Kb,Kb,Qw,Nb,Rw,Kw,Qb,Kw	darkRed	0
2915c0c1e44664e17cc64d04e23f9d08	2749	Qw,Nb,Bw,Kb,Pb,Nw,Bb,Kb,Rw,,,,,,,Pw,Bb,,,,,,,Rb,Qw,,,Bb,Bb,,,Bw,Pw,,,Bb,Bb,,,Qb,Rb,,,,,,,Pb,Bw,,,,,,,Rw,Qb,Nb,Qw,Kb,Rb,Nw,Qb,Rw	darkGray	0
291618506aead52e61b86041658a0d45	2792	Kw,Nb,Bw,Qb,Pb,Nw,Bb,Pw,Pb,,,,,,,Pw,Nw,,,,,,,Nb,Bw,,,,,,,Bb,Kb,,,,,,,Kw,Pw,,,,,,,Pb,Nb,,,,,,,Nw,Qw,Bb,Nw,Pb,Kb,Bw,Nb,Qw	darkRed	0
291d43751aa10bf88eb95f120a5c2495	3321	Bw,Bb,Qw,Pb,Rw,Nw,Qb,Pw,Nw,,,,,,,Rb,Rb,,,,,,,Nw,Kw,,,Nb,Nb,,,Qb,Qb,,,Nb,Nb,,,Kw,Nb,,,,,,,Rw,Rw,,,,,,,Nb,Bb,Bb,Nw,Pw,Qw,Bw,Nb,Qw	darkRed	0
2929c49f8c5d5e229bdc4e2a60290863	12	Rw,Kb,Rb,Nw,Qb,Kw,Pw,Kw,Rw,,,,,,,Qb,Rw,,,,,,,Pb,Rw,,,Bw,Bw,,,Rb,Rw,,,Bw,Bw,,,Bw,Rw,,,,,,,Qw,Rw,,,,,,,Pw,Rw,Pw,Nb,Bb,Kw,Pb,Nw,Pw	darkGray	0
29332bcf55cc7c8b8d05a2d72d609720	1686	Qb,Rw,Pb,Qw,Bb,Rb,Pw,Pw,Qw,,,,,,,Qb,Pw,,,,,,,Bw,Rb,,,Rb,Rb,,,Rw,Bw,,,Rb,Rb,,,Pb,Qb,,,,,,,Qw,Pb,,,,,,,Bb,Qb,Kw,Rw,Nb,Qw,Pw,Rb,Qw	lightRed	0
2942cffe0aafb5a8121da86f7052ffed	325	Qb,Nw,Rb,Kb,Qw,Nb,Rw,Pw,Rb,,,,,,,Qw,Nw,,,,,,,Nb,Qb,,,,,,,Rb,Kw,,,,,,,Kb,Rw,,,,,,,Qb,Nb,,,,,,,Nw,Kb,Rb,Kb,Qw,Nb,Rw,Kw,Pw	darkGray	0
29462f3da519ff14c87daf3205ce9904	791	Bw,Qb,Pb,Rw,Bb,Qw,Pw,Bb,Rw,,,,,,,Qb,Kw,,,,,,,Pb,Qw,,,Pb,Pb,,,Rb,Nb,,,Pb,Pb,,,Bw,Rb,,,,,,,Qw,Kb,,,,,,,Kb,Qw,Rb,Nw,Qw,Kb,Pw,Nb,Rb	darkGray	0
29510f78eb6a006aa7dda1c00303c56d	256	Rb,Nw,Qb,Pw,Rb,Nb,Qw,Nw,Rb,,,,,,,Nb,Nw,,,,,,,Rw,Qw,,,,,,,Pb,Kb,,,,,,,Qb,Rw,,,,,,,Nw,Bb,,,,,,,Rb,Pw,Pw,Kw,Bw,Nb,Pb,Kb,Pb	lightGray	0
2954172076d302a3b850b3cea416985b	3968	Kb,Nb,Pw,Kw,Bb,Rw,Pb,Pw,Rw,,,,,,,Nb,Kw,,,,,,,Pw,Qw,,,Bb,Bb,,,Kb,Nb,,,Bb,Bb,,,Bw,Pb,,,,,,,Nw,Kb,,,,,,,Pb,Qw,Bw,Qb,Pb,Rw,Bb,Kw,Pw	lightRed	0
2963e6ea196939e598c996e76f04dd12	3882	Qb,Kb,Qw,Nw,Rb,Kw,Qb,Qb,Bb,,,,,,,Rw,Kw,,,,,,,Bb,Pw,,,,,,,Qw,Nb,,,,,,,Pw,Qw,,,,,,,Rb,Kb,,,,,,,Bw,Qw,Kw,Qb,Bw,Rb,Pw,Qw,Bw	lightRed	0
29651f70eb0f8f8196f3fe7f5b08f1b4	1208	Nw,Pw,Kw,Qb,Nw,Pb,Kb,Qw,Rw,,,,,,,Rw,Bb,,,,,,,Pb,Qw,,,,,,,Qb,Pw,,,,,,,Bw,Rb,,,,,,,Rb,Bw,,,,,,,Pw,Qw,Nb,Qw,Pb,Rw,Bw,Qb,Bb	lightRed	0
29786116aca1be2e70e17d53872697ce	2668	Nb,Kw,Bb,Nw,Pb,Kb,Bw,Qb,Kb,,,,,,,Kw,Rb,,,,,,,Rw,Nw,,,,,,,Nw,Bb,,,,,,,Qb,Kw,,,,,,,Kb,Rw,,,,,,,Pb,Rb,Nw,Bb,Kw,Pw,Rb,Bw,Pw	darkRed	0
2979f75ddd1dc4deb6ffefb540b22369	1827	Bb,Qw,Kb,Rw,Nb,Qb,Kw,Rw,Kb,,,,,,,Rw,Qw,,,,,,,Rw,Nw,,,Kb,Kb,,,Rw,Rb,,,Kb,Kb,,,Rw,Kw,,,,,,,Rw,Qb,,,,,,,Rw,Kb,Pb,Nw,Bb,Kw,Pw,Nb,Rw	lightRed	0
298413bddbef120d3eaf51ffdd74d850	738	Rw,Rw,Rw,Rw,Rw,Rw,Rw,Rw,Nb,,,,,,,Pb,Rw,,,,,,,Rw,Kw,,,,,,,Bb,Qb,,,,,,,Qw,Nw,,,,,,,Pw,Rb,,,,,,,Rb,Bb,Rb,Bw,Qw,Pw,Rw,Bb,Nw	lightGray	0
298704271bee7e34bdf28b6a944d0cc0	975	Rw,Bb,Kw,Pw,Rb,Bw,Qb,Rw,Rw,,,,,,,Rb,Rw,,,,,,,Bw,Rw,,,Pb,Pb,,,Qb,Rw,,,Pb,Pb,,,Pb,Rw,,,,,,,Rw,Rw,,,,,,,Bb,Rw,Qw,Pw,Rb,Bw,Qb,Pb,Pb	darkGray	0
2989a8a1c9cfabd71c9be6057479a919	1280	Pb,Rw,Nb,Qw,Kb,Rb,Nw,Bw,Pw,,,,,,,Kw,Kw,,,,,,,Qb,Bw,,,,,,,Nw,Nb,,,,,,,Rb,Pb,,,,,,,Kb,Kb,,,,,,,Qw,Bw,Qw,Nb,Rw,Pb,Qb,Bw,Kw	darkGray	0
299cd8bd0bcedd9e54e8043e040ea058	3562	Pb,Qb,Pb,Rb,Bw,Kw,Pw,Nw,Rw,,,,,,,Bw,Bb,,,,,,,Kb,Qw,,,,,,,Pb,Pw,,,,,,,Nw,Rb,,,,,,,Bb,Nw,,,,,,,Kw,Kb,Nw,Rb,Kb,Qw,Nb,Rw,Kb	darkGray	0
29a13884ba42da96463bc4c6e2024ce7	3154	Bw,Rw,Kw,Qw,Nb,Rb,Kb,Bw,Qw,,,,,,,Nb,Kb,,,,,,,Rw,Rw,,,,,,,Kb,Bb,,,,,,,Qw,Qb,,,,,,,Nw,Pb,,,,,,,Rb,Pw,Qb,Bw,Rw,Pb,Qw,Bb,Rw	lightRed	0
29a77ef781f890a7d8f44aac8857c47e	1625	Rb,Rb,Nw,Qw,Kb,Rw,Nb,Qw,Qb,,,,,,,Bb,Bw,,,,,,,Rw,Nb,,,Bb,Bb,,,Pb,Pw,,,Bb,Bb,,,Kb,Kw,,,,,,,Bw,Bb,,,,,,,Nb,Kb,Kw,Bb,Nb,Pw,Kb,Bw,Qb	lightRed	0
29a8e91561138af0cc22f563562b11b9	4051	Qb,Qw,Pw,Rb,Bw,Qb,Pb,Bb,Rb,,,,,,,Nw,Bw,,,,,,,Pb,Qb,,,Pb,Pb,,,Kb,Pb,,,Pb,Pb,,,Bw,Rw,,,,,,,Nb,Bb,,,,,,,Pw,Qb,Qb,Qw,Rw,Nb,Qw,Qb,Qb	darkRed	0
29b104111f9bd4d3c0899aaad2553e6f	1306	Qw,Bw,Kb,Pw,Nb,Bb,Kw,Qb,Rb,,,,,,,Rw,Bw,,,,,,,Bb,Qw,,,,,,,Qw,Pw,,,,,,,Pw,Rw,,,,,,,Rb,Bb,,,,,,,Bw,Kw,Bb,Rw,Pb,Qb,Bw,Rb,Nw	lightGray	0
29c59a4ebcb40a9973802604628556f5	2004	Nb,Nb,Qw,Kw,Rw,Nw,Qb,Bb,Qw,,,,,,,Bb,Kb,,,,,,,Nw,Rb,,,Pb,Pb,,,Pb,Nw,,,Pb,Pb,,,Kb,Qb,,,,,,,Bw,Kw,,,,,,,Nb,Kb,Nw,Qb,Kb,Rb,Nb,Qw,Kb	darkRed	0
29d69731259d51bd40d8968fac7b1a0f	791	Bw,Qb,Pb,Rw,Bb,Qw,Pw,Bb,Rw,,,,,,,Qb,Kw,,,,,,,Pb,Qw,,,Pb,Pb,,,Rb,Nb,,,Pb,Pb,,,Bw,Rb,,,,,,,Qw,Kb,,,,,,,Kb,Qw,Rb,Nw,Qw,Kb,Pw,Nb,Rb	darkGray	0
29e64e073154d7664f54ce39a5f66099	3972	Qw,Rb,Bw,Qw,Pw,Rw,Kb,Pw,Nw,,,,,,,Rb,Kb,,,,,,,Bw,Kw,,,Nb,Nb,,,Qw,Pw,,,Nb,Nb,,,Pw,Nb,,,,,,,Rw,Qw,,,,,,,Kb,Qw,Qw,Kb,Rw,Nb,Qb,Kw,Nw	darkRed	0
2a107bc9b97516adc08ab467c879af6e	2859	Pw,Qb,Pb,Rb,Bw,Qw,Kb,Bw,Rw,,,,,,,Nw,Kw,,,,,,,Bb,Qb,,,Rw,Rw,,,Kw,Nw,,,Rw,Rw,,,Pw,Rb,,,,,,,Nb,Kb,,,,,,,Bw,Nw,Rw,Kw,Qb,Bw,Rb,Pw,Qb	darkGray	0
2a1a4d23d534000fd8f180768169af24	1154	Qb,Kb,Rb,Nb,Qw,Kw,Rw,Kw,Kw,,,,,,,Bw,Qb,,,,,,,Rb,Nb,,,,,,,Kw,Rw,,,,,,,Qb,Kb,,,,,,,Nb,Qw,,,,,,,Rw,Pw,Bb,Kw,Pb,Nw,Bw,Kb,Qb	lightGray	0
2a23306cd124b0989af1e63a3fc5d4ec	1225	Rb,Nw,Pb,Kw,Bb,Nb,Pw,Kw,Bb,,,,,,,Pb,Qw,,,,,,,Kb,Pb,,,Bb,Bb,,,Bw,Rw,,,Bb,Bb,,,Nb,Bw,,,,,,,Pw,Qb,,,,,,,Kw,Pw,Qb,Kw,Rb,Nw,Qw,Kb,Bb	darkGray	0
2a490d828531261de014a845aa5af2c1	2178	Nw,Kb,Pb,Nb,Bw,Kw,Pw,Bw,Rw,,,,,,,Kb,Kw,,,,,,,Qw,Qw,,,Rb,Rb,,,Nb,Nb,,,Rb,Rb,,,Rw,Rb,,,,,,,Kw,Kb,,,,,,,Qb,Qw,Bb,Nw,Pb,Kb,Qw,Nb,Pb	lightRed	0
2a5d10838f5744f4528736cba7842a26	31	Kw,Kb,Pb,Rw,Bb,Qw,Pw,Rw,Qb,,,,,,,Qb,Bw,,,,,,,Kw,Rw,,,,,,,Rw,Pb,,,,,,,Nb,Qw,,,,,,,Qw,Bb,,,,,,,Kb,Rb,Bb,Kw,Pw,Nb,Bw,Kb,Qb	lightGray	0
2a5de3fb85bb38c28448da17792392c9	1220	Rw,Rb,Pw,Qw,Bb,Rw,Pb,Bb,Pw,,,,,,,Qb,Nb,,,,,,,Bw,Bb,,,,,,,Rb,Kw,,,,,,,Pw,Pb,,,,,,,Qw,Nw,,,,,,,Nb,Nw,Kb,Rb,Nb,Qw,Kw,Rw,Pb	lightRed	0
2a700c37cb999ffb55e0ed8768454c64	2314	Nw,Rb,Bw,Qw,Pw,Rw,Bb,Nw,Pb,,,,,,,Kb,Kb,,,,,,,Pb,Bw,,,,,,,Nb,Nb,,,,,,,Bw,Pw,,,,,,,Qw,Kw,,,,,,,Pw,Rw,Bb,Rw,Pb,Qb,Bw,Rb,Qb	darkRed	0
2a916302c91a71bacdef18dd62d9598e	3290	Pb,Pb,Nw,Bb,Kw,Pw,Nb,Pw,Bb,,,,,,,Pb,Nw,,,,,,,Rw,Pb,,,,,,,Bb,Kb,,,,,,,Qw,Qw,,,,,,,Pw,Nb,,,,,,,Nb,Bb,Bw,Rb,Pb,Qb,Bb,Rw,Qb	lightRed	0
2a91cf3df2e0fd56860a981b5f1bb67f	671	Pw,Qb,Pb,Rw,Bb,Qw,Pw,Qw,Rb,,,,,,,Bb,Nw,,,,,,,Kw,Qw,,,Kb,Kb,,,Pb,Kb,,,Kb,Kb,,,Nw,Rw,,,,,,,Bw,Nb,,,,,,,Kb,Bw,Rb,Pw,Qw,Bb,Nw,Pb,Kb	darkGray	0
2ab99aee396ea8e842cd8e406932af78	1011	Qw,Qb,Pb,Rw,Bb,Qw,Pw,Rb,Nb,,,,,,,Qb,Rw,,,,,,,Pb,Kb,,,Pb,Pb,,,Rb,Bw,,,Pb,Pb,,,Bw,Nw,,,,,,,Kw,Rb,,,,,,,Pw,Bw,Rb,Nw,Kw,Kb,Pw,Nb,Rb	darkGray	0
2abea853e89ff056b3ca14be311275dd	2014	Nw,Nw,Qb,Kb,Rb,Nb,Qw,Nb,Pb,,,,,,,Kw,Kb,,,,,,,Qb,Bb,,,Rb,Rb,,,Nw,Nw,,,Rb,Rb,,,Rb,Pw,,,,,,,Kb,Kw,,,,,,,Bw,Nw,Pw,Nb,Bw,Qb,Pb,Rw,Pw	darkGray	0
2acb64bc0b551a5cdd5726707a4ed551	493	Qw,Pw,Kw,Bb,Nw,Rb,Kb,Rb,Pw,,,,,,,Bb,Nb,,,,,,,Qw,Bw,,,,,,,Pb,Kb,,,,,,,Rw,Pb,,,,,,,Bw,Nw,,,,,,,Kb,Bb,Qw,Bb,Rb,Pw,Qb,Bw,Qb	darkGray	0
2ad7a7b504e90be8dcd04962d4a4c760	3526	Rb,Kb,Rb,Nb,Qw,Kw,Rw,Pb,Qw,,,,,,,Pw,Nb,,,,,,,Nb,Rb,,,,,,,Bw,Kb,,,,,,,Kb,Qb,,,,,,,Pb,Nw,,,,,,,Nw,Pb,Nw,Rb,Kw,Qb,Nb,Rw,Pb	darkGray	0
2ae6d554cbb59eaa7de31afec65e9c99	3614	Rw,Bw,Nb,Pb,Kb,Bb,Nw,Bb,Kw,,,,,,,Kw,Nb,,,,,,,Nb,Rw,,,,,,,Rb,Kw,,,,,,,Kb,Qb,,,,,,,Kb,Nw,,,,,,,Nw,Kw,Nb,Pw,Kw,Bb,Nw,Pb,Rb	lightRed	1
2afd02a8abdac460d0d961c0462c1f5a	306	Rb,Kw,Bb,Nw,Pb,Kb,Bw,Kw,Qw,,,,,,,Bw,Kb,,,,,,,Nb,Rw,,,Rw,Rw,,,Pw,Nb,,,Rw,Rw,,,Kw,Bb,,,,,,,Bb,Kw,,,,,,,Nw,Kw,Bb,Nw,Pw,Kw,Bw,Nb,Rw	lightRed	0
2b01e6aab76749ebb2fe060dc09b1e6b	2	Pw,Qw,Bb,Rw,Pb,Qb,Nw,Kw,Pw,,,,,,,Qw,Kw,,,,,,,Kb,Kb,,,,,,,Rw,Nw,,,,,,,Nb,Pb,,,,,,,Qb,Kb,,,,,,,Kw,Nb,Kb,Kw,Nb,Pw,Kw,Bb,Pw	darkRed	0
2b10616ae7b27376f1e3f02d2c01aee2	2036	Bw,Pb,Nw,Bb,Kw,Pw,Nb,Rw,Qw,,,,,,,Nw,Kb,,,,,,,Qb,Rb,,,Pw,Pw,,,Kb,Nw,,,Pw,Pw,,,Rb,Qb,,,,,,,Nb,Kw,,,,,,,Qw,Bw,Bb,Nw,Pb,Kb,Bw,Nb,Nw	lightGray	0
2b1e3111441c7a66222b866eaf0ee29f	3520	Bb,Bw,Nb,Pw,Kw,Bb,Nw,Bb,Kb,,,,,,,Pb,Pb,,,,,,,Rw,Nw,,,,,,,Bw,Bb,,,,,,,Qb,Kw,,,,,,,Pw,Pw,,,,,,,Rb,Pw,Rb,Bw,Qw,Pw,Rw,Bb,Bb	lightGray	0
2b29dcc083d672576f69733adc0f18e1	3555	Pw,Rb,Bw,Qb,Pb,Rw,Bb,Pb,Rb,,,,,,,Qb,Bw,,,,,,,Bw,Qw,,,Nw,Nw,,,Rb,Pw,,,Nw,Nw,,,Pw,Rw,,,,,,,Qw,Bb,,,,,,,Bb,Rw,Qw,Pw,Rb,Bw,Qb,Pb,Qb	darkRed	0
2b3429ead9f97c106ba76f3a3886c5a5	1155	Nb,Pb,Nw,Bb,Kw,Rw,Nb,Kb,Nb,,,,,,,Bw,Qw,,,,,,,Rb,Kb,,,Pw,Pw,,,Pw,Rb,,,Pw,Pw,,,Qw,Nw,,,,,,,Bb,Qb,,,,,,,Rw,Pw,Nb,Rw,Kb,Qw,Nw,Rb,Qw	darkRed	0
2b5be1cdc217ff308c57325b102ed6b1	3740	Nw,Nb,Pw,Kw,Bb,Nw,Pb,Kb,Pb,,,,,,,Rb,Kb,,,,,,,Nw,Bw,,,Rw,Rw,,,Qw,Nb,,,Rw,Rw,,,Kb,Pw,,,,,,,Rw,Kw,,,,,,,Nb,Bb,Pw,Rb,Bw,Qb,Pb,Rw,Kb	lightGray	0
2b5d6a7bdae67490da317f181531bb26	584	Rw,Rw,Rw,Rw,Rw,Rw,Rw,Rw,Pw,,,,,,,Qw,Kw,,,,,,,Bb,Bb,,,Pb,Pb,,,Rb,Nw,,,Pb,Pb,,,Pw,Pb,,,,,,,Qb,Kb,,,,,,,Bw,Pb,Qb,Nw,Rb,Kb,Bw,Nb,Bw	darkRed	0
2b64c736b34050f210a6ce1c4a24d8e7	1727	Qb,Bw,Rb,Pb,Qb,Bb,Rw,Nb,Nw,,,,,,,Nb,Pb,,,,,,,Rw,Kb,,,,,,,Kb,Bw,,,,,,,Kw,Nb,,,,,,,Nw,Pw,,,,,,,Rb,Nw,Nb,Kw,Kb,Rb,Nw,Qb,Rw	darkGray	0
2b66b17f2416965a1e2b9733ffed5cc8	2104	Bb,Nb,Qw,Kb,Pb,Nw,Bb,Rb,Nb,,,,,,,Nb,Rw,,,,,,,Bw,Pb,,,Pw,Pw,,,Kw,Qb,,,Pw,Pw,,,Pw,Bw,,,,,,,Nw,Rb,,,,,,,Bb,Pw,Qw,Nb,Rw,Kw,Qb,Nw,Pw	lightRed	1
2b75c8ed8afa14f5dbcfb59ee1608a0b	984	Qw,Rw,Bb,Qw,Pw,Rb,Bw,Bb,Pb,,,,,,,Rw,Qb,,,,,,,Bb,Bb,,,,,,,Kb,Rw,,,,,,,Pb,Pw,,,,,,,Nb,Qw,,,,,,,Bw,Rb,Qw,Nb,Rw,Kw,Qb,Nw,Kw	lightRed	0
2b84111493a4672f04a15e69ade772c5	1090	Kb,Bb,Kw,Pw,Rb,Bw,Kb,Pb,Nb,,,,,,,Rw,Qw,,,,,,,Pb,Kb,,,,,,,Qb,Rb,,,,,,,Bw,Nw,,,,,,,Rb,Qb,,,,,,,Pw,Qb,Bw,Nb,Pb,Kb,Bb,Nw,Pb	darkGray	0
2b92555b17bce8d22d00ca999e98287c	4057	Bw,Kb,Pb,Nb,Bw,Kw,Pw,Kw,Pb,,,,,,,Pw,Qb,,,,,,,Rb,Bb,,,Pw,Pw,,,Bb,Rw,,,Pw,Pw,,,Qw,Pw,,,,,,,Pb,Qw,,,,,,,Rw,Kw,Rw,Pb,Qw,Bb,Rb,Pw,Pw	lightGray	0
2ba2991e5b9082f853586736bde5bb75	3915	Nw,Rb,Nw,Qb,Kw,Rw,Nb,Qw,Rb,,,,,,,Pb,Bw,,,,,,,Kb,Qb,,,,,,,Bw,Kw,,,,,,,Nb,Rw,,,,,,,Pw,Bb,,,,,,,Kw,Nb,Bb,Rw,Pb,Qb,Bw,Rb,Bw	darkRed	0
2bb7310f0f2bb57dff267d59f15e564e	2002	Qb,Kw,Pw,Nw,Bb,Qb,Pb,Bw,Bb,,,,,,,Nw,Qw,,,,,,,Bb,Pw,,,,,,,Kb,Rb,,,,,,,Pb,Bw,,,,,,,Nb,Qb,,,,,,,Bw,Kw,Nb,Pw,Kw,Bb,Rw,Pb,Kw	darkRed	0
2bcc838f8c5cbf3a08db0b73605c433d	3674	Nw,Rb,Kb,Qw,Nb,Rw,Kw,Qw,Qb,,,,,,,Pb,Kw,,,,,,,Kb,Rb,,,,,,,Bb,Nw,,,,,,,Rw,Qw,,,,,,,Pw,Pw,,,,,,,Qw,Kw,Bb,Kw,Pw,Nb,Bw,Kb,Pw	lightRed	0
2be537acae28e472340297585b30f765	2056	Bw,Kb,Rb,Bb,Qw,Pb,Rw,Nb,Qw,,,,,,,Qb,Kb,,,,,,,Bw,Rb,,,Pw,Pw,,,Rb,Nw,,,Pw,Pw,,,Pw,Qb,,,,,,,Qw,Kw,,,,,,,Bb,Nb,Pb,Nw,Bb,Kw,Pw,Rb,Nw	lightGray	0
2be55c037876c1ea5d1da9a9827090ef	2862	Pw,Bw,Rb,Pw,Qw,Bb,Rw,Bw,Qb,,,,,,,Qw,Kw,,,,,,,Pw,Rb,,,,,,,Nw,Nw,,,,,,,Bb,Qw,,,,,,,Kb,Kb,,,,,,,Pb,Pb,Bw,Qb,Pw,Rb,Bb,Qw,Bb	darkRed	1
2bec3663cd8283f3dbf9d3f81e0d199c	423	Nw,Rw,Nb,Qb,Kw,Rb,Nw,Rw,Rw,,,,,,,Qb,Kw,,,,,,,Pb,Qb,,,Nw,Nw,,,Rw,Nw,,,Nw,Nw,,,Bb,Rb,,,,,,,Kw,Kb,,,,,,,Pw,Pb,Bw,Rb,Pb,Qb,Bb,Nw,Nb	darkRed	0
2becec80caefb27fdeeac82f23323e1a	3196	Kb,Nw,Rb,Kb,Qw,Bb,Rw,Nw,Nw,,,,,,,Pw,Pb,,,,,,,Qw,Kb,,,Kb,Kb,,,Bb,Bw,,,Kb,Kb,,,Rw,Nb,,,,,,,Pb,Pw,,,,,,,Qb,Bw,Rw,Pb,Qb,Bw,Rb,Pw,Pb	darkRed	0
2bf932e7872cf334a737d26c17c7c41c	1130	Rw,Pb,Qb,Bb,Rw,Pw,Qw,Qb,Rw,,,,,,,Rw,Rw,,,,,,,Nb,Rw,,,Bb,Bb,,,Qb,Rw,,,Bb,Bb,,,Kw,Rw,,,,,,,Pb,Rw,,,,,,,Nw,Rw,Qw,Nb,Rw,Pb,Qb,Nw,Nw	lightRed	1
2c115678e7ded1a7ea968afa2194b648	1472	Qw,Rb,Bw,Qb,Kw,Rw,Bb,Qb,Nw,,,,,,,Rb,Pb,,,,,,,Bw,Kb,,,,,,,Qw,Bw,,,,,,,Pw,Nb,,,,,,,Rw,Pw,,,,,,,Bb,Nw,Nb,Rw,Kw,Qb,Nw,Rb,Qb	darkRed	0
2c1ba2f5243dcee393e1a5d464bca562	3383	Bb,Bw,Rb,Pb,Qb,Bb,Rw,Qb,Rw,,,,,,,Nw,Nb,,,,,,,Qb,Qw,,,Pb,Pb,,,Kw,Kb,,,Pb,Pb,,,Pw,Rb,,,,,,,Nb,Nw,,,,,,,Bw,Qb,Kw,Pw,Nw,Bb,Kb,Pb,Bb	darkRed	0
2c1ffeb353b48e605e03c75f6cff6f08	3438	Kw,Bb,Kw,Pw,Nb,Bw,Kb,Pw,Bb,,,,,,,Rw,Nw,,,,,,,Pb,Pw,,,,,,,Qw,Kw,,,,,,,Nb,Bw,,,,,,,Rb,Nb,,,,,,,Pw,Rb,Nw,Qb,Kb,Rb,Nb,Qw,Qb	darkRed	0
2c212bae86d85f89d764b60ba6574a66	2767	Kw,Nw,Pb,Kw,Bb,Nb,Pw,Bw,Pb,,,,,,,Pb,Rw,,,,,,,Rw,Bw,,,Rb,Rb,,,Bw,Qb,,,Rb,Rb,,,Kb,Pw,,,,,,,Pw,Rb,,,,,,,Rb,Nw,Pb,Kb,Bb,Nw,Pw,Kw,Qw	darkRed	0
2c3e17f6e477e737f997df664d89b1ba	817	Kw,Kw,Pw,Nw,Bb,Kb,Pb,Pb,Qw,,,,,,,Rb,Bb,,,,,,,Bw,Rw,,,,,,,Qw,Pb,,,,,,,Pw,Qb,,,,,,,Rw,Bw,,,,,,,Bb,Bb,Pb,Nw,Kw,Kb,Pw,Nb,Nb	darkRed	0
2c684e6c6253019e48de1009028fd85e	3379	Bb,Qw,Nb,Rw,Kw,Qb,Nw,Qw,Bw,,,,,,,Pw,Qb,,,,,,,Kw,Pb,,,,,,,Bb,Rw,,,,,,,Nw,Bb,,,,,,,Pb,Qw,,,,,,,Kb,Nw,Qw,Nb,Rw,Pb,Qb,Nw,Bb	darkGray	0
2c7fae20b07e6f6e1699a5481f893f53	2604	Rw,Pb,Qb,Bw,Rb,Pw,Qw,Nb,Rw,,,,,,,Qw,Rw,,,,,,,Bb,Rw,,,Pb,Pb,,,Rb,Rw,,,Pb,Pb,,,Pw,Rw,,,,,,,Qb,Rw,,,,,,,Bw,Rw,Bw,Qb,Pb,Rw,Bb,Qw,Qb	darkGray	0
2c963a46c14c903a473b21c0de2f7e03	2617	Nb,Pb,Nw,Bb,Kw,Pw,Rb,Nw,Bb,,,,,,,Pw,Qw,,,,,,,Rb,Pw,,,Bb,Bb,,,Bw,Rb,,,Bb,Bb,,,Qb,Bw,,,,,,,Pb,Qb,,,,,,,Rw,Nw,Nw,Qb,Kw,Rw,Nb,Qw,Pb	darkGray	0
2cc2419ef5379f8cb3afeaab1e3c6a01	3563	Kb,Pb,Nw,Bb,Kw,Pw,Nb,Rw,Pb,,,,,,,Rw,Nw,,,,,,,Rw,Bb,,,,,,,Rw,Kw,,,,,,,Rw,Pw,,,,,,,Rw,Nb,,,,,,,Rw,Qb,Kw,Pw,Nb,Bw,Kb,Pb,Rw	darkRed	0
2cca224d928999ed7dabb39700b24424	708	Rw,Bb,Rw,Pw,Qw,Bw,Rb,Qb,Pb,,,,,,,Kb,Kb,,,,,,,Qw,Bb,,,,,,,Nb,Nw,,,,,,,Rw,Pw,,,,,,,Kw,Kw,,,,,,,Qb,Bb,Qb,Bw,Rw,Pb,Qw,Bb,Kb	darkGray	0
2cf35a487ea5a111a89ca2e88e3c604f	818	Kw,Kw,Pw,Nw,Bb,Kb,Pb,Pb,Qw,,,,,,,Rb,Bb,,,,,,,Bw,Rw,,,,,,,Kw,Pb,,,,,,,Pw,Qb,,,,,,,Rw,Bw,,,,,,,Bb,Bb,Pb,Nw,Qw,Kb,Pw,Nb,Nb	darkRed	0
2cfd0f3ce9841e973c38e16924199470	1705	Rw,Kw,Pw,Nw,Bb,Kb,Pb,Bw,Rw,,,,,,,Qb,Rw,,,,,,,Pw,Rw,,,Nw,Nw,,,Rb,Rw,,,Nw,Nw,,,Nw,Rw,,,,,,,Qw,Rw,,,,,,,Kb,Rw,Nb,Bw,Kb,Pb,Nw,Bb,Nw	lightRed	0
2cfdcbc370de874efd06f7850ae08ebf	563	Rb,Rb,Kw,Qw,Bw,Nw,Kw,Bb,Kb,,,,,,,Kb,Kw,,,,,,,Rw,Kb,,,Nw,Nw,,,Kb,Rb,,,Nw,Nw,,,Qw,Kw,,,,,,,Bw,Qb,,,,,,,Rb,Rw,Kw,Qb,Bw,Rb,Kb,Qw,Rw	lightRed	0
2d1303c0e00979397eecc39ca7c89cc7	62	Kw,Nb,Bw,Kw,Rw,Nw,Qb,Rb,Pb,,,,,,,Rb,Rw,,,,,,,Nw,Bb,,,Rw,Rw,,,Qw,Qw,,,Rw,Rw,,,Kb,Pw,,,,,,,Rw,Nb,,,,,,,Bb,Nb,Nb,Bw,Kb,Pb,Nw,Bb,Pw	darkGray	1
2d19116c3f206fa687345d4fbfde8d33	3181	Nb,Kw,Rw,Nw,Qb,Kb,Rb,Rb,Nw,,,,,,,Pb,Bb,,,,,,,Rw,Kw,,,,,,,Bb,Pw,,,,,,,Qw,Nb,,,,,,,Pw,Bw,,,,,,,Rb,Rb,Kw,Qw,Nw,Rb,Kw,Qb,Bw	lightRed	0
2d2ad8676705a7dbef8606964646bf16	617	Qb,Kw,Rw,Nw,Qb,Kb,Rb,Bw,Rb,,,,,,,Kb,Pw,,,,,,,Pb,Qb,,,Bb,Bb,,,Nb,Bw,,,Bb,Bb,,,Qw,Rw,,,,,,,Kw,Pb,,,,,,,Pw,Pb,Bw,Nb,Pb,Kb,Qb,Nw,Kb	darkGray	0
2d385837a27482f7e0f7012f6dbf9387	485	Rw,Rw,Pb,Qw,Bb,Rb,Pw,Kw,Kb,,,,,,,Pw,Pb,,,,,,,Qw,Nb,,,,,,,Bb,Bw,,,,,,,Rw,Kw,,,,,,,Pb,Rw,,,,,,,Qb,Rw,Rw,Bb,Qw,Pw,Nb,Bw,Kw	darkRed	0
2d38eb1db1f1db38874e68d2be32b349	953	Rw,Rw,Rw,Rw,Rw,Rw,Rw,Rw,Bb,,,,,,,Bb,Qw,,,,,,,Rw,Pb,,,Nb,Nb,,,Pw,Rw,,,Nb,Nb,,,Qw,Bw,,,,,,,Bw,Qb,,,,,,,Rb,Bb,Qw,Bb,Rb,Pw,Qb,Bw,Kb	lightGray	0
2d3c3d31b8aaab24a7b2201f45184b80	1281	Kw,Kb,Qw,Nb,Rw,Kw,Qb,Pb,Kb,,,,,,,Rw,Pb,,,,,,,Kw,Nb,,,Qb,Qb,,,Qb,Bw,,,Qb,Qb,,,Nw,Kw,,,,,,,Rb,Pw,,,,,,,Pw,Rw,Rb,Kb,Qw,Nb,Rw,Kw,Bw	darkRed	0
2d456402a244b9ee45a3c152d70087fa	2160	Nb,Kb,Bw,Nw,Pb,Kw,Bb,Nb,Qb,,,,,,,Bw,Nw,,,,,,,Kb,Rb,,,Bb,Bb,,,Pw,Kb,,,Bb,Bb,,,Nb,Qw,,,,,,,Bb,Nb,,,,,,,Kw,Pw,Bw,Nb,Pb,Kb,Bb,Nw,Qb	darkRed	0
2d58ccc60a2ad3b017714fc75d8b578b	3661	Bb,Qw,Bb,Rw,Pb,Qb,Bw,Bw,Rb,,,,,,,Qw,Bw,,,,,,,Pw,Qw,,,,,,,Nw,Pw,,,,,,,Bb,Rw,,,,,,,Kb,Bb,,,,,,,Pb,Rb,Nw,Qb,Kw,Rw,Nb,Qw,Rb	darkRed	0
2d97d94973d9da27a203e97eed252734	2015	Kb,Nb,Bw,Kb,Pb,Nw,Qb,Bw,Pb,,,,,,,Bw,Qb,,,,,,,Kb,Bb,,,Pb,Pb,,,Pw,Rw,,,Pb,Pb,,,Nb,Pw,,,,,,,Bb,Kw,,,,,,,Kw,Pb,Bw,Rb,Pb,Qb,Bb,Nw,Nw	lightRed	1
2db8a49306e6a060b2a761c9fc438512	90	Pw,Bb,Qw,Pw,Rb,Bw,Qb,Rw,Pb,,,,,,,Kb,Kb,,,,,,,Rb,Bw,,,,,,,Nb,Nb,,,,,,,Qw,Pw,,,,,,,Kw,Qw,,,,,,,Rw,Bb,Nb,Pw,Kb,Bw,Nw,Rb,Rw	lightRed	0
2dc8cea330fa47816f2542eeef87eeb1	2926	Rw,Kb,Qw,Nb,Rw,Kw,Qb,Rb,Pw,,,,,,,Rw,Rb,,,,,,,Nb,Bw,,,,,,,Qb,Qb,,,,,,,Kw,Pb,,,,,,,Rb,Rw,,,,,,,Nw,Pb,Nb,Bw,Kb,Pb,Nw,Bb,Nw	darkGray	0
2de34b5757db9b9b9db4ca87c4d42976	2996	Rw,Rb,Bw,Qb,Pb,Rw,Nb,Rb,Rw,,,,,,,Rw,Rw,,,,,,,Nb,Rw,,,,,,,Qb,Rw,,,,,,,Kw,Rw,,,,,,,Rb,Rw,,,,,,,Nw,Rw,Nb,Rw,Kb,Qw,Nw,Rb,Nb	lightGray	0
2de88a2d2b4fc7fc3b89590f5a8d2bb3	61	Bb,Qb,Bw,Rw,Pb,Qw,Bb,Rw,Qw,,,,,,,Rw,Bb,,,,,,,Rw,Rw,,,Rw,Rw,,,Rw,Pb,,,Rw,Rw,,,Rw,Qb,,,,,,,Rw,Nw,,,,,,,Rw,Pw,Pb,Rw,Bw,Qb,Pw,Rb,Rw	darkGray	0
2e1832250f37ccbc5bae8263a88f5676	478	Pb,Pw,Qw,Bb,Rw,Kw,Qb,Rw,Nb,,,,,,,Nw,Bw,,,,,,,Bb,Kb,,,,,,,Kb,Pb,,,,,,,Pb,Nw,,,,,,,Nb,Bb,,,,,,,Bw,Pb,Pw,Qw,Bw,Rb,Pb,Kb,Qw	darkGray	0
2e20ca788353e0c0c2ee8b91da0cc363	2388	Qw,Bw,Qb,Pw,Rb,Bb,Qw,Qw,Rw,,,,,,,Bw,Nb,,,,,,,Kb,Qw,,,,,,,Pw,Kb,,,,,,,Nb,Rb,,,,,,,Bb,Nw,,,,,,,Kw,Rw,Rw,Rw,Rw,Rw,Rw,Rw,Rw	lightGray	0
2e284cc8e6946ee9e7c0db0dd1baa7ff	2538	Nb,Bb,Nw,Pw,Kw,Bw,Nb,Bb,Bw,,,,,,,Bw,Kb,,,,,,,Nb,Pw,,,,,,,Pw,Nb,,,,,,,Kw,Bb,,,,,,,Bb,Kw,,,,,,,Nw,Qb,Qw,Bb,Rw,Pb,Qb,Bw,Bb	darkRed	0
2e32f96d95d1207f64948b5b4a94a460	2629	Pw,Bw,Nb,Pw,Kw,Bb,Nw,Pb,Rw,,,,,,,Rb,Nb,,,,,,,Nw,Qb,,,Pb,Pb,,,Qb,Kw,,,Pb,Pb,,,Kw,Pb,,,,,,,Rw,Nw,,,,,,,Nb,Bw,Kb,Bw,Nw,Pb,Kw,Bb,Nb	darkGray	0
2e333ab92c966d265ad3dfe1f372a962	2092	Pw,Kb,Bw,Nw,Pb,Kw,Bb,Rb,Kw,,,,,,,Kw,Bb,,,,,,,Qb,Nb,,,,,,,Nb,Pw,,,,,,,Rw,Kb,,,,,,,Kb,Bw,,,,,,,Qw,Pw,Kb,Bw,Nb,Pw,Kw,Bb,Kw	darkGray	0
2e40c7837a2694a1916ecac9553361c5	105	Kb,Nw,Pb,Kw,Bb,Nb,Pw,Nb,Rw,,,,,,,Nw,Bb,,,,,,,Rb,Qb,,,Rb,Rb,,,Kb,Pb,,,Rb,Rb,,,Qw,Rb,,,,,,,Nb,Bw,,,,,,,Rw,Pb,Rb,Nw,Qw,Kb,Rw,Nb,Pb	darkGray	0
2e43440eef2371573c30c310db4ec350	3426	Bw,Nb,Pw,Kb,Bw,Nw,Pb,Bb,Kw,,,,,,,Kb,Qb,,,,,,,Pb,Nb,,,,,,,Nw,Rw,,,,,,,Bb,Kb,,,,,,,Kw,Qw,,,,,,,Pw,Kb,Nb,Pw,Kb,Bw,Nw,Pb,Rw	darkRed	0
2e44129101d3b664914859ad65393f98	960	Qb,Qb,Nw,Rw,Kw,Qw,Nb,Pw,Bw,,,,,,,Rb,Nb,,,,,,,Kb,Pw,,,Nb,Nb,,,Qw,Kw,,,Nb,Nb,,,Bb,Bb,,,,,,,Rw,Rw,,,,,,,Kw,Pb,Bw,Nb,Pb,Kb,Bb,Nw,Rw	lightRed	0
2e4f20be91ad9b104e19e8422279c1f8	288	Pw,Pw,Rb,Bw,Qb,Kw,Rw,Pw,Qw,,,,,,,Pw,Pw,,,,,,,Qw,Rw,,,,,,,Bb,Bb,,,,,,,Rw,Qb,,,,,,,Pb,Kw,,,,,,,Qb,Kw,Nb,Bw,Kw,Rw,Nw,Qb,Rb	lightGray	0
2e57602befca92778ad0d6874a41dffd	688	Qb,Nw,Pb,Kb,Bw,Nb,Pw,Kb,Rb,,,,,,,Bw,Bw,,,,,,,Nb,Qw,,,Pw,Pw,,,Pw,Pw,,,Pw,Pw,,,Kw,Rw,,,,,,,Bb,Bb,,,,,,,Nw,Rb,Rb,Bw,Qw,Pw,Rw,Bb,Nb	lightRed	0
2e63f662ab28bdf8011d1e72793b0b40	755	Qw,Bb,Rw,Pb,Qb,Bw,Rw,Qw,Nw,,,,,,,Pb,Bb,,,,,,,Nw,Kw,,,Pb,Pb,,,Bb,Pw,,,Pb,Pb,,,Kw,Nb,,,,,,,Pw,Bw,,,,,,,Nb,Pw,Rw,Pb,Qw,Bb,Rb,Pw,Rw	darkGray	0
2e6a6183b0e8d8f11dd449ad9b6de8b5	639	Qw,Rb,Bw,Qw,Pw,Rw,Bb,Bb,Nb,,,,,,,Bw,Qw,,,,,,,Rb,Kb,,,,,,,Pw,Rb,,,,,,,Qw,Nw,,,,,,,Bb,Qb,,,,,,,Rw,Qb,Qw,Kb,Rw,Nb,Qb,Kw,Kb	darkRed	1
2e804f5b3e36e99c630e7f045930d147	1407	Nw,Kw,Qb,Nb,Rw,Pw,Qw,Rw,Rb,,,,,,,Kw,Nw,,,,,,,Qb,Qw,,,Bw,Bw,,,Nb,Kb,,,Bw,Bw,,,Rw,Rw,,,,,,,Kb,Nb,,,,,,,Qw,Kw,Bw,Qb,Pw,Nb,Bb,Kw,Rb	darkGray	0
2e9404ae9c2df909598d553b98690d0e	4046	Qb,Pw,Nb,Bw,Kb,Pb,Nw,Rw,Bb,,,,,,,Kb,Kw,,,,,,,Rb,Pb,,,,,,,Nw,Nw,,,,,,,Qb,Bw,,,,,,,Kw,Kb,,,,,,,Rw,Rw,Bb,Nw,Pw,Kw,Bw,Nb,Bw	lightGray	0
2e97f0a1401e87af624a5e3f3b8e5ff9	3561	Rb,Pb,Rw,Bb,Qw,Kb,Rb,Kb,Rw,,,,,,,Rw,Bb,,,,,,,Kw,Qb,,,,,,,Bw,Pb,,,,,,,Nb,Rb,,,,,,,Rb,Bw,,,,,,,Kb,Kw,Qb,Nw,Rb,Kb,Qw,Nb,Bb	lightGray	0
2e9b9584958571ef4393dee1e13dd48e	3840	Kb,Kb,Bw,Nb,Pw,Qw,Bb,Pb,Nb,,,,,,,Nw,Qw,,,,,,,Qb,Kw,,,,,,,Pw,Rw,,,,,,,Rb,Nw,,,,,,,Bb,Qb,,,,,,,Qw,Nw,Rw,Kw,Qw,Nb,Rb,Kb,Kb	lightGray	0
2ea20f9ff27d308e0295cef962e7889c	2297	Rb,Rb,Nw,Qb,Kw,Rw,Nb,Pb,Pb,,,,,,,Pw,Rw,,,,,,,Qw,Bw,,,Nb,Nb,,,Bb,Qb,,,Nb,Nb,,,Rw,Pw,,,,,,,Pb,Nb,,,,,,,Qb,Kw,Kb,Rb,Nb,Qw,Kw,Rw,Qb	lightGray	0
2ea262a795e46574235ffa37d41011be	537	Kb,Kb,Rb,Nb,Qw,Kw,Rw,Bw,Bb,,,,,,,Nb,Nw,,,,,,,Pw,Pw,,,,,,,Kw,Kw,,,,,,,Bb,Bw,,,,,,,Nw,Nb,,,,,,,Pb,Nb,Nw,Rb,Kw,Bb,Nb,Rw,Pb	lightRed	0
2ea588c3b8ffea9940158ebce1a810cd	116	Bb,Nw,Qb,Kw,Rw,Nb,Qw,Qb,Rb,,,,,,,Qb,Nw,,,,,,,Pb,Qb,,,,,,,Rb,Kw,,,,,,,Bw,Rw,,,,,,,Qw,Nb,,,,,,,Kb,Rb,Bw,Rb,Pb,Qb,Bb,Rw,Pb	lightRed	0
2eabd0cde25a8134ffa934ecdbb6b360	3109	Kb,Rw,Nb,Bw,Kb,Pb,Nw,Nw,Nw,,,,,,,Nb,Rb,,,,,,,Bw,Kb,,,Pb,Pb,,,Kw,Qw,,,Pb,Pb,,,Pw,Bb,,,,,,,Rw,Rw,,,,,,,Bb,Nw,Rw,Kw,Kb,Nw,Rb,Kb,Pw	darkRed	0
2eb0652b1868e4d72def69de15b774d6	1494	Qb,Bb,Nw,Pw,Kw,Bw,Nb,Kw,Nb,,,,,,,Nw,Bw,,,,,,,Bb,Kb,,,,,,,Qw,Pb,,,,,,,Pw,Rw,,,,,,,Rb,Bb,,,,,,,Bw,Bw,Qb,Nw,Rb,Kb,Qw,Bb,Rb	darkGray	0
2eb1c11f85acd1e34874fee274de59db	2789	Kb,Pw,Qw,Bw,Rb,Pb,Qb,Rw,Pb,,,,,,,Bb,Nw,,,,,,,Kw,Bb,,,Pb,Pb,,,Pb,Kw,,,Pb,Pb,,,Nw,Pw,,,,,,,Bw,Nb,,,,,,,Kb,Kw,Nb,Qw,Kb,Rb,Nw,Qb,Qb	darkGray	0
2eb6537e1343c8fdfb253a1290db079b	3383	Bb,Bw,Rb,Pb,Qb,Bb,Rw,Qb,Rw,,,,,,,Nw,Nb,,,,,,,Qb,Qw,,,Pb,Pb,,,Kw,Kb,,,Pb,Pb,,,Pw,Rb,,,,,,,Nb,Nw,,,,,,,Bw,Qb,Kw,Pw,Nw,Bb,Kb,Pb,Bb	darkRed	0
2eb8a4aa9dd6ea333b8268679a99a1a5	1196	Pw,Qb,Bw,Rb,Pw,Qw,Bb,Bw,Bb,,,,,,,Kb,Nw,,,,,,,Qw,Pw,,,Bw,Bw,,,Nb,Kw,,,Bw,Bw,,,Rw,Bw,,,,,,,Kw,Nb,,,,,,,Qb,Qw,Kb,Bw,Nw,Pb,Kw,Bb,Nw	lightGray	0
2ec0dd2cd159293d2ae2a45d2c9e7047	2341	Nb,Qb,Pb,Rw,Bb,Qw,Pw,Kb,Nb,,,,,,,Kb,Bw,,,,,,,Bw,Qb,,,Qw,Qw,,,Rw,Pb,,,Qw,Qw,,,Pb,Nw,,,,,,,Qw,Bb,,,,,,,Bb,Nb,Kw,Qb,Nw,Rb,Kb,Qw,Rb	darkGray	0
2ec850cc429eb8cafca0b237a511348d	1927	Rb,Rw,Qw,Qw,Nb,Rb,Kb,Rb,Pw,,,,,,,Kb,Rb,,,,,,,Bw,Bb,,,Bb,Bb,,,Nb,Qw,,,Bb,Bb,,,Pw,Pb,,,,,,,Kw,Rw,,,,,,,Bb,Pb,Nw,Bb,Kb,Pb,Nb,Bw,Bb	lightRed	0
2ed89522faa286ce184a275231d87a2f	3156	Pb,Nw,Qb,Pw,Rb,Bb,Qw,Rb,Rb,,,,,,,Qb,Nw,,,,,,,Pb,Qb,,,Pb,Pb,,,Rb,Kw,,,Pb,Pb,,,Bw,Rw,,,,,,,Qw,Bb,,,,,,,Pw,Qw,Qw,Kb,Pb,Nw,Bb,Kw,Rb	darkGray	0
2edc2c8f080a5840e603da69cdf042f7	2074	Rb,Nw,Bb,Kw,Pw,Rb,Bw,Pw,Qw,,,,,,,Pb,Pw,,,,,,,Kb,Nw,,,,,,,Bb,Bb,,,,,,,Nw,Kb,,,,,,,Pw,Pb,,,,,,,Kw,Qb,Kw,Qb,Nb,Rw,Qb,Qw,Bb	darkRed	0
2ede3d3c8b9ad8d2717e7a31aea98377	3083	Kb,Bb,Kw,Pw,Nb,Bw,Kb,Bb,Nb,,,,,,,Bb,Qw,,,,,,,Qw,Kw,,,Pb,Pb,,,Pw,Rw,,,Pb,Pb,,,Rb,Nw,,,,,,,Bw,Qb,,,,,,,Qb,Bb,Rb,Kb,Qb,Nw,Rw,Pb,Rw	darkGray	1
2ef11ac139da17421b596b37b6d52438	3969	Qw,Qb,Pb,Rb,Bw,Qw,Kb,Pw,Qb,,,,,,,Rw,Nw,,,,,,,Pb,Rb,,,,,,,Qw,Kb,,,,,,,Bb,Qw,,,,,,,Rb,Nb,,,,,,,Pw,Nw,Rb,Nw,Qw,Kb,Rw,Nb,Nw	lightRed	0
2ef1db6197b1aae9c8dbd2bea082af6a	2112	Nw,Nb,Qw,Kw,Rw,Nw,Qb,Qb,Rb,,,,,,,Bw,Pw,,,,,,,Qb,Qb,,,Bw,Bw,,,Pb,Bw,,,Bw,Bw,,,Rw,Rw,,,,,,,Bb,Pb,,,,,,,Kw,Nb,Kb,Pb,Nw,Bb,Kw,Pw,Bw	darkRed	0
2ef8e86f2e33225e484742bf3af9f6cc	983	Rb,Qw,Kb,Rw,Nb,Qb,Kw,Kw,Pb,,,,,,,Pw,Rw,,,,,,,Kw,Bb,,,Nb,Nb,,,Bw,Qw,,,Nb,Nb,,,Nb,Pw,,,,,,,Pb,Rb,,,,,,,Kb,Nw,Bw,Nb,Pb,Kb,Bb,Nw,Kb	lightRed	0
2f003e83b209be58a160deaa2e17b1cd	670	Qb,Pw,Qw,Bb,Rw,Pb,Qb,Bb,Pb,,,,,,,Nb,Kb,,,,,,,Bw,Bb,,,Nw,Nw,,,Kb,Nw,,,Nw,Nw,,,Pb,Pw,,,,,,,Nw,Kw,,,,,,,Qb,Bw,Kb,Pb,Nw,Bb,Kw,Pw,Nb	lightGray	0
2f27b44b02542ba53292106eebd971fc	2254	Pw,Bb,Nw,Pw,Kw,Bw,Nb,Qb,Pb,,,,,,,Kb,Kb,,,,,,,Pb,Bw,,,Nw,Nw,,,Nw,Nb,,,Nw,Nw,,,Bb,Pw,,,,,,,Kw,Kw,,,,,,,Pw,Rb,Qw,Bb,Rb,Pw,Qb,Bw,Kw	darkGray	0
2f27c8e7b974e08901d5b63e9995e79f	4077	Kw,Qb,Kw,Rb,Nw,Qw,Kb,Kb,Pw,,,,,,,Bw,Rb,,,,,,,Nb,Bb,,,,,,,Pw,Qw,,,,,,,Kw,Pb,,,,,,,Bb,Rw,,,,,,,Nw,Kb,Nb,Bw,Kw,Pw,Nw,Bb,Bw	lightGray	0
2f4957daf954bbbad899be7ebda80fa1	3376	Rw,Qb,Nw,Rw,Kw,Qw,Nb,Nb,Kw,,,,,,,Nb,Rw,,,,,,,Pw,Nb,,,Nb,Nb,,,Kb,Bw,,,Nb,Nb,,,Bw,Kb,,,,,,,Nw,Rb,,,,,,,Pb,Kw,Pb,Kb,Bb,Nw,Pw,Kw,Qb	darkGray	0
2f519b5622431673b66855ad91ab954f	1697	Nb,Qw,Bb,Rb,Pw,Qb,Bw,Nb,Rb,,,,,,,Pw,Nw,,,,,,,Kw,Qb,,,Rb,Rb,,,Bb,Kw,,,Rb,Rb,,,Nw,Rw,,,,,,,Pb,Bb,,,,,,,Kb,Nw,Pw,Qw,Bw,Rb,Pb,Kb,Pb	lightGray	0
2f58f4fa28ec3d0a4e76f4333122e6cf	1116	Bb,Pw,Kw,Bw,Rb,Pb,Kb,Bw,Bw,,,,,,,Nb,Rb,,,,,,,Qw,Pb,,,,,,,Kb,Qb,,,,,,,Rb,Bb,,,,,,,Nw,Rw,,,,,,,Qb,Qw,Rw,Bb,Qw,Pw,Rb,Bw,Bb	darkRed	0
2f59f9f59e6338b70379b616e468eb7c	36	Bw,Kb,Qw,Nb,Rw,Kw,Qb,Rb,Pw,,,,,,,Nw,Nb,,,,,,,Qb,Bb,,,Qw,Qw,,,Kb,Kw,,,Qw,Qw,,,Rb,Pb,,,,,,,Bb,Nw,,,,,,,Qw,Pb,Pw,Kw,Bw,Rb,Pb,Kb,Nb	lightRed	0
2f6cab4c667884467ced13a4661a5b95	2196	Rw,Nw,Rb,Kw,Qb,Nb,Rw,Bb,Rw,,,,,,,Bw,Rw,,,,,,,Qb,Rw,,,,,,,Pw,Rw,,,,,,,Rb,Rw,,,,,,,Bb,Rw,,,,,,,Qw,Rw,Rb,Bw,Qw,Pw,Nw,Bb,Kw	darkRed	0
2f75871267d574b40935c8bc9dec3b4f	2591	Qb,Rw,Pb,Qw,Bb,Rb,Pw,Qb,Nb,,,,,,,Kb,Bw,,,,,,,Qw,Qb,,,Pb,Pb,,,Nb,Pb,,,Pb,Pb,,,Rw,Rw,,,,,,,Kw,Bb,,,,,,,Qb,Bw,Kb,Pb,Nb,Bw,Kw,Pw,Kb	darkGray	0
2f86b10caf98853884a5920590f33f2a	2110	Nb,Nb,Bw,Kb,Pb,Nw,Bb,Rb,Pw,,,,,,,Rb,Nb,,,,,,,Kb,Bb,,,Nb,Nb,,,Qw,Kw,,,Nb,Nb,,,Nb,Pb,,,,,,,Rw,Nw,,,,,,,Kw,Pb,Pw,Qw,Bb,Rw,Kw,Qb,Rw	lightGray	0
2f9282356e53aac23f6b1e34fbc1ef69	1390	Bb,Pw,Nb,Bw,Kb,Pb,Nw,Pw,Nb,,,,,,,Pb,Qw,,,,,,,Kb,Kw,,,,,,,Bw,Rw,,,,,,,Nb,Nw,,,,,,,Pw,Qb,,,,,,,Kw,Qb,Rb,Bw,Qw,Pw,Rw,Bb,Nw	lightGray	0
2f9526f91531dc90255d9170683aa3e2	1379	Rw,Pw,Rb,Bb,Kw,Pb,Rw,Bb,Pw,,,,,,,Nb,Nb,,,,,,,Bw,Bb,,,,,,,Kw,Kw,,,,,,,Pw,Pb,,,,,,,Nw,Rw,,,,,,,Bb,Bb,Pw,Kw,Bb,Nw,Pb,Kb,Pw	lightRed	1
2f98567c0cef3b964209074f44e09ae4	759	Rw,Rw,Rw,Rw,Rw,Rw,Rw,Rw,Bb,,,,,,,Kw,Rw,,,,,,,Qb,Pb,,,,,,,Nw,Qb,,,,,,,Rb,Bw,,,,,,,Pw,Rb,,,,,,,Qw,Qb,Qw,Pw,Rb,Bw,Qb,Pb,Kw	darkRed	0
2f9b962912c68c15daca638ab4244d43	1614	Kb,Bb,Kw,Rb,Nw,Bw,Kb,Qw,Rw,,,,,,,Bb,Pb,,,,,,,Qw,Qw,,,,,,,Pb,Bb,,,,,,,Rw,Rb,,,,,,,Bw,Pw,,,,,,,Qb,Qw,Bw,Rb,Pb,Qb,Bb,Rw,Kw	darkRed	0
2fb2739c319b0743ad9a41dafc0f5e95	1972	Nw,Nb,Qw,Kw,Rw,Bw,Qb,Pw,Kb,,,,,,,Qw,Rb,,,,,,,Bb,Nb,,,,,,,Rb,Qw,,,,,,,Pw,Kw,,,,,,,Kb,Rw,,,,,,,Bw,Bb,Rb,Nw,Qw,Kb,Rw,Nb,Pw	lightGray	0
2fb623eb6dfa323c87289c8501066df1	1123	Pb,Qb,Kw,Rw,Nb,Qw,Kb,Rw,Rw,,,,,,,Qw,Nb,,,,,,,Kb,Qb,,,Pw,Pw,,,Rw,Kw,,,Pw,Pw,,,Nb,Rb,,,,,,,Bb,Bw,,,,,,,Kw,Rb,Rb,Bw,Kw,Pw,Nw,Bb,Bw	darkGray	0
2fbd329d7c874fa1f29f760f6bb3fc8e	491	Nb,Bw,Nb,Pb,Qb,Bb,Nw,Nw,Kw,,,,,,,Rb,Qb,,,,,,,Nw,Nb,,,Rb,Rb,,,Qb,Rw,,,Rb,Rb,,,Kb,Kb,,,,,,,Rw,Qw,,,,,,,Nb,Qb,Nb,Pw,Kb,Bw,Nw,Pb,Nb	darkRed	0
2fbfdc4793b70dd8005f8fcade654d97	1377	Qw,Pb,Rw,Bw,Qb,Pw,Rb,Qw,Bw,,,,,,,Nb,Rb,,,,,,,Rw,Pw,,,,,,,Kb,Qw,,,,,,,Qw,Bb,,,,,,,Nw,Rw,,,,,,,Rb,Bb,Qw,Pw,Rb,Bw,Qb,Pb,Pw	lightRed	0
2fc2adfe9acb3c8d5742edc93c5ac3ea	2616	Bb,Bw,Kb,Pb,Nw,Bb,Kw,Pw,Bb,,,,,,,Qw,Rw,,,,,,,Nb,Pw,,,,,,,Pb,Qw,,,,,,,Kb,Bw,,,,,,,Bb,Rb,,,,,,,Nw,Nb,Kw,Qb,Nb,Rw,Kb,Qw,Qb	lightGray	0
2fd9abf5a8ab10b6ad6784c46e82aa85	2221	Bw,Bw,Rb,Pb,Qb,Bb,Rw,Pw,Kw,,,,,,,Qw,Rw,,,,,,,Pw,Nw,,,Nb,Nb,,,Rw,Qb,,,Nb,Nb,,,Bb,Kb,,,,,,,Qb,Rb,,,,,,,Pb,Bb,Bw,Nb,Pb,Kb,Bb,Nw,Bb	lightGray	0
2fe391323c98c0347149fc5a3b420bc2	3462	Nw,Nw,Qb,Kb,Rb,Nb,Qw,Kb,Kb,,,,,,,Bw,Rb,,,,,,,Nb,Nw,,,,,,,Pw,Bb,,,,,,,Kw,Kw,,,,,,,Bb,Pw,,,,,,,Nw,Rw,Pb,Rw,Bb,Qw,Pw,Rb,Kw	darkGray	0
2ff52ea56e17931284992bc25a6ac7a0	1080	Nb,Kw,Rw,Nb,Qw,Kb,Rb,Nb,Nb,,,,,,,Bw,Bw,,,,,,,Rb,Kb,,,,,,,Pb,Pb,,,,,,,Qb,Nw,,,,,,,Bb,Bb,,,,,,,Rw,Bw,Qw,Pw,Rw,Bb,Qb,Kw,Pw	darkGray	0
2ffcf22aa805d62048d5f98938ed63eb	3787	Nw,Nw,Bb,Kw,Pw,Nb,Bw,Kb,Pb,,,,,,,Pw,Qb,,,,,,,Nb,Bw,,,,,,,Bw,Rb,,,,,,,Kb,Pw,,,,,,,Pb,Qw,,,,,,,Nw,Pb,Kb,Pb,Nw,Bb,Kw,Rw,Qw	lightGray	0
30047541e76a4e8e396c1e187216d0c6	3669	Kb,Nb,Rw,Kb,Qw,Nw,Rb,Bb,Kb,,,,,,,Rw,Pb,,,,,,,Nb,Nw,,,,,,,Qw,Bb,,,,,,,Kb,Kw,,,,,,,Pb,Pw,,,,,,,Nw,Rw,Rw,Rw,Rw,Rw,Rw,Rw,Rw	darkRed	0
300605bbd78f9af4b4d9d3e6db1ed6e0	3534	Pw,Bb,Qw,Pw,Rb,Bw,Qb,Kb,Nb,,,,,,,Nb,Bw,,,,,,,Pw,Kw,,,,,,,Kw,Pw,,,,,,,Bb,Nw,,,,,,,Nw,Bb,,,,,,,Pb,Qw,Kb,Rb,Nw,Qb,Pb,Rw,Kb	darkRed	0
300b29c43a4e9ea81b648d42409dff52	1821	Bw,Bb,Rw,Pb,Qb,Bw,Rb,Bb,Qb,,,,,,,Pw,Bw,,,,,,,Rb,Rw,,,,,,,Bb,Pb,,,,,,,Qw,Kw,,,,,,,Pb,Bb,,,,,,,Rw,Kw,Nb,Bw,Kw,Pw,Nw,Bb,Nw	darkRed	0
300fdc4841b81c4470df8e054bceacbf	2364	Qw,Nw,Bb,Kb,Pb,Nb,Bw,Pb,Pw,,,,,,,Rb,Rb,,,,,,,Pw,Bw,,,Qb,Qb,,,Qw,Qb,,,Qb,Qb,,,Bb,Pb,,,,,,,Rw,Nw,,,,,,,Pb,Nw,Nb,Bw,Kb,Pb,Nw,Bb,Kb	lightRed	0
3021bdac62c24f40cf96c87aeef07e1b	370	Bw,Kw,Qb,Nw,Rb,Kb,Qw,Rw,Qb,,,,,,,Nw,Bw,,,,,,,Qb,Rw,,,Qb,Qb,,,Kb,Kw,,,Qb,Qb,,,Rb,Qw,,,,,,,Nb,Nb,,,,,,,Qw,Rw,Qb,Nw,Rw,Kw,Qw,Nb,Nb	lightRed	0
30242382295d9a6d8e01203bba36e726	3873	Nb,Qb,Pb,Rw,Nb,Qw,Pw,Pw,Qb,,,,,,,Kw,Pb,,,,,,,Qb,Rw,,,Kb,Kb,,,Nb,Bb,,,Kb,Kb,,,Rw,Qw,,,,,,,Kb,Kb,,,,,,,Qw,Qw,Pb,Nw,Bw,Kb,Pw,Rb,Nw	darkGray	0
3032b2761bbe300030ce09a52f2a5c06	3714	Kw,Pw,Nb,Bw,Kb,Pb,Nw,Pb,Nw,,,,,,,Rb,Rb,,,,,,,Kb,Kw,,,,,,,Qw,Qb,,,,,,,Nb,Nb,,,,,,,Rw,Rw,,,,,,,Kw,Bw,Pb,Nw,Qw,Kb,Rw,Nb,Bw	darkGray	0
303f097e0bedbcf26724606def45cbf7	1788	Rw,Pb,Rw,Nb,Qw,Kb,Rb,Rb,Kw,,,,,,,Kb,Rw,,,,,,,Pb,Nw,,,,,,,Nb,Qb,,,,,,,Bw,Kb,,,,,,,Kw,Rb,,,,,,,Pw,Nw,Nw,Bb,Kb,Pb,Nb,Bw,Nw	darkRed	0
30595eab8a5a554610e5f9b183cf4878	604	Bw,Bb,Kw,Pw,Nb,Bw,Kb,Kb,Bb,,,,,,,Bw,Qw,,,,,,,Rb,Pw,,,Pw,Pw,,,Pb,Rb,,,Pw,Pw,,,Qb,Bw,,,,,,,Bb,Qb,,,,,,,Rw,Rw,Qw,Nb,Rb,Kb,Qb,Nw,Rw	darkRed	0
306429aadc7c3f42315e7e39d4d14f35	2108	Bw,Qb,Kw,Pw,Nb,Bw,Kb,Pb,Nb,,,,,,,Nb,Qw,,,,,,,Bw,Kw,,,,,,,Kb,Rw,,,,,,,Pb,Nw,,,,,,,Nw,Qb,,,,,,,Bb,Qw,Bb,Qw,Pb,Rw,Bw,Qb,Nw	darkRed	0
3086ce73421baeb892650565b0af87df	3650	Bw,Kw,Rw,Nw,Qb,Kb,Rb,Rb,Qw,,,,,,,Kw,Pw,,,,,,,Qb,Nw,,,Rb,Rb,,,Nb,Bb,,,Rb,Rb,,,Rw,Kb,,,,,,,Kb,Pb,,,,,,,Qw,Rb,Nw,Bb,Kb,Pb,Rb,Bw,Nb	lightRed	0
308b33d9b3902845e35716dcb2177295	1448	Bb,Bb,Kw,Pw,Nb,Bw,Kb,Pw,Qw,,,,,,,Qw,Bb,,,,,,,Pw,Rb,,,,,,,Rb,Pw,,,,,,,Bw,Qb,,,,,,,Qb,Bw,,,,,,,Pb,Rb,Pb,Kb,Bw,Nb,Pw,Kw,Rb	lightGray	0
309fdbd3a6d154b82d56eec2e0d0ca04	1565	Bb,Nw,Bb,Kw,Pw,Nb,Bw,Pw,Rw,,,,,,,Qb,Bb,,,,,,,Nw,Qw,,,Rw,Rw,,,Rb,Pw,,,Rw,Rw,,,Kb,Rb,,,,,,,Qw,Nw,,,,,,,Nb,Nw,Kw,Rw,Nb,Qw,Pw,Rb,Qb	darkRed	1
30b395557f028332d19c5e4e2e13e5f4	1873	Kb,Rw,Pb,Qw,Bb,Rb,Pw,Kb,Pb,,,,,,,Pb,Qb,,,,,,,Kb,Bw,,,,,,,Qw,Rb,,,,,,,Nb,Pw,,,,,,,Pw,Qw,,,,,,,Kw,Rb,Kw,Rw,Nw,Qb,Kb,Rb,Rw	darkRed	0
30c520690f75ecec680298bc0d81f8d8	2303	Nw,Nw,Rb,Kb,Qw,Nb,Rw,Pw,Rb,,,,,,,Nw,Pw,,,,,,,Rb,Qw,,,Pw,Pw,,,Kw,Bb,,,Pw,Pw,,,Qb,Rw,,,,,,,Nb,Pb,,,,,,,Rw,Pw,Kw,Qb,Nw,Rb,Kb,Qw,Qb	darkRed	0
30c76acffc39513b08601c0db4ce2b6d	92	Pb,Nb,Pw,Kw,Bb,Nw,Pb,Rw,Rb,,,,,,,Kw,Kb,,,,,,,Rw,Qw,,,,,,,Nw,Nb,,,,,,,Qb,Rw,,,,,,,Kb,Kw,,,,,,,Rb,Kw,Bb,Qw,Pb,Nw,Bw,Kb,Rb	lightGray	0
30cb4860aa7985267e7be3f54af45a01	3933	Rw,Rw,Rw,Rw,Rw,Rw,Rw,Rw,Rw,,,,,,,Qw,Pb,,,,,,,Pw,Qb,,,,,,,Rb,Bw,,,,,,,Bw,Rb,,,,,,,Qb,Kb,,,,,,,Pb,Kb,Kb,Qw,Nw,Pb,Kw,Bb,Qb	lightGray	0
30db22842cf4319d9f4a68f948971316	2581	Rw,Rw,Rw,Rw,Rw,Rw,Rw,Rw,Bw,,,,,,,Kw,Nb,,,,,,,Qb,Pw,,,Pb,Pb,,,Nb,Kw,,,Pb,Pb,,,Rw,Bb,,,,,,,Kb,Nw,,,,,,,Qw,Qb,Kb,Rb,Nw,Qb,Kw,Rw,Bb	darkRed	0
30dc7a9da3e28b482389121050c5e068	1857	Qw,Rw,Nb,Qw,Kb,Rb,Nw,Bb,Nb,,,,,,,Qb,Pw,,,,,,,Kw,Kw,,,,,,,Rb,Bb,,,,,,,Nw,Rw,,,,,,,Qw,Pb,,,,,,,Kb,Bw,Pb,Qb,Bb,Rw,Pw,Qw,Nb	darkGray	0
30df18d321ba8c971287883ed6ee803d	1450	Nb,Bb,Nw,Pw,Kw,Bw,Nb,Nb,Bw,,,,,,,Kb,Rb,,,,,,,Pb,Pw,,,,,,,Nb,Qw,,,,,,,Bw,Bb,,,,,,,Kw,Rw,,,,,,,Pw,Kb,Nw,Bb,Kw,Pw,Nb,Bw,Rw	darkRed	1
30f0414dcd42fc523235b0b859a0f60c	1368	Nb,Kw,Bb,Nb,Pw,Kb,Qw,Nw,Bw,,,,,,,Rw,Rb,,,,,,,Kw,Pb,,,Pw,Pw,,,Qb,Qb,,,Pw,Pw,,,Nw,Bb,,,,,,,Rb,Rw,,,,,,,Kb,Qw,Nb,Pw,Kb,Bw,Rw,Pb,Pb	lightRed	0
311cc443ae0994da58e02bcbaa7d410d	1587	Kw,Rw,Kw,Qw,Nb,Rb,Kb,Nb,Nw,,,,,,,Pb,Qb,,,,,,,Kb,Kw,,,,,,,Bw,Rw,,,,,,,Nb,Nb,,,,,,,Pw,Qw,,,,,,,Kw,Rw,Rw,Nb,Qw,Kb,Rb,Nw,Pb	lightRed	1
312ddcc97290f1694ad953cad2fc48aa	2620	Bb,Qb,Bw,Rw,Pb,Qw,Bb,Nw,Pw,,,,,,,Qw,Kw,,,,,,,Kb,Qb,,,,,,,Rw,Nw,,,,,,,Bb,Pb,,,,,,,Qb,Kb,,,,,,,Pb,Pb,Bb,Kw,Pb,Nw,Bw,Kb,Qw	darkGray	0
312f1a9c8706e55749971e06b8274dc7	1114	Nb,Nw,Qb,Kw,Rw,Nb,Bw,Kb,Bw,,,,,,,Nb,Qb,,,,,,,Rw,Pb,,,,,,,Kw,Rw,,,,,,,Qb,Bb,,,,,,,Nw,Qw,,,,,,,Rb,Nb,Qb,Pb,Rw,Nb,Qw,Pw,Pw	lightGray	1
31357f340d9df6c2ea34295e877dc1f7	1921	Rb,Kb,Bw,Nb,Pw,Kw,Bb,Bw,Kb,,,,,,,Nb,Pb,,,,,,,Pw,Rw,,,Pb,Pb,,,Kw,Bb,,,Pb,Pb,,,Bb,Qw,,,,,,,Nw,Pw,,,,,,,Pb,Nw,Pw,Kw,Bb,Nw,Pb,Kb,Nw	darkRed	0
3136df4a6095cb4e1e951d74d8e0aff0	3977	Kw,Qw,Pw,Nw,Bb,Kb,Pb,Qb,Qb,,,,,,,Qw,Bw,,,,,,,Bb,Rw,,,,,,,Rb,Pb,,,,,,,Pw,Qw,,,,,,,Qb,Bb,,,,,,,Bw,Pb,Nw,Rb,Pw,Qw,Nb,Rw,Rw	darkGray	0
313dc65de54b810af7df6d39a99db5b2	2566	Kb,Pb,Rw,Bw,Qb,Pw,Rb,Pw,Qw,,,,,,,Bb,Kb,,,,,,,Rw,Rb,,,,,,,Pb,Nw,,,,,,,Qb,Bb,,,,,,,Bw,Kw,,,,,,,Rb,Bb,Bb,Nw,Pw,Kw,Bw,Nb,Qb	darkGray	0
314e90c9cdcf541db52a26a58de9b339	1655	Rb,Rb,Pw,Qw,Bb,Rw,Kw,Qb,Bw,,,,,,,Bw,Qb,,,,,,,Nb,Pb,,,,,,,Pb,Rw,,,,,,,Kb,Bb,,,,,,,Bb,Qw,,,,,,,Nw,Bb,Qw,Kb,Rb,Nw,Qb,Kw,Nb	darkRed	0
315de3498a21c472d488fbab311530e3	2359	Rw,Rb,Nw,Kw,Kb,Rw,Nb,Pw,Pb,,,,,,,Nb,Rw,,,,,,,Rw,Bb,,,,,,,Kw,Bw,,,,,,,Qb,Pw,,,,,,,Nw,Rb,,,,,,,Rb,Kb,Nw,Qb,Kb,Rb,Bb,Kw,Bb	lightRed	0
316965c042ab52d2606a8387bb4c1bdc	26	Nw,Rw,Kw,Qw,Nb,Rb,Kb,Nw,Pb,,,,,,,Bb,Nw,,,,,,,Rw,Bb,,,Pb,Pb,,,Pb,Kw,,,Pb,Pb,,,Kb,Pw,,,,,,,Bw,Nb,,,,,,,Nb,Rb,Pw,Nb,Bw,Qb,Pb,Rw,Pb	lightGray	0
316b6b2be73a9ca0ff2b957f768174ab	3434	Qw,Nb,Bw,Kb,Pb,Nw,Bb,Pb,Bw,,,,,,,Pw,Kb,,,,,,,Rb,Rw,,,Pb,Pb,,,Nw,Nb,,,Pb,Pb,,,Qb,Qb,,,,,,,Pb,Kw,,,,,,,Rw,Bb,Rw,Bb,Kw,Pw,Rb,Bw,Pb	darkRed	0
317d34355495ccde12283cf0cd64962c	2834	Nw,Pw,Kw,Bb,Nw,Pb,Kb,Qw,Kw,,,,,,,Rw,Qb,,,,,,,Pb,Nb,,,Nw,Nw,,,Qw,Rw,,,Nw,Nw,,,Bb,Kb,,,,,,,Rb,Qw,,,,,,,Pw,Qw,Nw,Bb,Kw,Pw,Nb,Bw,Qw	darkRed	0
3197f063ac81b1379479673597f401b9	382	Rw,Kw,Rw,Nb,Qw,Pw,Rb,Rw,Pw,,,,,,,Rw,Qw,,,,,,,Rw,Bb,,,Nb,Nb,,,Rw,Rw,,,Nb,Nb,,,Rw,Pb,,,,,,,Rw,Qb,,,,,,,Rw,Bb,Nb,Pw,Kb,Bw,Nw,Pb,Rw	darkRed	0
31a05dd84c38800d37937f9238fcecd4	3105	Qb,Bb,Kw,Pw,Nb,Qw,Kb,Kb,Qw,,,,,,,Kw,Kb,,,,,,,Rw,Rb,,,Bw,Bw,,,Nw,Nw,,,Bw,Bw,,,Qb,Qb,,,,,,,Pw,Kw,,,,,,,Rb,Nb,Nw,Bb,Kb,Pb,Nb,Bw,Nw	darkRed	0
31a3be22c826a251d94da9b0354469ce	1216	Kb,Nw,Bb,Kw,Pw,Rb,Bw,Rw,Qb,,,,,,,Kb,Bw,,,,,,,Bw,Rw,,,,,,,Nb,Pb,,,,,,,Pw,Qw,,,,,,,Kw,Bb,,,,,,,Bb,Rb,Bw,Rb,Pw,Kw,Bb,Rw,Rb	lightGray	0
31ab52497764ec0833cb0cfa64c76836	2642	Pw,Pw,Rb,Bb,Qw,Pb,Rw,Rw,Qb,,,,,,,Rw,Nw,,,,,,,Rw,Rb,,,Bb,Bb,,,Rw,Kb,,,Bb,Bb,,,Rw,Qw,,,,,,,Rw,Nb,,,,,,,Rw,Kb,Nw,Pb,Kw,Bb,Nb,Pw,Rw	lightGray	0
31b3461a3f5e5b4266da8413a00b52bf	2927	Nw,Nb,Bw,Kw,Pw,Nw,Bb,Bw,Nw,,,,,,,Pb,Bb,,,,,,,Nw,Kb,,,Rb,Rb,,,Bb,Pb,,,Rb,Rb,,,Kw,Nb,,,,,,,Pw,Bw,,,,,,,Nb,Nw,Bw,Qb,Pw,Rb,Bb,Qw,Qb	lightRed	0
31b783a48615a14a6017e77d9c98943b	448	Qb,Pb,Kb,Bw,Nb,Pw,Qw,Pb,Kb,,,,,,,Bw,Qw,,,,,,,Rb,Nb,,,Rb,Rb,,,Pb,Rw,,,Rb,Rb,,,Qb,Kw,,,,,,,Bb,Qb,,,,,,,Rw,Pw,Qw,Nb,Rb,Kb,Qb,Bw,Nw	darkGray	0
31bddbf4b8ff4def174cbb65d3c25dbf	448	Qb,Pb,Kb,Bw,Nb,Pw,Qw,Pb,Kb,,,,,,,Bw,Qw,,,,,,,Rb,Nb,,,Rb,Rb,,,Pb,Rw,,,Rb,Rb,,,Qb,Kw,,,,,,,Bb,Qb,,,,,,,Rw,Pw,Qw,Nb,Rb,Kb,Qb,Bw,Nw	darkGray	0
31c00afa46be68983c87b0af649bacff	2558	Rw,Pb,Qb,Nb,Rw,Kb,Qw,Kw,Pb,,,,,,,Nw,Qb,,,,,,,Pb,Bw,,,,,,,Qw,Rb,,,,,,,Bb,Pw,,,,,,,Nb,Qw,,,,,,,Pw,Qw,Kw,Pw,Nw,Bb,Kb,Pb,Pb	darkRed	0
31c80afd022f1709e045946ea71855fb	2632	Pb,Qb,Nw,Rb,Kb,Bw,Nb,Bw,Qb,,,,,,,Bb,Nw,,,,,,,Nw,Rw,,,,,,,Rb,Kw,,,,,,,Kb,Qw,,,,,,,Qw,Nb,,,,,,,Nb,Rb,Kw,Rw,Nw,Qb,Kb,Rb,Nb	lightRed	0
31d5f2ff7f929b9d343d4f1accf0a3a5	3725	Nw,Kb,Rb,Nb,Qw,Kw,Pw,Nw,Kb,,,,,,,Nw,Rb,,,,,,,Rb,Nb,,,Qw,Qw,,,Pw,Qw,,,Qw,Qw,,,Qw,Kw,,,,,,,Nb,Rw,,,,,,,Rw,Nw,Pb,Rw,Bb,Qw,Pw,Rb,Qb	darkGray	0
31ebcb29217d802b2271229648507945	2044	Nw,Qw,Bb,Rb,Pw,Kb,Bw,Kw,Kb,,,,,,,Rw,Bw,,,,,,,Kw,Nb,,,,,,,Qw,Pw,,,,,,,Nb,Kw,,,,,,,Rb,Bb,,,,,,,Kb,Pw,Bw,Qb,Pw,Nb,Bb,Kw,Rw	darkRed	0
31efdcf0954efdcf9bc2439f77819dba	1516	Rb,Qb,Pb,Rb,Bw,Qw,Kb,Rb,Nw,,,,,,,Rb,Bb,,,,,,,Bw,Kb,,,,,,,Qb,Pb,,,,,,,Pb,Nb,,,,,,,Rw,Bw,,,,,,,Bb,Kb,Qb,Bw,Rw,Pb,Qw,Bb,Qb	darkRed	1
3200caf38c80c8c9141beb00f2041e00	15	Qb,Pw,Rb,Bb,Kw,Pb,Rw,Kw,Kb,,,,,,,Kw,Qw,,,,,,,Qb,Nb,,,,,,,Nb,Rw,,,,,,,Rw,Kw,,,,,,,Kb,Qb,,,,,,,Qw,Nb,Qb,Nw,Rb,Kb,Qw,Nb,Bb	lightGray	0
32068c409f8302df7a8ab67c1b7b7630	1606	Bw,Kb,Bw,Nb,Pw,Kw,Bb,Bw,Bw,,,,,,,Qw,Nb,,,,,,,Kb,Pb,,,Nb,Nb,,,Rw,Kb,,,Nb,Nb,,,Bb,Bb,,,,,,,Qb,Nw,,,,,,,Pb,Rw,Nw,Qb,Kb,Rb,Nb,Qw,Pw	darkRed	0
3207460d401e15cfd50e15614c565b19	419	Rw,Rw,Rw,Rw,Rw,Rw,Rw,Rw,Qw,,,,,,,Bw,Qb,,,,,,,Qb,Nw,,,,,,,Pw,Rb,,,,,,,Rb,Pw,,,,,,,Bb,Qw,,,,,,,Qw,Kw,Nw,Rb,Kw,Bb,Nb,Rw,Qb	lightRed	0
320a7875a9234a29cec5f4a11702518a	3719	Rw,Qb,Nw,Rb,Pw,Qw,Nb,Qw,Rw,,,,,,,Bw,Rw,,,,,,,Qb,Rw,,,,,,,Pb,Rw,,,,,,,Rw,Rw,,,,,,,Bb,Rw,,,,,,,Qw,Rw,Nw,Pb,Kb,Bw,Nb,Pw,Bb	lightGray	0
320d08536f20a73e2173422b10ee8160	3186	Nw,Pw,Nb,Bw,Qb,Pb,Nw,Kb,Kb,,,,,,,Kw,Rb,,,,,,,Bb,Nb,,,,,,,Nw,Qw,,,,,,,Rb,Kw,,,,,,,Kb,Rw,,,,,,,Bw,Qb,Pw,Nb,Bw,Kb,Pb,Nw,Pw	lightGray	0
320e3c1bb535b1b4a91f19d93799e875	388	Rw,Qw,Bb,Rw,Pb,Qb,Bw,Bw,Qw,,,,,,,Pb,Bb,,,,,,,Qb,Nw,,,,,,,Nb,Pb,,,,,,,Rw,Qb,,,,,,,Pw,Bw,,,,,,,Qw,Rb,Kb,Bw,Nb,Pw,Kw,Bb,Pw	darkGray	0
320e7b40ab2374d3e2903add83a154d5	3470	Bb,Qw,Bb,Rb,Pw,Qb,Bw,Pw,Nw,,,,,,,Kw,Qb,,,,,,,Bb,Kw,,,Rw,Rw,,,Nw,Rw,,,Rw,Rw,,,Pb,Nb,,,,,,,Kb,Qw,,,,,,,Bw,Qb,Rw,Pb,Qb,Bw,Rb,Pw,Pw	lightRed	0
3232c47c1a3c77bab032890f9df268ce	2620	Bb,Qb,Bw,Rw,Pb,Qw,Bb,Nw,Pw,,,,,,,Qw,Kw,,,,,,,Kb,Qb,,,,,,,Rw,Nw,,,,,,,Bb,Pb,,,,,,,Qb,Kb,,,,,,,Pb,Pb,Bb,Kw,Pb,Nw,Bw,Kb,Qw	darkGray	0
32444c7252f48dcd1280341cd78550eb	1759	Qb,Nb,Rw,Kw,Qb,Nw,Pb,Nw,Rw,,,,,,,Pb,Bb,,,,,,,Nw,Qb,,,,,,,Bw,Pb,,,,,,,Kb,Rb,,,,,,,Pw,Bw,,,,,,,Nb,Kw,Bb,Rw,Pb,Qb,Bw,Rb,Nw	lightGray	0
325483b130a458f76280bc6ef3286209	1218	Pb,Pw,Kw,Qb,Nw,Rb,Kb,Bb,Kw,,,,,,,Kw,Pw,,,,,,,Bb,Nb,,,,,,,Nb,Bw,,,,,,,Pw,Kb,,,,,,,Kb,Pb,,,,,,,Bw,Qw,Rw,Kw,Qw,Nb,Rb,Kb,Nw	darkGray	0
3257c6bc68de8ec44cbc031c3c338aa0	803	Qb,Pw,Kw,Bw,Nb,Pb,Kb,Bb,Rw,,,,,,,Bb,Pb,,,,,,,Kw,Qw,,,,,,,Pb,Bb,,,,,,,Nw,Rb,,,,,,,Bw,Pw,,,,,,,Qb,Nw,Kb,Rb,Nw,Qb,Kw,Pw,Kw	darkGray	0
3272fa67b87a45feadb05168f95b5950	3445	Rw,Kw,Rw,Nb,Bw,Kb,Pb,Qw,Kb,,,,,,,Pw,Pb,,,,,,,Rb,Nw,,,Nb,Nb,,,Bb,Bb,,,Nb,Nb,,,Qw,Kw,,,,,,,Pb,Pw,,,,,,,Rw,Pb,Pb,Rw,Nb,Qw,Pw,Rb,Pb	darkGray	0
327eaad015e1c909cf41835dc9ae11af	3153	Nw,Nw,Pb,Kw,Bb,Nb,Pw,Rb,Nb,,,,,,,Qb,Pw,,,,,,,Pb,Kb,,,Nb,Nb,,,Rb,Bw,,,Nb,Nb,,,Bw,Nw,,,,,,,Qw,Pb,,,,,,,Pw,Bw,Bb,Qw,Pb,Rw,Nw,Qb,Pw	lightRed	0
328da238e2eec42d879788886b8d90fe	3747	Bw,Qb,Nw,Rb,Kb,Qw,Nb,Pw,Nb,,,,,,,Kw,Qw,,,,,,,Bb,Kw,,,Pw,Pw,,,Nw,Rw,,,Pw,Pw,,,Pb,Nw,,,,,,,Kb,Qb,,,,,,,Bw,Nb,Bw,Kb,Pw,Nb,Bb,Kw,Rb	lightGray	0
32bb1b82aa2828298d90e254b33742a8	1587	Kw,Rw,Kw,Qw,Nb,Rb,Kb,Nb,Nw,,,,,,,Pb,Qb,,,,,,,Kb,Kw,,,Nb,Nb,,,Bw,Rw,,,Nb,Nb,,,Nb,Nb,,,,,,,Pw,Qw,,,,,,,Kw,Rw,Rw,Nb,Qw,Kb,Rb,Nw,Pb	lightRed	1
32bdd2f86ca91bda31996cee0dc4f08d	4069	Pw,Bw,Nb,Pb,Kb,Bb,Nw,Bb,Pb,,,,,,,Pw,Rw,,,,,,,Kw,Bw,,,,,,,Bw,Kb,,,,,,,Nb,Pw,,,,,,,Pb,Rb,,,,,,,Kb,Pw,Qw,Kb,Rw,Nb,Qb,Kw,Bb	lightGray	0
32d495cc10325fb9430040fc2e61db76	3772	Kb,Qb,Pb,Rw,Bb,Qw,Pw,Qb,Nb,,,,,,,Nb,Rw,,,,,,,Bw,Kb,,,Rw,Rw,,,Kw,Qw,,,Rw,Rw,,,Pw,Nw,,,,,,,Rw,Rb,,,,,,,Bb,Qb,Rw,Bb,Qb,Pb,Rb,Bw,Qw	darkGray	0
32e02249a6870d7aafb66fe4c721a6f4	800	Kb,Pb,Qb,Bw,Rb,Pw,Qw,Pb,Rw,,,,,,,Pb,Nb,,,,,,,Rw,Qw,,,Pb,Pb,,,Bb,Kb,,,Pb,Pb,,,Qw,Rb,,,,,,,Pw,Nw,,,,,,,Nb,Rb,Bb,Rw,Pw,Qw,Bw,Rb,Nb	darkGray	0
32ed8500a6749ef1e2fde9a65238d618	28	Qb,Nb,Qw,Kb,Rb,Nw,Qb,Rw,Bb,,,,,,,Kb,Kw,,,,,,,Pb,Pw,,,Pw,Pw,,,Nw,Nb,,,Pw,Pw,,,Bb,Bw,,,,,,,Kw,Kb,,,,,,,Pw,Nb,Qb,Pb,Rb,Bw,Qw,Pw,Pb	lightGray	0
3328c139a64fceb282c9ada974d80f4f	1040	Nw,Qb,Kw,Rb,Nw,Qw,Kb,Kb,Qw,,,,,,,Qw,Pw,,,,,,,Kb,Rb,,,Rb,Rb,,,Rb,Bw,,,Rb,Rb,,,Nw,Qb,,,,,,,Qb,Pb,,,,,,,Kw,Rb,Bb,Kw,Pw,Nb,Bw,Kb,Pw	lightGray	0
332cd4802d5ccd941a699026e33a1c86	2682	Nw,Rb,Pw,Qb,Nw,Rw,Kw,Rw,Nb,,,,,,,Bw,Rw,,,,,,,Rb,Kw,,,Rw,Rw,,,Pw,Qb,,,Rw,Rw,,,Qw,Nw,,,,,,,Bb,Rb,,,,,,,Rw,Rb,Pw,Qw,Bb,Rw,Pb,Qb,Qb	darkGray	0
332e9efe5de5ebae71caf7d209b91578	1478	Rw,Rw,Pb,Qb,Bw,Rb,Pw,Nb,Kb,,,,,,,Bw,Pb,,,,,,,Qb,Nb,,,Rb,Rb,,,Pb,Bw,,,Rb,Rb,,,Rw,Kw,,,,,,,Bb,Pw,,,,,,,Qw,Nb,Bb,Rw,Pw,Qw,Bw,Rb,Bw	darkGray	0
3337fe50bac988b7957fd5ea19c38fd9	3751	Pw,Pb,Kb,Bw,Nb,Pw,Kw,Qw,Bw,,,,,,,Qw,Nb,,,,,,,Pw,Pb,,,,,,,Rb,Kb,,,,,,,Bw,Bb,,,,,,,Qb,Nw,,,,,,,Pb,Kw,Pw,Rb,Bb,Kw,Pb,Rw,Qb	lightRed	0
3338a5b3d1fd6107f91bf47c68761e88	2269	Bw,Pw,Kw,Bw,Nb,Pb,Kb,Rw,Pw,,,,,,,Rw,Nb,,,,,,,Bb,Bw,,,Bw,Bw,,,Qb,Kb,,,Bw,Bw,,,Pb,Pb,,,,,,,Rb,Nw,,,,,,,Bw,Qw,Rw,Kw,Qw,Nb,Rb,Kb,Pb	lightGray	0
333b557164941ea604697bbb03e5b950	2350	Rw,Rw,Rw,Rw,Rw,Rw,Rw,Rw,Kb,,,,,,,Pw,Qw,,,,,,,Rb,Bb,,,Kb,Kb,,,Bw,Rw,,,Kb,Kb,,,Qb,Kw,,,,,,,Pb,Qb,,,,,,,Rw,Qw,Rb,Bw,Qb,Pb,Rw,Bb,Kw	darkRed	0
33452cbcf86dd39545955a31a1559a45	2520	Kw,Pw,Kw,Bw,Nb,Pb,Kb,Bw,Pb,,,,,,,Pw,Kb,,,,,,,Kw,Bb,,,Rb,Rb,,,Bb,Nw,,,Rb,Rb,,,Nw,Pw,,,,,,,Pb,Kw,,,,,,,Kb,Rb,Qb,Nw,Rw,Kw,Qw,Nb,Pb	lightGray	1
3348bb48b64eb72be5524d729fdf96bf	2041	Bw,Kw,Rw,Nw,Qb,Kb,Pb,Pw,Bw,,,,,,,Rb,Nb,,,,,,,Bw,Pw,,,,,,,Qw,Kw,,,,,,,Pw,Bb,,,,,,,Rw,Nw,,,,,,,Bb,Bw,Pw,Nb,Bw,Kb,Rb,Nw,Kw	lightRed	0
3349c4e3f748d0396ee8ddecc4fd006c	2309	Bw,Pb,Qb,Bw,Rb,Kb,Qw,Qw,Pw,,,,,,,Kw,Kw,,,,,,,Rw,Bw,,,,,,,Nw,Nb,,,,,,,Qb,Pb,,,,,,,Kb,Kb,,,,,,,Pb,Nb,Kw,Bb,Nb,Pw,Kb,Bw,Rw	lightRed	0
334f4e243f330735fbbf4f15e8fa12dd	190	Bb,Qb,Pb,Rw,Nb,Qw,Kb,Pb,Qb,,,,,,,Nb,Kw,,,,,,,Bw,Rw,,,,,,,Kb,Nb,,,,,,,Pb,Qw,,,,,,,Nw,Kb,,,,,,,Bb,Qb,Nb,Bw,Kb,Pb,Nw,Bb,Pb	darkGray	0
33517c75d32118dc91aa00aa56569446	2871	Nw,Rb,Kb,Qb,Nw,Rw,Kw,Pb,Qw,,,,,,,Qw,Kb,,,,,,,Nb,Rb,,,,,,,Rw,Nw,,,,,,,Kw,Qb,,,,,,,Qb,Kw,,,,,,,Nw,Nw,Nw,Pb,Kb,Bw,Nb,Pw,Kb	lightGray	0
335467950b63425da67efddf2c004a50	3987	Pb,Pw,Nb,Bb,Kw,Pb,Nw,Nw,Bb,,,,,,,Nw,Rw,,,,,,,Bb,Pw,,,,,,,Kb,Qw,,,,,,,Pb,Bw,,,,,,,Nb,Rb,,,,,,,Bw,Nb,Qw,Pw,Rw,Bb,Qb,Pb,Nw	darkRed	0
335e7ecc00326525f0d644a5e2a6f0c7	2036	Bw,Pb,Nw,Bb,Kw,Pw,Nb,Rw,Qw,,,,,,,Nw,Kb,,,,,,,Qb,Rb,,,Pw,Pw,,,Kb,Nw,,,Pw,Pw,,,Rb,Qb,,,,,,,Nb,Kw,,,,,,,Qw,Bw,Bb,Nw,Pb,Kb,Bw,Nb,Nw	lightGray	0
3368a95470997d36032b30f6619720cf	1187	Pb,Qw,Nb,Rw,Pb,Qb,Nw,Pb,Qb,,,,,,,Pb,Bw,,,,,,,Rw,Rw,,,,,,,Bw,Pb,,,,,,,Qb,Qw,,,,,,,Pw,Bb,,,,,,,Rb,Kw,Qw,Bb,Rw,Pb,Qb,Bw,Qb	lightRed	0
33699c9dbec35f3a022ba06d57dd4bc8	12	Rw,Kb,Rb,Nw,Kb,Qw,Pw,Kw,Rw,,,,,,,Qb,Rw,,,,,,,Pb,Rw,,,Bw,Bw,,,Rb,Rw,,,Bw,Bw,,,Bw,Rw,,,,,,,Qw,Rw,,,,,,,Pw,Rw,Pw,Nb,Bb,Kw,Pb,Nw,Pw	lightGray	0
336b60c25d6cf94955126b0addcea5ae	1649	Pb,Kb,Kw,Nw,Rb,Kw,Qb,Rw,Kw,,,,,,,Kw,Pw,,,,,,,Bb,Rb,,,,,,,Rb,Bw,,,,,,,Pw,Qb,,,,,,,Qb,Pb,,,,,,,Bw,Pb,Bb,Kw,Pb,Nw,Bw,Kb,Qb	lightGray	1
336dd2f086972931819472fc6fcf8629	2469	Rb,Nw,Bb,Kb,Rb,Nb,Bw,Bb,Pb,,,,,,,Rw,Nw,,,,,,,Bb,Bb,,,,,,,Qw,Kw,,,,,,,Pw,Pw,,,,,,,Rb,Rb,,,,,,,Nw,Nw,Qw,Kb,Rw,Nb,Qb,Kw,Nw	lightRed	0
3371ce36c34a081105a33a57106d52e8	1974	Pw,Nw,Qb,Kb,Rb,Nb,Qw,Bw,Pb,,,,,,,Kb,Qb,,,,,,,Rb,Bw,,,,,,,Nw,Rb,,,,,,,Bb,Pw,,,,,,,Kw,Qw,,,,,,,Rw,Qb,Kw,Rw,Nw,Qb,Kb,Rb,Bw	lightGray	0
3379dbe1c3e3a6602826568a136fe69e	2540	Nb,Bb,Nw,Pw,Kw,Bw,Nb,Kw,Nb,,,,,,,Nw,Qw,,,,,,,Rb,Kb,,,Nb,Nb,,,Kb,Rb,,,Nb,Nb,,,Qw,Nw,,,,,,,Nb,Qb,,,,,,,Rw,Rw,Qb,Kw,Rw,Nb,Qw,Kb,Pb	darkRed	0
337b3d40c3feaad1a34ded59450c248f	1072	Pb,Rw,Bb,Qb,Pb,Rb,Bw,Kw,Pw,,,,,,,Pw,Rb,,,,,,,Nb,Bw,,,,,,,Bw,Qb,,,,,,,Kb,Pb,,,,,,,Pb,Rw,,,,,,,Nw,Bw,Kb,Bw,Nb,Pw,Kw,Bb,Bw	lightRed	0
339663bf572d8a556cf5c66af06a6cf1	2511	Qb,Rw,Bb,Qw,Pw,Nb,Bw,Bw,Nw,,,,,,,Qb,Pb,,,,,,,Nw,Kb,,,Pb,Pb,,,Pw,Kw,,,Pb,Pb,,,Kw,Nb,,,,,,,Bw,Rw,,,,,,,Nb,Nb,Bw,Kb,Pw,Nb,Bb,Kw,Nw	lightGray	0
339a7b71f679d438640fca41b1c17498	3425	Qw,Kb,Rb,Nw,Bb,Kw,Rw,Kb,Kw,,,,,,,Kb,Pw,,,,,,,Rb,Nw,,,,,,,Nb,Bb,,,,,,,Qw,Kb,,,,,,,Kw,Pb,,,,,,,Rw,Pb,Qb,Bw,Rb,Pw,Qw,Bb,Pb	darkRed	0
33acb0664320e75a2349385cc1741a29	1443	Pb,Bw,Qb,Pw,Nb,Bb,Qw,Nb,Rw,,,,,,,Pw,Qw,,,,,,,Nb,Qb,,,,,,,Bw,Nw,,,,,,,Kb,Rb,,,,,,,Pb,Pw,,,,,,,Nw,Bw,Nw,Rb,Pw,Qw,Nb,Rw,Nw	lightRed	0
33eaed17840023c4adae5153030c84ce	3111	Rw,Rw,Rw,Rw,Rw,Rw,Rw,Rw,Qb,,,,,,,Bb,Kw,,,,,,,Nw,Rb,,,Nb,Nb,,,Pw,Nw,,,Nb,Nb,,,Kw,Bw,,,,,,,Bw,Kb,,,,,,,Nb,Bb,Qb,Nw,Rb,Kb,Qw,Nb,Bb	lightGray	0
33eeb499b14fc2756593507aa7e282e8	281	Pw,Pb,Rw,Bw,Qb,Pw,Nb,Nw,Nw,,,,,,,Bb,Rb,,,,,,,Rw,Kb,,,,,,,Pb,Qw,,,,,,,Qb,Nb,,,,,,,Nw,Rw,,,,,,,Rb,Bw,Bb,Nw,Pb,Kb,Bw,Nb,Bw	lightRed	0
341f474398f4a43de07a4508add8c928	1812	Qw,Nb,Pw,Kw,Bb,Nw,Pb,Nb,Nw,,,,,,,Bb,Rb,,,,,,,Rw,Kb,,,Nw,Nw,,,Pw,Qw,,,Nw,Nw,,,Qw,Nb,,,,,,,Bw,Pw,,,,,,,Rb,Bw,Kw,Rw,Nb,Qw,Pw,Rb,Nb	darkRed	0
341fe94c353af5833beedbd6cbfb95cc	3076	Bw,Kb,Qw,Nw,Rb,Kw,Qb,Rw,Rb,,,,,,,Rw,Nw,,,,,,,Kw,Qw,,,,,,,Qb,Kb,,,,,,,Nw,Rw,,,,,,,Rb,Nb,,,,,,,Kb,Kb,Rb,Kb,Qb,Nw,Rw,Kw,Nw	lightGray	0
342c424f8851c7d61d2f3449a438a756	3164	Pb,Rb,Kb,Qw,Nb,Pw,Kw,Pb,Kb,,,,,,,Rb,Qw,,,,,,,Pw,Nb,,,Bb,Bb,,,Qw,Rw,,,Bb,Bb,,,Bb,Kw,,,,,,,Rw,Qb,,,,,,,Kw,Qb,Pw,Nb,Qb,Kw,Pb,Nw,Qw	lightGray	0
342c9ffaf0e2bbf3e3ab638d74b3db8c	2586	Kw,Kw,Pw,Nw,Bb,Kb,Rb,Pb,Qb,,,,,,,Bb,Bw,,,,,,,Qw,Rw,,,Nb,Nb,,,Pw,Pb,,,Nb,Nb,,,Rb,Qw,,,,,,,Bw,Bb,,,,,,,Qb,Pb,Nw,Bb,Kw,Pw,Nb,Bw,Pb	darkGray	0
3434fcb3168ab2f02241a96f8bf92d60	1997	Rb,Pw,Rb,Bb,Qw,Pb,Rw,Rw,Kb,,,,,,,Qb,Qw,,,,,,,Kw,Nw,,,Rw,Rw,,,Rb,Rb,,,Rw,Rw,,,Nw,Pb,,,,,,,Qw,Qb,,,,,,,Kb,Nw,Rb,Nw,Qb,Kw,Rw,Nb,Qw	lightRed	0
3444ce37e071038b0c92283bf0be715c	3559	Bb,Pw,Kw,Bb,Nw,Pb,Kb,Pw,Qw,,,,,,,Rw,Nb,,,,,,,Pb,Rw,,,,,,,Qw,Kw,,,,,,,Nb,Qb,,,,,,,Rb,Nw,,,,,,,Pw,Nb,Nb,Qw,Kb,Rb,Nw,Qb,Rb	darkRed	0
345a72b7ed92a53eda3450c5c50cc2e8	3786	Pb,Bb,Nw,Pb,Kb,Bw,Nb,Nb,Pw,,,,,,,Rw,Rb,,,,,,,Kw,Bb,,,Kb,Kb,,,Qb,Qw,,,Kb,Kb,,,Bw,Pb,,,,,,,Rb,Rw,,,,,,,Kb,Nw,Bw,Qb,Pb,Rw,Bb,Qw,Nb	darkGray	0
34691a1968a1163fdc2efd3dd13c77d3	1147	Pw,Bb,Qw,Pw,Rb,Bw,Qb,Qb,Kw,,,,,,,Pb,Qb,,,,,,,Kb,Nb,,,,,,,Bw,Rw,,,,,,,Nb,Kb,,,,,,,Pw,Qw,,,,,,,Kw,Nw,Nw,Qb,Kw,Rw,Bb,Qw,Bw	lightGray	1
346fdbb50f0f7e862470fba3de9ed65f	1661	Rw,Rb,Kb,Qw,Nb,Rw,Kw,Bw,Qb,,,,,,,Kb,Pb,,,,,,,Qw,Rw,,,Pb,Pb,,,Nw,Bb,,,Pb,Pb,,,Rb,Kw,,,,,,,Pb,Pw,,,,,,,Qb,Nb,Qw,Pw,Rb,Bw,Qb,Pb,Nb	lightRed	0
347209092b1ad0c5e567d8b70ecdd66b	2153	Bb,Rw,Bb,Qb,Pb,Rb,Bw,Nb,Qw,,,,,,,Rb,Bb,,,,,,,Nw,Rb,,,Rb,Rb,,,Bb,Pw,,,Rb,Rb,,,Qw,Qb,,,,,,,Pw,Bw,,,,,,,Nb,Rw,Rb,Pw,Qw,Bb,Rw,Pb,Bb	darkRed	0
347c776075c342241c3c5efdb4ede0a4	3096	Pb,Nb,Rw,Kb,Qw,Nw,Rb,Qw,Pb,,,,,,,Kw,Qb,,,,,,,Bb,Bb,,,Pb,Pb,,,Nb,Rw,,,Pb,Pb,,,Pw,Pw,,,,,,,Kb,Qw,,,,,,,Bw,Bw,Nw,Bb,Kb,Pb,Nb,Bw,Nw	darkRed	0
3495ea78b8bb5dcaeb68e060eac7c7e3	2410	Bw,Pb,Qb,Bb,Rw,Pw,Qw,Pw,Rb,,,,,,,Kw,Nw,,,,,,,Qb,Qw,,,,,,,Nb,Kb,,,,,,,Rw,Rw,,,,,,,Pw,Nb,,,,,,,Qw,Qb,Bb,Rw,Pw,Qw,Bw,Rb,Rw	darkGray	0
349b9c6845848511bab5a4a8085be617	441	Bw,Rw,Bb,Qw,Pw,Rb,Bw,Pw,Bw,,,,,,,Rb,Qb,,,,,,,Kb,Pw,,,,,,,Qw,Rb,,,,,,,Nb,Bb,,,,,,,Rw,Qw,,,,,,,Kw,Rb,Pb,Kb,Bw,Nb,Pw,Kw,Bb	darkRed	0
34b791cab795fa0755c7a833eefc9ea4	3239	Kb,Pw,Nb,Bw,Kb,Pb,Nw,Nw,Rb,,,,,,,Pb,Bw,,,,,,,Kb,Kw,,,,,,,Bb,Pw,,,,,,,Nw,Rw,,,,,,,Pw,Bb,,,,,,,Kw,Pb,Bb,Rw,Pb,Qb,Bw,Rb,Nw	lightGray	0
34c3ae8831c98750a8af586e9e83aca4	261	Bb,Pw,Kw,Bb,Nw,Pb,Kb,Bw,Pb,,,,,,,Rw,Kb,,,,,,,Kw,Bb,,,,,,,Qw,Nw,,,,,,,Nb,Pw,,,,,,,Rb,Qb,,,,,,,Pw,Rw,Pw,Rb,Nw,Qb,Pb,Rw,Kb	darkRed	0
34d8a687c96a30c47772b2c423660449	625	Kb,Nw,Bb,Kw,Pw,Nb,Bw,Pb,Qb,,,,,,,Bw,Kw,,,,,,,Kb,Rw,,,Pb,Pb,,,Pb,Nb,,,Pb,Pb,,,Nw,Qw,,,,,,,Bb,Kb,,,,,,,Kw,Kb,Qb,Nw,Rw,Kw,Qw,Bb,Bw	lightRed	0
34df1e7c4b00ecfe2c40e20eb1637807	3944	Rw,Bb,Kw,Pw,Nb,Bw,Qb,Bb,Kb,,,,,,,Qb,Qw,,,,,,,Pb,Nb,,,,,,,Rb,Rw,,,,,,,Bw,Kw,,,,,,,Qw,Qb,,,,,,,Pw,Rb,Kb,Rb,Nb,Qw,Kw,Rw,Kb	darkRed	0
34e4b0a1cc2ea1b8c925ade0cfb13575	1740	Pw,Qw,Pw,Rb,Bw,Qb,Kw,Qw,Kw,,,,,,,Kw,Qb,,,,,,,Qb,Nb,,,Nb,Nb,,,Nb,Rw,,,Nb,Nb,,,Rw,Kb,,,,,,,Kb,Qw,,,,,,,Qw,Rw,Rw,Nb,Qb,Pb,Rb,Nw,Pw	lightGray	0
34e4dd84e76d4ae960bed03f6a1512fd	4039	Qb,Nb,Rw,Kw,Qb,Nw,Rb,Bb,Qb,,,,,,,Bw,Nw,,,,,,,Nb,Rb,,,,,,,Pw,Kb,,,,,,,Kw,Bw,,,,,,,Bb,Nb,,,,,,,Nw,Nw,Bw,Rb,Pw,Qw,Bb,Rw,Qb	darkGray	0
34fbe5393d016d2ab5b093ee34a0db47	1034	Kb,Pb,Nw,Bb,Kw,Pw,Nb,Nb,Nw,,,,,,,Kb,Bb,,,,,,,Bw,Kb,,,,,,,Nb,Pb,,,,,,,Pw,Nb,,,,,,,Qw,Qw,,,,,,,Bb,Qw,Qb,Nw,Rb,Kb,Bw,Nb,Kw	darkRed	0
3516c2f93b77abc329bc3e85fcd8ff66	2200	Rb,Rw,Nb,Qb,Kw,Rb,Nw,Qb,Pw,,,,,,,Nb,Nb,,,,,,,Bw,Bw,,,,,,,Kb,Qb,,,,,,,Pb,Pb,,,,,,,Rw,Nw,,,,,,,Bb,Pb,Qb,Bw,Rb,Pw,Qw,Nb,Bw	lightGray	0
3520a237cb77f50cfab574016050bf6f	1213	Pw,Kb,Qw,Nb,Rw,Kw,Qb,Pw,Pw,,,,,,,Rb,Qw,,,,,,,Pw,Bb,,,,,,,Qb,Rw,,,,,,,Bw,Pb,,,,,,,Rw,Qb,,,,,,,Pb,Rb,Nw,Qb,Pw,Rb,Nb,Qw,Nw	darkGray	0
3527ac9ab33e35e8bed2915fcd819334	2168	Bw,Pb,Qb,Bb,Rw,Pw,Qw,Nb,Qb,,,,,,,Qb,Nw,,,,,,,Bw,Rw,,,Pw,Pw,,,Rw,Kw,,,Pw,Pw,,,Pb,Bw,,,,,,,Qw,Nb,,,,,,,Bb,Bb,Kb,Rb,Nw,Qb,Kw,Rw,Rw	lightGray	0
352af47d5728ab588d29215c4e64497f	3235	Pw,Nb,Bw,Kw,Pw,Rw,Bb,Pb,Qb,,,,,,,Kb,Pb,,,,,,,Pb,Rw,,,,,,,Nw,Bb,,,,,,,Bb,Qw,,,,,,,Kw,Qb,,,,,,,Pw,Qb,Nb,Bw,Qb,Pb,Nw,Bb,Rb	darkRed	0
35412bec8c10025079a42cdbe0c31ba9	3236	Qw,Pb,Qb,Bw,Nb,Pw,Qw,Bb,Nb,,,,,,,Pb,Rw,,,,,,,Qb,Kb,,,Qb,Qb,,,Bw,Qw,,,Qb,Qb,,,Rb,Nw,,,,,,,Pw,Rb,,,,,,,Qw,Pw,Nw,Qb,Kb,Rb,Nb,Qw,Bw	lightGray	0
3544a2454c1dfe3e92feb3e9f7ac2bc6	2611	Kw,Nb,Rw,Kb,Qw,Nw,Rb,Qb,Nb,,,,,,,Kw,Pw,,,,,,,Pw,Kw,,,Pb,Pb,,,Nb,Bb,,,Pb,Pb,,,Bw,Nw,,,,,,,Kb,Pb,,,,,,,Pb,Bw,Pb,Kb,Bw,Nb,Pw,Kw,Kb	darkGray	1
356268447f241bdae7ca4fb1c6aff158	742	Rb,Kb,Pb,Nb,Bw,Kw,Pw,Qb,Qw,,,,,,,Qb,Kb,,,,,,,Bw,Rb,,,,,,,Rw,Nw,,,,,,,Pb,Qb,,,,,,,Qw,Kw,,,,,,,Bb,Kb,Pw,Qw,Bb,Rw,Pb,Qb,Nb	lightGray	0
357dcef881914414c5ab5c73bc35458e	131	Rw,Rw,Rw,Rw,Rw,Rw,Rw,Rw,Pb,,,,,,,Pb,Nw,,,,,,,Nw,Bb,,,,,,,Bb,Kw,,,,,,,Kw,Pw,,,,,,,Pw,Nb,,,,,,,Nb,Bw,Pb,Kb,Qw,Nb,Pw,Kw,Pw	lightGray	0
35854630016e2a963a28e412011df5dc	3441	Pw,Kb,Bw,Nw,Pb,Kw,Bb,Qw,Bb,,,,,,,Pw,Nw,,,,,,,Rb,Pb,,,Rb,Rb,,,Bw,Kb,,,Rb,Rb,,,Qb,Bw,,,,,,,Pb,Nb,,,,,,,Rw,Qb,Bb,Rw,Pb,Qb,Bw,Rb,Kb	lightRed	0
358d3382afd4a687f1fb9950aa9aa35b	2778	Qb,Nw,Rb,Kb,Qw,Nb,Rw,Bb,Rw,,,,,,,Nw,Kw,,,,,,,Qb,Bw,,,Pb,Pb,,,Pw,Nb,,,Pb,Pb,,,Rb,Rb,,,,,,,Nb,Kb,,,,,,,Qw,Kw,Qb,Pb,Rw,Bb,Qw,Pw,Pw	lightGray	1
35a04161e33d5efadf033930f9876b00	2797	Pb,Rb,Bw,Qb,Kw,Rw,Nb,Kb,Pw,,,,,,,Qw,Rb,,,,,,,Kb,Bb,,,Pb,Pb,,,Rb,Qw,,,Pb,Pb,,,Nw,Pb,,,,,,,Qb,Rw,,,,,,,Kw,Pb,Pb,Qb,Bb,Rw,Pw,Qw,Pb	darkGray	0
35a4196a4fce1700144836771804adf4	3837	Bw,Kw,Bb,Nb,Pw,Qb,Bw,Bb,Qw,,,,,,,Bw,Bb,,,,,,,Rb,Rb,,,Rb,Rb,,,Pw,Pw,,,Rb,Rb,,,Qw,Qb,,,,,,,Bb,Nw,,,,,,,Rw,Bb,Pw,Qw,Bw,Rb,Pb,Qb,Kw	darkGray	0
35a70953641b07ef434e847ee4a971c3	310	Pb,Qw,Bb,Rb,Pw,Qb,Nw,Pb,Pb,,,,,,,Nb,Nw,,,,,,,Bw,Bb,,,Bb,Bb,,,Kw,Kw,,,Bb,Bb,,,Pw,Pw,,,,,,,Nw,Nb,,,,,,,Bb,Pw,Qb,Bw,Rw,Pb,Qw,Bb,Kw	lightGray	0
35aeb961daa2403f78b910e36e501d62	3188	Pw,Nw,Rb,Kb,Qw,Nb,Rw,Kw,Bb,,,,,,,Pb,Kw,,,,,,,Nw,Pw,,,,,,,Bb,Nb,,,,,,,Kw,Bw,,,,,,,Pw,Kb,,,,,,,Nb,Nw,Bb,Rw,Pw,Qw,Nw,Rb,Bw	lightGray	0
35bc65303afc46ce881e07e91f0c13a2	3534	Pw,Bb,Qw,Pw,Rb,Bw,Qb,Kb,Nb,,,,,,,Nb,Bw,,,,,,,Pw,Kw,,,,,,,Kw,Pw,,,,,,,Bb,Nw,,,,,,,Nw,Bb,,,,,,,Pb,Qw,Kb,Rb,Nw,Qb,Pb,Rw,Kb	darkRed	0
35c8dd34ddc1029bc31eb318130be9f2	3221	Nw,Rw,Bb,Qb,Pb,Rb,Bw,Rb,Pw,,,,,,,Kw,Qw,,,,,,,Bb,Bw,,,,,,,Nb,Rb,,,,,,,Pw,Pb,,,,,,,Kb,Qb,,,,,,,Bw,Qb,Nw,Qb,Kw,Rw,Nb,Qw,Kw	darkRed	0
35cae7eec9025e264a5e020f8743b4ae	1003	Nw,Pw,Kw,Bw,Nb,Pb,Kb,Rb,Pw,,,,,,,Qw,Qw,,,,,,,Pw,Bw,,,Bb,Bb,,,Rw,Rb,,,Bb,Bb,,,Bb,Pb,,,,,,,Qb,Qb,,,,,,,Pb,Nb,Qb,Nw,Rw,Kw,Qw,Nb,Pw	lightRed	0
35d1e0dbb0ad887b85e71967f76f7c0e	2728	Bw,Qb,Bw,Rw,Pb,Qw,Bb,Bb,Nb,,,,,,,Kb,Bw,,,,,,,Qw,Kw,,,,,,,Nw,Pw,,,,,,,Rb,Nw,,,,,,,Pb,Bb,,,,,,,Kb,Pw,Pb,Kb,Bw,Nb,Pw,Kw,Qw	darkRed	0
35dbe77952899990ae3d5f9a4c6e6266	1033	Nb,Bb,Kw,Pw,Nb,Bw,Kb,Rw,Rb,,,,,,,Nb,Nw,,,,,,,Qw,Bb,,,,,,,Kw,Kw,,,,,,,Rw,Pw,,,,,,,Nw,Nb,,,,,,,Qb,Bb,Bw,Kb,Pw,Nb,Bb,Kw,Kb	lightRed	0
35e27c066333305a4a6ebb1abae9963f	926	Pb,Bb,Nw,Pb,Kb,Bw,Nb,Bw,Bw,,,,,,,Rw,Qb,,,,,,,Nb,Kw,,,Qb,Qb,,,Qw,Rw,,,Qb,Qb,,,Kb,Bb,,,,,,,Rb,Qw,,,,,,,Nw,Nb,Bw,Rb,Pb,Qb,Bb,Rw,Qw	lightRed	0
35ec9ba120dab61548ef120b7e428859	3884	Qw,Pb,Nw,Bb,Kw,Pw,Rb,Pw,Kb,,,,,,,Nw,Bw,,,,,,,Rb,Nw,,,,,,,Kb,Pb,,,,,,,Qw,Kw,,,,,,,Nb,Bb,,,,,,,Rw,Rw,Rw,Rw,Rw,Rw,Rw,Rw,Rw	lightGray	0
3601436d084cf16356534dcdabc6e2bb	1261	Bb,Rb,Kb,Qb,Nw,Rw,Pb,Rw,Pw,,,,,,,Kw,Rb,,,,,,,Pw,Bw,,,,,,,Nb,Qb,,,,,,,Bw,Pb,,,,,,,Kb,Rw,,,,,,,Pb,Nb,Qw,Pw,Rw,Bb,Qb,Pb,Pb	lightGray	0
3635627a878fa37d478dcdb63f4a2955	2581	Rw,Rw,Rw,Rw,Rw,Rw,Rw,Rw,Bw,,,,,,,Kw,Nb,,,,,,,Qb,Pw,,,Pb,Pb,,,Nb,Kw,,,Pb,Pb,,,Rw,Bb,,,,,,,Kb,Nw,,,,,,,Qw,Qb,Kb,Rb,Nw,Qb,Kw,Rw,Bb	darkRed	0
363f0d958463d227b1236c6d234769c3	491	Nb,Bw,Nb,Pb,Kb,Bb,Nw,Nw,Kw,,,,,,,Rb,Qb,,,,,,,Nw,Nb,,,Rb,Rb,,,Qb,Rw,,,Rb,Rb,,,Kw,Kb,,,,,,,Rw,Qw,,,,,,,Nb,Qb,Nb,Pw,Kb,Bw,Nw,Pb,Nb	darkRed	0
365121bf5ad080b0f6bac4bbffb704e5	2640	Kw,Bb,Rw,Pb,Qb,Bw,Rb,Qw,Qw,,,,,,,Qw,Bb,,,,,,,Bb,Rb,,,,,,,Rb,Pw,,,,,,,Pw,Qb,,,,,,,Kb,Bw,,,,,,,Bw,Rw,Rb,Pw,Qw,Bb,Rw,Pb,Qw	lightGray	0
3658d41872d1a1161943f5304c68624b	2305	Kw,Nw,Bb,Kb,Pb,Nb,Bw,Qw,Kb,,,,,,,Rb,Qw,,,,,,,Pw,Nb,,,,,,,Qb,Rw,,,,,,,Bw,Kw,,,,,,,Rw,Qb,,,,,,,Pb,Rb,Nb,Qw,Kw,Rw,Nw,Qb,Qb	lightRed	0
3660e72e78e531f592d2faf0aacefcbe	3566	Rb,Bw,Rb,Pw,Kw,Bb,Rw,Bw,Pb,,,,,,,Pb,Kb,,,,,,,Qb,Bw,,,,,,,Bb,Nb,,,,,,,Rw,Pw,,,,,,,Pw,Kw,,,,,,,Kw,Pb,Rw,Kw,Qb,Nw,Rb,Qb,Nw	darkRed	1
366ca45654457af248d9a6a0c54b8de1	3880	Rb,Rw,Nb,Qb,Kw,Rb,Nw,Kb,Nb,,,,,,,Nw,Pw,,,,,,,Qb,Kw,,,,,,,Kb,Bb,,,,,,,Rb,Nw,,,,,,,Nb,Pb,,,,,,,Qw,Kw,Qw,Kb,Rb,Nw,Qb,Kw,Kb	lightRed	0
3672d3702660f754f9273515a82b1f21	3978	Rw,Rw,Bb,Qw,Kb,Rb,Bw,Rb,Rb,,,,,,,Nw,Pw,,,,,,,Bb,Qb,,,,,,,Qw,Bw,,,,,,,Pw,Rw,,,,,,,Nb,Pb,,,,,,,Bw,Rb,Kb,Rb,Nw,Qb,Kw,Rw,Nb	darkRed	0
36784ee7013557eacc6c448c0729d96f	2460	Pw,Qb,Bw,Rw,Pb,Qw,Bb,Qb,Rb,,,,,,,Pw,Bw,,,,,,,Qw,Qw,,,,,,,Bb,Pw,,,,,,,Rw,Rw,,,,,,,Pb,Bb,,,,,,,Kb,Nw,Nb,Pw,Kb,Bw,Nw,Pb,Kb	lightRed	0
36794923edee37aec58abac1b3a93f14	3431	Qb,Qb,Nw,Rw,Kw,Qw,Nb,Qw,Nb,,,,,,,Rb,Bw,,,,,,,Nw,Kw,,,Nw,Nw,,,Qb,Pw,,,Nw,Nw,,,Kw,Nw,,,,,,,Rw,Bb,,,,,,,Nb,Bb,Rb,Pw,Qb,Bw,Rw,Pb,Kb	lightGray	1
367bb3cdb6da79f177528785704d08d0	2412	Nw,Nb,Bw,Kw,Pw,Nw,Bb,Qw,Qb,,,,,,,Bb,Bw,,,,,,,Qw,Rb,,,,,,,Pb,Pw,,,,,,,Rw,Qw,,,,,,,Bw,Bb,,,,,,,Qb,Kb,Nb,Pw,Kb,Bw,Nw,Pb,Qb	lightRed	0
3689b950c618cdc8ab097ef5119a7564	3542	Kw,Rw,Nb,Qw,Kb,Rb,Nw,Pw,Kb,,,,,,,Rw,Rb,,,,,,,Pb,Nw,,,Pb,Pb,,,Qb,Qb,,,Pb,Pb,,,Bw,Kw,,,,,,,Rb,Rw,,,,,,,Pw,Rw,Rw,Rw,Rw,Rw,Rw,Rw,Rw	lightGray	0
369c37e8f4925b9ac8d893c9b18042ab	369	Bb,Qw,Nb,Rw,Kw,Qb,Nw,Rb,Nw,,,,,,,Qw,Rb,,,,,,,Kb,Kw,,,,,,,Rw,Qb,,,,,,,Nb,Nb,,,,,,,Bb,Rw,,,,,,,Kw,Pw,Pw,Kw,Bb,Nw,Pb,Qb,Kw	darkGray	0
36a31db50f98d7e70e24070fa5217d80	4074	Kw,Pb,Rw,Nb,Qw,Kb,Rb,Rb,Nw,,,,,,,Bb,Rb,,,,,,,Rw,Pw,,,Kb,Kb,,,Pb,Qw,,,Kb,Kb,,,Qb,Nb,,,,,,,Bw,Rw,,,,,,,Rb,Nb,Rw,Bb,Qw,Kb,Rb,Bw,Nw	lightGray	0
36ad089c166b4dde56e9307ce5425e1a	2046	Rw,Kw,Rw,Nw,Qb,Kb,Rb,Qb,Kb,,,,,,,Bw,Pb,,,,,,,Nb,Nb,,,,,,,Pb,Bw,,,,,,,Kb,Kw,,,,,,,Bb,Pw,,,,,,,Nw,Bw,Rb,Bw,Kw,Pw,Rw,Bb,Bw	lightRed	0
36be9cbf92bebec73aaf369b60e0d8aa	3835	Kb,Nw,Qb,Kw,Rw,Nb,Qw,Pb,Pw,,,,,,,Bb,Rb,,,,,,,Kw,Bb,,,Rb,Rb,,,Pw,Qw,,,Rb,Rb,,,Nb,Pb,,,,,,,Qw,Rw,,,,,,,Kb,Rw,Qw,Pw,Rb,Bw,Qb,Pb,Nb	darkRed	0
36c1f8f8e8c3df21ce62110b799ed6ce	379	Bb,Nw,Rb,Kb,Qw,Nb,Rw,Nb,Nw,,,,,,,Rb,Qb,,,,,,,Kb,Pw,,,,,,,Qb,Rb,,,,,,,Nw,Nb,,,,,,,Rw,Qw,,,,,,,Kw,Pw,Rw,Pb,Qw,Bb,Nb,Pw,Pw	darkGray	0
36c2fb9a80de2de558870f5266f01ccd	1100	Rb,Qb,Pb,Rb,Bw,Qw,Pw,Kw,Rb,,,,,,,Qw,Bw,,,,,,,Pw,Qw,,,,,,,Rb,Pw,,,,,,,Bw,Rw,,,,,,,Qb,Bb,,,,,,,Pb,Qw,Kw,Bb,Nb,Pw,Kb,Bw,Kb	lightGray	0
36c6819591cf576128ea541b42784445	648	Bb,Kb,Pb,Nw,Bb,Kw,Pw,Kw,Pw,,,,,,,Bb,Qw,,,,,,,Kw,Bw,,,,,,,Pw,Rb,,,,,,,Nb,Pb,,,,,,,Bw,Qb,,,,,,,Kb,Nw,Bb,Rw,Pw,Qw,Bw,Rb,Qw	darkGray	0
36d34d780c83fd95e60089e2c93fff1a	915	Qb,Kb,Pb,Nw,Bb,Kw,Pw,Kb,Kb,,,,,,,Rb,Pb,,,,,,,Pw,Nw,,,,,,,Qb,Bb,,,,,,,Bw,Kw,,,,,,,Rw,Pw,,,,,,,Pb,Qb,Pw,Qw,Bb,Rw,Pb,Qb,Qb	lightRed	0
36e9d1b04a7d0fb2303aa1e9b12df75b	3642	Rw,Pw,Qw,Bb,Rw,Pb,Qb,Pw,Rw,,,,,,,Rb,Rw,,,,,,,Nw,Rw,,,,,,,Qb,Rw,,,,,,,Qw,Rw,,,,,,,Rw,Rw,,,,,,,Nb,Rw,Bb,Kw,Pw,Nb,Bw,Qb,Nw	lightGray	0
3700a88a5addca8cf2374d82e49d0666	1510	Qb,Kb,Rb,Nb,Qw,Kw,Rw,Qw,Kw,,,,,,,Pb,Bb,,,,,,,Qb,Nb,,,Bb,Bb,,,Bb,Kb,,,Bb,Bb,,,Rw,Qw,,,,,,,Pw,Qw,,,,,,,Qw,Rb,Rw,Kw,Qw,Nb,Rb,Kb,Rb	darkRed	0
370283a6155b201df9a2d48cbbc2f811	1851	Nw,Qb,Kw,Rb,Nw,Qw,Kb,Pw,Pb,,,,,,,Bw,Rw,,,,,,,Nb,Bw,,,Bb,Bb,,,Pb,Qb,,,Bb,Bb,,,Kb,Pw,,,,,,,Qb,Rb,,,,,,,Nw,Pb,Rb,Kb,Qw,Nb,Rw,Kw,Nb	lightGray	0
37152c1cd115b02c631ba0508ad58b78	4057	Bw,Kb,Pb,Nb,Bw,Kw,Pw,Kw,Pb,,,,,,,Pw,Qb,,,,,,,Rb,Bb,,,Pw,Pw,,,Bb,Rw,,,Pw,Pw,,,Qw,Pw,,,,,,,Pb,Qw,,,,,,,Rw,Kw,Rw,Pb,Qw,Bb,Rb,Pw,Pw	lightGray	0
3715a03b43cbf5d78e1ff6be8f0332a0	4011	Rb,Rw,Bb,Qw,Pw,Rb,Bw,Pw,Kb,,,,,,,Rw,Rb,,,,,,,Pb,Nw,,,Qw,Qw,,,Qb,Qb,,,Qw,Qw,,,Bw,Kw,,,,,,,Rb,Rw,,,,,,,Kb,Kw,Pw,Rb,Bw,Qb,Pb,Nw,Rb	darkGray	0
3717893824a91653a349a95b62cfba4e	3289	Qb,Nw,Bb,Kb,Pb,Rb,Bw,Pw,Kb,,,,,,,Qb,Bw,,,,,,,Kw,Nw,,,,,,,Rw,Pb,,,,,,,Nb,Kw,,,,,,,Qw,Bb,,,,,,,Kb,Qb,Nw,Bb,Kb,Pb,Nb,Bw,Kw	lightGray	0
372534d865edef7164bb1b99fd6045cc	3996	Kb,Nw,Pb,Kw,Bb,Nb,Pw,Qw,Nw,,,,,,,Nw,Rb,,,,,,,Rb,Kb,,,Bb,Bb,,,Kw,Qw,,,Bb,Bb,,,Qb,Nb,,,,,,,Nb,Rw,,,,,,,Rw,Nw,Nw,Pb,Kw,Bb,Nb,Pw,Rb	darkGray	0
373393028641b2ae75b2abbfcdfb345f	3773	Kw,Qw,Pw,Rb,Bw,Qb,Pb,Rb,Nb,,,,,,,Qb,Qw,,,,,,,Bw,Kb,,,,,,,Nb,Rb,,,,,,,Pw,Nw,,,,,,,Qw,Qb,,,,,,,Bb,Rw,Nw,Qb,Kb,Rb,Nb,Qw,Rw	darkRed	0
374054dfc9112cc0e727223ed0508851	3862	Rb,Bb,Nw,Pb,Kb,Bw,Rb,Pw,Bb,,,,,,,Rb,Rw,,,,,,,Pw,Pb,,,Nb,Nb,,,Qb,Qb,,,Nb,Nb,,,Nw,Bw,,,,,,,Rw,Rb,,,,,,,Pb,Nw,Nb,Rw,Kb,Qw,Nw,Rb,Rb	darkGray	0
3747d1d739d2b83e4e7a54e2ba4f613d	3195	Kw,Bw,Kb,Pb,Nw,Qb,Kw,Kb,Bw,,,,,,,Rb,Qb,,,,,,,Nw,Pw,,,,,,,Qb,Rb,,,,,,,Kw,Bb,,,,,,,Rw,Qw,,,,,,,Nb,Pw,Pb,Qb,Bw,Rb,Pw,Qw,Rw	lightGray	0
375ad138c88fdd34426e653f01fc3df8	1461	Qb,Nw,Pb,Kw,Bb,Nb,Pw,Kw,Kb,,,,,,,Rw,Bw,,,,,,,Kw,Nb,,,,,,,Qb,Pw,,,,,,,Nw,Kw,,,,,,,Rb,Bb,,,,,,,Kb,Kb,Nb,Bw,Kb,Pb,Nw,Qb,Bw	darkRed	0
37614238556131402429b0ccad6c5701	111	Rw,Nb,Qw,Kb,Rb,Nw,Qb,Nw,Kw,,,,,,,Pb,Rw,,,,,,,Rw,Nw,,,Kb,Kb,,,Bw,Qb,,,Kb,Kb,,,Qb,Kb,,,,,,,Pw,Rb,,,,,,,Rb,Rb,Kw,Pw,Nw,Bb,Kb,Pb,Bb	darkGray	0
37635a96e481bae1e7a0d341ddfc5a73	674	Nw,Pw,Nb,Bb,Kw,Pb,Nw,Kw,Qb,,,,,,,Pb,Pb,,,,,,,Nw,Rb,,,Nw,Nw,,,Bw,Bw,,,Nw,Nw,,,Kb,Qw,,,,,,,Pw,Pw,,,,,,,Nb,Qb,Nb,Pw,Kw,Bb,Nw,Pb,Bb	lightGray	0
378b11befc9af9cfb3ee13299342a35d	3865	Bw,Pw,Qw,Bb,Rw,Pb,Qb,Pw,Rb,,,,,,,Nb,Pw,,,,,,,Bw,Qb,,,Pb,Pb,,,Kw,Bw,,,Pb,Pb,,,Pw,Rw,,,,,,,Nw,Pb,,,,,,,Bb,Rb,Pw,Kw,Bb,Nw,Pb,Kb,Qw	lightRed	0
379514613600a46cd2e7692ab2779a95	723	Qw,Qb,Bw,Rb,Pw,Kw,Bb,Bw,Bb,,,,,,,Qb,Qw,,,,,,,Nw,Pb,,,,,,,Rw,Rw,,,,,,,Kw,Bw,,,,,,,Qw,Qb,,,,,,,Nb,Kb,Rb,Kb,Qw,Nb,Rw,Kw,Rb	lightGray	0
379d06a4dd31cb5332b30220e590e53d	3559	Bb,Pw,Kw,Bb,Nw,Pb,Kb,Pw,Qw,,,,,,,Rw,Nb,,,,,,,Pb,Rw,,,,,,,Qw,Kw,,,,,,,Nb,Qb,,,,,,,Rb,Nw,,,,,,,Pw,Nb,Nb,Qw,Kb,Rb,Nw,Qb,Rb	darkRed	1
379d823d56a9270d66b0a780f10bb19a	3999	Nb,Rw,Nb,Qw,Kb,Rb,Nw,Pw,Kb,,,,,,,Pw,Qw,,,,,,,Nb,Nw,,,,,,,Bw,Rb,,,,,,,Kb,Kw,,,,,,,Pb,Qb,,,,,,,Nw,Nw,Qw,Pw,Rb,Bw,Qb,Pb,Qb	darkRed	0
37ad24ae74fb09d86f63855d1090834d	2703	Pb,Bw,Nb,Pw,Kw,Bb,Nw,Bb,Pw,,,,,,,Qb,Rb,,,,,,,Pb,Bw,,,Nb,Nb,,,Rb,Qb,,,Nb,Nb,,,Bw,Pb,,,,,,,Qw,Rw,,,,,,,Pw,Bw,Bb,Kw,Rb,Nw,Qw,Kb,Qb	lightRed	0
37afd02c081409dcebc83cf6e99fa112	2172	Rw,Bw,Kb,Pb,Nw,Bb,Kw,Nw,Bb,,,,,,,Rw,Nw,,,,,,,Kw,Pb,,,,,,,Qb,Kb,,,,,,,Nw,Bw,,,,,,,Rb,Nb,,,,,,,Kb,Bb,Qw,Bb,Rw,Pb,Qb,Bw,Qb	lightRed	0
37b1b039f5fc8a25e3cc8fb0855f4c76	2143	Rb,Nw,Qb,Kb,Rb,Nb,Qw,Bb,Kb,,,,,,,Rw,Qw,,,,,,,Pb,Nb,,,Rw,Rw,,,Qw,Rw,,,Rw,Rw,,,Nb,Kw,,,,,,,Rb,Qb,,,,,,,Pw,Kb,Qw,Pw,Rw,Bb,Qb,Kw,Nw	darkRed	0
37b81249863f687591fb9c3c1422e629	2309	Bw,Pb,Qb,Bw,Rb,Kb,Qw,Qw,Pw,,,,,,,Kw,Kw,,,,,,,Rw,Bw,,,,,,,Nw,Nb,,,,,,,Qb,Pb,,,,,,,Kb,Kb,,,,,,,Pb,Nb,Kw,Bb,Nb,Pw,Kb,Bw,Rw	lightRed	0
37cabbf559694f1d4336ed7dc1ee75d8	83	Nw,Bb,Qw,Pb,Rw,Nw,Qb,Bw,Bb,,,,,,,Kw,Qw,,,,,,,Qb,Pw,,,,,,,Nb,Rb,,,,,,,Rw,Bw,,,,,,,Kb,Qb,,,,,,,Qw,Nw,Nw,Rb,Kb,Qw,Nb,Rw,Pb	lightGray	0
380b297dd16c659774db6edc21f24860	1403	Bw,Bw,Qb,Pw,Rb,Bb,Qw,Pw,Pb,,,,,,,Rb,Rw,,,,,,,Kb,Bw,,,,,,,Qb,Qb,,,,,,,Nw,Pw,,,,,,,Rw,Rb,,,,,,,Kw,Bw,Nb,Qw,Pb,Rw,Nw,Qb,Nw	darkGray	0
3812fb92dcb0b3825f6c3622c562bdc3	2692	Rw,Rw,Rw,Rw,Rw,Rw,Rw,Rw,Rw,,,,,,,Pb,Rw,,,,,,,Kb,Rw,,,Pb,Pb,,,Bw,Rw,,,Pb,Pb,,,Nb,Rw,,,,,,,Rw,Rw,,,,,,,Kw,Rw,Pb,Qb,Bw,Rb,Pw,Qw,Nb	lightGray	0
381330d500d5363247e298165c7a4870	1760	Pw,Nb,Rw,Pb,Qb,Nw,Rb,Pw,Qb,,,,,,,Bb,Rb,,,,,,,Qw,Bb,,,Rb,Rb,,,Pb,Kw,,,Rb,Rb,,,Nw,Pb,,,,,,,Bw,Rw,,,,,,,Kb,Bw,Nb,Bw,Kb,Pb,Nw,Bb,Kw	lightRed	0
3821fa1e6710dabbb86b56191d563b9f	1082	Qw,Nb,Pw,Kb,Bw,Rw,Pb,Pb,Bw,,,,,,,Bw,Kb,,,,,,,Nb,Pw,,,Nw,Nw,,,Rw,Nb,,,Nw,Nw,,,Kw,Bb,,,,,,,Qb,Kw,,,,,,,Nw,Rw,Rw,Rw,Rw,Rw,Rw,Rw,Rw	darkRed	0
3824f7d4a6142c15fdafe19d52c4903a	27	Kw,Rw,Kw,Qb,Bw,Rb,Pw,Kb,Pb,,,,,,,Bb,Nw,,,,,,,Kw,Bw,,,Nw,Nw,,,Pw,Kb,,,Nw,Nw,,,Nb,Pw,,,,,,,Qw,Nb,,,,,,,Kb,Rw,Nb,Bw,Kw,Pw,Nw,Bb,Nw	darkRed	0
3825b2ab94d8bb50321c771e73bf61b8	2561	Nw,Pw,Qw,Bw,Rb,Pb,Qb,Pb,Bb,,,,,,,Rb,Kw,,,,,,,Bw,Pb,,,,,,,Qb,Nw,,,,,,,Pb,Bw,,,,,,,Rw,Kb,,,,,,,Bb,Bb,Rb,Pw,Qb,Bw,Rw,Pb,Pb	lightGray	0
383d4053423e627e5abe7655a8ca4e31	1681	Bb,Pb,Qb,Bw,Rb,Kb,Qw,Rb,Bb,,,,,,,Kb,Qw,,,,,,,Rb,Pb,,,,,,,Nw,Rw,,,,,,,Qb,Bw,,,,,,,Kw,Qb,,,,,,,Rw,Qb,Bb,Nw,Pw,Kw,Bw,Nb,Kw	lightGray	0
38414089b31066e1e03fcbb77a174cc1	3687	Kb,Nb,Qw,Kw,Rw,Nw,Qb,Nb,Qw,,,,,,,Qw,Bb,,,,,,,Bb,Rw,,,,,,,Rb,Pb,,,,,,,Pw,Qb,,,,,,,Qb,Bw,,,,,,,Bw,Pw,Pb,Rw,Bw,Qb,Pw,Rb,Kb	lightRed	0
3849956fcf18ff249c984e854017463d	1644	Bw,Bw,Nb,Pw,Kw,Bb,Nw,Bw,Qb,,,,,,,Kb,Kw,,,,,,,Rb,Rb,,,,,,,Nb,Nw,,,,,,,Qw,Qw,,,,,,,Kw,Kb,,,,,,,Rw,Nb,Qb,Kw,Rw,Nb,Qw,Kb,Rb	darkGray	0
38508a1466a670ef1addc77cf69caeb9	1317	Nb,Pb,Qb,Bw,Rb,Pw,Qw,Nw,Pw,,,,,,,Bb,Nb,,,,,,,Qw,Bb,,,Nw,Nw,,,Pb,Kw,,,Nw,Nw,,,Nw,Pb,,,,,,,Bw,Nw,,,,,,,Qb,Nw,Nw,Bb,Kw,Pw,Nb,Bw,Nb	darkGray	0
38525398d220fc9914671f07fa4fb679	1910	Qw,Kw,Bb,Nb,Pw,Kb,Bw,Kb,Bb,,,,,,,Bb,Qw,,,,,,,Nw,Pw,,,,,,,Pw,Rb,,,,,,,Kw,Bw,,,,,,,Bw,Kb,,,,,,,Nb,Pb,Qb,Bw,Rw,Pb,Qw,Bb,Pw	darkGray	0
385972d750ecc30f7ac176228d12b997	1690	Rw,Bw,Qb,Pw,Rb,Bb,Qw,Rw,Kb,,,,,,,Rb,Rb,,,,,,,Nw,Nb,,,,,,,Qb,Qw,,,,,,,Kw,Kw,,,,,,,Rw,Rw,,,,,,,Nb,Kb,Nw,Qb,Kb,Rb,Nb,Qw,Rw	darkRed	1
385ba33da3c22f2c2c70db0f00e1d850	3098	Qb,Kw,Rw,Nb,Qw,Pw,Rb,Qw,Bw,,,,,,,Rw,Qb,,,,,,,Pb,Pw,,,,,,,Qw,Rb,,,,,,,Nb,Bb,,,,,,,Rb,Qw,,,,,,,Kb,Rw,Nb,Pw,Kw,Qb,Nw,Pb,Qb	darkRed	0
386528ff4450882df57f4951b91acd64	3104	Kw,Pb,Kb,Bb,Nw,Pw,Qw,Kb,Kb,,,,,,,Pb,Pb,,,,,,,Rw,Rb,,,,,,,Bb,Bw,,,,,,,Kw,Kw,,,,,,,Pw,Pw,,,,,,,Rb,Pw,Kb,Pb,Rw,Bb,Qw,Pw,Kw	lightGray	0
38771b636819c2bd5fb09b03725ea72f	2589	Bw,Bb,Kw,Pw,Nb,Qw,Kb,Rb,Kw,,,,,,,Qw,Bb,,,,,,,Nb,Nb,,,Nb,Nb,,,Rw,Pw,,,Nb,Nb,,,Kw,Kb,,,,,,,Qb,Bw,,,,,,,Nw,Rw,Bb,Rw,Pw,Qw,Bw,Rb,Rw	lightGray	0
388357562c9a1651a89b2e0767b1fa8c	3246	Rb,Nb,Qw,Kb,Rb,Nw,Qb,Pw,Qw,,,,,,,Pw,Nb,,,,,,,Qw,Pb,,,,,,,Bb,Kb,,,,,,,Rw,Bb,,,,,,,Pb,Nw,,,,,,,Qb,Kb,Pb,Rw,Bw,Qb,Pw,Rb,Nw	darkGray	0
3892b8c9aeb2fd2d20bd7346be0488b1	1285	Bb,Bw,Kb,Pb,Rw,Bb,Kw,Pw,Kb,,,,,,,Nb,Pb,,,,,,,Qw,Nb,,,Qb,Qb,,,Kw,Bw,,,Qb,Qb,,,Rw,Kw,,,,,,,Nw,Pw,,,,,,,Qb,Bb,Rb,Kb,Kw,Nb,Pw,Kw,Kw	darkRed	0
38998ee380b34bd68318bc7f876cc1e1	3111	Rw,Rw,Rw,Rw,Rw,Rw,Rw,Rw,Qb,,,,,,,Bb,Kw,,,,,,,Nw,Rb,,,Nb,Nb,,,Pw,Nw,,,Nb,Nb,,,Kw,Bw,,,,,,,Bw,Kb,,,,,,,Nb,Bb,Qb,Nw,Rb,Kb,Qw,Nb,Bb	lightGray	0
389cb90932f2ff95b1bdb22055db904b	1255	Kb,Pw,Kw,Bb,Rw,Pb,Qb,Nb,Qw,,,,,,,Kw,Kb,,,,,,,Nb,Rw,,,,,,,Rw,Nb,,,,,,,Pb,Qb,,,,,,,Qb,Kw,,,,,,,Bw,Rb,Bb,Rw,Pb,Qb,Bw,Rb,Rw	lightGray	0
38add6fa8747e6ab6fb235b1fbf1ea93	545	Pw,Nw,Rb,Kw,Qb,Bb,Rw,Rb,Rw,,,,,,,Pb,Bb,,,,,,,Kb,Qb,,,,,,,Qw,Pb,,,,,,,Nb,Rb,,,,,,,Pw,Bw,,,,,,,Kw,Pw,Kw,Bb,Nw,Pb,Kb,Qw,Qb	darkRed	0
38b64340d23a7d9c64dcb1747278a8c5	2168	Bw,Pb,Qb,Bb,Rw,Pw,Kw,Nb,Qb,,,,,,,Qb,Nw,,,,,,,Bw,Rw,,,Pw,Pw,,,Rw,Kw,,,Pw,Pw,,,Pb,Bw,,,,,,,Qw,Nb,,,,,,,Bb,Bb,Kb,Rb,Nw,Qb,Kw,Rw,Rw	lightGray	0
38ca89564b2259401518960f7a06f94b	1161	Nw,Kb,Bw,Nb,Pw,Qw,Bb,Pb,Nb,,,,,,,Pw,Rw,,,,,,,Rb,Pb,,,,,,,Bb,Qb,,,,,,,Qw,Nw,,,,,,,Pb,Rb,,,,,,,Rw,Pb,Qb,Pb,Rw,Bb,Qw,Pw,Nb	darkGray	1
38d5d23fb00ff2c7ce9724429603f0f3	1192	Bb,Bw,Kb,Pw,Nb,Bb,Kw,Nb,Pw,,,,,,,Bb,Qw,,,,,,,Nw,Bb,,,,,,,Pw,Rw,,,,,,,Kw,Pb,,,,,,,Bw,Qb,,,,,,,Nb,Bw,Qw,Pw,Rw,Bb,Qb,Pb,Nw	lightGray	0
38dcf89af7407d7b87ea2baf1b4f78fb	264	Bw,Qb,Kw,Rb,Nw,Qw,Kb,Qw,Qb,,,,,,,Nb,Bw,,,,,,,Qw,Rw,,,,,,,Kb,Pb,,,,,,,Rb,Qw,,,,,,,Nw,Bb,,,,,,,Qb,Nw,Kb,Rb,Bb,Qw,Kw,Rw,Kw	lightGray	0
38eb89fc750b1bb92d7779fd2b929c55	3672	Pw,Kw,Rw,Nw,Qb,Kb,Rb,Rw,Qb,,,,,,,Pb,Bw,,,,,,,Qb,Rw,,,,,,,Nb,Pb,,,,,,,Rw,Qw,,,,,,,Kb,Bb,,,,,,,Qw,Qw,Qw,Nb,Rb,Kb,Qb,Bw,Rw	lightGray	0
38fd18a54183b443f89cea317960cede	110	Qw,Nb,Bw,Kw,Pw,Nw,Bb,Rw,Qw,,,,,,,Rw,Pw,,,,,,,Rw,Rb,,,Rb,Rb,,,Rw,Bw,,,Rb,Rb,,,Rw,Qb,,,,,,,Rw,Pb,,,,,,,Rw,Pb,Bb,Rw,Pw,Qw,Bw,Nb,Rw	darkGray	0
38fe5841d5990ce1816395667848fdeb	3902	Qw,Kb,Pb,Nw,Bb,Kw,Pw,Pb,Nw,,,,,,,Pb,Qb,,,,,,,Qb,Pw,,,Pw,Pw,,,Bb,Rb,,,Pw,Pw,,,Rw,Nb,,,,,,,Pw,Qw,,,,,,,Qw,Nw,Rw,Kw,Qb,Nw,Rb,Kb,Pb	lightGray	0
390ad186981413b6decc9d131c99761a	3003	Kw,Nb,Pw,Kb,Bw,Nw,Pb,Kw,Rw,,,,,,,Bw,Kw,,,,,,,Qb,Qb,,,,,,,Pw,Nw,,,,,,,Rb,Rb,,,,,,,Bb,Kb,,,,,,,Qw,Nb,Nb,Pw,Kb,Bw,Nw,Pb,Pw	darkGray	0
3919e4d30f1952c25fc97ccc44e323e5	1613	Qb,Bw,Qb,Pw,Nb,Bb,Qw,Qb,Rb,,,,,,,Bw,Bw,,,,,,,Nb,Qw,,,,,,,Pb,Pw,,,,,,,Kb,Rw,,,,,,,Bb,Bb,,,,,,,Rw,Nb,Nb,Pw,Kb,Bw,Nw,Pb,Pw	darkRed	0
39209baf1dd6873c94fe77d65be396a9	1967	Kw,Qw,Bb,Rw,Pb,Qb,Bw,Pb,Pw,,,,,,,Bb,Nb,,,,,,,Qw,Bb,,,Rw,Rw,,,Pb,Kw,,,Rw,Rw,,,Rw,Pb,,,,,,,Bw,Nw,,,,,,,Kb,Bb,Pb,Qb,Bb,Rw,Pw,Qw,Bw	lightGray	0
392735c5839e35bdedc2c4a37071c6c4	631	Pb,Pb,Qb,Bb,Rw,Pw,Qw,Rw,Kb,,,,,,,Pb,Bw,,,,,,,Kb,Nb,,,Rb,Rb,,,Bw,Pw,,,Rb,Rb,,,Nb,Kw,,,,,,,Pw,Bb,,,,,,,Kw,Rw,Qw,Pw,Rw,Bb,Qb,Kw,Qw	lightRed	0
3929a6d0cd1b7bb672939327762cc5c8	2487	Rw,Rw,Kw,Qb,Bw,Rb,Pw,Pw,Nw,,,,,,,Rb,Pb,,,,,,,Pw,Kb,,,Rb,Rb,,,Qb,Bw,,,Rb,Rb,,,Bw,Nb,,,,,,,Rw,Pw,,,,,,,Kw,Kw,Nw,Bb,Kw,Pw,Nb,Qw,Bb	darkGray	0
3965a848c450dbbd41a1e42510444b21	3890	Qw,Rb,Nw,Qw,Kw,Pw,Nb,Rw,Qw,,,,,,,Rw,Bb,,,,,,,Rw,Nw,,,Pb,Pb,,,Rw,Pb,,,Pb,Pb,,,Rw,Qb,,,,,,,Rw,Bw,,,,,,,Rw,Kw,Nw,Bb,Kw,Pw,Nb,Qw,Rw	lightRed	0
396ad9ae5d9f70d9692cc13dbc8acf08	3311	Rw,Kw,Qb,Nw,Rb,Kb,Qw,Pw,Bw,,,,,,,Bb,Kb,,,,,,,Nw,Pb,,,,,,,Pb,Nw,,,,,,,Kb,Bb,,,,,,,Bw,Kw,,,,,,,Nb,Kw,Rw,Bb,Qw,Pw,Rb,Bw,Qb	darkRed	0
399de1edd6103c64c0d015997ba280d5	2728	Bw,Qb,Bw,Rw,Pb,Qw,Bb,Bb,Nb,,,,,,,Kb,Bw,,,,,,,Qw,Kw,,,,,,,Nw,Pw,,,,,,,Rb,Nw,,,,,,,Pb,Bb,,,,,,,Qb,Pw,Pb,Kb,Bw,Nb,Pw,Kw,Qw	darkRed	0
39aa825a3c98fc4694b6d23f927b6102	749	Qb,Rw,Bb,Kb,Pb,Rb,Bw,Bb,Rb,,,,,,,Rw,Pw,,,,,,,Pb,Qw,,,Rb,Rb,,,Qb,Bb,,,Rb,Rb,,,Bw,Rw,,,,,,,Rb,Pb,,,,,,,Kb,Rb,Kb,Bw,Nw,Pb,Kw,Bb,Rw	lightRed	0
39b65be289521918ae4558df6e0e02a1	3401	Rw,Nb,Qw,Kb,Rb,Nw,Qb,Rb,Rb,,,,,,,Bw,Kb,,,,,,,Rb,Qb,,,Pw,Pw,,,Pb,Nw,,,Pw,Pw,,,Qb,Rw,,,,,,,Bb,Kw,,,,,,,Rw,Kb,Bw,Rb,Pw,Kw,Bb,Rw,Qb	lightRed	0
39cc67b455433cbafcef80282daef4d2	277	Pw,Rw,Pb,Qb,Bw,Rb,Pw,Pw,Nb,,,,,,,Nw,Qw,,,,,,,Rb,Kb,,,,,,,Pw,Rb,,,,,,,Qw,Nw,,,,,,,Nb,Qb,,,,,,,Rw,Rb,Kw,Rw,Nb,Qw,Kb,Rb,Rb	darkRed	0
39d0a38c026b77f4f91aae5d6222ed1e	1179	Qb,Pw,Rb,Bw,Qb,Pb,Rw,Qb,Pw,,,,,,,Bb,Kw,,,,,,,Kw,Bb,,,Pb,Pb,,,Pw,Nw,,,Pb,Pb,,,Nb,Pb,,,,,,,Bw,Kb,,,,,,,Kb,Pw,Bb,Qw,Pb,Rw,Bw,Qb,Nb	darkGray	0
39dbfcefdf0205d069ebd62a1e8ab6a0	3293	Qw,Kw,Qb,Nw,Rb,Kb,Qw,Pw,Bb,,,,,,,Bb,Kw,,,,,,,Rw,Pb,,,Pb,Pb,,,Pb,Nw,,,Pb,Pb,,,Qb,Bw,,,,,,,Bw,Kb,,,,,,,Rb,Kb,Rw,Kw,Qb,Nw,Rb,Kb,Nw	lightGray	0
39e730a2f0a208aa63bdc5524ef7a0ea	2393	Nb,Bb,Rw,Pb,Qb,Bw,Rb,Kw,Kw,,,,,,,Rb,Qb,,,,,,,Nw,Nw,,,,,,,Qb,Rb,,,,,,,Kw,Kb,,,,,,,Rw,Qw,,,,,,,Nb,Bw,Nb,Rw,Kb,Qw,Nw,Rb,Kb	darkRed	0
39f281885db7bd44cd0299b786f49ba8	1905	Qb,Kb,Rb,Nw,Qb,Kw,Rw,Nb,Pb,,,,,,,Qb,Rw,,,,,,,Bw,Bw,,,,,,,Rb,Kb,,,,,,,Pw,Pw,,,,,,,Qw,Rb,,,,,,,Bb,Rw,Bb,Qw,Pw,Rb,Bw,Qb,Qb	lightRed	0
39f9819cc980bf428e27079db81a2424	3337	Bb,Kb,Bw,Rw,Pb,Qw,Bb,Rb,Bw,,,,,,,Rb,Nb,,,,,,,Nw,Pb,,,,,,,Qw,Kb,,,,,,,Kb,Bb,,,,,,,Rw,Nw,,,,,,,Bb,Bb,Nw,Pb,Kb,Bw,Nb,Pw,Qw	lightGray	0
39ff9a816f2785435f29ec0fd9dbcd4f	3535	Pb,Bb,Kw,Pb,Nw,Bw,Kb,Qw,Pb,,,,,,,Pb,Nw,,,,,,,Rw,Bw,,,,,,,Bb,Kb,,,,,,,Qw,Pw,,,,,,,Pw,Nb,,,,,,,Rb,Qb,Pw,Kw,Qb,Nw,Rb,Kb,Bw	lightGray	0
3a0522f8656460f13614bfaf8fb2f6b4	1196	Pw,Qb,Bw,Rb,Pw,Qw,Bb,Bw,Bb,,,,,,,Kb,Nw,,,,,,,Qw,Pw,,,Bw,Bw,,,Nb,Kw,,,Bw,Bw,,,Rw,Bw,,,,,,,Kw,Nb,,,,,,,Qb,Qw,Kb,Bw,Nw,Pb,Kw,Bb,Nw	lightGray	0
3a148d042de8200255864b1ad4d933b3	1313	Kw,Rb,Nw,Bb,Kw,Rw,Nb,Qb,Pb,,,,,,,Pw,Kb,,,,,,,Rb,Bw,,,,,,,Bb,Nb,,,,,,,Kw,Pw,,,,,,,Pb,Kw,,,,,,,Nw,Nw,Qb,Kw,Rb,Nw,Kw,Kb,Kb	lightGray	0
3a19c1d12354278d4aac698687331de3	338	Pw,Rb,Nw,Qw,Kb,Rw,Nb,Pw,Pb,,,,,,,Pw,Rw,,,,,,,Nb,Nb,,,,,,,Bb,Qw,,,,,,,Kw,Pw,,,,,,,Pb,Rb,,,,,,,Nw,Rb,Qb,Pb,Rb,Bw,Qw,Pw,Kw	darkGray	0
3a1b715c589d57c3d5147eda0260488b	2261	Rb,Nb,Rw,Kb,Qw,Nw,Rb,Pb,Kb,,,,,,,Rw,Rb,,,,,,,Kw,Nw,,,,,,,Bw,Qb,,,,,,,Nb,Kw,,,,,,,Rb,Rw,,,,,,,Kb,Bb,Qb,Bw,Rw,Pb,Qw,Bb,Nw	lightGray	0
3a3477b4a963c0b27d93a72eb030bde5	2364	Qw,Nw,Bb,Kb,Pb,Nb,Bw,Pb,Pw,,,,,,,Rb,Rb,,,,,,,Pw,Bw,,,Qb,Qb,,,Qw,Qb,,,Qb,Qb,,,Bb,Pb,,,,,,,Rw,Nw,,,,,,,Pb,Nw,Nb,Bw,Kb,Pb,Nw,Bb,Kb	darkGray	0
3a3582fc820dc6bdac7cba7fab78d40b	1215	Kw,Pw,Rb,Bb,Qw,Pb,Rw,Bb,Bw,,,,,,,Nw,Nb,,,,,,,Bb,Pw,,,Nb,Nb,,,Kb,Kw,,,Nb,Nb,,,Pb,Bb,,,,,,,Nb,Nw,,,,,,,Bw,Bb,Bw,Kb,Pw,Nb,Bb,Kw,Pb	darkRed	0
3a40db6887003ea14db2e1d20dfa82d7	3382	Nw,Pb,Nw,Bb,Kw,Pw,Rb,Kw,Bw,,,,,,,Pb,Nb,,,,,,,Nw,Pb,,,,,,,Bb,Kb,,,,,,,Kw,Qb,,,,,,,Pw,Nw,,,,,,,Nb,Rb,Rw,Nb,Qb,Kw,Rb,Nw,Pw	lightRed	0
3a42f606c224f4db9ee090e2fbff62f3	1415	Bb,Nw,Rb,Kw,Qb,Nb,Pw,Rw,Nw,,,,,,,Qb,Pb,,,,,,,Kw,Kw,,,,,,,Rw,Bb,,,,,,,Nb,Nb,,,,,,,Qw,Pw,,,,,,,Pw,Rw,Nw,Pb,Kb,Bw,Nb,Pw,Bb	darkRed	0
3a587f648aaebb5b2a2ef6f37e13361f	750	Bw,Bb,Nw,Pb,Kb,Bw,Nb,Kb,Rw,,,,,,,Kb,Nb,,,,,,,Bw,Qw,,,,,,,Nb,Kb,,,,,,,Pw,Rb,,,,,,,Kw,Nw,,,,,,,Bb,Qw,Qw,Bb,Rb,Pw,Qb,Bw,Bw	darkGray	0
3a5ae5a83897c717c4cb55b436428a30	3039	Qw,Bw,Nb,Pb,Kb,Bb,Nw,Pb,Nb,,,,,,,Qw,Rw,,,,,,,Kb,Kb,,,Rb,Rb,,,Rw,Qw,,,Rb,Rb,,,Nb,Nw,,,,,,,Qb,Rb,,,,,,,Kw,Pw,Nb,Bw,Kb,Pb,Nw,Bb,Rw	darkGray	0
3a5b8e6346ee9801a287d6d2016b4b9f	3486	Bb,Bb,Kw,Pb,Nw,Bw,Kb,Rw,Rb,,,,,,,Nw,Bw,,,,,,,Pb,Qb,,,Kb,Kb,,,Kw,Pb,,,Kb,Kb,,,Bb,Rw,,,,,,,Nb,Bb,,,,,,,Pw,Qb,Bw,Qb,Pb,Rw,Bb,Qw,Kb	lightRed	0
3a5d641682ced00e8ee4fe4d01dc5892	2173	Qw,Kw,Qb,Bw,Rb,Pw,Qw,Bw,Qb,,,,,,,Rw,Pb,,,,,,,Nb,Rb,,,Qb,Qb,,,Qw,Bw,,,Qb,Qb,,,Kb,Qw,,,,,,,Rb,Pw,,,,,,,Nw,Rb,Rw,Pb,Qb,Bw,Rb,Pw,Nb	darkRed	0
3a7b912f2b3ab1510a9cdc122f935f1c	2979	Nb,Qb,Kw,Rw,Nb,Qw,Kb,Rb,Pb,,,,,,,Rb,Qb,,,,,,,Nw,Bw,,,Pw,Pw,,,Qw,Rb,,,Pw,Pw,,,Kb,Pw,,,,,,,Rw,Kw,,,,,,,Nb,Pb,Qb,Nw,Rb,Kb,Qw,Nb,Rw	lightGray	0
3a7ef7c22f7f03132d6a8935d3fcb404	1432	Rw,Pb,Qb,Bb,Rw,Pw,Kw,Rb,Rw,,,,,,,Nw,Rw,,,,,,,Qb,Rw,,,Rb,Rb,,,Kb,Rw,,,Rb,Rb,,,Rb,Rw,,,,,,,Nb,Rw,,,,,,,Qw,Rw,Nw,Qb,Kb,Rb,Nb,Qw,Qb	lightGray	0
3a882c5c24a5147804e1e94eedc08f8a	2311	Rw,Bb,Kw,Pw,Nb,Bw,Kb,Pb,Pb,,,,,,,Nb,Nw,,,,,,,Pw,Bb,,,,,,,Kb,Kw,,,,,,,Bw,Pw,,,,,,,Nw,Nb,,,,,,,Pb,Kw,Bw,Kb,Rw,Nb,Qb,Qw,Bw	lightGray	1
3a8a324779469fc59404954bf5da446a	227	Qb,Qb,Nw,Rw,Kw,Qw,Nb,Nw,Nw,,,,,,,Nb,Pb,,,,,,,Pw,Kb,,,,,,,Kw,Bw,,,,,,,Bb,Rb,,,,,,,Nw,Pw,,,,,,,Pb,Kw,Bw,Nb,Pb,Kb,Bb,Nw,Rw	lightRed	0
3ab3c830b959d94cf4b8b28f5721b9eb	2797	Pb,Rb,Bw,Qb,Kw,Rw,Nb,Kb,Pw,,,,,,,Qw,Rb,,,,,,,Kb,Bb,,,Pb,Pb,,,Rb,Qw,,,Pb,Pb,,,Nw,Pb,,,,,,,Qb,Rw,,,,,,,Kw,Pb,Pb,Qb,Bb,Rw,Pw,Qw,Pb	darkGray	0
3ab7fbb5aaac7ba879a880a42d28014f	1949	Qb,Nw,Pb,Kb,Bw,Nb,Pw,Nb,Rw,,,,,,,Nw,Kw,,,,,,,Bb,Qw,,,,,,,Kw,Nb,,,,,,,Pw,Pb,,,,,,,Nb,Kb,,,,,,,Bw,Nw,Nw,Bb,Kb,Pb,Nb,Bw,Pb	darkRed	0
3ac2d69f4fa646b8c49acde0c4e9c7bb	1753	Pw,Bw,Kb,Pw,Nb,Bb,Kw,Bb,Kw,,,,,,,Rw,Qb,,,,,,,Nb,Nb,,,Bw,Bw,,,Qb,Rw,,,Bw,Bw,,,Kw,Kb,,,,,,,Rb,Qw,,,,,,,Nw,Rb,Kw,Bb,Nb,Pw,Qb,Bw,Qb	lightRed	0
3ac963693a4309b98147e4cc50786c19	937	Qw,Kw,Rw,Nb,Qw,Kb,Rb,Rb,Nb,,,,,,,Nw,Pw,,,,,,,Qb,Kb,,,Pb,Pb,,,Kw,Bw,,,Pb,Pb,,,Rw,Nw,,,,,,,Nb,Rb,,,,,,,Qw,Bb,Rw,Kw,Qb,Nw,Pb,Kb,Rw	darkRed	0
3ad507b9a946cbbf682f0c22c83f724b	101	Bw,Bb,Kw,Pw,Nb,Bw,Qb,Kb,Rb,,,,,,,Qb,Kb,,,,,,,Nw,Qw,,,,,,,Pw,Nb,,,,,,,Kw,Rw,,,,,,,Qw,Kw,,,,,,,Nb,Pw,Pw,Qw,Bw,Rb,Pb,Qb,Rb	darkRed	0
3ae786f4f60b9afe8568d240531d1465	449	Kb,Pb,Rw,Bb,Qw,Pw,Rb,Rw,Nw,,,,,,,Rw,Bb,,,,,,,Nb,Kb,,,Pb,Pb,,,Qb,Pb,,,Pb,Pb,,,Kw,Nb,,,,,,,Rb,Bw,,,,,,,Nw,Pw,Rw,Bb,Qw,Pw,Nb,Bw,Nw	lightRed	0
3ae8dbad36798e38b20f0b910772f53c	1253	Qw,Kb,Kw,Rb,Nw,Qw,Kb,Nw,Rw,,,,,,,Nw,Bb,,,,,,,Bb,Qw,,,,,,,Kw,Pw,,,,,,,Pw,Rb,,,,,,,Nb,Bw,,,,,,,Bw,Kb,Pw,Kw,Bb,Nw,Rb,Kb,Nw	darkGray	0
3af8627eea7d958bd4c49a0295899c12	1015	Kb,Bw,Qb,Pb,Rw,Bb,Qw,Qb,Bb,,,,,,,Rw,Kw,,,,,,,Nb,Pb,,,,,,,Qw,Nw,,,,,,,Kb,Bw,,,,,,,Rb,Kb,,,,,,,Nw,Kb,Rw,Pb,Qw,Bb,Rb,Pw,Rw	darkGray	0
3b0189b7e89a2cbe6827a531d47c98ed	806	Nw,Pb,Nw,Bb,Kw,Pw,Nb,Qw,Nb,,,,,,,Qw,Qw,,,,,,,Pw,Kw,,,,,,,Rb,Rw,,,,,,,Bw,Nw,,,,,,,Qb,Qb,,,,,,,Pb,Qw,Pw,Kw,Bw,Nb,Rb,Kb,Pw	lightGray	0
3b14944c92d2bfba295cd3fb9001c960	274	Rb,Nb,Pw,Kw,Bb,Nw,Pb,Bw,Rw,,,,,,,Rw,Pb,,,,,,,Kw,Qb,,,Pw,Pw,,,Qb,Bw,,,Pw,Pw,,,Nw,Rb,,,,,,,Rb,Pw,,,,,,,Kb,Rw,Nb,Qw,Kb,Pb,Nw,Qb,Nb	lightGray	0
3b1fff91e738c70510daacfeb5ca942d	345	Nw,Kw,Bb,Nw,Pb,Kb,Bw,Rw,Kw,,,,,,,Bb,Pw,,,,,,,Kw,Nw,,,,,,,Pw,Bb,,,,,,,Nb,Kb,,,,,,,Bw,Pb,,,,,,,Kb,Qb,Pw,Kw,Bw,Rb,Pb,Qb,Nw	lightGray	0
3b20560475f5312cd9bbfc9d89426f2a	214	Qw,Rw,Kw,Qb,Nw,Rb,Pw,Kw,Bb,,,,,,,Bw,Qw,,,,,,,Rb,Pw,,,,,,,Pw,Rb,,,,,,,Qw,Bw,,,,,,,Nb,Qb,,,,,,,Rw,Pb,Nb,Rw,Kw,Qb,Nw,Rb,Nw	darkGray	1
3b3a3fd578da94bb3cae9d0154bbafb7	210	Bw,Qw,Bb,Rw,Pb,Qb,Bw,Qw,Kw,,,,,,,Bb,Qb,,,,,,,Kw,Nw,,,Pw,Pw,,,Pb,Rb,,,Pw,Pw,,,Nw,Kb,,,,,,,Qw,Qw,,,,,,,Kb,Bw,Rw,Nb,Qb,Kw,Rb,Nw,Kw	lightRed	0
3b3bf554962669f66e6d46efc78b6a85	1496	Pw,Nb,Qw,Kb,Rb,Nw,Qb,Bb,Rw,,,,,,,Rw,Bb,,,,,,,Bb,Qb,,,,,,,Qb,Pb,,,,,,,Pb,Rb,,,,,,,Rb,Nw,,,,,,,Bw,Nb,Nb,Qw,Kb,Rb,Nw,Qb,Qw	darkGray	0
3b57d9e256def60ddf659693b99efd40	2416	Rw,Rw,Nb,Qb,Qw,Rb,Bw,Qb,Bw,,,,,,,Rw,Rb,,,,,,,Kw,Pw,,,Nw,Nw,,,Qb,Qw,,,Nw,Nw,,,Nw,Bb,,,,,,,Rb,Rw,,,,,,,Kb,Rw,Qw,Bb,Rw,Pb,Qb,Nw,Kw	lightRed	1
3b5c05dc91f24870ff0e5ebb46d6c937	3632	Rw,Bb,Rw,Pb,Qb,Bw,Rb,Qw,Bw,,,,,,,Kw,Nb,,,,,,,Qb,Pb,,,,,,,Nb,Kb,,,,,,,Rw,Bb,,,,,,,Kb,Nw,,,,,,,Qw,Pb,Kw,Pw,Nb,Bw,Kb,Pb,Rw	darkGray	0
3b79c53ea60ad94310b4350ec83d2f3c	1845	Nb,Nw,Pb,Qw,Bb,Nb,Pw,Rw,Bb,,,,,,,Nb,Qw,,,,,,,Bw,Pb,,,,,,,Kb,Rw,,,,,,,Pb,Nw,,,,,,,Nw,Qb,,,,,,,Bb,Qw,Bb,Nw,Pb,Kb,Bw,Nb,Rw	darkGray	0
3b7c371c817b2eab767bf863ba117562	1056	Bw,Kb,Rb,Nw,Qb,Kw,Rw,Kb,Bb,,,,,,,Kw,Nw,,,,,,,Pw,Rb,,,Rb,Rb,,,Nw,Kb,,,Rb,Rb,,,Bb,Qw,,,,,,,Kb,Nb,,,,,,,Pb,Nb,Rw,Kw,Qb,Nw,Rb,Kb,Kb	darkGray	0
3b7d83b5cb97d8b58b547549251ceb93	2016	Kb,Qb,Bw,Rw,Pb,Qw,Nb,Pb,Rb,,,,,,,Kw,Pw,,,,,,,Rw,Qw,,,Nw,Nw,,,Nb,Bb,,,Nw,Nw,,,Bw,Nw,,,,,,,Kb,Pb,,,,,,,Pb,Rw,Rw,Rw,Rw,Rw,Rw,Rw,Rw	lightRed	0
3b96588a291d50a096144be32dc564d0	3164	Pb,Rb,Kb,Qw,Nb,Pw,Kw,Pb,Kb,,,,,,,Rb,Qw,,,,,,,Pw,Nb,,,Bb,Bb,,,Qw,Rw,,,Bb,Bb,,,Bb,Kw,,,,,,,Rw,Qb,,,,,,,Kw,Qb,Pw,Nb,Qb,Kw,Pb,Nw,Qw	lightGray	0
3bac2c2c2816747f672a1076521921fd	1716	Bw,Nb,Bw,Kw,Pw,Nw,Bb,Pw,Rw,,,,,,,Qb,Kw,,,,,,,Bw,Qb,,,Pb,Pb,,,Rw,Nw,,,Pb,Pb,,,Pb,Rb,,,,,,,Qw,Kb,,,,,,,Bb,Nb,Qw,Nb,Rb,Kb,Qb,Nw,Nb	darkGray	0
3baea7de1b50d21cc23e0bad58783fb0	750	Bw,Bb,Nw,Pb,Kb,Bw,Nb,Kb,Rw,,,,,,,Kb,Nb,,,,,,,Bw,Qw,,,,,,,Nb,Kb,,,,,,,Pw,Rb,,,,,,,Kw,Nw,,,,,,,Bb,Qw,Qw,Bb,Rb,Pw,Qb,Bw,Bw	darkGray	0
3bb7ebfa43f4bfbe13d94f268091cfcb	223	Pb,Qw,Pw,Rw,Bb,Qb,Pb,Pb,Kw,,,,,,,Pb,Qb,,,,,,,Kb,Nb,,,,,,,Bw,Rw,,,,,,,Nb,Kb,,,,,,,Pw,Qw,,,,,,,Kw,Nw,Pb,Qb,Bw,Rb,Pw,Qw,Bb	lightGray	0
3bba25f18ab2ad551f317bf3dec64b81	2789	Kb,Pw,Qw,Bw,Rb,Pb,Qb,Rw,Pb,,,,,,,Bb,Nw,,,,,,,Kw,Bb,,,Pb,Pb,,,Pb,Kw,,,Pb,Pb,,,Nw,Pw,,,,,,,Bw,Nb,,,,,,,Kb,Kw,Nb,Kw,Kb,Rb,Nw,Qb,Qb	darkGray	0
3bc4a8857afd3821b0f3827834b9175c	1219	Pw,Pb,Kb,Bb,Nw,Pw,Kw,Kb,Nb,,,,,,,Bw,Bw,,,,,,,Kb,Kb,,,Pw,Pw,,,Rw,Pb,,,Pw,Pw,,,Nb,Nw,,,,,,,Bb,Bb,,,,,,,Kw,Kw,Qb,Kw,Rb,Nw,Qw,Kb,Qw	darkRed	0
3bd069dd2d4832d93489b9edb51a654f	1841	Qw,Rw,Bb,Qb,Pb,Rb,Bw,Qb,Rb,,,,,,,Bb,Kb,,,,,,,Qw,Qw,,,Pw,Pw,,,Pw,Nb,,,Pw,Pw,,,Rb,Rw,,,,,,,Bw,Kw,,,,,,,Qb,Kw,Rb,Pw,Qb,Nw,Rw,Kw,Kb	darkRed	0
3bd738db66439a9ea2bd0fdf459d2e9e	948	Bb,Kw,Rw,Nb,Bw,Kb,Rb,Qb,Qb,,,,,,,Rb,Kw,,,,,,,Pw,Rw,,,,,,,Qw,Nb,,,,,,,Bb,Bw,,,,,,,Rw,Kb,,,,,,,Pb,Kw,Pb,Qb,Bw,Nb,Pw,Qw,Pw	lightGray	0
3bedfeff1509f78acf753d162e62a2a4	729	Pw,Pb,Kb,Bw,Nb,Pw,Kw,Nb,Nw,,,,,,,Bw,Qb,,,,,,,Rb,Kw,,,,,,,Pb,Rw,,,,,,,Qb,Nb,,,,,,,Bb,Qw,,,,,,,Rw,Nw,Bb,Nw,Pb,Kb,Bw,Nb,Rw	lightGray	0
3bef53ce561f99eea05b9472285a4f48	1057	Rb,Nw,Bb,Kw,Pw,Nb,Bw,Bw,Qb,,,,,,,Nw,Nw,,,,,,,Rb,Rw,,,,,,,Kb,Kw,,,,,,,Qw,Qw,,,,,,,Nb,Nb,,,,,,,Rw,Pw,Rb,Nw,Qw,Kb,Rw,Nb,Qw	darkGray	0
3c0d40a93ab60411b2736f387c975d07	1611	Kw,Rb,Bw,Qw,Pw,Rw,Bb,Pw,Qb,,,,,,,Bw,Pb,,,,,,,Kb,Rb,,,,,,,Pw,Bw,,,,,,,Nb,Qw,,,,,,,Bb,Pw,,,,,,,Kw,Kw,Bb,Qw,Kb,Rb,Nw,Qb,Rb	lightRed	0
3c11c636401131a955909cd607896ce9	3928	Kb,Qw,Kb,Rw,Nb,Qb,Kw,Pb,Nw,,,,,,,Rw,Qb,,,,,,,Pb,Kb,,,,,,,Qb,Rb,,,,,,,Bw,Nb,,,,,,,Rb,Qw,,,,,,,Pw,Kb,Pb,Nw,Qw,Kb,Rw,Nb,Rw	darkRed	0
3c13a625fbb1bda6f3fa88b87537d6c6	2189	Kw,Pw,Qw,Bb,Nw,Pb,Qb,Bb,Pw,,,,,,,Bb,Rb,,,,,,,Nw,Bb,,,,,,,Pb,Qw,,,,,,,Kb,Pb,,,,,,,Bw,Rw,,,,,,,Nb,Pb,Pw,Kw,Bb,Nw,Pb,Kb,Kb	darkGray	0
3c2bc7c53f8fccf974b706f65f21d9e2	2083	Bw,Rb,Bw,Qw,Pw,Rw,Nb,Bw,Kb,,,,,,,Kw,Pb,,,,,,,Pw,Nb,,,Bw,Bw,,,Nw,Bw,,,Bw,Bw,,,Bb,Kw,,,,,,,Kb,Pw,,,,,,,Pb,Pb,Bw,Qb,Pb,Rw,Bb,Qw,Bb	darkRed	0
3c2e5ef5b9a0b53cbe332b0a7184e17d	2282	Pw,Rb,Nw,Qw,Kb,Rw,Nb,Qb,Pw,,,,,,,Rb,Qw,,,,,,,Bw,Bb,,,,,,,Qw,Rw,,,,,,,Pw,Pb,,,,,,,Rw,Qb,,,,,,,Bb,Nw,Bw,Rb,Pb,Qb,Bb,Rw,Nb	lightGray	0
3c438dbddd9fc1748f24e65e10eba85a	3359	Qb,Qw,Pw,Rb,Bw,Kb,Pb,Pb,Rw,,,,,,,Kw,Bb,,,,,,,Qb,Qw,,,,,,,Nb,Pw,,,,,,,Rw,Rb,,,,,,,Kb,Bw,,,,,,,Qw,Kw,Kw,Bb,Nw,Pb,Kb,Bw,Pb	lightGray	0
3c45b9d928bdb26c92ef67c18fe8ef6d	3262	Bw,Pb,Rw,Bb,Qw,Pw,Rb,Rw,Rb,,,,,,,Rw,Kb,,,,,,,Rw,Qw,,,,,,,Rw,Nb,,,,,,,Rw,Rw,,,,,,,Rw,Kw,,,,,,,Rw,Pw,Nb,Qw,Kw,Rw,Nw,Qb,Rw	lightGray	0
3c4bd3775e42116e759ac0716b1bd111	2232	Bw,Bb,Rw,Pb,Qb,Bw,Rb,Kw,Nw,,,,,,,Kw,Bb,,,,,,,Qb,Kw,,,Qb,Qb,,,Nb,Pw,,,Qb,Qb,,,Rw,Nb,,,,,,,Kb,Bw,,,,,,,Qw,Bw,Pw,Kw,Bb,Nw,Pb,Kb,Qb	darkRed	0
3c595f263157cbcf812b59f7d081ac66	1877	Pb,Rw,Kw,Qb,Nw,Rb,Kb,Rb,Rw,,,,,,,Nb,Bb,,,,,,,Rw,Qb,,,Pb,Pb,,,Kw,Pb,,,Pb,Pb,,,Qb,Rb,,,,,,,Nw,Bw,,,,,,,Rb,Rw,Nw,Bb,Kw,Pw,Nb,Bw,Bw	darkGray	0
3c663f306f02bb5e5a05f20a5105f045	920	Qb,Pw,Nb,Bw,Kb,Pb,Nw,Rw,Bw,,,,,,,Rw,Kb,,,,,,,Rw,Rw,,,,,,,Rw,Nb,,,,,,,Rw,Bb,,,,,,,Rw,Kw,,,,,,,Rw,Qw,Pb,Qb,Bb,Rw,Pw,Qw,Rw	lightRed	0
3c6ade61c0a651e94b84200b83e744a4	3960	Kb,Bw,Rb,Pb,Qb,Bb,Rw,Nb,Bw,,,,,,,Nw,Kb,,,,,,,Pb,Pb,,,Bw,Bw,,,Kb,Nw,,,Bw,Bw,,,Bw,Bb,,,,,,,Nb,Kw,,,,,,,Pw,Pw,Pb,Nw,Bw,Kb,Pw,Nb,Pw	darkGray	0
3c6f5ea00984139b47a4b1c43400f81c	2469	Rb,Nw,Bb,Kb,Rb,Nb,Bw,Bb,Pb,,,,,,,Rw,Nw,,,,,,,Bb,Bb,,,,,,,Qw,Kw,,,,,,,Pw,Pw,,,,,,,Rb,Rb,,,,,,,Nw,Nw,Qw,Kb,Rw,Nb,Qb,Kw,Nw	lightRed	0
3c754322565ab7a0e4ed33e53d576556	2325	Pw,Qb,Pb,Rw,Bb,Qw,Pw,Bw,Rb,,,,,,,Rb,Nw,,,,,,,Pw,Qw,,,,,,,Qw,Kb,,,,,,,Bb,Rw,,,,,,,Rw,Nb,,,,,,,Pb,Qw,Rb,Nw,Qb,Kw,Rw,Nb,Pb	darkRed	0
3c802120f50a5c84d961f69f1d2546f3	1035	Bw,Pb,Nw,Bw,Kb,Pw,Nb,Rb,Kb,,,,,,,Rb,Qw,,,,,,,Kb,Nb,,,Pb,Pb,,,Qb,Rw,,,Pb,Pb,,,Nw,Kw,,,,,,,Rw,Qb,,,,,,,Kw,Nw,Nb,Qw,Kb,Rb,Nw,Qb,Nb	darkGray	0
3c8c7c81f765e5cf7f0a55cd3776d9c2	1226	Pb,Pw,Kw,Bb,Nw,Pb,Qb,Pw,Bb,,,,,,,Rb,Kw,,,,,,,Bw,Pw,,,,,,,Qb,Nb,,,,,,,Pb,Bw,,,,,,,Rw,Kb,,,,,,,Bb,Kw,Pw,Nb,Bw,Kb,Pb,Nw,Nb	darkGray	1
3c94033ed009154144f5347485b72371	1311	Pw,Bb,Rw,Pw,Qw,Bw,Rb,Kw,Pw,,,,,,,Rw,Kw,,,,,,,Nw,Bw,,,,,,,Qb,Nb,,,,,,,Kw,Pb,,,,,,,Rw,Kb,,,,,,,Nb,Kb,Bb,Kw,Pw,Nb,Bw,Kb,Bb	lightGray	0
3c9c248d7788fd34cbe921ebfc249811	587	Rb,Nw,Qb,Kw,Rw,Nb,Qw,Rb,Pw,,,,,,,Bw,Qw,,,,,,,Kb,Bb,,,,,,,Pb,Rw,,,,,,,Nw,Kw,,,,,,,Bb,Qb,,,,,,,Kw,Nb,Bw,Nb,Pb,Kb,Bb,Nw,Pw	lightRed	0
3c9e97eb079c0ee82cbdf38e64fa6f61	1704	Bb,Qb,Kw,Rw,Nb,Qw,Kb,Kw,Nb,,,,,,,Nb,Bw,,,,,,,Pw,Qb,,,Qw,Qw,,,Kb,Pb,,,Qw,Qw,,,Bw,Nw,,,,,,,Nw,Bb,,,,,,,Pb,Bb,Kb,Qw,Nw,Rb,Kw,Qb,Bb	lightRed	0
3cb733981bd1d4cbec1a452377129553	130	Bw,Bw,Rb,Pw,Qw,Bb,Rw,Pb,Kw,,,,,,,Bw,Pw,,,,,,,Qb,Nw,,,,,,,Pb,Bb,,,,,,,Rw,Kb,,,,,,,Bb,Rb,,,,,,,Qw,Kw,Bb,Qw,Pw,Rb,Bw,Kb,Kb	lightRed	0
3ccad9aee87c75eb2fca4034ee3a0bd7	1181	Rw,Nw,Pb,Kb,Bw,Nb,Pw,Nb,Bb,,,,,,,Pb,Qw,,,,,,,Nw,Pb,,,,,,,Qw,Rw,,,,,,,Kb,Bw,,,,,,,Pw,Qb,,,,,,,Nb,Rb,Kw,Qb,Nb,Rw,Kb,Qw,Rb	darkRed	0
3ce11ea1667b2b975997186461d9c26a	2734	Nb,Bw,Nb,Pw,Kw,Bb,Nw,Qw,Qb,,,,,,,Pw,Pb,,,,,,,Kw,Nb,,,,,,,Bw,Bw,,,,,,,Nb,Kw,,,,,,,Pb,Pw,,,,,,,Kb,Pb,Qb,Bw,Rb,Pw,Kw,Bb,Pw	darkGray	0
3cea6941ac6cff3eff69e405680f0eb9	1262	Pw,Qb,Kw,Rb,Nw,Qw,Kb,Bb,Rb,,,,,,,Qw,Bw,,,,,,,Bb,Qb,,,,,,,Rb,Pb,,,,,,,Pw,Rw,,,,,,,Qb,Bb,,,,,,,Bw,Pb,Qw,Nb,Rw,Kw,Qb,Nw,Qb	lightGray	0
3d091b8826a2f40fb2f18dbfd4c02fa5	2176	Rb,Rw,Kw,Qw,Nb,Rb,Kb,Kb,Rb,,,,,,,Nw,Pw,,,,,,,Pb,Qb,,,,,,,Kw,Bw,,,,,,,Bb,Rw,,,,,,,Nb,Pb,,,,,,,Pw,Rw,Rw,Rw,Rw,Rw,Rw,Rw,Rw	lightGray	0
3d0e1313a4fc8c657f5df5b5ea2cb9d7	1612	Pw,Pw,Kw,Bw,Nb,Pb,Kb,Pb,Nb,,,,,,,Bb,Bw,,,,,,,Kw,Kb,,,,,,,Pw,Pb,,,,,,,Nb,Nw,,,,,,,Bw,Bb,,,,,,,Kb,Nb,Bw,Kb,Rw,Nb,Bb,Kw,Rw	darkRed	0
3d13a4dc3d02317eeaa4fc1051092430	2517	Bb,Qw,Nb,Rw,Kw,Qb,Bw,Bw,Pb,,,,,,,Nb,Rw,,,,,,,Rw,Bw,,,Bb,Bb,,,Kw,Qb,,,Bb,Bb,,,Qb,Pw,,,,,,,Nw,Rb,,,,,,,Rb,Pw,Nb,Bw,Kw,Pw,Nw,Bb,Nw	darkGray	0
3d1b51504c1ecab9bb730ae7de4435f4	44	Kb,Rb,Kb,Qw,Nb,Rw,Pb,Qb,Nw,,,,,,,Nw,Bb,,,,,,,Pb,Kb,,,Pw,Pw,,,Kb,Pb,,,Pw,Pw,,,Qw,Nb,,,,,,,Nb,Bw,,,,,,,Rw,Kb,Rb,Kb,Qw,Nb,Rw,Kw,Nb	darkGray	0
3d1d2c0bd387ddf1669d476d1816cf57	3937	Bb,Rw,Kw,Qb,Nw,Rb,Kb,Nw,Bw,,,,,,,Qb,Qb,,,,,,,Nw,Pw,,,Rb,Rb,,,Rb,Nb,,,Rb,Rb,,,Kb,Bb,,,,,,,Qw,Qw,,,,,,,Nb,Qb,Qw,Bb,Rb,Pw,Qb,Bw,Qw	lightGray	0
3d28b0b0b349884cb84a7ba794e7eef2	52	Bw,Qb,Nw,Rb,Kb,Bw,Nb,Qb,Kw,,,,,,,Rw,Rw,,,,,,,Kw,Nw,,,Pb,Pb,,,Bw,Qb,,,Pb,Pb,,,Nb,Kb,,,,,,,Rb,Rb,,,,,,,Kb,Pw,Nw,Pb,Kb,Bw,Nb,Pw,Kw	lightGray	0
3d29e522d92995373f516c844bb14e18	1235	Rb,Pw,Nb,Bb,Kw,Pb,Nw,Bw,Qb,,,,,,,Kw,Pb,,,,,,,Rw,Rb,,,,,,,Nb,Bw,,,,,,,Qw,Qw,,,,,,,Kb,Pw,,,,,,,Rb,Rb,Qb,Nw,Rw,Kw,Qw,Nb,Nb	lightGray	0
3d2cc5f0843d2fbae9236e4f864318c2	4008	Kb,Rw,Kw,Qb,Nw,Rb,Kb,Qw,Bb,,,,,,,Pw,Kw,,,,,,,Rb,Pw,,,Pb,Pb,,,Bw,Nb,,,Pb,Pb,,,Qb,Qw,,,,,,,Pb,Kb,,,,,,,Rw,Nw,Rw,Nb,Qb,Pb,Rb,Nw,Nw	lightRed	0
3d31ef73329e2afd817d95205fbceaf1	3700	Pw,Pb,Qb,Bb,Rw,Kb,Qw,Pw,Qw,,,,,,,Bb,Pw,,,,,,,Nw,Rw,,,Kb,Kb,,,Pw,Bb,,,Kb,Kb,,,Qw,Qb,,,,,,,Bw,Pb,,,,,,,Rb,Nw,Rb,Kb,Qw,Nb,Rw,Kw,Rb	lightGray	0
3d353f85535b3ad039de06267e551db5	409	Bw,Kb,Pb,Nw,Bb,Kw,Pw,Qw,Qb,,,,,,,Qb,Bw,,,,,,,Bw,Rw,,,,,,,Rw,Pb,,,,,,,Pb,Qw,,,,,,,Qw,Bb,,,,,,,Bb,Qb,Kb,Qw,Nw,Rb,Kw,Qb,Qb	lightRed	0
3d3ffd5f23c5a0068d69124728d4243f	3165	Qb,Pb,Qb,Bb,Rw,Pw,Qw,Nb,Qb,,,,,,,Pw,Bw,,,,,,,Nb,Rw,,,Rb,Rb,,,Bw,Pb,,,Rb,Rb,,,Kb,Qw,,,,,,,Pb,Bb,,,,,,,Nw,Qw,Bw,Qb,Pw,Rb,Nb,Qw,Rw	lightRed	0
3d44b88395e5c129ae64fd5787d18d7e	1583	Rw,Qb,Kw,Rw,Nb,Qw,Kb,Pb,Rb,,,,,,,Pw,Kb,,,,,,,Kw,Qb,,,Pb,Pb,,,Bw,Nw,,,Pb,Pb,,,Nb,Rw,,,,,,,Pb,Kw,,,,,,,Kb,Qb,Bb,Kw,Pb,Nw,Bw,Kb,Bw	darkRed	0
3d4968c7b946fbb584bbf79ea0339431	2693	Nb,Pb,Rw,Bb,Qw,Pw,Rb,Bb,Nw,,,,,,,Nw,Bb,,,,,,,Bb,Kb,,,Nw,Nw,,,Kw,Rb,,,Nw,Nw,,,Pw,Nb,,,,,,,Nb,Bw,,,,,,,Qw,Nw,Nb,Bw,Kw,Pw,Nw,Bb,Rw	lightGray	0
3d71cd04eb80687291ef31dd5305a077	928	Qb,Pb,Kb,Bb,Nw,Rw,Kw,Qb,Pb,,,,,,,Bw,Nw,,,,,,,Qb,Bb,,,Rb,Rb,,,Pb,Kw,,,Rb,Rb,,,Rw,Pw,,,,,,,Bb,Nb,,,,,,,Qw,Nb,Pb,Kb,Bb,Nw,Pw,Kw,Pw	lightRed	0
3d7caee13d721937b91f3d8d83b8bc42	1915	Qw,Qb,Bw,Rw,Pb,Qw,Bb,Pw,Rw,,,,,,,Qb,Nb,,,,,,,Nw,Qb,,,,,,,Rb,Kw,,,,,,,Kb,Rb,,,,,,,Qw,Nw,,,,,,,Nb,Nw,Nw,Bb,Kw,Pw,Nb,Bw,Kb	darkGray	0
3d7d8cf864607afc462fffa9c7f87b60	3739	Bb,Qw,Bb,Rw,Pb,Qb,Bw,Qb,Nb,,,,,,,Qb,Pw,,,,,,,Bw,Kw,,,,,,,Rw,Bb,,,,,,,Pb,Nw,,,,,,,Qw,Pb,,,,,,,Bb,Bb,Nb,Pw,Kb,Bw,Rw,Pb,Qw	darkRed	0
3d7e3a435df9279cf74b5b73ddfc2a5e	3036	Rw,Pb,Kb,Bb,Nw,Pw,Kw,Bw,Qw,,,,,,,Kw,Bb,,,,,,,Qb,Rb,,,,,,,Nw,Pw,,,,,,,Rb,Qb,,,,,,,Kb,Bw,,,,,,,Qw,Qw,Rw,Nb,Qb,Kw,Rb,Nw,Qw	darkGray	0
3d7e530d324dc62114eab1add3f440cb	1818	Qw,Qw,Nb,Rb,Kb,Qb,Nw,Nb,Nb,,,,,,,Bb,Bw,,,,,,,Qw,Kb,,,Bb,Bb,,,Pw,Pb,,,Bb,Bb,,,Rb,Nw,,,,,,,Bw,Bb,,,,,,,Qb,Bw,Nb,Qw,Kw,Rw,Nw,Qb,Qb	lightGray	0
3d8c8d901f975af4fab63a50cecb4b45	3691	Qb,Pw,Qw,Nw,Rb,Kw,Qb,Nw,Rw,,,,,,,Pw,Nb,,,,,,,Rb,Qb,,,Rb,Rb,,,Bb,Kw,,,Rb,Rb,,,Qw,Pb,,,,,,,Pb,Nw,,,,,,,Rw,Nw,Nw,Qb,Kw,Rw,Nb,Qw,Bb	darkRed	0
3d91e70c1bf11b2855b8cc92cbefca1c	60	Rb,Bw,Nb,Pw,Kw,Bb,Nw,Rw,Pb,,,,,,,Rb,Qb,,,,,,,Nw,Bb,,,,,,,Qb,Rw,,,,,,,Kw,Pw,,,,,,,Rw,Qw,,,,,,,Nb,Nb,Kb,Pb,Nb,Bw,Kw,Pw,Nw	lightRed	0
3d9d32447d6f8e41437b4b5c82de7bc7	981	Qb,Pb,Nw,Bb,Kw,Pw,Rb,Nb,Kw,,,,,,,Kw,Pw,,,,,,,Qb,Nb,,,,,,,Bw,Bw,,,,,,,Rb,Kb,,,,,,,Pw,Pb,,,,,,,Qw,Kb,Bw,Rb,Pb,Qb,Bb,Rw,Nb	lightGray	0
3dab4fac8327f89ddcd79610d88b01f6	1098	Rb,Rw,Kw,Qw,Nb,Rb,Kb,Bb,Kb,,,,,,,Qb,Rb,,,,,,,Kw,Nb,,,Bb,Bb,,,Rw,Qw,,,Bb,Bb,,,Nb,Kw,,,,,,,Qw,Rw,,,,,,,Kb,Kw,Nw,Pb,Kb,Bw,Rb,Pw,Nb	lightGray	0
3dad8b6718758bab39ba02ccd655ea3f	3664	Bw,Nw,Bb,Kb,Pb,Nb,Bw,Nw,Rb,,,,,,,Kw,Nw,,,,,,,Bb,Qb,,,Nw,Nw,,,Nw,Kw,,,Nw,Nw,,,Pb,Rw,,,,,,,Kb,Nb,,,,,,,Kw,Pb,Nw,Bb,Kb,Pb,Nb,Bw,Bw	darkRed	0
3dbbdb5e2d7af54558f2fe62eaf25d81	1667	Rb,Pb,Qb,Bw,Rb,Kb,Qw,Rb,Nb,,,,,,,Qw,Rw,,,,,,,Kb,Kw,,,,,,,Rb,Qb,,,,,,,Nw,Nw,,,,,,,Qb,Pb,,,,,,,Kw,Rw,Qb,Nw,Rb,Kb,Qw,Nb,Kb	darkGray	0
3de5867b0a23f3977b0bd6d7e6c4aa99	3296	Qb,Pb,Kb,Bw,Nb,Pw,Kw,Kw,Qb,,,,,,,Kb,Pb,,,,,,,Pb,Rb,,,,,,,Nb,Bw,,,,,,,Bw,Qw,,,,,,,Kw,Pw,,,,,,,Rw,Nb,Nb,Pw,Kb,Bw,Nw,Pb,Nw	lightGray	0
3deb750ac26ca779f35e716f126ea509	844	Nw,Bb,Rw,Pw,Qw,Bw,Nb,Pw,Nw,,,,,,,Qw,Qb,,,,,,,Bb,Kb,,,,,,,Rw,Rb,,,,,,,Pb,Nb,,,,,,,Qb,Qw,,,,,,,Bw,Kb,Bb,Qw,Pb,Rw,Bw,Qb,Rb	lightRed	0
3ded1d6831419612e6a2ceca3183d39c	397	Pw,Qb,Kw,Rw,Nb,Qw,Kb,Rw,Qw,,,,,,,Qw,Nb,,,,,,,Bb,Rb,,,,,,,Rb,Kb,,,,,,,Pw,Qb,,,,,,,Qb,Nw,,,,,,,Bw,Kw,Nw,Rb,Kb,Qw,Nb,Rw,Kw	darkGray	0
3dedd484c39eceb97f68e04ed05377ec	355	Qw,Qw,Pw,Rb,Nw,Qb,Kw,Nb,Pw,,,,,,,Qw,Rb,,,,,,,Bb,Bb,,,,,,,Rw,Qw,,,,,,,Pb,Pb,,,,,,,Qb,Rw,,,,,,,Bw,Qb,Rw,Nb,Qw,Kb,Rb,Nw,Kb	lightRed	0
3e12961aa46598ab4fea7e5cbfa56c05	402	Kb,Bw,Kb,Pb,Nw,Qb,Kw,Pb,Rb,,,,,,,Pw,Pw,,,,,,,Rb,Qb,,,Pb,Pb,,,Bw,Bw,,,Pb,Pb,,,Qb,Rw,,,,,,,Pb,Pb,,,,,,,Rw,Rw,Rw,Rw,Rw,Rw,Rw,Rw,Rw	lightRed	0
3e1ae6ab6e42cafb944098db41545cd6	1623	Rb,Pb,Kb,Bb,Nw,Pw,Kw,Qw,Rw,,,,,,,Nb,Pb,,,,,,,Rw,Qb,,,,,,,Kb,Bw,,,,,,,Qw,Rb,,,,,,,Nw,Pw,,,,,,,Rb,Pw,Pw,Qw,Bw,Rb,Pb,Qb,Pw	darkGray	0
3e20a0e51cf00ff89687799cd88d3533	2399	Nw,Pw,Nb,Bb,Kw,Pb,Nw,Nb,Bw,,,,,,,Qw,Kb,,,,,,,Pw,Pw,,,Nb,Nb,,,Rb,Nb,,,Nb,Nb,,,Bw,Bb,,,,,,,Qb,Kw,,,,,,,Pb,Kw,Kb,Bw,Nb,Pw,Kw,Qb,Bb	darkGray	0
3e218f939eb5167b6c354501112f5b01	820	Rw,Bw,Rb,Pb,Qb,Bb,Rw,Kw,Pb,,,,,,,Qw,Rw,,,,,,,Pw,Bw,,,,,,,Rb,Qb,,,,,,,Nw,Pw,,,,,,,Qb,Rb,,,,,,,Pb,Rb,Kw,Qb,Nw,Rb,Kb,Qw,Pb	lightRed	0
3e23b2880a40ab1f361aa1a394440d8c	204	Pw,Qw,Bb,Rw,Pb,Qb,Bw,Bw,Pw,,,,,,,Kw,Kw,,,,,,,Rw,Bb,,,Nb,Nb,,,Nw,Nw,,,Nb,Nb,,,Qb,Rb,,,,,,,Kb,Qb,,,,,,,Rb,Bw,Rw,Pb,Qb,Bw,Rb,Pw,Kb	darkGray	0
3e413abed8153fa497a1892be8289ff2	469	Nb,Rb,Bw,Qw,Pw,Rw,Bb,Pw,Nw,,,,,,,Pb,Bb,,,,,,,Nw,Kw,,,Bw,Bw,,,Bb,Pw,,,Bw,Bw,,,Kw,Nb,,,,,,,Rw,Bw,,,,,,,Nb,Bb,Qb,Kw,Rw,Nb,Qw,Kb,Rb	darkGray	0
3e4c24436795f2e62bad83e6df362d57	2657	Rb,Rw,Bb,Kb,Pb,Nb,Bw,Pw,Qw,,,,,,,Kw,Kb,,,,,,,Qb,Rb,,,Rw,Rw,,,Bw,Nw,,,Rw,Rw,,,Rb,Qb,,,,,,,Pw,Kw,,,,,,,Qw,Qb,Pb,Qb,Bw,Rb,Pw,Qw,Qw	darkRed	0
3e5dc3f22d4e64544a71932e2012a506	3178	Nb,Nb,Bw,Kw,Pw,Nw,Bb,Kw,Bb,,,,,,,Bb,Kw,,,,,,,Kw,Pw,,,,,,,Pw,Nb,,,,,,,Nb,Bw,,,,,,,Bw,Kb,,,,,,,Kb,Rw,Rw,Nb,Qb,Kw,Rb,Bw,Qb	darkRed	1
3e668cf2a3a169c7d1e4525ccba401ec	1011	Qw,Qb,Pb,Rw,Bb,Qw,Pw,Rb,Nb,,,,,,,Qb,Rw,,,,,,,Pb,Kb,,,Pb,Pb,,,Rb,Bw,,,Pb,Pb,,,Bw,Nw,,,,,,,Qw,Rb,,,,,,,Pw,Bw,Rb,Nw,Qw,Kb,Rw,Nb,Rb	darkGray	0
3e7cd68eabef3c24a045c783574c4b33	2196	Rw,Nw,Rb,Kw,Qb,Nb,Rw,Bb,Rw,,,,,,,Bw,Rw,,,,,,,Qb,Rw,,,,,,,Pw,Rw,,,,,,,Rb,Rw,,,,,,,Bb,Rw,,,,,,,Qw,Rw,Rb,Bw,Qw,Pw,Nw,Bb,Kw	darkRed	0
3e7e2269f32aaa0ebc58045140b72962	1458	Pb,Pw,Nb,Bb,Kw,Pb,Nw,Bb,Pw,,,,,,,Kw,Rb,,,,,,,Qb,Bw,,,Pb,Pb,,,Nw,Qb,,,Pb,Pb,,,Rb,Pb,,,,,,,Kb,Rw,,,,,,,Qw,Kb,Pw,Qw,Bw,Rb,Pb,Qb,Rw	lightGray	1
3e8105ea5cf5b032c22b59d48bb018b9	4052	Pb,Pb,Nw,Bw,Kb,Pw,Nb,Kb,Qw,,,,,,,Kw,Pw,,,,,,,Bb,Rw,,,,,,,Nw,Bb,,,,,,,Pb,Qb,,,,,,,Kb,Pb,,,,,,,Bw,Kb,Bw,Kb,Pb,Nw,Bb,Kw,Rb	darkGray	0
3ea0c591801a130e36457499a3d514be	3017	Nb,Qb,Pb,Rw,Bb,Qw,Pw,Bw,Pw,,,,,,,Kb,Nb,,,,,,,Bw,Bw,,,Nb,Nb,,,Nb,Kb,,,Nb,Nb,,,Pw,Pb,,,,,,,Qw,Nw,,,,,,,Bb,Nw,Rb,Pw,Qb,Bw,Rw,Pb,Kb	darkRed	0
3ed27478e5bdbce570364e7390062e99	533	Rb,Nw,Qb,Kw,Pw,Nb,Qw,Kb,Kb,,,,,,,Kw,Rb,,,,,,,Pw,Nb,,,,,,,Nb,Qw,,,,,,,Bw,Kw,,,,,,,Kb,Rw,,,,,,,Pb,Rw,Pb,Rw,Bb,Qw,Pw,Rb,Pb	darkRed	0
3ee04e856ed595536fe10f95bf7c76f8	1886	Pb,Bw,Rb,Pb,Qb,Bb,Nw,Nb,Bw,,,,,,,Rb,Nb,,,,,,,Bw,Rw,,,,,,,Qw,Kw,,,,,,,Pw,Qb,,,,,,,Rw,Nw,,,,,,,Bb,Rw,Rw,Rw,Rw,Rw,Rw,Rw,Rw	lightRed	1
3ee5de0f4af9e6e32512e7829e4efa48	949	Rb,Kw,Bb,Nb,Pw,Kb,Qw,Bw,Bw,,,,,,,Pb,Qb,,,,,,,Rw,Pb,,,Nb,Nb,,,Bw,Rw,,,Nb,Nb,,,Qb,Bb,,,,,,,Pw,Qw,,,,,,,Rb,Bw,Pb,Nw,Bw,Kb,Pw,Nb,Bb	darkRed	0
3f0d8160cdf24c6bfe55669a14f2ed2c	193	Nb,Bw,Rb,Pw,Kw,Bb,Nw,Rb,Nb,,,,,,,Nb,Rw,,,,,,,Qw,Kb,,,Nb,Nb,,,Kb,Qw,,,Nb,Nb,,,Rb,Nw,,,,,,,Nw,Rb,,,,,,,Qb,Nw,Bb,Kw,Pb,Nw,Bw,Kb,Pw	darkRed	0
3f0e72e846915343e5893e01e721a274	2975	Qw,Rb,Pw,Qw,Bb,Rw,Pb,Nb,Rw,,,,,,,Bb,Pb,,,,,,,Kw,Qw,,,,,,,Pb,Nb,,,,,,,Nw,Rb,,,,,,,Bw,Kb,,,,,,,Kb,Qb,Nb,Qw,Kw,Rw,Nw,Qb,Bb	lightGray	0
3f1920bb08a88db5c447e02a4b42f883	2969	Qb,Kw,Bb,Nw,Pb,Kb,Bw,Nb,Qb,,,,,,,Nw,Kw,,,,,,,Bb,Rw,,,Rw,Rw,,,Kw,Nb,,,Rw,Rw,,,Pw,Qw,,,,,,,Nb,Kb,,,,,,,Bw,Bw,Kw,Bb,Nb,Pw,Qb,Bw,Bb	lightGray	0
3f1cf4caaa66e3677f247046edf44746	1849	Kb,Bw,Rb,Pw,Qw,Bb,Rw,Qb,Rb,,,,,,,Pb,Pw,,,,,,,Rw,Qb,,,Nb,Nb,,,Bw,Bw,,,Nb,Nb,,,Qb,Rw,,,,,,,Kb,Pb,,,,,,,Rb,Qb,Pw,Nb,Bb,Kw,Pb,Rw,Rb	darkRed	0
3f21d53e2c0e03cee2e77d0aa2895163	905	Bw,Nw,Rb,Kb,Qw,Bb,Rw,Bw,Pb,,,,,,,Kw,Rw,,,,,,,Rw,Bw,,,,,,,Nb,Kb,,,,,,,Bw,Pw,,,,,,,Kb,Rb,,,,,,,Rb,Qw,Pb,Kb,Bb,Rw,Pw,Qw,Bw	lightRed	0
3f32a53bbc54a70b478e25b27737d9bc	2056	Bw,Kb,Rb,Bb,Qw,Pb,Rw,Nb,Qw,,,,,,,Qb,Kb,,,,,,,Bw,Rb,,,Pw,Pw,,,Rb,Nw,,,Pw,Pw,,,Pw,Qb,,,,,,,Qw,Kw,,,,,,,Bb,Nb,Pb,Nw,Bb,Kw,Pw,Rb,Nw	lightGray	0
3f349801f431c1b3f58c48ef707e7d0c	146	Rw,Pb,Rw,Bw,Kb,Pw,Rb,Pw,Bw,,,,,,,Qb,Nb,,,,,,,Kw,Pw,,,Bb,Bb,,,Rb,Kw,,,Bb,Bb,,,Nw,Bb,,,,,,,Qw,Nw,,,,,,,Kb,Qb,Kb,Pb,Nw,Bb,Kw,Pw,Nw	lightRed	0
3f35f81028c08994f849cb81d5aa5744	3505	Kw,Kb,Pb,Nb,Bw,Kw,Pw,Nb,Qb,,,,,,,Nb,Kw,,,,,,,Rw,Rw,,,Nb,Nb,,,Kb,Nb,,,Nb,Nb,,,Qw,Kw,,,,,,,Nw,Kb,,,,,,,Rb,Bb,Nw,Qb,Kw,Rw,Nb,Qw,Nb	lightRed	0
3f3823875a3b97a84a9602d31d8dfcde	1579	Pb,Rw,Bb,Qb,Pb,Rb,Bw,Pb,Pb,,,,,,,Kw,Qb,,,,,,,Bb,Bb,,,Rb,Rb,,,Nw,Rw,,,Rb,Rb,,,Pb,Pw,,,,,,,Qb,Qw,,,,,,,Bw,Kb,Nw,Rb,Kw,Qb,Nb,Rw,Kb	darkGray	1
3f3c08a2bf026fa69c27a29068f12f1e	705	Nw,Qw,Nb,Rw,Pb,Qb,Nw,Bb,Kw,,,,,,,Nb,Pw,,,,,,,Pw,Nw,,,Qw,Qw,,,Kw,Bb,,,Qw,Qw,,,Bb,Kb,,,,,,,Nw,Pb,,,,,,,Pb,Rw,Rw,Rw,Rw,Rw,Rw,Rw,Rw	lightGray	0
3f4d86276d7c81e08a3d39ec6b1b3240	2996	Rw,Rb,Bw,Qb,Pb,Rw,Nb,Rb,Rw,,,,,,,Rw,Rw,,,,,,,Nb,Rw,,,,,,,Qb,Rw,,,,,,,Kw,Rw,,,,,,,Rb,Rw,,,,,,,Nw,Rw,Nb,Rw,Kb,Qw,Nw,Rb,Nb	darkGray	0
3f4e3f2ea549db81b4f64f255514ca09	81	Kw,Nb,Pw,Kb,Bw,Nw,Pb,Pw,Pb,,,,,,,Rw,Qb,,,,,,,Bb,Bw,,,,,,,Qb,Rb,,,,,,,Pb,Pw,,,,,,,Rb,Qw,,,,,,,Bw,Pw,Bw,Kb,Pb,Nw,Bb,Kw,Nw	lightRed	0
3f5e64786a69204b088f0ac40174b47d	2487	Rw,Rw,Kw,Qb,Bw,Rb,Pw,Pw,Nw,,,,,,,Rb,Pb,,,,,,,Pw,Kb,,,,,,,Qb,Bw,,,,,,,Bw,Nb,,,,,,,Rw,Pw,,,,,,,Kw,Kw,Nw,Bb,Kw,Pw,Nb,Qw,Bb	darkGray	0
3f6f7cbc95386e179d7e6ebd2bc91820	3174	Pw,Qw,Nb,Rb,Kb,Qb,Nw,Nb,Kw,,,,,,,Rb,Rw,,,,,,,Kb,Nw,,,Bb,Bb,,,Qb,Qb,,,Bb,Bb,,,Nw,Kb,,,,,,,Rw,Rb,,,,,,,Kw,Qb,Rb,Pw,Qw,Bb,Rw,Pb,Rw	darkRed	0
3f85d5c1dbfb664320db756bd9252496	2801	Rw,Rb,Nw,Qw,Kb,Rw,Nb,Bb,Nw,,,,,,,Pw,Bb,,,,,,,Kw,Kw,,,,,,,Bb,Pw,,,,,,,Nw,Nb,,,,,,,Pb,Bw,,,,,,,Kb,Kw,Pw,Rb,Bw,Qb,Pb,Nw,Nw	lightRed	0
3fac71e0e266042046071891d40f5018	583	Kw,Kw,Nb,Rb,Kb,Qb,Bw,Bb,Bw,,,,,,,Bb,Kb,,,,,,,Kw,Pb,,,Bb,Bb,,,Pb,Nw,,,Bb,Bb,,,Rw,Bb,,,,,,,Bw,Kw,,,,,,,Qb,Rb,Rw,Nb,Qb,Kw,Rb,Nw,Qb	darkGray	0
3fbedf73ac3edd037de1cdce958125fa	3674	Nw,Rb,Kb,Qw,Nb,Rw,Kw,Qw,Qb,,,,,,,Pb,Kw,,,,,,,Kb,Rb,,,,,,,Bb,Nw,,,,,,,Rw,Qw,,,,,,,Pw,Pw,,,,,,,Qw,Kw,Bb,Kw,Pw,Nb,Bw,Kb,Pw	lightRed	0
3fc6ac6adb72c16acc36adfca2776ceb	3247	Bb,Kw,Pw,Nw,Bb,Kb,Pb,Nb,Nw,,,,,,,Rb,Bb,,,,,,,Kb,Kb,,,Rw,Rw,,,Qb,Pb,,,Rw,Rw,,,Nw,Nb,,,,,,,Rw,Bw,,,,,,,Kw,Rb,Kb,Bw,Nw,Pb,Kw,Qb,Rw	darkRed	0
3fcb1f77797f78ebe6ff87bb4c33e571	306	Rb,Kw,Bb,Nw,Pb,Kb,Bw,Kw,Qw,,,,,,,Bw,Kb,,,,,,,Nb,Rw,,,Rw,Rw,,,Pw,Nb,,,Rw,Rw,,,Kw,Bb,,,,,,,Bb,Kw,,,,,,,Nw,Kw,Bb,Nw,Pw,Kw,Bw,Nb,Rw	lightRed	0
3fcc7e6cc80f2f871fb00b24fd966a0d	4070	Rb,Rb,Pw,Qb,Bw,Rw,Pb,Kw,Qb,,,,,,,Kb,Pb,,,,,,,Pb,Rb,,,Bb,Bb,,,Nb,Bw,,,Bb,Bb,,,Bw,Qw,,,,,,,Kw,Pw,,,,,,,Pw,Kb,Bb,Nw,Pb,Kb,Bw,Rb,Pw	darkRed	0
3fce71aaef1f1fedb811ccaf18a100cb	1932	Rw,Rb,Bw,Qw,Pw,Nw,Bb,Kw,Rw,,,,,,,Qw,Rw,,,,,,,Bb,Rw,,,,,,,Rw,Rw,,,,,,,Pb,Rw,,,,,,,Qb,Rw,,,,,,,Bw,Rw,Pw,Nb,Bw,Kb,Pb,Nw,Bb	lightRed	0
3fd4bbad89d0c78a53ee3e02e1f114da	674	Nw,Pw,Nb,Bb,Kw,Pb,Nw,Kw,Qb,,,,,,,Pb,Pb,,,,,,,Nw,Rb,,,Nw,Nw,,,Bw,Bw,,,Nw,Nw,,,Kb,Qw,,,,,,,Pw,Pw,,,,,,,Nb,Qb,Nb,Pw,Kw,Bb,Nw,Pb,Bb	lightGray	0
3fd9866e5a9978e29f5bb13528bd6e2b	434	Bb,Bb,Kw,Pw,Nb,Bw,Kb,Rw,Pb,,,,,,,Pw,Nw,,,,,,,Rb,Bb,,,Bw,Bw,,,Bb,Kw,,,Bw,Bw,,,Qw,Pw,,,,,,,Pb,Nb,,,,,,,Rw,Kw,Rb,Pw,Qb,Bw,Rw,Pb,Kb	darkGray	0
3fdc2d63d4a41c738b2190c40cb11a16	2299	Pw,Qb,Bw,Nb,Pw,Qw,Bb,Kb,Rw,,,,,,,Rw,Nb,,,,,,,Kw,Qw,,,Nb,Nb,,,Qw,Kb,,,Nb,Nb,,,Nb,Rb,,,,,,,Rb,Nw,,,,,,,Kb,Kw,Nb,Pw,Kb,Bw,Nw,Pb,Bb	darkGray	0
3fdc53e51d352d96cb59e47a54cb31d3	586	Nb,Bb,Rw,Pb,Qb,Bw,Rb,Rw,Pw,,,,,,,Rw,Nb,,,,,,,Rw,Bw,,,,,,,Rw,Kb,,,,,,,Rw,Pb,,,,,,,Rw,Nw,,,,,,,Rw,Kw,Rb,Pw,Qb,Bw,Rw,Pb,Rw	lightGray	0
3fea5d7286917eb719b66b1eee8ea65e	2996	Rw,Rb,Bw,Qb,Pb,Rw,Nb,Rb,Rw,,,,,,,Rw,Rw,,,,,,,Nb,Rw,,,,,,,Qb,Rw,,,,,,,Kw,Rw,,,,,,,Rb,Rw,,,,,,,Nw,Rw,Nb,Rw,Kb,Qw,Nw,Rb,Nb	darkGray	0
3fed2bec62ec2bc2b583f96a572feb63	3506	Nb,Pb,Qb,Bb,Rw,Pw,Qw,Nw,Bw,,,,,,,Bb,Rb,,,,,,,Kw,Pw,,,,,,,Pb,Qw,,,,,,,Nw,Bb,,,,,,,Bw,Rw,,,,,,,Kb,Qb,Kw,Pw,Nb,Bw,Kb,Pb,Bb	darkGray	0
3ff082b62852c25daf1fcbc56ffe6e40	1242	Kb,Rb,Nw,Qb,Kw,Rw,Nb,Pb,Qb,,,,,,,Kb,Pb,,,,,,,Bw,Rw,,,,,,,Nw,Bb,,,,,,,Pb,Qw,,,,,,,Kw,Pw,,,,,,,Bb,Pb,Pb,Kb,Bw,Nb,Pw,Kw,Nw	darkGray	0
400d6ecab83ef3ab100394ca8c33c4ae	2707	Pw,Nw,Qb,Kw,Rw,Nb,Qw,Rw,Bw,,,,,,,Bb,Rb,,,,,,,Nw,Pw,,,,,,,Rb,Qw,,,,,,,Kb,Bb,,,,,,,Qw,Rw,,,,,,,Nb,Rb,Qw,Pw,Rw,Bb,Qb,Kw,Pb	lightGray	0
40189667c348bcb8ec4fe1d6cae5bc2f	244	Rb,Kw,Rw,Nw,Qb,Kb,Rb,Rw,Rb,,,,,,,Nw,Nw,,,,,,,Pb,Qw,,,,,,,Kw,Kb,,,,,,,Bb,Rw,,,,,,,Nb,Nb,,,,,,,Pw,Bb,Nw,Rb,Kw,Qb,Nb,Pw,Rw	lightRed	0
401a46ff52f89033d901e1e01af318b3	2014	Nw,Nw,Qb,Kb,Rb,Nb,Qw,Nb,Pb,,,,,,,Kw,Kb,,,,,,,Qb,Bb,,,Rb,Rb,,,Nw,Nw,,,Rb,Rb,,,Rb,Pw,,,,,,,Kb,Kw,,,,,,,Bw,Nw,Pw,Nb,Bw,Qb,Pb,Rw,Pw	darkGray	0
401f97f53a119b48e0e2b2a5e8b2feec	746	Rb,Bb,Rw,Pb,Qb,Bw,Rb,Kb,Pw,,,,,,,Rw,Kw,,,,,,,Pb,Bw,,,Nw,Nw,,,Kw,Rb,,,Nw,Nw,,,Bb,Pb,,,,,,,Rb,Kb,,,,,,,Pw,Pb,Pw,Rb,Bb,Qw,Pb,Rw,Qw	lightRed	0
4033893d57d085ed9009111c2fb781c1	2523	Qw,Nb,Rw,Kb,Qw,Nw,Rb,Rw,Nb,,,,,,,Bb,Bw,,,,,,,Rw,Kw,,,Pb,Pb,,,Pw,Pw,,,Pb,Pb,,,Qw,Nw,,,,,,,Bw,Bb,,,,,,,Rb,Rw,Rw,Pb,Qw,Bb,Rb,Pw,Kw	lightGray	0
40382e9f17c8143d60aaac6aef002c49	3479	Qb,Kb,Bw,Nw,Pb,Kw,Bb,Bw,Kb,,,,,,,Rb,Bw,,,,,,,Kb,Nb,,,,,,,Qw,Pw,,,,,,,Nb,Qw,,,,,,,Pw,Bb,,,,,,,Kw,Qb,Kw,Pw,Nb,Bw,Kb,Pb,Bw	lightGray	0
4038323193c87eb2f1f2c35a9498aa9b	1891	Bb,Kw,Bb,Nb,Pw,Kb,Bw,Kw,Qb,,,,,,,Qb,Kw,,,,,,,Rb,Rw,,,Pb,Pb,,,Nw,Nb,,,Pb,Pb,,,Bb,Qw,,,,,,,Kw,Kb,,,,,,,Rw,Pb,Nb,Bw,Kb,Pb,Nw,Bb,Rb	lightRed	0
404986d82888b93c8d73079e09afeb04	3055	Rb,Pb,Kb,Bb,Nw,Pw,Kw,Bb,Bw,,,,,,,Kb,Nb,,,,,,,Pb,Pb,,,Nb,Nb,,,Nw,Kb,,,Nb,Nb,,,Bb,Bb,,,,,,,Kw,Nw,,,,,,,Pw,Nw,Kb,Qw,Nb,Rw,Kw,Qb,Nw	darkRed	0
404ee9650a84537068c49bc2f3396e8c	2771	Rb,Rb,Kb,Qw,Nb,Rw,Kw,Pw,Nb,,,,,,,Pb,Bw,,,,,,,Nw,Kb,,,,,,,Bb,Pb,,,,,,,Kw,Nw,,,,,,,Pw,Bb,,,,,,,Nb,Pb,Bw,Rb,Pw,Qw,Bb,Rw,Rw	lightRed	0
405bdfaf4c4222547a92f4784e8532f7	3216	Bb,Rw,Nb,Qw,Kb,Rb,Nw,Bb,Nw,,,,,,,Bw,Qb,,,,,,,Pw,Kw,,,,,,,Nw,Rw,,,,,,,Bb,Nb,,,,,,,Kb,Qw,,,,,,,Pb,Pb,Pb,Qb,Bb,Rw,Pw,Qw,Rb	darkRed	1
406598f7a746327b31afc9db794ca131	1399	Pb,Pb,Nw,Qw,Kb,Rw,Nb,Qw,Rw,,,,,,,Nb,Kw,,,,,,,Qw,Bw,,,Rw,Rw,,,Kw,Nb,,,Rw,Rw,,,Rw,Rb,,,,,,,Nw,Kb,,,,,,,Qb,Nw,Nb,Pw,Kw,Bb,Nw,Pb,Bw	darkGray	0
4084fb2de6f53dac0139f63c334020d9	3973	Rw,Kw,Bb,Nb,Pw,Kb,Bw,Kw,Kb,,,,,,,Pb,Qw,,,,,,,Rw,Nb,,,,,,,Bb,Rw,,,,,,,Qw,Kw,,,,,,,Pw,Qb,,,,,,,Nb,Nb,Pw,Qw,Bw,Rb,Pb,Kb,Nb	lightGray	0
4088436d9d01b100a7cb55342db86a3c	3399	Nb,Kw,Pw,Rw,Bb,Kb,Pb,Pb,Bw,,,,,,,Nb,Rb,,,,,,,Pw,Pb,,,Bb,Bb,,,Kw,Qb,,,Bb,Bb,,,Bb,Bb,,,,,,,Nw,Rw,,,,,,,Pb,Kb,Nw,Rb,Qw,Qb,Nb,Rw,Kb	darkGray	0
40901b466cd4c9f814e574d826c863c7	2985	Bb,Bw,Rb,Pb,Qb,Bb,Rw,Bb,Qb,,,,,,,Qb,Pb,,,,,,,Bw,Rb,,,Nw,Nw,,,Nb,Bw,,,Nw,Nw,,,Pw,Qw,,,,,,,Kw,Pw,,,,,,,Bb,Kb,Qw,Bb,Rb,Kb,Qb,Bw,Pb	lightRed	0
40cac39786ae9984dec1eaaa68774fd8	2702	Qb,Qw,Pw,Rb,Bw,Qb,Pb,Kb,Kb,,,,,,,Rb,Qw,,,,,,,Pw,Nw,,,Kb,Kb,,,Qb,Pb,,,Kb,Kb,,,Bw,Kw,,,,,,,Rw,Qb,,,,,,,Pb,Rw,Rw,Rw,Rw,Rw,Rw,Rw,Rw	darkRed	0
40d7b25fa12d57cdcf5f319a53c679a2	2387	Rb,Qb,Bw,Rb,Pw,Qw,Bb,Rb,Nw,,,,,,,Nw,Qb,,,,,,,Bb,Kw,,,,,,,Kw,Rw,,,,,,,Pw,Nb,,,,,,,Nb,Qw,,,,,,,Bw,Rw,Pb,Rw,Bb,Qw,Pw,Rb,Qw	lightRed	0
40d993865b7e5d1b6dcfd19c5829da09	430	Bb,Kb,Rb,Nw,Qb,Kw,Rw,Bb,Rb,,,,,,,Kw,Bw,,,,,,,Bb,Qw,,,Pb,Pb,,,Nb,Pw,,,Pb,Pb,,,Pw,Nw,,,,,,,Kb,Bb,,,,,,,Bw,Nb,Bb,Nw,Pb,Kb,Bw,Nb,Kw	lightRed	0
40e1b859dfe0b2e7484cb233a48422fe	853	Kw,Rw,Kw,Qb,Nw,Rb,Kb,Rw,Bb,,,,,,,Rw,Kw,,,,,,,Rw,Pw,,,Nb,Nb,,,Rw,Nb,,,Nb,Nb,,,Rw,Bw,,,,,,,Rw,Kb,,,,,,,Rw,Qw,Nb,Bw,Kw,Pw,Nw,Bb,Rw	lightGray	0
40e64975d11a07c95fc8582a0306433c	1039	Bw,Bw,Qb,Pb,Nw,Bb,Kw,Pb,Bb,,,,,,,Qw,Nw,,,,,,,Kb,Pw,,,Pb,Pb,,,Rb,Kw,,,Pb,Pb,,,Nw,Bw,,,,,,,Kb,Nb,,,,,,,Pb,Nw,Nw,Pb,Kw,Bb,Nb,Pw,Rw	lightGray	0
40f0af322e9795eab2d49433c3f93aec	197	Rb,Kw,Pw,Nw,Bb,Kb,Pb,Bb,Rb,,,,,,,Nw,Bw,,,,,,,Rb,Qb,,,Pb,Pb,,,Kw,Pb,,,Pb,Pb,,,Qb,Rw,,,,,,,Nb,Bb,,,,,,,Pw,Nw,Nw,Pb,Kb,Bw,Nb,Pw,Pw	lightGray	0
40f918de61fd82ed71a7cbdcda35721b	644	Rw,Nw,Bb,Kb,Pb,Nb,Bw,Rw,Pw,,,,,,,Kw,Kw,,,,,,,Bb,Bw,,,,,,,Nb,Nb,,,,,,,Pw,Pb,,,,,,,Kb,Kb,,,,,,,Bw,Pb,Qw,Kb,Rw,Bb,Qb,Kw,Qw	lightGray	0
40fda8f75883b223bdb7fa03a37b1254	1440	Pb,Nb,Qw,Kw,Rw,Nw,Qb,Nb,Rw,,,,,,,Qw,Kw,,,,,,,Bb,Qw,,,,,,,Rw,Nb,,,,,,,Pb,Rb,,,,,,,Qb,Pw,,,,,,,Bw,Rb,Kw,Pw,Nb,Bw,Kb,Rb,Bw	lightRed	0
40fde02faeea24042cf3c521b92110bd	3458	Nw,Nw,Pb,Kb,Bw,Nb,Pw,Rw,Nb,,,,,,,Rb,Qw,,,,,,,Pw,Kb,,,Bw,Bw,,,Qb,Rb,,,Bw,Bw,,,Bw,Nw,,,,,,,Rw,Qb,,,,,,,Pb,Qb,Kw,Bb,Nw,Pb,Kb,Bw,Nb	darkGray	1
4106aac8154cf0041c1d4569ae09f3ec	2	Pw,Qw,Bb,Rw,Pb,Qb,Nw,Kw,Pw,,,,,,,Qw,Kw,,,,,,,Kb,Bb,,,,,,,Rw,Nw,,,,,,,Nb,Pb,,,,,,,Qb,Kb,,,,,,,Kw,Nb,Kb,Bw,Nb,Pw,Kw,Bb,Pw	darkRed	0
410a26fd971f3f91739eea6006b540ff	3956	Kw,Bb,Rw,Pb,Qb,Bw,Rb,Qw,Rb,,,,,,,Nw,Bw,,,,,,,Pb,Qw,,,Rb,Rb,,,Kb,Pw,,,Rb,Rb,,,Bw,Rw,,,,,,,Nb,Bb,,,,,,,Pw,Bb,Nw,Pb,Kb,Bw,Rb,Pw,Qw	lightGray	0
4120120d192cecfeabd151b9cad30114	2885	Qb,Kb,Pb,Nb,Bw,Kw,Pw,Qb,Kb,,,,,,,Kw,Bw,,,,,,,Kb,Nw,,,Pb,Pb,,,Rb,Pb,,,Pb,Pb,,,Nw,Kw,,,,,,,Qb,Bb,,,,,,,Kw,Pw,Nw,Bb,Kb,Pb,Nb,Bw,Bw	darkGray	0
41229a7885dabcffb60cb80e375d4d83	1423	Pb,Pw,Qw,Bb,Rw,Pb,Qb,Kb,Rb,,,,,,,Pw,Bw,,,,,,,Kw,Qb,,,,,,,Qb,Pb,,,,,,,Nw,Rw,,,,,,,Rb,Bb,,,,,,,Kb,Kb,Kb,Qw,Nb,Rw,Kw,Qb,Kw	lightGray	0
413424e60da42a3189471beb559998a8	2300	Bb,Pb,Qb,Nb,Rw,Pw,Qw,Kw,Nw,,,,,,,Pb,Qb,,,,,,,Nw,Kb,,,,,,,Bw,Rb,,,,,,,Kb,Nb,,,,,,,Pw,Qw,,,,,,,Nb,Nb,Pw,Nb,Bw,Kb,Pb,Nw,Qw	lightRed	0
413882392c89f42db4cfe2782300c726	1562	Pw,Nb,Bw,Kw,Pw,Nw,Bb,Bw,Pb,,,,,,,Rw,Rw,,,,,,,Pb,Bb,,,,,,,Qw,Qw,,,,,,,Bb,Pw,,,,,,,Rb,Rb,,,,,,,Pw,Rw,Qw,Nb,Rb,Kb,Qb,Nw,Kb	darkRed	0
4159aada1210cf499b9e4fd0634f62b9	3844	Qb,Pw,Qw,Bw,Rb,Pb,Qb,Rb,Rb,,,,,,,Nb,Nw,,,,,,,Rw,Qw,,,Bb,Bb,,,Kb,Kb,,,Bb,Bb,,,Qw,Pw,,,,,,,Nw,Nb,,,,,,,Rb,Rw,Rw,Rw,Rw,Rw,Rw,Rw,Rw	darkRed	0
417967c23f2256eb9a6d52944a9e3c5b	220	Bw,Pb,Rw,Bb,Qw,Pw,Rb,Bb,Rb,,,,,,,Rb,Nw,,,,,,,Pw,Qb,,,Pb,Pb,,,Qb,Kw,,,Pb,Pb,,,Bw,Rw,,,,,,,Rw,Nb,,,,,,,Pb,Pb,Rb,Pw,Kw,Bb,Nw,Pb,Pb	darkRed	0
4194644862f8fab2512ca7cdb7aa1770	2876	Pb,Nw,Rb,Kb,Qw,Nb,Rw,Nb,Nb,,,,,,,Nb,Rw,,,,,,,Bw,Kw,,,,,,,Qb,Qb,,,,,,,Pb,Nw,,,,,,,Nw,Rb,,,,,,,Bb,Rb,Pw,Rb,Bb,Qw,Pb,Rw,Nb	lightGray	0
41ed1633f4aeb1d23c7caa8a2e89b744	623	Kw,Bb,Qw,Pw,Rb,Bw,Kb,Kb,Rb,,,,,,,Nb,Pw,,,,,,,Rw,Qb,,,,,,,Pb,Bw,,,,,,,Qb,Nw,,,,,,,Nw,Pb,,,,,,,Rb,Kb,Qb,Bw,Rb,Pw,Qw,Bb,Pw	darkRed	0
41f85842c823fd20443ecb520e4bbc8c	1725	Qw,Nb,Qw,Kw,Rw,Nw,Bb,Kb,Rw,,,,,,,Rw,Bb,,,,,,,Nb,Qw,,,Nb,Nb,,,Qb,Pw,,,Nb,Nb,,,Kw,Rb,,,,,,,Rb,Bw,,,,,,,Nw,Nw,Bb,Kw,Pb,Nw,Bw,Kb,Kb	darkGray	0
42125489208b43b9cfafe3a121f788b4	1359	Bb,Kw,Pw,Rb,Bw,Qb,Pb,Pw,Nb,,,,,,,Pw,Bw,,,,,,,Rb,Kb,,,Pb,Pb,,,Bb,Pb,,,Pb,Pb,,,Qw,Nw,,,,,,,Pb,Bb,,,,,,,Rw,Nb,Nw,Bb,Kb,Pb,Nb,Bw,Pb	darkGray	0
423aefbb1ab4ed225c9751e6427a4149	707	Kb,Rb,Nw,Qw,Kb,Rw,Nb,Pw,Qb,,,,,,,Qb,Bw,,,,,,,Nw,Rb,,,Bb,Bb,,,Rb,Pw,,,Bb,Bb,,,Kb,Qw,,,,,,,Qw,Nb,,,,,,,Nb,Kw,Kw,Rw,Nw,Qb,Kb,Rb,Qb	darkRed	0
4241db9e81baa08b484afdfb16e43208	386	Pb,Pw,Kw,Bb,Nw,Pb,Kb,Kb,Pw,,,,,,,Rw,Rb,,,,,,,Bb,Bb,,,,,,,Qb,Qw,,,,,,,Pb,Pb,,,,,,,Rb,Rw,,,,,,,Bw,Nb,Bb,Nw,Pb,Kb,Qw,Nb,Kb	lightGray	1
424682b7b8b984d9c349c224538ac4e5	2411	Pb,Rw,Pb,Qb,Bw,Rb,Pw,Qb,Bw,,,,,,,Qw,Kb,,,,,,,Kb,Pw,,,,,,,Rb,Nb,,,,,,,Nw,Bb,,,,,,,Qb,Kw,,,,,,,Kw,Nw,Qw,Kb,Rw,Nb,Qb,Kw,Bb	darkRed	0
42484407a91ad68661de7bc1e6ca723a	331	Kw,Rw,Pb,Kb,Bw,Rb,Pw,Bb,Kw,,,,,,,Kw,Bb,,,,,,,Qb,Nb,,,,,,,Nb,Pw,,,,,,,Rw,Kb,,,,,,,Pw,Bw,,,,,,,Qw,Qw,Rb,Kb,Qw,Nb,Rw,Kw,Rw	lightGray	0
424c383ad375b76e1351e3331f23cce9	1165	Rw,Pw,Nb,Bw,Kb,Pb,Nw,Pb,Rb,,,,,,,Nw,Nw,,,,,,,Rb,Qb,,,Bw,Bw,,,Kb,Kw,,,Bw,Bw,,,Qw,Rw,,,,,,,Nb,Nb,,,,,,,Rw,Rb,Bb,Rw,Kb,Qw,Bw,Rb,Qw	darkGray	0
4251d7a4e0ad3676578971216d2837f2	2143	Rb,Nw,Kb,Qb,Rb,Nb,Qw,Bb,Kb,,,,,,,Rw,Qw,,,,,,,Pb,Nb,,,Rw,Rw,,,Qw,Rw,,,Rw,Rw,,,Nb,Kw,,,,,,,Rb,Qb,,,,,,,Pw,Kb,Kw,Pw,Rw,Bb,Qb,Kw,Nw	darkRed	0
426f6e8251eb9f2cfdc3fe1ad23f3cbb	2027	Kb,Rb,Kb,Qb,Nw,Rw,Kw,Nw,Nw,,,,,,,Qw,Pb,,,,,,,Bb,Kw,,,,,,,Rw,Bb,,,,,,,Pb,Nb,,,,,,,Qb,Pw,,,,,,,Bw,Qb,Bw,Qb,Pb,Rw,Bb,Kw,Bb	darkGray	0
4278d6134dac6d2a89a4ce6e6cf15a3d	1291	Bb,Pb,Rw,Bb,Qw,Pw,Rb,Qb,Rw,,,,,,,Bw,Bb,,,,,,,Nb,Qw,,,,,,,Pw,Pw,,,,,,,Kw,Rb,,,,,,,Bb,Bw,,,,,,,Nw,Bb,Kb,Pb,Nw,Bb,Kw,Pw,Qw	darkRed	0
42826e0daa61ae3a196c5cc4f8b2fe7f	1232	Rw,Rw,Rw,Rw,Rw,Rw,Rw,Rw,Bw,,,,,,,Rw,Rb,,,,,,,Pb,Pw,,,Rb,Rb,,,Qw,Qw,,,Rb,Rb,,,Bb,Bb,,,,,,,Rb,Rw,,,,,,,Pw,Qw,Qb,Bw,Rw,Pb,Qw,Bb,Pw	darkGray	0
4288f6660b715ab9551e5d99f08bdc7e	1301	Pw,Rb,Bw,Qw,Pw,Rw,Bb,Bb,Rw,,,,,,,Rb,Pb,,,,,,,Kb,Qw,,,Nw,Nw,,,Qb,Bb,,,Nw,Nw,,,Nw,Rb,,,,,,,Pw,Pw,,,,,,,Kw,Kw,Rb,Bw,Qw,Pw,Rw,Bb,Rw	darkGray	0
4289153b988bdc79ce5d57df3f77a990	1167	Nw,Kb,Bw,Nb,Pw,Qw,Bb,Pb,Nb,,,,,,,Pw,Rw,,,,,,,Rb,Pb,,,,,,,Bb,Qb,,,,,,,Qw,Nw,,,,,,,Pb,Rb,,,,,,,Rw,Pb,Qb,Pb,Rw,Bb,Qw,Pw,Nb	darkGray	1
428ed1f35e8c56a79dadbecbb8b81651	690	Kw,Kb,Pb,Nb,Bw,Kw,Pw,Kb,Bw,,,,,,,Rw,Rb,,,,,,,Pb,Pb,,,Pw,Pw,,,Qw,Qb,,,Pw,Pw,,,Bb,Bb,,,,,,,Rb,Rw,,,,,,,Pw,Qb,Qw,Pw,Rw,Bb,Qb,Pb,Nw	lightGray	0
42933288f29f26d06a17ac1f2cb8c5f5	4038	Pw,Rb,Bw,Qb,Pb,Rw,Bb,Nb,Rw,,,,,,,Pw,Bb,,,,,,,Qw,Qw,,,,,,,Bb,Pw,,,,,,,Rw,Rb,,,,,,,Pb,Bw,,,,,,,Qb,Kb,Nw,Pb,Kb,Qw,Nb,Pw,Nw	lightRed	0
429ca7f5667ab397a620ad0e40b9b07a	2236	Rb,Qb,Pb,Rb,Bw,Qw,Pw,Bb,Kw,,,,,,,Qb,Rw,,,,,,,Kw,Nw,,,Bb,Bb,,,Rw,Qb,,,Bb,Bb,,,Nb,Pw,,,,,,,Bw,Rb,,,,,,,Kb,Pb,Rw,Bb,Qw,Pw,Rb,Bw,Kw	darkGray	0
42a078e82483454e7fcd7e5d8c7651b7	2854	Pb,Kb,Pb,Nw,Bb,Kw,Pw,Qb,Bw,,,,,,,Qw,Kb,,,,,,,Bb,Pb,,,Pw,Pw,,,Rb,Nw,,,Pw,Pw,,,Pw,Bb,,,,,,,Qb,Kw,,,,,,,Bw,Pb,Bb,Nw,Pw,Kw,Bw,Nb,Rw	darkRed	1
42b018e73651afb649cd898eadf25948	3659	Pw,Nb,Pw,Kb,Bw,Nw,Pb,Pb,Nw,,,,,,,Pw,Rb,,,,,,,Kw,Pw,,,Rb,Rb,,,Bw,Qw,,,Rb,Rb,,,Nb,Nb,,,,,,,Pb,Rw,,,,,,,Kb,Rb,Rw,Bb,Kb,Pb,Nb,Bw,Pw	lightRed	0
42c16144e1cb92d0f191bf74e2799272	2622	Nb,Kb,Rb,Nw,Bb,Kw,Pw,Nw,Nb,,,,,,,Qw,Rw,,,,,,,Pw,Kb,,,,,,,Rb,Qw,,,,,,,Bw,Nw,,,,,,,Qb,Rb,,,,,,,Pb,Qw,Pb,Kb,Bb,Nw,Pw,Kw,Qb	lightRed	1
42c708f298a126cc82fee5df2de26090	1097	Qb,Bw,Qb,Pw,Rb,Bb,Qw,Qb,Bw,,,,,,,Nb,Qb,,,,,,,Nb,Pb,,,Nb,Nb,,,Pw,Rw,,,Nb,Nb,,,Kw,Bb,,,,,,,Bb,Qw,,,,,,,Rw,Bb,Pb,Qb,Bw,Rb,Pw,Qw,Pb	darkRed	0
42d34fc244ff80fc9d3c3589a723727c	4082	Qw,Nb,Bw,Kw,Pw,Nw,Qb,Kb,Kw,,,,,,,Rw,Rw,,,,,,,Nb,Nw,,,,,,,Qw,Qb,,,,,,,Kb,Kb,,,,,,,Rb,Rb,,,,,,,Nw,Bw,Kw,Rw,Nw,Qb,Kb,Rb,Rb	darkRed	0
42e1803dff7aa480c1311b6819dd9f5a	3384	Qw,Nw,Rb,Kw,Qb,Nb,Rw,Qb,Qw,,,,,,,Bw,Kb,,,,,,,Rb,Rw,,,,,,,Pw,Nb,,,,,,,Qw,Qb,,,,,,,Bb,Kw,,,,,,,Rw,Qw,Rb,Nw,Qw,Kb,Rw,Nb,Bb	darkRed	0
42ec2768445497e5d8a1946223755676	2031	Kw,Pb,Qb,Bw,Nb,Pw,Qw,Pw,Nw,,,,,,,Pw,Rb,,,,,,,Kw,Kw,,,Pw,Pw,,,Bw,Qb,,,Pw,Pw,,,Nb,Nb,,,,,,,Pb,Rw,,,,,,,Kb,Nb,Kw,Qb,Nb,Rw,Kb,Qw,Pw	darkGray	0
430a8b27b61a10ff4d820f68dbe52cf9	3164	Pb,Rb,Kb,Qw,Nb,Pw,Kw,Pb,Kb,,,,,,,Rb,Qw,,,,,,,Pw,Nb,,,Bb,Bb,,,Qw,Rw,,,Bb,Bb,,,Bb,Kw,,,,,,,Rw,Qb,,,,,,,Kw,Qb,Pw,Nb,Qb,Kw,Pb,Nw,Qw	lightGray	0
4322a8b9a17aa18a45575c4007e5c7db	1658	Pb,Rw,Nb,Bw,Kb,Pb,Nw,Bw,Kw,,,,,,,Pw,Pw,,,,,,,Rb,Nb,,,,,,,Bw,Bw,,,,,,,Qb,Kb,,,,,,,Pb,Pb,,,,,,,Nw,Pb,Rb,Pw,Kw,Bb,Rw,Pb,Qw	lightRed	0
432b8c485ec8139f354a83b64085701b	2323	Kw,Rw,Nb,Qb,Kw,Rb,Nw,Nb,Bb,,,,,,,Qw,Kw,,,,,,,Bb,Pw,,,Nb,Nb,,,Rw,Nb,,,Nb,Nb,,,Pb,Bw,,,,,,,Qb,Qb,,,,,,,Bw,Rw,Qw,Bb,Rb,Pw,Qb,Bw,Nb	lightRed	0
433f3e3943ede0754611ff851455167e	2115	Bw,Nb,Bw,Kb,Pb,Nw,Bb,Qw,Bw,,,,,,,Kw,Kb,,,,,,,Rw,Pw,,,Kb,Kb,,,Nw,Nb,,,Kb,Kb,,,Kb,Bb,,,,,,,Kb,Kw,,,,,,,Rb,Nw,Rw,Bb,Qw,Kb,Rb,Nw,Rb	darkRed	0
434240c65adc0dc5f6790166331527b4	131	Rw,Rw,Rw,Rw,Rw,Rw,Rw,Rw,Pb,,,,,,,Pb,Nw,,,,,,,Nw,Bb,,,,,,,Bb,Kw,,,,,,,Kw,Pw,,,,,,,Pw,Nb,,,,,,,Nb,Bw,Pb,Kb,Kw,Nb,Pw,Kw,Pw	lightGray	0
4344f45ef086aceea6ccdf82dfb32acd	730	Kw,Kb,Qw,Nw,Rb,Pb,Qb,Nb,Kw,,,,,,,Qw,Pw,,,,,,,Nb,Nb,,,Nb,Nb,,,Rw,Bw,,,Nb,Nb,,,Kw,Kb,,,,,,,Qb,Pb,,,,,,,Nw,Qb,Nw,Rb,Kw,Qb,Nb,Rw,Kb	darkGray	0
43508a7b5d6b45433e40f1661c749e4a	2562	Nb,Qb,Pb,Rw,Bb,Qw,Kb,Rb,Kw,,,,,,,Kw,Bb,,,,,,,Pw,Nb,,,,,,,Nb,Pw,,,,,,,Bw,Kb,,,,,,,Kb,Bw,,,,,,,Pb,Kb,Nb,Rw,Kb,Qw,Nw,Rb,Bb	lightRed	0
4351a91f136f5b8979995248e12ec732	1025	Kw,Pw,Rb,Bw,Qb,Pb,Nw,Rb,Nw,,,,,,,Pw,Bb,,,,,,,Kw,Qw,,,Qb,Qb,,,Bb,Pw,,,Qb,Qb,,,Nw,Rb,,,,,,,Pb,Bw,,,,,,,Kb,Rb,Qb,Nw,Pw,Kw,Qw,Nb,Qb	lightGray	0
4352ecafd46e7e2404806523be3ee998	3449	Qw,Bw,Nb,Pw,Kw,Bb,Rw,Qb,Bb,,,,,,,Pw,Kw,,,,,,,Rb,Pb,,,,,,,Bw,Nw,,,,,,,Qb,Bw,,,,,,,Pb,Kb,,,,,,,Rw,Nb,Nw,Pb,Kb,Bw,Rb,Pw,Rw	lightRed	0
435928b29e4614189aea3299e8427a89	266	Rb,Rb,Bw,Kw,Pw,Nw,Bb,Bw,Kw,,,,,,,Pw,Rw,,,,,,,Nb,Nw,,,Bb,Bb,,,Bw,Qb,,,Bb,Bb,,,Kb,Kb,,,,,,,Rb,Rb,,,,,,,Nw,Nb,Kb,Qw,Nw,Rb,Kw,Qb,Rw	lightGray	0
435db4e75e0786d8e4c5d17b4237dafd	3609	Bw,Rw,Pb,Qb,Bw,Rb,Pw,Rw,Bb,,,,,,,Qb,Qw,,,,,,,Kw,Pw,,,Pb,Pb,,,Rb,Rb,,,Pb,Pb,,,Nw,Bw,,,,,,,Qw,Qb,,,,,,,Kb,Bw,Rb,Nw,Qb,Kw,Rw,Nb,Bb	lightGray	0
43624ec6500a65dc3bcf607e727c7d35	3954	Pw,Qw,Nb,Rw,Kw,Qb,Nw,Pb,Rw,,,,,,,Nw,Nb,,,,,,,Rb,Qb,,,,,,,Kb,Kw,,,,,,,Kw,Rb,,,,,,,Nb,Nw,,,,,,,Pw,Pb,Nb,Rw,Kw,Qb,Nw,Rb,Bb	darkGray	0
436fece8174f2e6461b91c6996762985	58	Kw,Nb,Qw,Kw,Rw,Nw,Qb,Rb,Pb,,,,,,,Rb,Rw,,,,,,,Bw,Bb,,,Bb,Bb,,,Qw,Qw,,,Bb,Bb,,,Pw,Pw,,,,,,,Rw,Rb,,,,,,,Bb,Bw,Nw,Rb,Kb,Qw,Nb,Rw,Bb	lightRed	0
4373091bee3d40db08ad71770851467b	2542	Qw,Qw,Rw,Nb,Kw,Kb,Pb,Kw,Kw,,,,,,,Kb,Kb,,,,,,,Bw,Rw,,,,,,,Nw,Nb,,,,,,,Pb,Qb,,,,,,,Qw,Kw,,,,,,,Bb,Rw,Rw,Rw,Rw,Rw,Rw,Rw,Rw	darkGray	0
439a6d18794ed4410301d359f06907e7	652	Pb,Bw,Nb,Pw,Kw,Bb,Nw,Qw,Kw,,,,,,,Nb,Bb,,,,,,,Qw,Nw,,,,,,,Kb,Pb,,,,,,,Rb,Qb,,,,,,,Nw,Bw,,,,,,,Qb,Kb,Qb,Kw,Rw,Nb,Qw,Kb,Pb	lightGray	0
439ff532fbcaf3b978c218555ac88da9	3671	Kw,Nw,Qb,Kb,Rb,Nb,Qw,Bb,Bw,,,,,,,Kb,Kb,,,,,,,Pb,Pb,,,Pb,Pb,,,Nb,Nw,,,Pb,Pb,,,Bw,Bb,,,,,,,Kw,Kw,,,,,,,Pw,Kw,Pw,Rb,Bb,Qw,Pb,Rw,Bb	lightRed	0
43a100dc7e1df90b5e8bb94bb31f04f8	2705	Qb,Pw,Rb,Bw,Qb,Pb,Rw,Bw,Qw,,,,,,,Nw,Kb,,,,,,,Qb,Rw,,,,,,,Kb,Nb,,,,,,,Rb,Qb,,,,,,,Nb,Kw,,,,,,,Qw,Qb,Rb,Kb,Qb,Nw,Rw,Pb,Pb	darkGray	0
43aa1f4ebbc9ab5409898d2ff9b7dc91	75	Kw,Rb,Kb,Qw,Nb,Rw,Kw,Nw,Bb,,,,,,,Bw,Rw,,,,,,,Rb,Pb,,,,,,,Pb,Qb,,,,,,,Qb,Bw,,,,,,,Bb,Rb,,,,,,,Rw,Pw,Kw,Rw,Nw,Qb,Kb,Rb,Rw	darkGray	0
43ab27a98f3307045f2ad3a00d3de1d7	846	Kb,Rw,Nb,Qw,Kb,Rb,Nw,Kw,Bw,,,,,,,Kb,Kb,,,,,,,Pb,Pw,,,Nb,Nb,,,Nw,Nb,,,Nb,Nb,,,Bb,Bb,,,,,,,Kw,Kw,,,,,,,Pw,Rb,Qw,Pw,Rb,Bw,Qb,Pb,Pw	lightRed	0
43bb878c91e7bc91708395b679e0c040	1005	Bw,Qw,Bb,Rb,Pw,Qb,Bw,Kw,Pw,,,,,,,Bb,Kw,,,,,,,Kw,Bb,,,Nb,Nb,,,Pw,Nw,,,Nb,Nb,,,Rb,Pb,,,,,,,Bw,Kb,,,,,,,Qb,Bw,Kb,Rb,Nw,Qb,Kw,Rw,Nb	lightGray	0
43bba171e86088cb1200f4e2a6aacf2a	3498	Bw,Qb,Kw,Rb,Nw,Bw,Kb,Kb,Bw,,,,,,,Nb,Nb,,,,,,,Qw,Pb,,,Rb,Rb,,,Kb,Kb,,,Rb,Rb,,,Rb,Bb,,,,,,,Nw,Nw,,,,,,,Qb,Rw,Nb,Qw,Kw,Rw,Nw,Qb,Pw	darkGray	0
43bc77c59cc677c5c8aaa09c78f2433d	1509	Rw,Bw,Kb,Pb,Nw,Bb,Kw,Rw,Qw,,,,,,,Rw,Pw,,,,,,,Rw,Rw,,,Rb,Rb,,,Rw,Bb,,,Rb,Rb,,,Rw,Qb,,,,,,,Rw,Pb,,,,,,,Rw,Pb,Nb,Qw,Kb,Rb,Nw,Qb,Rw	lightGray	0
43bcb9e6f8d32a6b186a82e9272aabdc	891	Rb,Pb,Rw,Bb,Qw,Pw,Rb,Pw,Bb,,,,,,,Qw,Qw,,,,,,,Kb,Pb,,,Bb,Bb,,,Rb,Rw,,,Bb,Bb,,,Nw,Bw,,,,,,,Qb,Kb,,,,,,,Kw,Qb,Bw,Rb,Pw,Qw,Bb,Rw,Nb	lightGray	0
43bcef2e66e8cf9540c19c0efc71a8d6	4006	Rb,Bb,Rw,Pb,Qb,Bw,Rb,Rw,Qw,,,,,,,Bw,Pw,,,,,,,Nb,Rb,,,,,,,Pb,Bw,,,,,,,Kb,Qb,,,,,,,Bb,Pb,,,,,,,Nw,Kb,Bb,Qw,Pw,Rb,Bw,Qb,Pb	lightGray	0
43c1f610cb628e206dbe6c89d3fbe2f1	2931	Qw,Qb,Kw,Rb,Nw,Qw,Kb,Rw,Nw,,,,,,,Rw,Rb,,,,,,,Rw,Kw,,,,,,,Rw,Bb,,,,,,,Rw,Nb,,,,,,,Rw,Pw,,,,,,,Rw,Nw,Qb,Bw,Rw,Pb,Qw,Bb,Rw	lightRed	0
43ca707e6e024a47ea63de72ec60834f	3245	Kw,Rw,Nb,Qb,Kw,Rb,Nw,Bb,Rb,,,,,,,Bb,Kb,,,,,,,Nw,Qw,,,Nw,Nw,,,Pb,Nb,,,Nw,Nw,,,Kb,Rw,,,,,,,Bw,Kw,,,,,,,Nb,Kb,Qb,Pb,Rw,Bb,Qw,Pw,Bb	darkRed	0
43d705b2da21ffdb8816d3081f07ce15	533	Rb,Nw,Qb,Kw,Pw,Nb,Qw,Kb,Kb,,,,,,,Kw,Rb,,,,,,,Pw,Nb,,,,,,,Nb,Qw,,,,,,,Bw,Kw,,,,,,,Kb,Rw,,,,,,,Pb,Rw,Pb,Rw,Bb,Qw,Pw,Rb,Pb	darkRed	0
43edd4b3d02c4164c7aff57ee36c5f6c	3110	Qw,Kb,Bw,Nw,Pb,Kw,Bb,Nw,Pb,,,,,,,Rw,Qb,,,,,,,Bb,Bw,,,Bb,Bb,,,Qw,Nb,,,Bb,Bb,,,Pw,Pw,,,,,,,Rb,Qw,,,,,,,Bw,Kb,Qb,Nw,Rb,Kb,Qw,Nb,Bw	darkGray	0
441c8ac97623086288344b592ff227cf	1691	Qw,Qw,Pw,Rb,Bw,Qb,Pb,Kw,Nb,,,,,,,Nw,Bw,,,,,,,Pb,Kw,,,,,,,Kw,Pw,,,,,,,Bb,Nw,,,,,,,Nb,Bb,,,,,,,Pw,Kb,Pb,Kb,Bb,Nw,Pw,Kw,Pw	lightRed	0
44396226d6371c920d1af54f496a9d5b	1359	Bb,Qw,Pw,Rb,Bw,Qb,Pb,Pw,Nb,,,,,,,Pw,Bw,,,,,,,Rb,Kb,,,Pb,Pb,,,Bb,Pb,,,Pb,Pb,,,Qw,Nw,,,,,,,Pb,Bb,,,,,,,Rw,Nb,Nw,Bb,Kb,Pb,Nw,Bw,Pb	darkGray	0
444a1ebcdf6cad912abb1b7c38339f7e	2909	Kw,Rw,Bb,Qw,Pw,Rb,Bw,Nb,Kb,,,,,,,Bw,Bw,,,,,,,Qb,Nb,,,Pb,Pb,,,Pb,Rw,,,Pb,Pb,,,Rw,Kw,,,,,,,Bb,Bb,,,,,,,Qw,Nb,Kw,Rw,Nb,Qw,Kb,Rb,Nb	darkGray	0
4450d66ca3d07f21e268e10133dd64fa	4093	Bw,Qw,Pw,Rw,Bb,Qb,Kw,Bw,Rw,,,,,,,Nw,Kw,,,,,,,Rb,Qw,,,,,,,Kw,Nb,,,,,,,Qb,Rb,,,,,,,Nb,Kw,,,,,,,Rw,Rw,Rw,Rw,Rw,Rw,Rw,Rw,Rw	lightRed	0
4452af6eb019cb0df976cc0cb5542e41	2477	Rb,Kw,Bb,Rb,Pw,Kb,Bw,Nb,Kb,,,,,,,Pw,Pb,,,,,,,Nb,Nw,,,,,,,Bw,Bb,,,,,,,Kb,Kw,,,,,,,Pb,Pw,,,,,,,Nw,Bb,Nw,Rb,Kb,Qw,Nb,Rw,Rb	lightRed	0
4454544981cabde2d371e78419cab7aa	493	Qw,Pw,Kw,Bb,Nw,Rb,Kb,Rb,Pw,,,,,,,Bb,Nb,,,,,,,Qw,Bw,,,,,,,Pb,Kb,,,,,,,Rw,Pb,,,,,,,Bw,Nw,,,,,,,Kb,Bb,Qw,Bb,Rb,Pw,Qb,Bw,Qb	darkGray	0
4454d86b830935b53247dd85e702146d	1946	Rw,Pw,Qw,Bw,Rb,Pb,Qb,Qb,Rw,,,,,,,Pw,Rw,,,,,,,Rb,Rw,,,Rb,Rb,,,Bw,Rw,,,Rb,Rb,,,Qb,Rw,,,,,,,Pb,Rw,,,,,,,Rw,Rw,Nw,Rb,Kw,Qb,Nb,Rw,Bb	lightRed	0
44635e241ddca8b72484926c4091e4ef	2661	Rb,Rb,Nw,Qb,Kw,Rw,Nb,Pw,Nw,,,,,,,Pw,Qb,,,,,,,Nb,Kb,,,Rb,Rb,,,Bb,Rb,,,Rb,Rb,,,Kw,Bb,,,,,,,Pb,Qw,,,,,,,Nw,Nb,Qb,Pb,Rw,Bb,Qw,Kb,Rb	darkRed	0
44778160688db0a3db92bbc495916a38	1546	Rw,Qw,Nb,Rw,Pb,Qb,Nw,Nw,Rw,,,,,,,Pw,Rw,,,,,,,Kw,Rw,,,,,,,Bb,Rw,,,,,,,Nw,Rw,,,,,,,Rb,Rw,,,,,,,Kb,Rw,Rb,Kb,Qw,Nb,Rw,Kw,Bb	darkRed	0
447d712346bd513d84e50cb03a670830	3378	Rb,Bw,Nb,Pb,Kb,Bb,Nw,Bw,Rw,,,,,,,Kb,Kw,,,,,,,Pb,Qb,,,Pw,Pw,,,Nw,Nw,,,Pw,Pw,,,Bb,Rb,,,,,,,Kw,Kb,,,,,,,Pw,Pb,Pw,Rb,Bw,Qb,Pb,Rw,Nw	lightRed	0
4485c3d1ae4c5921d4d374a6528beb4e	3219	Kw,Bw,Qb,Pb,Rw,Bb,Qw,Nw,Qw,,,,,,,Pw,Nb,,,,,,,Rb,Rw,,,,,,,Bb,Kw,,,,,,,Kw,Qb,,,,,,,Pb,Nw,,,,,,,Nw,Qb,Qb,Pb,Rb,Bw,Qw,Pw,Rb	darkRed	0
448bef0767c7bd1e4c5eee4d57e6ab15	2889	Qb,Kw,Pw,Nb,Bw,Kb,Pb,Bw,Kw,,,,,,,Rw,Bb,,,,,,,Bb,Nw,,,,,,,Qw,Pb,,,,,,,Pw,Kb,,,,,,,Rb,Qw,,,,,,,Bw,Nb,Bb,Qw,Pw,Rb,Bw,Kb,Qb	darkGray	0
448d6759d5064868b64a4fedfff820cc	433	Qb,Bw,Qb,Pw,Rb,Bb,Qw,Pw,Bb,,,,,,,Bb,Nw,,,,,,,Rw,Pb,,,,,,,Kb,Kb,,,,,,,Qw,Bw,,,,,,,Bw,Nb,,,,,,,Rb,Pb,Pb,Nw,Qw,Kb,Rw,Nb,Qw	lightGray	0
44b118dbf746fce7490436657675eaf9	3435	Rw,Kw,Rw,Nb,Bw,Kb,Pb,Qw,Kb,,,,,,,Pw,Pb,,,,,,,Rb,Nw,,,Nb,Nb,,,Bb,Bb,,,Nb,Nb,,,Qw,Kw,,,,,,,Pb,Pw,,,,,,,Rw,Pb,Pb,Rw,Nb,Qw,Pw,Rb,Pb	darkGray	0
44b4de7cfb614fccd8bd618f52482f9d	2821	Rb,Kw,Rw,Nw,Qb,Kb,Rb,Nb,Qw,,,,,,,Rw,Kb,,,,,,,Bb,Rw,,,,,,,Qb,Nb,,,,,,,Pb,Qb,,,,,,,Nb,Kw,,,,,,,Bw,Qb,Nb,Rw,Kb,Qw,Nw,Rb,Qw	darkRed	0
44d1ea4f3728c3ce9eed4f8525216664	4095	Kw,Qw,Nb,Pb,Kb,Bb,Nw,Pw,Rw,,,,,,,Rb,Pb,,,,,,,Bw,Qw,,,,,,,Qw,Bb,,,,,,,Pw,Rb,,,,,,,Rw,Pw,,,,,,,Bb,Kw,Qb,Bw,Rw,Pb,Qw,Bb,Pw	lightRed	0
44e0c66063ddf245de9d4b64ab9951c3	2701	Rb,Rb,Bw,Qw,Pw,Rw,Bb,Qb,Kw,,,,,,,Bw,Pw,,,,,,,Rb,Nb,,,,,,,Pb,Bw,,,,,,,Qb,Kb,,,,,,,Bb,Pb,,,,,,,Rw,Bb,Nw,Pb,Kb,Bw,Nb,Pw,Bw	darkRed	0
44e49a2eb61104c44b530553dc2c4261	1035	Bw,Pb,Nw,Bw,Kb,Pw,Nb,Rb,Kb,,,,,,,Rb,Qw,,,,,,,Kb,Nb,,,Pb,Pb,,,Qb,Rw,,,Pb,Pb,,,Nw,Kw,,,,,,,Rw,Qb,,,,,,,Kw,Nw,Nb,Qw,Kb,Rb,Nw,Qb,Nb	darkGray	0
44ee8925fa7a760e41324b05829ea112	142	Kb,Rb,Kb,Qw,Nb,Rw,Kw,Pw,Nw,,,,,,,Qb,Pb,,,,,,,Kw,Kb,,,,,,,Rw,Bw,,,,,,,Nb,Nb,,,,,,,Qw,Pw,,,,,,,Kb,Nb,Nb,Pw,Kb,Bw,Rw,Pb,Kb	lightGray	0
44fad73e12b0fa2607ec91115180e203	1921	Rb,Kb,Bw,Nb,Pw,Kw,Bb,Bw,Qb,,,,,,,Nb,Pb,,,,,,,Pw,Rw,,,Pb,Pb,,,Kw,Bb,,,Pb,Pb,,,Bb,Qw,,,,,,,Nw,Pw,,,,,,,Pb,Nw,Pw,Kw,Bb,Nw,Pb,Kb,Nw	darkRed	0
45038019c6445d4937a7339f2bbc814c	1880	Nb,Qb,Bw,Rw,Pb,Qw,Bb,Qw,Kb,,,,,,,Rb,Pb,,,,,,,Bw,Nw,,,,,,,Qb,Bb,,,,,,,Pb,Qw,,,,,,,Nw,Pw,,,,,,,Bb,Bb,Bw,Rb,Pw,Qw,Bb,Rw,Qw	darkGray	0
450979790a4bc7feb3e0185c9772ba0c	2495	Kw,Rw,Pb,Qb,Bw,Rb,Pw,Kw,Kw,,,,,,,Pw,Kb,,,,,,,Rb,Rb,,,,,,,Bb,Nw,,,,,,,Qw,Qb,,,,,,,Kw,Qw,,,,,,,Rw,Qb,Nw,Qb,Qw,Rw,Nb,Qw,Pb	lightRed	0
451ef821721d15f3ebde19f239854690	1658	Pb,Rw,Nb,Bw,Kb,Pb,Nw,Bw,Kw,,,,,,,Pw,Pw,,,,,,,Rb,Nb,,,,,,,Bw,Bw,,,,,,,Qb,Kb,,,,,,,Pb,Pb,,,,,,,Nw,Pb,Rb,Pw,Kw,Bb,Rw,Pb,Kw	lightRed	0
4543a1c0c9144172994867c0574d69b2	2749	Qw,Nb,Bw,Kb,Pb,Nw,Bb,Kb,Rw,,,,,,,Pw,Bb,,,,,,,Rb,Qw,,,Bb,Bb,,,Bw,Pw,,,Bb,Bb,,,Qb,Rb,,,,,,,Pb,Bw,,,,,,,Rw,Qb,Nb,Qw,Kb,Rb,Nw,Qb,Rw	darkGray	0
454ea918bbe49f97a7476f0f3b897092	3362	Pw,Rw,Bb,Qw,Kb,Rb,Bw,Bb,Rw,,,,,,,Qw,Pb,,,,,,,Nb,Qb,,,Bb,Bb,,,Rw,Bw,,,Bb,Bb,,,Kw,Rb,,,,,,,Qb,Pw,,,,,,,Bw,Bb,Qw,Bb,Rb,Kb,Qb,Bw,Kb	darkGray	0
454f7cd33395f4150edf68db7f7d225f	2376	Pb,Bb,Kw,Pb,Nw,Bw,Kb,Qb,Kw,,,,,,,Rb,Rw,,,,,,,Nw,Nb,,,Pb,Pb,,,Qw,Bw,,,Pb,Pb,,,Kb,Kb,,,,,,,Rw,Pb,,,,,,,Nb,Rw,Rw,Rw,Rw,Rw,Rw,Rw,Rw	darkRed	0
45507e1f05aea7c9bfd6f83885452519	496	Qw,Qb,Nw,Rw,Kw,Qw,Nb,Nw,Rw,,,,,,,Nb,Pb,,,,,,,Rw,Qb,,,,,,,Pb,Bw,,,,,,,Qb,Rb,,,,,,,Bw,Pw,,,,,,,Rb,Bb,Rw,Bb,Qb,Pb,Rb,Bw,Nw	darkRed	0
455d266c24dfc51095888e7964f578ce	2861	Kb,Nb,Qw,Kw,Rw,Nw,Bb,Nb,Rw,,,,,,,Nb,Bb,,,,,,,Qw,Qb,,,Rb,Rb,,,Kb,Pb,,,Rb,Rb,,,Rb,Rb,,,,,,,Nw,Bw,,,,,,,Qb,Qw,Qw,Bb,Rw,Pb,Qb,Bw,Rw	lightRed	0
455e5c33443980ae0a8401fb6a47faa1	1537	Kb,Kw,Rw,Nb,Qw,Kb,Rb,Bb,Nw,,,,,,,Kb,Pb,,,,,,,Qw,Kb,,,,,,,Bb,Bw,,,,,,,Rw,Rb,,,,,,,Pb,Pw,,,,,,,Qb,Nb,Pb,Nw,Bb,Kw,Pw,Pb,Qw	darkGray	0
456d1f99b1813a0020044e7821593e0e	622	Kb,Nb,Bw,Qb,Pb,Nw,Bb,Pb,Qw,,,,,,,Rb,Kb,,,,,,,Pw,Rw,,,,,,,Qb,Nb,,,,,,,Nw,Qb,,,,,,,Rw,Qw,,,,,,,Pb,Rb,Nb,Qw,Qb,Rb,Nw,Qb,Pw	lightGray	0
4573df0fc3987691e8a9251133ef59e1	580	Bw,Kb,Pb,Nb,Bw,Kw,Pw,Bb,Nb,,,,,,,Bb,Qw,,,,,,,Rw,Kw,,,,,,,Pw,Rw,,,,,,,Qw,Nw,,,,,,,Bw,Bb,,,,,,,Rb,Qw,Bw,Qb,Pw,Rb,Bb,Qw,Kb	lightGray	1
457ad01cc8b29b042ef70dc058859450	739	Qb,Nb,Pw,Kb,Bw,Nw,Pb,Nb,Bw,,,,,,,Bb,Rb,,,,,,,Nw,Pb,,,,,,,Pw,Qb,,,,,,,Kw,Bb,,,,,,,Qw,Rw,,,,,,,Nb,Rw,Pw,Kw,Qb,Nw,Rb,Kb,Nb	lightGray	0
4580279d79b50f0292f76e8e5c2f00bd	888	Nb,Bb,Qw,Pb,Nw,Bw,Kb,Bw,Qw,,,,,,,Bw,Kb,,,,,,,Kb,Rw,,,,,,,Pw,Nb,,,,,,,Nb,Qb,,,,,,,Bb,Kw,,,,,,,Kw,Pb,Nb,Rw,Kw,Qb,Nw,Rb,Bw	darkGray	0
45817449f79f29a98b091049273149a2	3558	Bb,Nb,Pw,Kw,Bb,Nw,Pb,Pw,Rw,,,,,,,Rw,Bb,,,,,,,Bb,Qb,,,,,,,Qw,Pb,,,,,,,Pw,Rb,,,,,,,Rb,Bw,,,,,,,Bw,Qw,Qw,Pw,Rb,Bw,Qb,Pb,Rb	lightGray	0
4597d681e35aea939b4b6a166e7f635f	2418	Bb,Qb,Pb,Rw,Nb,Qw,Pw,Nb,Pb,,,,,,,Qb,Qb,,,,,,,Bw,Bb,,,Pb,Pb,,,Rb,Rw,,,Pb,Pb,,,Pw,Pw,,,,,,,Qw,Qw,,,,,,,Bb,Rb,Qb,Pb,Rb,Bw,Qw,Pw,Bb	lightGray	0
45e882ccd78fd5563c167f3fd300adeb	2168	Bw,Pb,Qb,Bb,Rw,Pw,Qw,Nb,Qb,,,,,,,Qb,Nw,,,,,,,Bw,Rw,,,Pw,Pw,,,Rw,Qw,,,Pw,Pw,,,Pb,Bw,,,,,,,Qw,Nb,,,,,,,Bb,Bb,Kb,Rb,Nw,Kb,Kw,Rw,Rw	lightGray	0
45ee1e6fe36330e295c242e948a7886f	1506	Rw,Nb,Qw,Kw,Rw,Nw,Bb,Bw,Nw,,,,,,,Bw,Qb,,,,,,,Nb,Kb,,,,,,,Pb,Rb,,,,,,,Kb,Nb,,,,,,,Bb,Qw,,,,,,,Nw,Rw,Nw,Qb,Kb,Rb,Nb,Qw,Rw	lightRed	0
45f352135078673f4aa47fc5c4db582b	2048	Rw,Kw,Bb,Rb,Pw,Qb,Bw,Pw,Nb,,,,,,,Qw,Pw,,,,,,,Pw,Kw,,,,,,,Rb,Bb,,,,,,,Bw,Nw,,,,,,,Qb,Pb,,,,,,,Pb,Kb,Nb,Bw,Kb,Pb,Nw,Bb,Nw	lightGray	0
45fa247330e280e2bf8086e9d7e440dd	2052	Pw,Nw,Pb,Kb,Bw,Nb,Pw,Nw,Nw,,,,,,,Bw,Rb,,,,,,,Kb,Kw,,,,,,,Pb,Qb,,,,,,,Nw,Nb,,,,,,,Qb,Rw,,,,,,,Kw,Nb,Kw,Qb,Nw,Rb,Kb,Bw,Nb	lightRed	0
461d62e4a627805aeadeb6e67c6a5de2	2536	Qb,Nw,Bb,Kw,Pw,Nb,Bw,Nw,Pw,,,,,,,Pw,Qw,,,,,,,Nb,Bw,,,,,,,Bw,Rb,,,,,,,Kb,Kw,,,,,,,Pb,Qb,,,,,,,Nw,Nb,Rw,Nb,Qw,Kb,Rb,Nw,Pw	lightRed	0
4628146062481b08e48ab755138e27a2	112	Nb,Qw,Bb,Rw,Pb,Qb,Bw,Qb,Rw,,,,,,,Qw,Kw,,,,,,,Nb,Qb,,,,,,,Rw,Nw,,,,,,,Pb,Rb,,,,,,,Qb,Pw,,,,,,,Bw,Rw,Bb,Kw,Pb,Nw,Bw,Kb,Bb	lightRed	0
463db619e3d5ad056a56294d558c6249	3393	Bb,Qw,Bb,Nb,Pw,Kb,Bw,Kb,Rw,,,,,,,Bb,Pb,,,,,,,Nw,Qw,,,Bb,Bb,,,Pb,Bb,,,Bb,Bb,,,Kb,Rb,,,,,,,Bw,Pw,,,,,,,Nb,Nw,Bb,Kw,Pw,Nb,Bw,Kb,Bw	lightGray	0
464ad064503f4a34893f125ce5c035ed	1774	Qw,Pb,Nw,Bw,Kb,Pw,Rb,Nw,Qb,,,,,,,Nb,Pb,,,,,,,Bw,Rb,,,,,,,Kb,Bw,,,,,,,Pb,Qw,,,,,,,Nw,Pw,,,,,,,Bb,Rb,Rb,Pw,Qw,Bb,Rw,Kw,Bw	darkGray	0
464b179c51071fb20f349c04ed89e513	2314	Nw,Rb,Bw,Qw,Pw,Rw,Bb,Nw,Nb,,,,,,,Kb,Kb,,,,,,,Pb,Bw,,,,,,,Nb,Nb,,,,,,,Bw,Pw,,,,,,,Qw,Kw,,,,,,,Pw,Rw,Bb,Rw,Pb,Qb,Bw,Rb,Qb	darkRed	0
4653c79478b2201122f750020592bfb5	561	Bw,Bb,Kw,Rb,Nw,Qw,Kb,Qb,Pw,,,,,,,Pb,Rb,,,,,,,Qb,Bw,,,Qw,Qw,,,Bw,Qb,,,Qw,Qw,,,Rb,Pb,,,,,,,Pw,Nw,,,,,,,Qw,Kw,Nb,Qw,Kw,Rw,Nw,Qb,Rb	darkRed	0
467366a11dcbfd627881abd8e22c2d4d	461	Rb,Nb,Pw,Kb,Bw,Nw,Pb,Nw,Qw,,,,,,,Pw,Kb,,,,,,,Qw,Rw,,,,,,,Bw,Nb,,,,,,,Rb,Qb,,,,,,,Pb,Kw,,,,,,,Qb,Pw,Qw,Pw,Rw,Bb,Kb,Pb,Qb	lightRed	0
46772a0f3c55313297c13cb1dbce5095	2147	Nb,Qw,Pw,Rb,Bw,Qb,Pb,Pw,Kw,,,,,,,Kw,Qb,,,,,,,Pw,Nw,,,,,,,Nw,Rb,,,,,,,Bb,Pw,,,,,,,Kb,Qw,,,,,,,Pb,Qb,Kb,Bw,Nw,Pb,Kw,Bb,Bw	darkGray	0
468754de92b5270864707294cab7b3f3	3733	Bw,Bw,Qb,Pw,Rb,Bb,Qw,Bb,Kb,,,,,,,Qw,Bw,,,,,,,Nb,Nb,,,,,,,Rb,Pw,,,,,,,Kb,Qw,,,,,,,Qb,Bb,,,,,,,Nw,Kb,Nw,Bb,Kb,Pb,Nb,Bw,Qb	lightRed	0
46875bda9eeba14de0b4542483a700e1	1953	Qw,Nb,Pw,Kw,Bb,Nw,Pb,Nw,Bw,,,,,,,Nb,Qb,,,,,,,Bw,Pb,,,Nw,Nw,,,Kw,Rw,,,Nw,Nw,,,Pw,Bb,,,,,,,Rw,Kw,,,,,,,Bb,Rw,Rb,Pw,Qb,Bw,Rw,Pb,Kb	lightGray	0
469da0cfb8b17542d8ef3253ad448e41	1007	Qw,Bb,Rw,Pb,Qb,Bw,Rb,Rb,Pw,,,,,,,Qw,Rb,,,,,,,Kb,Bw,,,Pb,Pb,,,Rw,Qb,,,Pb,Pb,,,Nb,Pb,,,,,,,Qb,Rw,,,,,,,Pb,Kb,Qb,Kw,Rb,Nw,Qw,Kb,Pb	darkRed	0
46b0391ecddf06749f904a6f45547511	1883	Nb,Kb,Rb,Nb,Qw,Kw,Rw,Rb,Qb,,,,,,,Pb,Pb,,,,,,,Rw,Rb,,,Bw,Bw,,,Bw,Bw,,,Bw,Bw,,,Qb,Qw,,,,,,,Pw,Pw,,,,,,,Rb,Qw,Pb,Kb,Bw,Nb,Pw,Kw,Qb	darkRed	0
46b5a5fc312d236c014a999ca9bb2065	1653	Nb,Nb,Bw,Kb,Pb,Nw,Bb,Pw,Rb,,,,,,,Nb,Kb,,,,,,,Bw,Qw,,,,,,,Kb,Nb,,,,,,,Pb,Rw,,,,,,,Nw,Kw,,,,,,,Bb,Rw,Bw,Rb,Pw,Qw,Bb,Rw,Nb	lightRed	0
46cde6ded646f0835d1b7f58279b2d2b	3555	Pw,Rb,Bw,Qb,Pb,Rw,Bb,Pb,Rb,,,,,,,Qb,Bw,,,,,,,Bw,Qw,,,Nw,Nw,,,Rb,Pw,,,Nw,Nw,,,Pw,Rw,,,,,,,Qw,Bb,,,,,,,Bb,Rw,Qw,Pw,Rb,Bw,Qb,Pb,Qb	darkRed	0
46e12443bae662a60752bf60ef547cce	1960	Nw,Nb,Rw,Kb,Qw,Nw,Rb,Rb,Kw,,,,,,,Pb,Rw,,,,,,,Qb,Nw,,,,,,,Bb,Qb,,,,,,,Rw,Kb,,,,,,,Pw,Rb,,,,,,,Qw,Rw,Pw,Kw,Bb,Nw,Pb,Kb,Kw	lightRed	0
46ef463fd16413959b134c448041fdd6	3618	Rb,Pb,Rw,Bb,Qw,Pw,Rb,Pw,Pw,,,,,,,Rb,Kw,,,,,,,Pw,Bb,,,,,,,Qb,Nw,,,,,,,Bw,Pb,,,,,,,Rw,Kb,,,,,,,Pb,Rw,Kb,Bw,Nb,Pw,Kw,Bb,Nb	lightGray	0
4708b8fd54307127fc46653687b62280	1543	Bb,Bw,Kb,Rw,Nb,Qb,Kw,Kb,Qw,,,,,,,Rb,Nb,,,,,,,Bw,Rb,,,,,,,Qw,Kb,,,,,,,Pw,Qb,,,,,,,Rw,Nw,,,,,,,Bb,Rb,Rb,Bw,Kw,Pw,Nw,Bb,Pb	darkRed	0
471d11e8be7168c781a9acfa83d09bfc	1491	Nb,Bb,Nw,Pb,Kb,Bw,Nb,Pw,Pw,,,,,,,Pw,Rb,,,,,,,Rb,Bb,,,Bw,Bw,,,Bw,Qw,,,Bw,Bw,,,Qb,Pb,,,,,,,Pb,Rw,,,,,,,Rw,Bb,Kb,Qw,Nb,Rw,Pb,Qb,Rb	darkRed	0
472ae71e7a623d456e7fe66425d39e04	2700	Kw,Pw,Qw,Nw,Rb,Pb,Qb,Qw,Bw,,,,,,,Kb,Qb,,,,,,,Pb,Pb,,,,,,,Nw,Rw,,,,,,,Bb,Nb,,,,,,,Kw,Qw,,,,,,,Pw,Pb,Qb,Pb,Rw,Nb,Qw,Kb,Kb	darkRed	0
473c0f98bb5b0e4d57d4706de3fd6f16	1810	Bb,Rb,Nw,Qw,Kb,Rw,Nb,Pw,Rb,,,,,,,Rb,Nw,,,,,,,Pw,Qb,,,Pw,Pw,,,Qb,Kw,,,Pw,Pw,,,Bw,Rw,,,,,,,Rw,Bb,,,,,,,Pb,Bw,Bb,Nw,Pb,Kb,Bw,Rb,Pw	darkGray	0
4740620ad05fb8ac26b6c2efe1664c66	1589	Rw,Bb,Qw,Pb,Rw,Bw,Qb,Rw,Kb,,,,,,,Qw,Rb,,,,,,,Nb,Nb,,,,,,,Rb,Qw,,,,,,,Kb,Kw,,,,,,,Qb,Rw,,,,,,,Nw,Rw,Bw,Nb,Pb,Kb,Bb,Nw,Bb	darkRed	0
475b1d59b42db9668db7e1b68e37fee4	2748	Bw,Bw,Qb,Pw,Rb,Bb,Qw,Qw,Nb,,,,,,,Kb,Rw,,,,,,,Rb,Kb,,,,,,,Nw,Qw,,,,,,,Qb,Bw,,,,,,,Kw,Rb,,,,,,,Rw,Nb,Rb,Pw,Qw,Bb,Rw,Kw,Rw	darkGray	1
476d5550fe9b48b7f1df270ba42a2e07	1261	Bb,Rb,Kb,Qb,Nw,Rw,Pb,Rw,Pw,,,,,,,Kw,Rb,,,,,,,Pw,Bw,,,,,,,Nb,Qb,,,,,,,Bw,Pb,,,,,,,Kw,Rw,,,,,,,Pb,Nb,Qw,Pw,Rw,Bb,Qb,Pb,Pb	lightGray	1
476dc3a2b4762499093cd817559d1532	1820	Nb,Bb,Nw,Pb,Kb,Qw,Nb,Kb,Rw,,,,,,,Qb,Pb,,,,,,,Bw,Qb,,,,,,,Rw,Bw,,,,,,,Pb,Rb,,,,,,,Qw,Pw,,,,,,,Bb,Rb,Kw,Pw,Nw,Bb,Kb,Pb,Nb	darkRed	0
476efbf605a206657d3cd3c10bb9d35b	3959	Nb,Rb,Pb,Qw,Bb,Nb,Pw,Bb,Pb,,,,,,,Rb,Qb,,,,,,,Nw,Bb,,,,,,,Qw,Rw,,,,,,,Kb,Pw,,,,,,,Rw,Qw,,,,,,,Nb,Nw,Kb,Bw,Nb,Pw,Kw,Qb,Qw	lightGray	0
4777bf3245b56e83d81788234e6c679d	2423	Kb,Pw,Qw,Nw,Rb,Kw,Qb,Qw,Nw,,,,,,,Pw,Rb,,,,,,,Nb,Kb,,,Bb,Bb,,,Bw,Qw,,,Bb,Bb,,,Kb,Bb,,,,,,,Pb,Rw,,,,,,,Nw,Pw,Pb,Qb,Bb,Rw,Pw,Qw,Bb	lightGray	0
47782fab62ef846d6e44f49d7784cb65	508	Pb,Kb,Rb,Nb,Qw,Kw,Rw,Rw,Pw,,,,,,,Pb,Nb,,,,,,,Nw,Bw,,,,,,,Bb,Qb,,,,,,,Qw,Pb,,,,,,,Pw,Rw,,,,,,,Nb,Qw,Qw,Pw,Rb,Bw,Qb,Pb,Kw	darkRed	0
477a948c3563bad9198a9d57d2485bf0	990	Qb,Qb,Kw,Rw,Nb,Qw,Kb,Nb,Bw,,,,,,,Bw,Rb,,,,,,,Nb,Pb,,,,,,,Pb,Qb,,,,,,,Kb,Bb,,,,,,,Bb,Rw,,,,,,,Nw,Bw,Rw,Bb,Qw,Pw,Rb,Bw,Pw	lightRed	0
4793e9f62160e7aab370bf66223f5354	3974	Rw,Nw,Qb,Kw,Rw,Nb,Qw,Pw,Kw,,,,,,,Qw,Rw,,,,,,,Nb,Nb,,,,,,,Rb,Qw,,,,,,,Kb,Kb,,,,,,,Qb,Pb,,,,,,,Nw,Kw,Pb,Qb,Bw,Rb,Pw,Qw,Nw	darkGray	0
47a3b0bd0608658b214468c4990ae896	2903	Pb,Kb,Qw,Nw,Rb,Kw,Qb,Kw,Rw,,,,,,,Nw,Bb,,,,,,,Qb,Qw,,,,,,,Kw,Pw,,,,,,,Rw,Nb,,,,,,,Nb,Bw,,,,,,,Bw,Nw,Bb,Kw,Pb,Nw,Bw,Kb,Qw	darkGray	0
47a69d8be1e6340a704cad9f45dfad27	1391	Pw,Bw,Nb,Pb,Qb,Bb,Nw,Qb,Kb,,,,,,,Pb,Rb,,,,,,,Rw,Nb,,,,,,,Nb,Qw,,,,,,,Qw,Kw,,,,,,,Pw,Rw,,,,,,,Rb,Kb,Rw,Nb,Qb,Kw,Rb,Nw,Bw	lightGray	0
47af358650a88eae5569ce1c911aa72d	1560	Bb,Pw,Qw,Bb,Nw,Pb,Kb,Bw,Pw,,,,,,,Kb,Kw,,,,,,,Pb,Bw,,,Bb,Bb,,,Nb,Nb,,,Bb,Bb,,,Bw,Pb,,,,,,,Kw,Qb,,,,,,,Pw,Pw,Rw,Kw,Qb,Nw,Rb,Kb,Pw	lightGray	0
47afb22e3f5d213fbf8b2150475ea9fd	274	Rb,Nb,Pw,Kw,Bb,Nw,Pb,Bw,Rw,,,,,,,Rw,Pb,,,,,,,Kw,Qb,,,Pw,Pw,,,Qb,Bw,,,Pw,Pw,,,Nw,Rb,,,,,,,Rb,Pw,,,,,,,Kb,Rw,Nb,Qw,Kb,Pb,Nw,Qb,Nb	lightGray	0
47b2b55dbb8ba421893dd3c689fb0d17	3333	Pw,Pb,Qb,Bb,Rw,Pw,Qw,Nb,Qb,,,,,,,Kw,Kw,,,,,,,Qb,Rw,,,,,,,Nw,Nb,,,,,,,Rb,Qw,,,,,,,Kb,Kb,,,,,,,Qw,Kb,Rw,Pb,Qw,Bb,Rb,Pw,Pb	darkGray	0
47c6adbb7f155a5a41b72aeb7d0cb96c	81	Kw,Nb,Pw,Kb,Bw,Nw,Pb,Pw,Pb,,,,,,,Rw,Qb,,,,,,,Bb,Bw,,,,,,,Qb,Rb,,,,,,,Pb,Pw,,,,,,,Rb,Qw,,,,,,,Bw,Pw,Bw,Kb,Pb,Nw,Bb,Kw,Nw	lightRed	0
47cb3a0c1899fa4d0b9d72eb228d5c1c	908	Pw,Qb,Pb,Rw,Bb,Qw,Pw,Pb,Qb,,,,,,,Bb,Bw,,,,,,,Nw,Rb,,,,,,,Pb,Pw,,,,,,,Kb,Kw,,,,,,,Bw,Bb,,,,,,,Nb,Kw,Bb,Nw,Pw,Kw,Bw,Rb,Bw	lightGray	0
47cfbed97027b52cd9fc350396a1214c	732	Qw,Rw,Bb,Qw,Pw,Rb,Bw,Qw,Pw,,,,,,,Nb,Rb,,,,,,,Bw,Bw,,,Qw,Qw,,,Kb,Qb,,,Qw,Qw,,,Pb,Pb,,,,,,,Nw,Rw,,,,,,,Qb,Kb,Bb,Rw,Pw,Qw,Bw,Rb,Kb	darkRed	0
47cfd4d5febff26379b5f557b601c749	2773	Kb,Bb,Kw,Pb,Nw,Bw,Kb,Bb,Pb,,,,,,,Pb,Kb,,,,,,,Rw,Bb,,,Bb,Bb,,,Bw,Nw,,,Bb,Bb,,,Qb,Pw,,,,,,,Pw,Kw,,,,,,,Rb,Rw,Pb,Kb,Bb,Nw,Pw,Kw,Pw	lightGray	0
4805305ee5649630ca95ca0d025ad179	296	Bb,Kw,Rw,Nb,Qw,Kb,Rb,Pb,Pw,,,,,,,Nb,Rb,,,,,,,Bw,Bb,,,,,,,Kw,Qw,,,,,,,Pw,Pb,,,,,,,Nw,Rw,,,,,,,Bb,Nw,Kw,Bb,Nb,Pw,Kb,Bw,Kb	lightRed	0
480ce1d00e6c0396ca7db49447c032b1	2666	Nb,Kb,Rb,Nb,Qw,Kw,Rw,Kw,Qb,,,,,,,Kb,Kw,,,,,,,Rb,Rb,,,Qw,Qw,,,Nb,Nw,,,Qw,Qw,,,Qw,Bw,,,,,,,Kw,Kb,,,,,,,Pw,Bw,Kb,Qw,Nb,Rw,Kw,Qb,Qw	lightGray	0
48131da2ac14f0ffc6cb795d3ab684ab	2597	Rb,Qw,Bb,Rb,Pw,Qb,Bw,Kw,Qb,,,,,,,Pb,Bw,,,,,,,Nw,Rb,,,,,,,Bw,Pw,,,,,,,Kb,Qw,,,,,,,Pw,Bb,,,,,,,Nb,Pw,Nw,Qb,Kw,Rw,Nb,Qw,Rw	lightGray	0
481ecdcf2655fb7dee137936565c8d31	3211	Pb,Qb,Bw,Rb,Pw,Kw,Bb,Pw,Bw,,,,,,,Qb,Nb,,,,,,,Bw,Pw,,,Pb,Pb,,,Rw,Kw,,,Pb,Pb,,,Pb,Bb,,,,,,,Qw,Nw,,,,,,,Bb,Bw,Qw,Pw,Rb,Bw,Qb,Pb,Nb	lightGray	0
4828143cf3dadcf0650a46096812ba8a	2977	Bb,Qw,Nb,Rw,Kw,Qb,Nw,Nb,Pw,,,,,,,Pw,Rb,,,,,,,Nb,Bb,,,,,,,Bb,Qw,,,,,,,Kw,Kw,,,,,,,Pb,Rw,,,,,,,Nw,Bb,Bb,Qw,Pb,Rw,Bw,Qb,Pb	lightGray	0
482e00a0005aaf9cad76e0fb20becaa2	3844	Qb,Pw,Qw,Bw,Rb,Pb,Qb,Rb,Rb,,,,,,,Nb,Nw,,,,,,,Rw,Qw,,,Bb,Bb,,,Kb,Kb,,,Bb,Bb,,,Qw,Pw,,,,,,,Nw,Nb,,,,,,,Rb,Rw,Rw,Rw,Rw,Rw,Rw,Rw,Rw	darkRed	0
4842dfb73870e6066608c0330b847f35	2797	Pb,Rb,Bw,Qb,Kw,Rw,Nb,Kb,Pw,,,,,,,Qw,Rb,,,,,,,Kb,Bb,,,Pb,Pb,,,Rb,Qw,,,Pb,Pb,,,Nw,Pb,,,,,,,Qb,Rw,,,,,,,Kw,Pb,Pb,Qb,Bb,Rw,Pw,Qw,Pb	darkGray	0
48474d50ee9e1eda80bca3cc1b1688c1	3525	Nb,Pw,Kw,Bb,Nw,Pb,Qb,Pw,Rw,,,,,,,Kw,Nb,,,,,,,Rw,Qb,,,,,,,Nw,Kw,,,,,,,Qb,Rb,,,,,,,Kb,Nw,,,,,,,Rb,Bw,Kb,Rb,Bb,Qw,Pb,Rw,Nb	darkGray	0
48557b3f039200ee2e21ebbee85b175c	1608	Bw,Nw,Pb,Qw,Bb,Nb,Pw,Rb,Qb,,,,,,,Qb,Bw,,,,,,,Nw,Rw,,,Pw,Pw,,,Rb,Pb,,,Pw,Pw,,,Kb,Qw,,,,,,,Qw,Bb,,,,,,,Nb,Qw,Bw,Rb,Pb,Qb,Bb,Rw,Qw	darkRed	1
486116c9596ec226e0b6c0471ee62a6d	2217	Nw,Nw,Qb,Kb,Rb,Nb,Qw,Pw,Qw,,,,,,,Kb,Bb,,,,,,,Qw,Rw,,,,,,,Nw,Pb,,,,,,,Rb,Qb,,,,,,,Kw,Bw,,,,,,,Qb,Kb,Pb,Rw,Bw,Qb,Pw,Nb,Kw	darkRed	0
4864168b650a89d24a750f48b31f66e1	3507	Rw,Kw,Rw,Nb,Bw,Kb,Rb,Bw,Rw,,,,,,,Qb,Rw,,,,,,,Bw,Rw,,,,,,,Rw,Rw,,,,,,,Kw,Rw,,,,,,,Qw,Rw,,,,,,,Nb,Rw,Bb,Nw,Pb,Kb,Bw,Nb,Rw	darkRed	0
486a8058b7552354502eb543055b47dd	3770	Rb,Nw,Bb,Kw,Pw,Nb,Bw,Nb,Nb,,,,,,,Rw,Bw,,,,,,,Bb,Kb,,,Bb,Bb,,,Qb,Pb,,,Bb,Bb,,,Pb,Nw,,,,,,,Rb,Bb,,,,,,,Bw,Rw,Bb,Rw,Pw,Qw,Bw,Rb,Rw	lightGray	0
487573dd007458650716a83573a1405c	1093	Bw,Rw,Nb,Qb,Kw,Rb,Nw,Kw,Pb,,,,,,,Bw,Rw,,,,,,,Kb,Bw,,,Bb,Bb,,,Pw,Qb,,,Bb,Bb,,,Nb,Pw,,,,,,,Bb,Rb,,,,,,,Kw,Kb,Nw,Qb,Kw,Rw,Bb,Qw,Nb	darkRed	0
488538d381a059e6c8d3b8b83a31426d	3765	Bb,Bw,Qb,Kw,Rw,Nb,Qw,Qb,Rw,,,,,,,Nb,Kw,,,,,,,Rw,Qw,,,Nw,Nw,,,Kb,Nb,,,Nw,Nw,,,Qw,Rb,,,,,,,Bw,Kb,,,,,,,Rb,Kw,Pw,Qw,Nw,Rb,Pb,Qb,Qw	lightRed	0
48911f7e643f35ab2207c1f0bbb57eda	24	Nw,Bb,Qw,Pw,Rb,Bw,Qb,Nb,Nw,,,,,,,Nb,Bb,,,,,,,Bw,Kw,,,,,,,Kb,Pw,,,,,,,Pb,Rb,,,,,,,Nw,Bw,,,,,,,Bb,Nw,Pb,Rw,Bw,Qb,Pw,Rb,Kb	darkGray	0
48b17005cf1776bd16bfa8a85aaa0d68	1647	Pw,Qw,Kb,Rb,Nw,Bb,Kw,Nb,Pw,,,,,,,Nb,Kw,,,,,,,Bw,Bw,,,Rb,Rb,,,Kb,Nb,,,Rb,Rb,,,Pb,Pb,,,,,,,Nw,Kb,,,,,,,Bb,Pw,Kw,Rw,Nw,Qb,Kb,Rb,Bw	lightGray	0
48daa1cf2137dc2a89ece8ab4b63959b	2466	Qw,Rw,Bb,Qw,Pw,Rb,Bw,Qw,Nw,,,,,,,Rw,Bb,,,,,,,Kw,Kb,,,,,,,Qb,Pb,,,,,,,Nw,Nb,,,,,,,Rb,Bw,,,,,,,Kb,Nb,Kw,Bb,Nw,Pb,Kb,Bw,Nb	darkRed	0
48dba824e01d0ed3efc38d2461dcb8a5	2166	Pw,Bw,Rb,Pw,Qw,Bb,Rw,Kb,Qb,,,,,,,Pw,Pb,,,,,,,Qw,Rb,,,Rb,Rb,,,Bb,Bw,,,Rb,Rb,,,Rw,Qw,,,,,,,Pb,Pw,,,,,,,Qb,Bb,Qb,Nw,Rb,Kb,Qw,Nb,Bb	darkGray	0
48faa6c5a593041ddc7583a8c0030dcb	2004	Nb,Nb,Qw,Kw,Rw,Nw,Qb,Bb,Qw,,,,,,,Bb,Kb,,,,,,,Nw,Rb,,,Pb,Pb,,,Pb,Nw,,,Pb,Pb,,,Kb,Qb,,,,,,,Bw,Kw,,,,,,,Nb,Kb,Nw,Qb,Kb,Rb,Nb,Qw,Kb	darkRed	0
4910e11cb0b63aad34dde1ed53896523	3164	Pb,Rb,Kb,Qw,Nb,Pw,Kw,Pb,Kb,,,,,,,Rb,Qw,,,,,,,Pw,Nb,,,Bb,Bb,,,Qw,Rw,,,Bb,Bb,,,Bb,Kw,,,,,,,Rw,Qb,,,,,,,Kw,Qb,Pw,Nb,Qb,Kw,Pw,Nw,Qw	lightGray	0
491690385e99df68f0397551f0222512	1178	Bw,Rb,Bw,Qb,Pb,Rw,Bb,Bw,Kw,,,,,,,Bw,Pw,,,,,,,Qb,Nw,,,Nb,Nb,,,Pb,Bb,,,Nb,Nb,,,Rw,Kb,,,,,,,Bb,Pb,,,,,,,Qw,Nb,Nb,Pw,Kw,Bb,Nw,Pb,Bb	darkGray	0
492bb0460a5a0ef0358607909f3591ae	1033	Nb,Bb,Kw,Pw,Nb,Bw,Kb,Rw,Rb,,,,,,,Nb,Nw,,,,,,,Qw,Bb,,,Bw,Bw,,,Kw,Kw,,,Bw,Bw,,,Rw,Pw,,,,,,,Nw,Nb,,,,,,,Qb,Bb,Bw,Kb,Pw,Nb,Bb,Kw,Kb	lightRed	0
492efeff3ca420b2072b2a4294a1ccf8	3466	Nb,Bw,Rb,Pw,Qw,Bb,Rw,Qb,Bw,,,,,,,Kb,Kb,,,,,,,Pb,Pw,,,,,,,Nb,Nb,,,,,,,Bw,Bb,,,,,,,Kw,Kw,,,,,,,Pw,Qb,Qb,Bw,Rb,Pw,Qw,Nb,Kb	lightRed	0
4930babcda8f8b84853ab5ba5949e53e	3872	Pw,Rw,Bb,Qw,Pw,Nb,Bw,Qb,Kw,,,,,,,Kw,Pw,,,,,,,Pw,Nb,,,,,,,Nb,Bw,,,,,,,Bw,Kb,,,,,,,Kb,Pb,,,,,,,Pb,Pb,Kw,Rw,Nb,Qw,Kb,Rb,Bw	darkRed	0
494be1232665f19fee33a855d4f38a15	862	Nw,Nw,Bb,Kb,Pb,Nb,Qw,Kb,Bb,,,,,,,Nw,Kw,,,,,,,Pb,Pb,,,Qw,Qw,,,Kb,Nw,,,Qw,Qw,,,Bw,Bw,,,,,,,Nb,Qb,,,,,,,Pw,Nb,Qb,Nw,Rb,Kb,Qw,Nb,Bw	lightRed	0
496440586fd4c22cb9348651626f13c4	2957	Pw,Nw,Pb,Kb,Bw,Nb,Pw,Kw,Nw,,,,,,,Bw,Qb,,,,,,,Qb,Kw,,,Bw,Bw,,,Pw,Rw,,,Bw,Bw,,,Rb,Nb,,,,,,,Bb,Qw,,,,,,,Qw,Pb,Rb,Nw,Qb,Kw,Rw,Bb,Bw	lightGray	1
496e706408eae0784a74343b3cabb33e	2454	Bw,Pb,Qb,Bb,Rw,Pw,Qw,Kw,Qb,,,,,,,Kb,Nw,,,,,,,Pb,Rb,,,,,,,Nb,Kb,,,,,,,Bw,Qw,,,,,,,Kw,Nb,,,,,,,Pw,Pw,Pb,Nw,Bb,Kw,Pw,Nb,Bw	lightGray	0
497c2396c52c98833ea83f020527d0ca	417	Qw,Pb,Kb,Bb,Rw,Pw,Qw,Bw,Bb,,,,,,,Rw,Qw,,,,,,,Bb,Pw,,,,,,,Qb,Rb,,,,,,,Pb,Bw,,,,,,,Nb,Qb,,,,,,,Bw,Pw,Rb,Pw,Qb,Bw,Rw,Pb,Nw	darkRed	0
49877f4c0dc74d7503b840c2ebeb450b	1673	Bw,Pw,Rb,Bw,Qb,Pb,Rw,Kw,Qb,,,,,,,Kw,Kw,,,,,,,Bb,Rb,,,,,,,Rb,Nw,,,,,,,Pw,Qw,,,,,,,Kb,Kb,,,,,,,Bw,Nw,Pb,Nw,Bb,Kw,Pw,Rb,Kw	darkRed	0
49c64de40b61a57478ef449309d106d0	729	Pw,Pb,Kb,Bw,Nb,Pw,Kw,Nb,Nw,,,,,,,Bw,Qb,,,,,,,Rb,Kw,,,,,,,Pb,Rw,,,,,,,Qb,Nb,,,,,,,Bb,Kw,,,,,,,Rw,Nw,Bb,Nw,Pb,Kb,Bw,Nb,Rw	lightGray	0
49cf1fd3e673b5d7cdf2aab7975a6e91	2755	Bw,Pb,Nw,Bw,Kb,Pw,Nb,Bb,Qw,,,,,,,Qw,Nb,,,,,,,Bb,Rw,,,,,,,Rb,Kw,,,,,,,Pw,Qb,,,,,,,Qb,Nw,,,,,,,Bw,Bw,Kb,Qw,Nw,Rb,Kw,Qb,Pb	lightGray	0
49e43a7c524eba819b2760ec4257df86	3861	Kw,Rw,Pb,Qw,Bb,Nb,Pw,Bb,Nb,,,,,,,Qw,Kw,,,,,,,Kb,Kb,,,Rw,Rw,,,Pb,Rb,,,Rw,Rw,,,Nw,Nw,,,,,,,Qb,Qb,,,,,,,Kw,Kw,Nw,Bb,Kb,Pb,Nb,Bw,Pb	darkGray	0
49e9425821e24f1594cd2a4e0de1f39a	1495	Rw,Qb,Nw,Rw,Kw,Qw,Bb,Qb,Rw,,,,,,,Nw,Bb,,,,,,,Pb,Qb,,,,,,,Kw,Pb,,,,,,,Bb,Rb,,,,,,,Nb,Nw,,,,,,,Pw,Pb,Nb,Bw,Kb,Pb,Nw,Bb,Pw	darkRed	0
49ebdb66d88290acf86c32853cd9a92f	2465	Nw,Kw,Bb,Nw,Pb,Kb,Bw,Pw,Nb,,,,,,,Rb,Bw,,,,,,,Pw,Kw,,,,,,,Qb,Pw,,,,,,,Bw,Nw,,,,,,,Rw,Bb,,,,,,,Pb,Rw,Pw,Rb,Bb,Qw,Pb,Rw,Kb	lightGray	0
49f38acccb68a998fbfa8e975e972643	2421	Nb,Pb,Nw,Bb,Kw,Pw,Nb,Qb,Qw,,,,,,,Pw,Kb,,,,,,,Rb,Rb,,,Nb,Nb,,,Bb,Nw,,,Nb,Nb,,,Qw,Qb,,,,,,,Pb,Kw,,,,,,,Rw,Rw,Nw,Qb,Kw,Rw,Nb,Qw,Pw	lightGray	0
4a0397afa3819e595799e277a178e806	832	Qb,Pw,Nb,Bb,Kw,Pb,Nw,Qb,Bw,,,,,,,Rb,Nb,,,,,,,Pw,Pw,,,Nb,Nb,,,Qb,Kw,,,Nb,Nb,,,Bw,Bb,,,,,,,Rw,Nw,,,,,,,Pb,Rb,Pw,Nb,Bb,Kw,Pb,Rw,Pb	lightGray	0
4a0799ef2962bad52906715379eed200	3727	Kb,Qw,Nb,Rw,Kw,Qb,Nw,Bw,Rb,,,,,,,Bw,Nw,,,,,,,Qb,Qw,,,,,,,Pw,Kb,,,,,,,Rb,Rw,,,,,,,Bb,Nb,,,,,,,Qw,Rw,Nw,Pb,Kw,Bb,Nb,Pw,Qb	lightGray	0
4a22613b4c778533126b365e371062ca	2359	Rw,Rb,Nw,Qw,Kb,Rw,Nb,Pw,Pb,,,,,,,Nb,Rw,,,,,,,Rw,Bb,,,,,,,Kw,Qw,,,,,,,Qb,Pw,,,,,,,Nw,Rb,,,,,,,Rb,Kb,Nw,Qb,Kb,Rb,Bb,Qw,Bb	lightRed	0
4a26585f67402e9bbb4fd7e32f793490	230	Qw,Bb,Rw,Pb,Qb,Bw,Nb,Qw,Pb,,,,,,,Qb,Rw,,,,,,,Bw,Bw,,,Nb,Nb,,,Rw,Qb,,,Nb,Nb,,,Pb,Pw,,,,,,,Qw,Rb,,,,,,,Bb,Bw,Rw,Kw,Qw,Nb,Pb,Kb,Rw	lightGray	0
4a2eee8e9819579b85c58e26fb3f2a5d	215	Bw,Kw,Bb,Nb,Pw,Kb,Bw,Bb,Nb,,,,,,,Rb,Rw,,,,,,,Nw,Kb,,,Qb,Qb,,,Qb,Qw,,,Qb,Qb,,,Kw,Nw,,,,,,,Rw,Rb,,,,,,,Nb,Bb,Kw,Rw,Nb,Qw,Kb,Rb,Kb	darkGray	0
4a38a92aef63e9e186b9b8d85eac1663	3233	Pw,Kw,Qb,Nb,Rw,Kb,Qw,Bw,Pw,,,,,,,Pb,Rb,,,,,,,Qb,Bw,,,,,,,Bb,Qb,,,,,,,Rw,Pb,,,,,,,Pw,Rw,,,,,,,Qw,Pb,Pw,Qw,Bw,Rb,Pb,Qb,Kw	darkGray	0
4a3e0a8a6a87da03d5c71084e637cb9f	3365	Rb,Kw,Pw,Nb,Bw,Qb,Pb,Qw,Bw,,,,,,,Nb,Nb,,,,,,,Pw,Rw,,,Nb,Nb,,,Kw,Kw,,,Nb,Nb,,,Bb,Qb,,,,,,,Rw,Nw,,,,,,,Pb,Pb,Pb,Kb,Bb,Nw,Pw,Kw,Bw	lightGray	0
4a405a7065d7b479c59d1f34d34be28a	1183	Bw,Rw,Nb,Qw,Kb,Rb,Nw,Bw,Nw,,,,,,,Qw,Bb,,,,,,,Bb,Kb,,,,,,,Nb,Pb,,,,,,,Pw,Nb,,,,,,,Qb,Bw,,,,,,,Bw,Kw,Kw,Rw,Nb,Qw,Kb,Pb,Qw	lightGray	0
4a4a76b08f6dd56b30c976e2ed1187b7	20	Qw,Nw,Qb,Kb,Rb,Nb,Qw,Pb,Kw,,,,,,,Kw,Pw,,,,,,,Rw,Nw,,,Bb,Bb,,,Bw,Bb,,,Bb,Bb,,,Qb,Kb,,,,,,,Pw,Qb,,,,,,,Rb,Bb,Kw,Rw,Nw,Qb,Kb,Rb,Nw	lightRed	0
4a51b343169569b2ae5e62603395e0ef	1980	Rb,Bw,Rb,Pb,Qb,Bb,Rw,Bb,Nb,,,,,,,Qb,Bw,,,,,,,Kw,Kb,,,,,,,Rb,Pb,,,,,,,Bw,Nw,,,,,,,Qw,Qb,,,,,,,Kb,Nw,Kw,Bb,Nb,Pw,Kb,Bw,Kw	lightRed	1
4a554727f8a07d07fa28cbba5c6e7562	1860	Rw,Pb,Rw,Bb,Kw,Pw,Rb,Rw,Bb,,,,,,,Rw,Kw,,,,,,,Rw,Pw,,,,,,,Rw,Nb,,,,,,,Rw,Bw,,,,,,,Rw,Kb,,,,,,,Rw,Bb,Pw,Kw,Bw,Nb,Pb,Kb,Rw	lightGray	0
4a55be29b97aa7f9576644d9e53f4417	2805	Qw,Pb,Rw,Bb,Qw,Pw,Rb,Pw,Qw,,,,,,,Qw,Kb,,,,,,,Nb,Rw,,,,,,,Rb,Bb,,,,,,,Kb,Qb,,,,,,,Qb,Pb,,,,,,,Nw,Bw,Pw,Nb,Bw,Kb,Pb,Nw,Kw	lightGray	0
4a6818de818d830b1c03711dd6a50dc5	933	Bb,Nw,Pb,Kb,Bw,Nb,Pw,Qw,Bb,,,,,,,Kw,Qw,,,,,,,Pw,Pw,,,Rb,Rb,,,Nw,Rb,,,Rb,Rb,,,Bb,Bw,,,,,,,Kb,Qb,,,,,,,Pb,Qb,Kb,Qw,Nw,Rb,Pb,Qb,Pb	lightRed	0
4a7a8c8a0a8b3adcb5dff67f3c5a90e6	1299	Pb,Qw,Nb,Rw,Kw,Qb,Nw,Kw,Qw,,,,,,,Qb,Kb,,,,,,,Bw,Pb,,,Nb,Nb,,,Rb,Nw,,,Nb,Nb,,,Pw,Qb,,,,,,,Qw,Kw,,,,,,,Bb,Nw,Nb,Qw,Kb,Rb,Nw,Qb,Kw	darkGray	0
4a7d6d74d2533e546517098df8fec6b5	1809	Rw,Rw,Rw,Rw,Rw,Rw,Rw,Rw,Pw,,,,,,,Bb,Rb,,,,,,,Kw,Bw,,,,,,,Pb,Qb,,,,,,,Nw,Pb,,,,,,,Bw,Rw,,,,,,,Kb,Kw,Nb,Rw,Kw,Qb,Nw,Rb,Nb	lightRed	0
4a89aa5826ed87ec88824f4fe0ce8e32	2477	Rb,Kw,Bb,Rb,Pw,Kb,Bw,Nb,Kb,,,,,,,Pw,Pb,,,,,,,Nb,Nw,,,,,,,Bw,Bb,,,,,,,Kb,Kw,,,,,,,Pb,Pw,,,,,,,Nw,Bb,Nw,Rb,Kb,Qw,Nb,Rw,Rb	lightRed	0
4a9f122c8c6363a8f0590688ff19fe92	3099	Nw,Nb,Rw,Pb,Qb,Bw,Rb,Pb,Rb,,,,,,,Nw,Nw,,,,,,,Bb,Qw,,,,,,,Kb,Kb,,,,,,,Pb,Rw,,,,,,,Nb,Nb,,,,,,,Bw,Bw,Kw,Rw,Nb,Qw,Kb,Rb,Rb	lightRed	0
4aa02df7026f47ec820b85d0be6cce5f	1770	Pw,Kb,Rb,Nb,Qw,Kw,Rw,Kw,Qb,,,,,,,Nb,Bw,,,,,,,Rw,Rw,,,Rb,Rb,,,Kb,Kw,,,Rb,Rb,,,Qw,Qw,,,,,,,Nw,Nb,,,,,,,Pb,Qb,Qb,Bw,Rb,Pw,Qw,Bb,Nw	darkRed	0
4aa3d7c124352810da51f1e29d730224	255	Kb,Rw,Pb,Qw,Bb,Rb,Pw,Pb,Qb,,,,,,,Bw,Kw,,,,,,,Qb,Rb,,,,,,,Pw,Nw,,,,,,,Rb,Qw,,,,,,,Nb,Kb,,,,,,,Qw,Qw,Qw,Pw,Rb,Bw,Kb,Pb,Rw	lightGray	0
4ab7ea5a570b4818c944b569c5726a64	2789	Kb,Pw,Qw,Bw,Rb,Pb,Qb,Rw,Pb,,,,,,,Bb,Nw,,,,,,,Kw,Bb,,,Pb,Pb,,,Pb,Kw,,,Pb,Pb,,,Nw,Pw,,,,,,,Bw,Nb,,,,,,,Kb,Kw,Nb,Qw,Kb,Rb,Nw,Qb,Qb	darkGray	0
4ad96aa9dfe549931eea5904552aa030	1999	Qw,Qb,Pb,Rw,Nb,Qw,Kb,Qw,Kb,,,,,,,Rb,Rb,,,,,,,Bw,Nw,,,,,,,Qb,Qb,,,,,,,Pb,Kw,,,,,,,Rw,Rw,,,,,,,Bb,Qb,Pb,Qb,Bw,Rb,Pw,Qw,Rw	darkRed	0
4ae9682c514b3516c7832483f5a7c67f	3171	Kw,Qw,Pw,Rb,Bw,Qb,Pb,Pb,Kw,,,,,,,Qb,Rw,,,,,,,Kw,Nw,,,,,,,Rb,Qb,,,,,,,Nw,Kb,,,,,,,Qw,Rb,,,,,,,Kb,Pw,Kb,Qw,Nb,Rw,Kw,Qb,Rw	lightGray	0
4af936660de58c7ca0d6a257b12408f5	3412	Bw,Bb,Nw,Pb,Kb,Bw,Rb,Bw,Nb,,,,,,,Qb,Rw,,,,,,,Pb,Kb,,,,,,,Rb,Qw,,,,,,,Bw,Bw,,,,,,,Qw,Rb,,,,,,,Pw,Nb,Nw,Rb,Kw,Qb,Bb,Rw,Rb	lightGray	0
4af968520ed1d77eefe81f2a86f95ff5	319	Pb,Bw,Kb,Pw,Nb,Bb,Kw,Qb,Pw,,,,,,,Rb,Nb,,,,,,,Pw,Bb,,,,,,,Qb,Kw,,,,,,,Bw,Kb,,,,,,,Rw,Nw,,,,,,,Pb,Nw,Kw,Pw,Nb,Bw,Kb,Rb,Bw	lightGray	0
4afd3a25e31087fb95cccb0d7ddf34b9	1220	Rw,Rb,Pw,Qw,Bb,Rw,Pb,Bb,Pw,,,,,,,Qb,Nb,,,,,,,Bw,Bb,,,,,,,Rb,Kw,,,,,,,Pw,Pb,,,,,,,Qw,Nw,,,,,,,Nb,Nw,Kb,Rb,Nb,Qw,Kw,Rw,Pb	lightRed	0
4b095392f5b6631d3704f3ae0c10f399	41	Nb,Kb,Pb,Nw,Bb,Kw,Pw,Bw,Qb,,,,,,,Rw,Pb,,,,,,,Pb,Rw,,,,,,,Qw,Bb,,,,,,,Bb,Qw,,,,,,,Rb,Pw,,,,,,,Pw,Pw,Nb,Qw,Kw,Rw,Nw,Qb,Rw	lightRed	0
4b15556ead345b76c3ca080ac6595cb3	1753	Pw,Bw,Kb,Pw,Nb,Bb,Kw,Bb,Kw,,,,,,,Rw,Qb,,,,,,,Nb,Nb,,,Bw,Bw,,,Qb,Rw,,,Bw,Bw,,,Kw,Kb,,,,,,,Rb,Qw,,,,,,,Nw,Rb,Kw,Bb,Nb,Pw,Qb,Bw,Qb	lightRed	0
4b2ea12c546059c296e814f5886baaa3	965	Nw,Rw,Kw,Qw,Nb,Rb,Kb,Bb,Nb,,,,,,,Kb,Pw,,,,,,,Bw,Kw,,,Rw,Rw,,,Nb,Bb,,,Rw,Rw,,,Pw,Nw,,,,,,,Kw,Pb,,,,,,,Bb,Nb,Kw,Bb,Nb,Pw,Kb,Bw,Rb	lightGray	0
4b34b55888422d035fb177b44838937d	460	Pw,Rb,Pw,Qw,Bb,Rw,Pb,Rw,Rw,,,,,,,Qw,Nb,,,,,,,Kb,Qw,,,,,,,Rb,Kb,,,,,,,Nw,Rb,,,,,,,Qb,Nw,,,,,,,Kw,Nb,Qw,Kb,Rb,Nw,Qb,Kw,Pw	lightGray	0
4b4a614e14eb61f855e788896bd6250d	1000	Rw,Nw,Rb,Kw,Qb,Nb,Rw,Bb,Qb,,,,,,,Pw,Bw,,,,,,,Nb,Rb,,,Pw,Pw,,,Bw,Pb,,,Pw,Pw,,,Qb,Qw,,,,,,,Pb,Bb,,,,,,,Rw,Nw,Pw,Rb,Bw,Qb,Pb,Rw,Rw	darkRed	0
4b63a37b0887238382b0cf0ce9b02105	2913	Nb,Qb,Nw,Rw,Kw,Qw,Nb,Pw,Kb,,,,,,,Nw,Pb,,,,,,,Rb,Nw,,,,,,,Kb,Bb,,,,,,,Qw,Kw,,,,,,,Nb,Pw,,,,,,,Rw,Nb,Kw,Rw,Nw,Qb,Kb,Rb,Bw	darkRed	0
4b6c485c6666bd9aa2a0cd4a83b8a2de	805	Rw,Bb,Kw,Pw,Rb,Bw,Qb,Pb,Pw,,,,,,,Bb,Nb,,,,,,,Rw,Bw,,,,,,,Pb,Kb,,,,,,,Qb,Pb,,,,,,,Bw,Nw,,,,,,,Rb,Pb,Bw,Qb,Pb,Rw,Bb,Qw,Kw	lightRed	0
4b7a7cd3ec79bd9ec3fe05c45f408c18	3531	Pw,Pb,Rw,Bw,Qb,Pw,Rb,Kb,Kw,,,,,,,Bw,Bb,,,,,,,Kb,Nb,,,Pb,Pb,,,Pw,Pw,,,Pb,Pb,,,Nb,Kb,,,,,,,Bb,Bw,,,,,,,Kw,Qb,Rw,Bb,Qw,Pw,Rb,Bw,Qb	darkRed	0
4b7ad8060a839403730b6a2d5a9eff2e	836	Bw,Pb,Rw,Bw,Qb,Pw,Rb,Rb,Kw,,,,,,,Nw,Qb,,,,,,,Pb,Nb,,,Pb,Pb,,,Kb,Rw,,,Pb,Pb,,,Bw,Kb,,,,,,,Nb,Qw,,,,,,,Rw,Bb,Bw,Kb,Pw,Nb,Bb,Kw,Nb	darkGray	0
4b7de9cf0a609bf50801dee4be8712a6	315	Bb,Kb,Bw,Nb,Pw,Kw,Bb,Qb,Rb,,,,,,,Pb,Pw,,,,,,,Qb,Qb,,,,,,,Bw,Bw,,,,,,,Rb,Rw,,,,,,,Pw,Pb,,,,,,,Qw,Nw,Pw,Nb,Bw,Kb,Pb,Nw,Pb	darkRed	0
4b89746ad62dfe81e63eebad86e3e79e	1681	Bb,Pb,Qb,Bw,Rb,Kb,Qw,Rb,Bb,,,,,,,Kb,Qw,,,,,,,Rb,Pb,,,,,,,Nw,Rw,,,,,,,Qb,Bw,,,,,,,Kw,Qb,,,,,,,Rw,Qb,Bb,Nw,Pw,Kw,Bw,Nb,Kw	lightGray	0
4b8eb466c33717d4c16007c4eb87a15b	2061	Rb,Bw,Rb,Pw,Kw,Bb,Nw,Qw,Bw,,,,,,,Bw,Rb,,,,,,,Kb,Pw,,,Bb,Bb,,,Pw,Qw,,,Bb,Bb,,,Nb,Bb,,,,,,,Bb,Rw,,,,,,,Kw,Bb,Pb,Kb,Bb,Nw,Pw,Kw,Kw	lightGray	0
4b932b5f3f9a817c35bc6ac2632d1b17	3943	Kw,Kb,Qw,Nb,Rw,Kw,Qb,Qb,Pw,,,,,,,Rw,Nb,,,,,,,Kw,Bw,,,Rb,Rb,,,Qw,Kb,,,Rb,Rb,,,Nb,Rb,,,,,,,Pb,Nw,,,,,,,Kb,Rw,Pw,Kw,Bb,Nw,Pb,Kb,Nw	lightRed	0
4b9c7abcf2cd511e91789cb21e4d4874	2870	Nw,Nb,Bw,Kb,Pb,Nw,Bb,Kb,Nw,,,,,,,Kb,Rb,,,,,,,Rb,Kw,,,,,,,Nw,Bb,,,,,,,Qb,Nb,,,,,,,Kw,Rw,,,,,,,Rw,Qw,Rb,Kb,Qb,Nw,Rw,Kw,Pb	lightGray	0
4ba195f90a2083368d5408c259edf6ec	1960	Nw,Nb,Rw,Kb,Qw,Nw,Rb,Rb,Kw,,,,,,,Pb,Rw,,,,,,,Qb,Nw,,,,,,,Bb,Qb,,,,,,,Rw,Kb,,,,,,,Pw,Rb,,,,,,,Qw,Rw,Pw,Kw,Bb,Nw,Pb,Kb,Kw	lightRed	0
4bb833a5fddfeb0b7aa0f11fdca4a014	1804	Bb,Rw,Kw,Qb,Nw,Pb,Kb,Rw,Nw,,,,,,,Bb,Qb,,,,,,,Qw,Kw,,,Pb,Pb,,,Pb,Rw,,,Pb,Pb,,,Rw,Nb,,,,,,,Bw,Qw,,,,,,,Qb,Bw,Nw,Pb,Kw,Bb,Nb,Pw,Kb	lightRed	0
4bbe07c9c46f4392262028cae45e0e64	4034	Pb,Bb,Rw,Pw,Qw,Bw,Nb,Rw,Qw,,,,,,,Rw,Bb,,,,,,,Rw,Rb,,,,,,,Rw,Pw,,,,,,,Rw,Kb,,,,,,,Rw,Bw,,,,,,,Rw,Nb,Bw,Qb,Pw,Rb,Bb,Qw,Rw	lightGray	0
4bc478947f315f6047400a8e89aa7ca2	3838	Nw,Rw,Bb,Qw,Pw,Rb,Bw,Bw,Qb,,,,,,,Bb,Rb,,,,,,,Nw,Nw,,,,,,,Pw,Qb,,,,,,,Qw,Pb,,,,,,,Bw,Rw,,,,,,,Rb,Qb,Nb,Rw,Qb,Qw,Nw,Rb,Nw	lightGray	0
4bcf10d4abd71dad196a090bf78844e5	33	Qb,Nw,Qb,Kw,Rw,Nb,Qw,Kw,Qw,,,,,,,Nb,Bb,,,,,,,Pw,Rb,,,Nb,Nb,,,Kw,Pw,,,Nb,Nb,,,Bb,Kb,,,,,,,Nw,Bw,,,,,,,Pb,Pw,Qb,Pb,Rb,Bw,Qw,Kb,Bw	lightGray	1
4be057efdca104f7f08e99cb400c73f1	2144	Pw,Qb,Bw,Rw,Pb,Qw,Bb,Rw,Bb,,,,,,,Rw,Kw,,,,,,,Rw,Pb,,,Nb,Nb,,,Rw,Nw,,,Nb,Nb,,,Rw,Bw,,,,,,,Rw,Qb,,,,,,,Rw,Rw,Kw,Rw,Nb,Qw,Pw,Rb,Rw	lightRed	0
4c1a8e29e76a41f51d75619229f1253b	3381	Rw,Rb,Nw,Qw,Kb,Rw,Nb,Rw,Kb,,,,,,,Kw,Qw,,,,,,,Pw,Bb,,,,,,,Rb,Rw,,,,,,,Bw,Pb,,,,,,,Kb,Qb,,,,,,,Pb,Pw,Nb,Bw,Kw,Pw,Nw,Bb,Qb	lightRed	0
4c31475816660e21c6a92c2f03aaf29c	966	Nw,Nb,Rw,Kb,Qw,Nw,Rb,Qb,Pw,,,,,,,Rw,Rb,,,,,,,Nb,Bw,,,Pb,Pb,,,Qb,Qb,,,Pb,Pb,,,Kw,Pb,,,,,,,Rb,Rw,,,,,,,Nw,Pb,Kb,Pb,Nw,Bb,Kw,Pw,Nb	lightGray	0
4c3e33e7b8643ed53f8e40cffcd2e1cb	1535	Rw,Qw,Bb,Rb,Pw,Qb,Bw,Nb,Pb,,,,,,,Pb,Nw,,,,,,,Qb,Bb,,,,,,,Bb,Kw,,,,,,,Rw,Pw,,,,,,,Pw,Nb,,,,,,,Qw,Bb,Kb,Qw,Nw,Rb,Kw,Qb,Pb	darkRed	0
4c45493de63d3cd86975a6fc15132865	415	Kw,Nw,Rb,Kb,Qw,Nb,Rw,Kw,Bw,,,,,,,Rw,Rb,,,,,,,Pb,Pw,,,Qb,Qb,,,Kb,Qw,,,Qb,Qb,,,Bw,Nb,,,,,,,Nb,Rw,,,,,,,Pw,Rw,Kb,Rb,Nb,Qw,Kw,Rw,Qw	lightGray	0
4c49b27273ecb052159dc2a882de8aaf	1922	Bw,Kw,Qb,Nw,Rb,Pw,Kw,Kw,Nw,,,,,,,Qb,Qb,,,,,,,Bw,Kb,,,Bb,Bb,,,Rb,Rb,,,Bb,Bb,,,Pw,Nb,,,,,,,Qw,Qw,,,,,,,Bb,Qb,Qw,Bb,Rb,Pw,Qb,Bw,Bw	lightRed	0
4c49f6fb7a5fee09e4f1f2826919220d	840	Qb,Qb,Bw,Rb,Pw,Qw,Bb,Pb,Rw,,,,,,,Bb,Pb,,,,,,,Kw,Qw,,,Bw,Bw,,,Pw,Bb,,,Bw,Bw,,,Rb,Rb,,,,,,,Bw,Pw,,,,,,,Qb,Rw,Rw,Rw,Rw,Rw,Rw,Rw,Rw	darkRed	0
4c63754196491554e0c437afdf965067	1200	Kb,Pw,Rb,Bb,Kw,Pb,Rw,Pb,Rw,,,,,,,Bb,Kw,,,,,,,Rw,Qw,,,,,,,Pw,Nb,,,,,,,Qw,Rb,,,,,,,Bw,Kb,,,,,,,Rb,Bb,Nb,Pw,Kb,Bw,Nw,Pb,Nb	lightRed	0
4c63dd2133bf5e709a5d891b5f9ea024	2415	Qb,Rw,Bb,Qw,Pw,Rb,Bw,Qb,Pb,,,,,,,Qb,Nw,,,,,,,Pb,Bb,,,,,,,Rb,Qw,,,,,,,Bw,Rw,,,,,,,Qw,Nb,,,,,,,Pw,Pw,Pw,Nb,Bw,Kb,Pb,Nw,Nw	lightRed	0
4c7ca7196aa8a599095d15b579798cbc	977	Rw,Qw,Kb,Rb,Nw,Qb,Kw,Rw,Qw,,,,,,,Rw,Nb,,,,,,,Rw,Rw,,,,,,,Rw,Pb,,,,,,,Rw,Qb,,,,,,,Rw,Nw,,,,,,,Rw,Qw,Nb,Qw,Kb,Rb,Bw,Qb,Rw	darkGray	0
4c841dd0ccdaf568ca54e84f234cfc8a	2608	Qb,Nw,Rb,Kw,Kb,Nb,Rw,Kb,Nw,,,,,,,Pb,Qb,,,,,,,Rw,Kb,,,Kb,Kb,,,Bb,Rb,,,Kb,Kb,,,Qw,Nb,,,,,,,Pw,Kw,,,,,,,Rb,Nb,Kw,Pw,Rb,Bw,Qb,Pb,Pw	lightGray	0
4c859a7f76d81092a58b8e5169747428	2471	Bb,Kb,Rb,Nw,Qb,Kw,Rw,Bb,Rb,,,,,,,Kw,Bw,,,,,,,Bb,Qw,,,,,,,Nb,Pw,,,,,,,Pw,Nw,,,,,,,Kb,Bb,,,,,,,Bw,Nb,Bb,Nw,Pb,Kb,Bw,Nb,Kw	lightRed	1
4c92b0c25b246be7b3b5a65a48701f29	3400	Nb,Kb,Bw,Rw,Pb,Kw,Bb,Rw,Nw,,,,,,,Rw,Rb,,,,,,,Bb,Kw,,,Bb,Bb,,,Qw,Qb,,,Bb,Bb,,,Pw,Nb,,,,,,,Rb,Rw,,,,,,,Bw,Kb,Kb,Bw,Nw,Pb,Kw,Bb,Kw	lightGray	0
4c974f627050dd17dd30cd5390ec9162	1646	Qb,Rw,Nb,Qb,Kw,Rb,Nw,Kw,Bb,,,,,,,Rw,Rw,,,,,,,Kw,Pw,,,,,,,Qb,Qw,,,,,,,Nw,Bw,,,,,,,Pb,Rb,,,,,,,Kb,Bw,Kb,Bw,Nb,Pw,Kw,Bb,Nw	lightRed	0
4cb333af248649fad534a6aba540596c	965	Nw,Rw,Kw,Qw,Nb,Rb,Kb,Bb,Nb,,,,,,,Kb,Pw,,,,,,,Bw,Kw,,,Rw,Rw,,,Nb,Bb,,,Rw,Rw,,,Pw,Nw,,,,,,,Kw,Pb,,,,,,,Bb,Nb,Kw,Bb,Nb,Pw,Kb,Bw,Rb	lightGray	0
4cb71a36a2fce1df8e61006c87fedd65	1996	Rw,Bw,Qb,Pw,Nb,Bb,Kw,Kb,Rw,,,,,,,Rb,Rw,,,,,,,Pw,Rw,,,,,,,Qw,Rw,,,,,,,Bb,Rw,,,,,,,Nw,Rw,,,,,,,Pb,Rw,Rw,Rw,Rw,Rw,Rw,Rw,Rw	darkRed	0
4cd366cab70aeecaf5992e339026565a	631	Pb,Pb,Qb,Bb,Rw,Pw,Qw,Rw,Kb,,,,,,,Pb,Bw,,,,,,,Kb,Nb,,,Rb,Rb,,,Bw,Pw,,,Rb,Rb,,,Nb,Kw,,,,,,,Pw,Bb,,,,,,,Kw,Rw,Qw,Pw,Rw,Bb,Qb,Kw,Qw	lightRed	1
4cde511a1d321be3488c2ee91151b576	995	Kw,Nw,Pb,Kw,Bb,Nb,Pw,Kw,Kw,,,,,,,Kw,Rw,,,,,,,Pw,Nb,,,,,,,Nw,Qw,,,,,,,Bb,Kb,,,,,,,Kb,Rb,,,,,,,Pb,Pw,Pb,Rw,Bb,Qw,Pw,Rb,Pw	darkGray	0
4ce160e08dbf1b9481011541cbe7e08a	543	Qb,Bw,Nb,Pb,Kb,Bb,Nw,Qw,Nw,,,,,,,Pb,Bb,,,,,,,Kb,Kw,,,,,,,Bw,Pw,,,,,,,Nb,Nb,,,,,,,Pw,Qw,,,,,,,Kw,Rw,Kw,Rw,Nb,Qw,Kb,Rb,Rb	lightRed	0
4ceb1e735252ba59686df5bbbe14b2da	872	Pb,Qw,Nb,Rw,Kw,Qb,Nw,Qb,Bb,,,,,,,Rb,Rw,,,,,,,Pw,Pb,,,Pw,Pw,,,Qw,Kb,,,Pw,Pw,,,Bb,Bw,,,,,,,Rw,Rb,,,,,,,Pb,Bw,Rw,Bb,Qw,Pw,Rb,Bw,Pw	darkGray	0
4cee41d539ca5fffc032f1ae017d46fa	2095	Nb,Qb,Pb,Rw,Nb,Qw,Pw,Pw,Qb,,,,,,,Kw,Pb,,,,,,,Qb,Rw,,,,,,,Nb,Bb,,,,,,,Rw,Qw,,,,,,,Kb,Kb,,,,,,,Qw,Qw,Pb,Nw,Bw,Kb,Pw,Rb,Nw	darkGray	0
4cf913f3e460b5974dfc43e378cbaa2e	3409	Bb,Pb,Qb,Bb,Rw,Pw,Qw,Kb,Pw,,,,,,,Bw,Qw,,,,,,,Qb,Bw,,,Qb,Qb,,,Pb,Nb,,,Qb,Qb,,,Rw,Pb,,,,,,,Bb,Qb,,,,,,,Kw,Bb,Rw,Kw,Qb,Nw,Rb,Kb,Nw	lightGray	0
4cfbbbf0df36ddb725b5fc247ec0cf0e	3024	Pb,Bb,Qw,Pb,Nw,Bw,Kb,Kb,Nw,,,,,,,Rb,Pb,,,,,,,Nw,Kw,,,Bb,Bb,,,Qw,Bb,,,Bb,Bb,,,Kb,Nb,,,,,,,Rw,Pw,,,,,,,Nb,Rw,Bb,Qw,Pw,Rb,Bw,Qb,Nb	lightRed	0
4d015e219d96a313a01c6f7c80d0bfb8	288	Pw,Pw,Rb,Bw,Qb,Kw,Rw,Pw,Qw,,,,,,,Pw,Pw,,,,,,,Qw,Rw,,,,,,,Bb,Bb,,,,,,,Rw,Qb,,,,,,,Pb,Kw,,,,,,,Qb,Kw,Nb,Bw,Kw,Rw,Nw,Qb,Rb	lightGray	0
4d0463d82701ecbf7054ac2070f6a69a	2972	Bb,Qb,Kw,Rb,Nw,Qw,Kb,Rw,Rw,,,,,,,Nw,Nb,,,,,,,Pb,Qw,,,,,,,Kb,Kb,,,,,,,Bw,Rb,,,,,,,Nb,Nw,,,,,,,Pw,Nb,Nb,Bw,Kb,Pb,Nw,Bb,Rb	darkGray	0
4d055165865889ff53bd3fe9e5363b84	1131	Nb,Bb,Qw,Pw,Rb,Bw,Qb,Qw,Rb,,,,,,,Qw,Kb,,,,,,,Bb,Qw,,,,,,,Rb,Nb,,,,,,,Pw,Rw,,,,,,,Qb,Pb,,,,,,,Bw,Qb,Pb,Kb,Bw,Nb,Pw,Kw,Pb	lightGray	0
4d19af9e9dbdc9dd6bb1ada6719ee25c	267	Nw,Bb,Qw,Pb,Rw,Bw,Qb,Pb,Bw,,,,,,,Qw,Nb,,,,,,,Nb,Pb,,,Pw,Pw,,,Rb,Kb,,,Pw,Pw,,,Kb,Bb,,,,,,,Qb,Nw,,,,,,,Nw,Rw,Bw,Qb,Pw,Rb,Bb,Qw,Bw	lightRed	0
4d1fc207f06ae87609c1c357455f60df	3676	Bb,Nw,Rb,Kb,Qw,Nb,Rw,Pb,Nw,,,,,,,Nw,Bb,,,,,,,Rb,Kw,,,Rb,Rb,,,Kw,Pw,,,Rb,Rb,,,Qb,Nb,,,,,,,Nb,Qw,,,,,,,Rw,Rw,Qw,Kb,Rb,Nw,Qb,Kw,Pw	darkGray	0
4d2ab2ca0ff8b258bdb7bc0cf2950b3f	544	Rw,Rw,Rw,Rw,Rw,Rw,Rw,Rw,Nw,,,,,,,Rw,Pb,,,,,,,Pb,Kb,,,,,,,Qw,Bw,,,,,,,Bb,Nb,,,,,,,Rb,Pw,,,,,,,Pw,Bw,Kb,Pb,Nw,Bb,Kw,Pw,Qb	darkRed	0
4d3744e2990a83455bbcce18f1c3f328	2362	Qw,Qb,Nw,Rw,Kw,Qw,Nb,Kw,Kw,,,,,,,Qb,Pw,,,,,,,Nw,Nw,,,,,,,Rw,Bb,,,,,,,Kw,Kb,,,,,,,Qw,Pb,,,,,,,Nb,Rw,Rw,Rw,Rw,Rw,Rw,Rw,Rw	darkRed	0
4d5fe879a9b05160a0392e03679766bd	742	Rb,Kb,Pb,Nb,Bw,Kw,Pw,Qb,Qw,,,,,,,Qb,Kb,,,,,,,Bw,Rb,,,,,,,Rw,Nw,,,,,,,Pb,Qb,,,,,,,Qw,Kw,,,,,,,Bb,Kw,Pw,Qw,Bb,Rw,Pb,Qb,Nb	lightGray	0
4d7cbabcf4b05acaa29f93d2e66bebe6	2409	Kb,Nb,Qw,Kw,Rw,Nw,Qb,Bw,Nw,,,,,,,Kb,Bb,,,,,,,Pb,Kw,,,,,,,Nb,Pw,,,,,,,Bw,Nb,,,,,,,Kw,Bw,,,,,,,Pw,Kw,Qb,Nw,Rb,Kb,Qw,Nb,Kb	darkRed	0
4d8259ce78752c59006ef5cd7dafa7dd	1164	Bb,Nb,Bw,Kw,Pw,Nw,Bb,Rw,Rw,,,,,,,Nb,Kw,,,,,,,Bw,Qw,,,,,,,Kw,Nb,,,,,,,Rw,Rb,,,,,,,Nw,Kb,,,,,,,Bb,Nw,Bw,Qb,Pw,Rb,Bb,Qw,Pw	darkGray	0
4d914a040675bc090f1fd8baa7dce319	1684	Nw,Bw,Rb,Pw,Qw,Bb,Rw,Nb,Bb,,,,,,,Rw,Kw,,,,,,,Nb,Pw,,,,,,,Qw,Nb,,,,,,,Kb,Bw,,,,,,,Rb,Kb,,,,,,,Nw,Nb,Qb,Kw,Rb,Nw,Qw,Kb,Kw	darkGray	0
4dafb8e8962ed770bbac0e8355f0a82a	2450	Pw,Pb,Qb,Bw,Rb,Pw,Qw,Bb,Qb,,,,,,,Qw,Kw,,,,,,,Bb,Rb,,,Pw,Pw,,,Rw,Nw,,,Pw,Pw,,,Pb,Qw,,,,,,,Qb,Kb,,,,,,,Nw,Rb,Bb,Nw,Pb,Kb,Bw,Rb,Pw	lightGray	0
4dc1b6de6dbec488a2a2c097c02e141b	1451	Bw,Rb,Bw,Qb,Pb,Rw,Bb,Qw,Nb,,,,,,,Bb,Rw,,,,,,,Rw,Kb,,,Bw,Bw,,,Pw,Qw,,,Bw,Bw,,,Qw,Nw,,,,,,,Nw,Rb,,,,,,,Rb,Qb,Rw,Pb,Qw,Bb,Rb,Pw,Qb	lightRed	0
4dc3d0f968b5c1f7eea5f351ba342211	1006	Nw,Rw,Pb,Qb,Bw,Rb,Pw,Qb,Bw,,,,,,,Nw,Qb,,,,,,,Bb,Pb,,,Rb,Rb,,,Kb,Rw,,,Rb,Rb,,,Pb,Bb,,,,,,,Nb,Qw,,,,,,,Bw,Nw,Qb,Nw,Rw,Kw,Qw,Bb,Bb	lightRed	0
4dc58916fc3a3e01d7895cb2380a8a93	1028	Bb,Nw,Pb,Kb,Bw,Nb,Pw,Pw,Nb,,,,,,,Kw,Bw,,,,,,,Rw,Kw,,,,,,,Nb,Pw,,,,,,,Qw,Nw,,,,,,,Kb,Bb,,,,,,,Rb,Pw,Rw,Pb,Qb,Bw,Rb,Pw,Nb	darkRed	0
4dce70024d33eb93be5a899c0775c974	234	Qb,Nw,Qb,Qw,Pw,Nb,Bw,Bb,Kw,,,,,,,Bb,Qb,,,,,,,Rw,Nw,,,,,,,Pb,Rb,,,,,,,Qb,Kb,,,,,,,Bw,Qw,,,,,,,Rb,Pw,Rb,Nw,Qb,Kw,Rw,Nb,Qw	darkRed	0
4dd144cdc54f6e33d429a0dcefe48dcc	1321	Rw,Pw,Rb,Nw,Qb,Pb,Rw,Nb,Pb,,,,,,,Qb,Nw,,,,,,,Kw,Bb,,,,,,,Pw,Kw,,,,,,,Nb,Pw,,,,,,,Qw,Nb,,,,,,,Kb,Nw,Qb,Kw,Rb,Nw,Qw,Kb,Bw	lightGray	0
4ddb8ab6a190609b7c459c2e6c15d836	1381	Kb,Qb,Pb,Rb,Bw,Qw,Pw,Nb,Nw,,,,,,,Kb,Pb,,,,,,,Qw,Kw,,,,,,,Nb,Bb,,,,,,,Rw,Nb,,,,,,,Kw,Pw,,,,,,,Qb,Rb,Rw,Kw,Qb,Bw,Rb,Kb,Pb	lightGray	0
4dde9699d7d1354d60b915706ad20c9c	1757	Bw,Qb,Bw,Rb,Pw,Qw,Bb,Bw,Nw,,,,,,,Qw,Rb,,,,,,,Nb,Kw,,,,,,,Rw,Qb,,,,,,,Kw,Nb,,,,,,,Qb,Rw,,,,,,,Nw,Rb,Bw,Nb,Pw,Kw,Bb,Rw,Qw	lightRed	0
4de5b0249d5b5e96400fef165087a56f	3743	Pb,Rw,Kw,Qw,Nb,Rb,Kb,Qw,Rb,,,,,,,Pb,Pw,,,,,,,Kb,Qw,,,,,,,Bw,Bb,,,,,,,Nb,Rw,,,,,,,Pw,Pb,,,,,,,Kw,Nw,Rb,Kb,Qb,Nw,Rw,Kw,Rb	darkGray	0
4df59df594f12295198b2444ffdcb6b0	1329	Rw,Qb,Kw,Rw,Nb,Qw,Kb,Qb,Qw,,,,,,,Kb,Nb,,,,,,,Pb,Rb,,,Rb,Rb,,,Nw,Kb,,,Rb,Rb,,,Bb,Qb,,,,,,,Kw,Nw,,,,,,,Pw,Bb,Bw,Kb,Rw,Nb,Qb,Kw,Kb	lightRed	0
4dfe55d1feea415142528c70f368262c	3907	Rw,Bb,Kw,Pb,Nw,Bw,Kb,Bb,Kw,,,,,,,Rb,Bb,,,,,,,Nw,Rb,,,,,,,Kw,Pw,,,,,,,Kb,Qb,,,,,,,Rw,Bw,,,,,,,Nb,Rw,Rb,Nw,Kw,Kb,Rw,Nb,Pw	darkRed	0
4e056081acc1e7b4214f8665a78c01ec	2	Pw,Qw,Kb,Rw,Pb,Qb,Nw,Rb,Pw,,,,,,,Qw,Kw,,,,,,,Qb,Kb,,,,,,,Rw,Nw,,,,,,,Nb,Pb,,,,,,,Qb,Kb,,,,,,,Qw,Nb,Kb,Kw,Nb,Pw,Qw,Kb,Pw	darkRed	0
4e14e082974bae6f61b342c1994894db	2909	Kw,Rw,Bb,Qw,Pw,Rb,Bw,Nb,Kb,,,,,,,Bw,Bw,,,,,,,Qb,Nb,,,Pb,Pb,,,Pb,Rw,,,Pb,Pb,,,Rw,Kw,,,,,,,Bb,Bb,,,,,,,Qw,Nb,Kw,Rw,Nb,Qw,Kb,Rb,Nb	darkGray	0
4e20201e2588433510a956307cc2fcd6	2325	Pw,Qb,Pb,Rw,Bb,Qw,Pw,Bw,Rb,,,,,,,Rb,Nw,,,,,,,Pw,Qw,,,,,,,Qw,Kb,,,,,,,Bb,Rw,,,,,,,Rw,Nb,,,,,,,Pb,Qw,Rb,Nw,Qb,Kw,Rw,Nb,Pb	darkRed	0
4e22a570fc7a3ab44c2435ee10fa3305	3845	Qw,Kb,Qw,Nw,Rb,Kw,Qb,Bb,Bw,,,,,,,Bb,Qb,,,,,,,Kw,Pb,,,Nb,Nb,,,Pw,Rw,,,Nb,Nb,,,Nb,Bb,,,,,,,Bw,Qw,,,,,,,Kb,Qb,Qw,Pw,Rb,Bw,Qb,Pb,Kb	lightRed	0
4e267f07a5e204c305bd5f39cf334749	1027	Bb,Bw,Kb,Pw,Nb,Bb,Kw,Pb,Qw,,,,,,,Bb,Pw,,,,,,,Kw,Rb,,,Nb,Nb,,,Pb,Bw,,,Nb,Nb,,,Nw,Kb,,,,,,,Bw,Pb,,,,,,,Kb,Rb,Kw,Bb,Nb,Pw,Kb,Qw,Bw	lightRed	0
4e2cb056574813e0516053c7802f8fb4	3429	Nw,Pb,Nw,Bw,Kb,Pw,Nb,Kw,Kb,,,,,,,Qb,Qb,,,,,,,Bw,Nw,,,Pb,Pb,,,Rw,Bb,,,Pb,Pb,,,Pb,Kw,,,,,,,Qw,Pw,,,,,,,Bb,Nw,Kw,Pw,Nw,Bb,Kb,Pb,Rb	darkRed	0
4e418d1825405be1eb5b545eb4e7bd9b	1733	Qw,Pb,Kb,Bb,Nw,Pw,Kw,Qb,Pw,,,,,,,Kw,Kw,,,,,,,Bb,Bw,,,Pb,Pb,,,Nb,Nb,,,Pb,Pb,,,Pw,Pb,,,,,,,Kb,Kb,,,,,,,Bw,Bb,Bw,Nb,Pw,Kw,Bb,Nw,Qw	darkRed	0
4e4f9f76e4ed83c8fa22805882125f9f	1130	Rw,Pb,Qb,Bb,Rw,Pw,Qw,Qb,Rw,,,,,,,Rw,Rw,,,,,,,Nb,Rw,,,Bb,Bb,,,Qb,Rw,,,Bb,Bb,,,Kw,Rw,,,,,,,Pb,Rw,,,,,,,Nw,Rw,Qw,Nb,Rw,Pb,Qb,Nw,Nw	lightRed	0
4e53c3ae6b714a358c35546bdd7b565a	594	Rb,Kw,Bb,Nb,Pw,Qb,Bw,Qb,Rb,,,,,,,Nb,Bw,,,,,,,Bw,Qb,,,Nb,Nb,,,Kb,Pb,,,Nb,Nb,,,Pb,Rw,,,,,,,Nw,Bb,,,,,,,Bb,Nw,Qb,Bw,Rw,Pb,Qw,Bb,Nb	darkRed	0
4e66fec96ecbd09dcfb39ae4d82e96ab	2861	Kb,Nb,Qw,Kw,Rw,Nw,Bb,Nb,Rw,,,,,,,Nb,Bb,,,,,,,Qw,Qb,,,Rb,Rb,,,Kb,Pb,,,Rb,Rb,,,Rb,Rb,,,,,,,Nw,Bw,,,,,,,Qb,Qw,Qw,Bb,Rw,Pb,Qb,Bw,Rw	lightRed	0
4e8de4a2d20820444d0e9a1fdf4a562f	3671	Kw,Nw,Qb,Kb,Rb,Nb,Qw,Bb,Bw,,,,,,,Kb,Kb,,,,,,,Pb,Pb,,,Pb,Pb,,,Nb,Nw,,,Pb,Pb,,,Bw,Bb,,,,,,,Kw,Kw,,,,,,,Pw,Kw,Pw,Rb,Bb,Qw,Pb,Rw,Bb	lightRed	0
4e924018a08d6e4798fa23a7be9d985e	2230	Nb,Rb,Pw,Qw,Bb,Rw,Kw,Rw,Nb,,,,,,,Rb,Bw,,,,,,,Nw,Kb,,,Rb,Rb,,,Bb,Pb,,,Rb,Rb,,,Kw,Rw,,,,,,,Pw,Bb,,,,,,,Nb,Pw,Qb,Kw,Rw,Nb,Qw,Kb,Kb	lightGray	0
4e972527aa59a6edfa4c8b65c45c73c9	2172	Rw,Bw,Kb,Pb,Nw,Bb,Kw,Nw,Bb,,,,,,,Rw,Nw,,,,,,,Kw,Pb,,,,,,,Qb,Kb,,,,,,,Nw,Bw,,,,,,,Rb,Nb,,,,,,,Kb,Bb,Qw,Bb,Rw,Pb,Qb,Bw,Qb	lightRed	0
4e9bc035fc7ceac38931a2a2d77c7eee	2402	Nw,Kw,Pw,Nb,Bw,Kb,Pb,Nb,Bw,,,,,,,Pb,Nb,,,,,,,Rw,Pw,,,Pw,Pw,,,Bw,Kw,,,Pw,Pw,,,Qb,Bb,,,,,,,Pw,Nw,,,,,,,Nb,Bw,Pw,Qw,Bw,Rb,Pb,Qb,Rb	darkRed	0
4ea13731fe9126ce04ee71994190f7c6	1459	Rw,Qb,Nw,Rw,Kw,Qw,Bb,Qb,Rw,,,,,,,Nw,Bb,,,,,,,Pb,Qb,,,,,,,Kw,Pb,,,,,,,Bb,Rb,,,,,,,Nb,Nw,,,,,,,Pw,Pb,Nb,Bw,Kb,Pb,Nw,Bb,Pw	darkRed	0
4eada84f0f137e0f112000ab4a0b1dad	451	Kb,Kb,Qw,Nb,Rw,Kw,Qb,Kw,Pw,,,,,,,Pw,Kw,,,,,,,Rb,Bw,,,Pb,Pb,,,Bb,Nb,,,Pb,Pb,,,Qw,Pb,,,,,,,Pb,Qb,,,,,,,Rw,Kb,Bw,Rb,Kw,Qb,Nb,Rw,Kb	darkGray	0
4eb0ade5427da8df88654bd3781d44e0	690	Kw,Kb,Pb,Nb,Bw,Kw,Pw,Kb,Bw,,,,,,,Rw,Rb,,,,,,,Pb,Pb,,,Pw,Pw,,,Qw,Qb,,,Pw,Pw,,,Bb,Bb,,,,,,,Rb,Rw,,,,,,,Pw,Qb,Qw,Pw,Rw,Bb,Qb,Pb,Nw	lightGray	0
4ebbd539c09cf9937624660d70205378	23	Nb,Rw,Nb,Qb,Kw,Rb,Nw,Qw,Pb,,,,,,,Kw,Qb,,,,,,,Rw,Bb,,,Pb,Pb,,,Nw,Rw,,,Pb,Pb,,,Qb,Pw,,,,,,,Kb,Qw,,,,,,,Rb,Pw,Kb,Bw,Nw,Pb,Kw,Bb,Rb	lightGray	0
4ebe5c6b406b635b7986b88d1d3ab687	4015	Nb,Pw,Qw,Bb,Rw,Pb,Qb,Nw,Rb,,,,,,,Bb,Kb,,,,,,,Nw,Qb,,,Pb,Pb,,,Pw,Nw,,,Pb,Pb,,,Kw,Rw,,,,,,,Bw,Kw,,,,,,,Nb,Pw,Nb,Rw,Kb,Qw,Nw,Rb,Nb	lightGray	1
4ec0524a3a4074d14d2f541025c77918	358	Kb,Bb,Kw,Pw,Nb,Bw,Kb,Kw,Pw,,,,,,,Bb,Qw,,,,,,,Rw,Bb,,,,,,,Pw,Rw,,,,,,,Qw,Pb,,,,,,,Bw,Qb,,,,,,,Rb,Bb,Rw,Bb,Qb,Pb,Rb,Bw,Nw	lightGray	0
4ecdc4874b477f5659dffc1b67fb3c3d	105	Kb,Nw,Pb,Kw,Bb,Nb,Pw,Nb,Rw,,,,,,,Nw,Bb,,,,,,,Rb,Qb,,,Rb,Rb,,,Kb,Pb,,,Rb,Rb,,,Qw,Rb,,,,,,,Nb,Bw,,,,,,,Rw,Pb,Rb,Nw,Qw,Kb,Rw,Nb,Pb	lightGray	0
4ece5e61e32fd21ceb93668005bd99ba	2728	Bw,Qb,Bw,Rw,Pb,Qw,Bb,Bb,Nb,,,,,,,Kb,Bw,,,,,,,Qw,Kw,,,,,,,Nw,Pw,,,,,,,Rb,Nw,,,,,,,Pb,Bb,,,,,,,Qb,Pw,Pb,Kb,Bw,Nb,Pw,Kw,Qw	darkRed	0
4f07023ac4d3491eb6fcfffa49c25268	1500	Rw,Rw,Bb,Qw,Pw,Nb,Bw,Pw,Rb,,,,,,,Rw,Bw,,,,,,,Bb,Qw,,,,,,,Qb,Pw,,,,,,,Pb,Rw,,,,,,,Rb,Bb,,,,,,,Bw,Kb,Nw,Bb,Kb,Pb,Nb,Bw,Pw	lightRed	0
4f094ce625728a595bef11a8b42dad4d	1299	Pb,Qw,Nb,Rw,Kw,Qb,Nw,Kw,Qw,,,,,,,Qb,Kb,,,,,,,Bw,Pb,,,Nb,Nb,,,Rb,Nw,,,Nb,Nb,,,Pw,Qb,,,,,,,Qw,Kw,,,,,,,Bb,Nw,Nb,Qw,Kb,Rb,Nw,Qb,Kw	lightGray	0
4f19b586f22e745c8030bde41b6b61bc	2228	Bb,Qb,Pb,Rw,Bb,Qw,Kb,Nw,Kw,,,,,,,Qb,Pw,,,,,,,Kw,Rb,,,,,,,Rw,Bw,,,,,,,Nb,Kb,,,,,,,Qw,Pb,,,,,,,Kb,Rw,Rw,Rw,Rw,Rw,Rw,Rw,Rw	darkGray	0
4f20eeef564050f0f4d9927de3127351	4090	Rw,Bw,Rb,Pw,Qw,Bb,Rw,Nb,Nb,,,,,,,Qw,Qw,,,,,,,Pw,Pb,,,,,,,Rb,Rw,,,,,,,Bw,Bw,,,,,,,Qb,Qb,,,,,,,Pb,Nb,Kb,Rb,Nw,Bb,Kw,Pw,Nw	darkRed	1
4f2dcc4204b013af1cc48490fc21c25c	3302	Nw,Kw,Bb,Nw,Rb,Kb,Bw,Pb,Bb,,,,,,,Kw,Qw,,,,,,,Rw,Pb,,,,,,,Nb,Nw,,,,,,,Qw,Bw,,,,,,,Kb,Qb,,,,,,,Rb,Pw,Bb,Qw,Pw,Rb,Bw,Qb,Rw	darkRed	0
4f497bd5ab0d100902f8967e09a40281	2945	Nw,Pw,Rb,Bb,Qw,Pb,Rw,Kw,Pb,,,,,,,Kw,Kb,,,,,,,Rw,Bw,,,Bb,Bb,,,Nb,Nb,,,Bb,Bb,,,Qw,Pw,,,,,,,Kb,Kw,,,,,,,Rb,Bw,Rb,Bw,Qb,Pb,Rw,Bb,Pw	lightGray	0
4f5c34ac1b973e59b1cd8f68060b601e	1408	Rw,Rw,Rw,Rw,Rw,Rw,Rw,Rw,Qw,,,,,,,Nw,Kb,,,,,,,Qb,Rw,,,,,,,Kb,Nb,,,,,,,Rb,Bb,,,,,,,Nb,Kw,,,,,,,Qw,Pw,Kw,Qb,Nb,Rw,Pw,Qw,Nw	darkRed	0
4f685098eb4cd6a58f96e90f606f755b	1166	Nb,Bb,Rw,Pw,Qw,Bw,Rb,Bw,Rw,,,,,,,Qb,Pb,,,,,,,Bw,Qw,,,Nw,Nw,,,Rw,Bb,,,Nw,Nw,,,Pb,Rb,,,,,,,Kw,Pw,,,,,,,Bb,Bb,Nb,Rw,Kb,Qw,Nw,Rb,Kw	lightRed	0
4f6bae7df15b2c741978fdc32d4b8a65	3138	Qb,Rw,Bb,Qw,Pw,Nb,Bw,Kb,Bb,,,,,,,Nw,Kw,,,,,,,Pb,Pb,,,Rb,Rb,,,Kw,Nw,,,Rb,Rb,,,Bb,Bw,,,,,,,Nb,Qb,,,,,,,Pw,Nb,Nb,Rw,Kb,Kw,Nw,Rb,Rb	darkGray	0
4f6d2ab441456e0fb78363a75e7d2228	267	Nw,Bb,Qw,Pb,Rw,Bw,Qb,Pb,Bw,,,,,,,Qw,Nb,,,,,,,Nb,Pb,,,Pw,Pw,,,Rb,Kb,,,Pw,Pw,,,Kb,Bb,,,,,,,Qb,Nw,,,,,,,Nw,Rw,Bw,Qb,Pw,Rb,Bb,Qw,Bw	lightRed	0
4f75bc547ddd7a31f8c51ba4300f7dfd	1445	Rb,Pb,Qb,Bb,Rw,Pw,Qw,Rw,Bw,,,,,,,Bw,Qb,,,,,,,Kb,Kw,,,Rw,Rw,,,Pb,Rw,,,Rw,Rw,,,Nw,Bb,,,,,,,Bb,Qw,,,,,,,Kw,Rw,Bb,Kw,Pb,Nw,Bw,Kb,Kw	lightRed	0
4f8436bfe438be91a21e1edd6a1f1b5a	1757	Bw,Qb,Bw,Rb,Pw,Qw,Bb,Bw,Nw,,,,,,,Qw,Rb,,,,,,,Nb,Kw,,,,,,,Rw,Qb,,,,,,,Kw,Nb,,,,,,,Qb,Rw,,,,,,,Nw,Rb,Bw,Nb,Pw,Kw,Bb,Rw,Qw	lightRed	0
4f84ce7266a36e27bbd9c5312279a1bf	2456	Nw,Kw,Qb,Nb,Rw,Kb,Qw,Bw,Nw,,,,,,,Qb,Qb,,,,,,,Bw,Kw,,,Bb,Bb,,,Rw,Pw,,,Bb,Bb,,,Pb,Nb,,,,,,,Qw,Bw,,,,,,,Bb,Rw,Rw,Rw,Rw,Rw,Rw,Rw,Rw	lightRed	0
4f8631992efed53269927ae28277c004	3394	Rw,Nw,Rb,Kw,Qb,Nb,Rw,Nb,Bb,,,,,,,Bb,Nw,,,,,,,Nw,Pb,,,Bb,Bb,,,Pb,Kb,,,Bb,Bb,,,Kb,Bw,,,,,,,Bw,Nb,,,,,,,Nb,Qw,Qb,Pb,Rb,Bw,Qw,Pw,Nw	lightRed	0
4f9e22bd957eb79654663823340bda44	1673	Bw,Pw,Rb,Bw,Qb,Pb,Rw,Kw,Qb,,,,,,,Kw,Kw,,,,,,,Bb,Rb,,,,,,,Bb,Nw,,,,,,,Pw,Kw,,,,,,,Kb,Kb,,,,,,,Bw,Nw,Pb,Nw,Bb,Kw,Pw,Rb,Kw	darkRed	0
4fa77a13ec7f3cba783ac4b8d8b7703f	3310	Bb,Rb,Kb,Qw,Nb,Rw,Kw,Rb,Rw,,,,,,,Kw,Kw,,,,,,,Bb,Qw,,,Pb,Pb,,,Nb,Nb,,,Pb,Pb,,,Pw,Rb,,,,,,,Kb,Pw,,,,,,,Bw,Bw,Nb,Rw,Kw,Qb,Nw,Rb,Kb	lightRed	0
4fb2102288bc09eb08c45329c2d7c842	2127	Bw,Nb,Pw,Kw,Bb,Nw,Pb,Kw,Rb,,,,,,,Nw,Pw,,,,,,,Bb,Qw,,,,,,,Kb,Bb,,,,,,,Pb,Rw,,,,,,,Nb,Pb,,,,,,,Bw,Kb,Kb,Rb,Nb,Qw,Kw,Rw,Pw	lightRed	0
4fb84a0bcc852efd1942fb007ec092e3	1297	Pw,Pb,Rw,Bb,Qw,Pw,Rb,Pw,Nw,,,,,,,Kb,Pb,,,,,,,Rb,Kb,,,,,,,Nw,Bw,,,,,,,Qb,Nb,,,,,,,Kw,Pw,,,,,,,Rw,Rw,Rb,Nw,Qb,Kw,Rw,Nb,Nb	lightGray	0
4fc5302d00d46fba8c92a74a198bef8a	1916	Pb,Pb,Qb,Bb,Rw,Pw,Qw,Pb,Nb,,,,,,,Pb,Rw,,,,,,,Kb,Kw,,,,,,,Bb,Qb,,,,,,,Nw,Nw,,,,,,,Pw,Pb,,,,,,,Kw,Qb,Kb,Pb,Nb,Bw,Qw,Pw,Qb	lightGray	0
4fcbbda84c1c93f1dfb21cc503d9fe24	2652	Rw,Nw,Qb,Kb,Rb,Nb,Qw,Rw,Rw,,,,,,,Nb,Kw,,,,,,,Pw,Qw,,,Pw,Pw,,,Kb,Nb,,,Pw,Pw,,,Bw,Rb,,,,,,,Nw,Kb,,,,,,,Pb,Bb,Nb,Pw,Kw,Bb,Rw,Pb,Kw	darkRed	0
4fdb446cb02fe73240905d95393b93a3	683	Pb,Qb,Kw,Rb,Nw,Qw,Kb,Nw,Pw,,,,,,,Nw,Qw,,,,,,,Bb,Bw,,,Pb,Pb,,,Kw,Rb,,,Pb,Pb,,,Pw,Pb,,,,,,,Nb,Qb,,,,,,,Bw,Pw,Kb,Qw,Nw,Rb,Kw,Qb,Bb	darkGray	0
4fe2c3cc1dd40da597aebf99cc3c74f2	846	Kb,Rw,Nb,Qw,Kb,Rb,Nw,Kw,Bw,,,,,,,Kb,Kb,,,,,,,Pb,Pw,,,Nb,Nb,,,Nw,Nb,,,Nb,Nb,,,Bb,Bb,,,,,,,Kw,Kw,,,,,,,Pw,Rb,Qw,Pw,Rb,Bw,Qb,Pb,Pw	lightRed	0
4fe3f1ef608dcba9d57e6a9cfcefe13c	3235	Pw,Nb,Bw,Kw,Pw,Rw,Bb,Pb,Qb,,,,,,,Kb,Pb,,,,,,,Pb,Rw,,,,,,,Nw,Bb,,,,,,,Bb,Qw,,,,,,,Kw,Kb,,,,,,,Pw,Kb,Nb,Bw,Kb,Pb,Nw,Bb,Rb	darkRed	0
4fee0c01ee3ecdee36ed7a3b613cfb84	2791	Rw,Bw,Rb,Pb,Qb,Bb,Rw,Kw,Nw,,,,,,,Qw,Qb,,,,,,,Pw,Kb,,,,,,,Rb,Rb,,,,,,,Bw,Nb,,,,,,,Qb,Bw,,,,,,,Pb,Qb,Kb,Qw,Nw,Rb,Kw,Qb,Qw	darkRed	0
4ffa03eacae87a21296dd4c82976fe56	1044	Qw,Kb,Rb,Nw,Qb,Pb,Rw,Kb,Rb,,,,,,,Bb,Nw,,,,,,,Kw,Qw,,,,,,,Rb,Kb,,,,,,,Nw,Rw,,,,,,,Qw,Bb,,,,,,,Kb,Bb,Qb,Kw,Rw,Nb,Qw,Kb,Kb	lightRed	0
5015082682a3316c88915b379877a454	2189	Kw,Pw,Qw,Bb,Nw,Pb,Qb,Bb,Pw,,,,,,,Bb,Rb,,,,,,,Nw,Bb,,,,,,,Pb,Qw,,,,,,,Kb,Pb,,,,,,,Bw,Rw,,,,,,,Nb,Pb,Pw,Kw,Bb,Nw,Pb,Kb,Kb	darkGray	1
501e24a06e8a4822c62e86c6d2903929	54	Nb,Pw,Qw,Bb,Rw,Pb,Qb,Qb,Rb,,,,,,,Bw,Bw,,,,,,,Kb,Qb,,,Pw,Pw,,,Pb,Kw,,,Pw,Pw,,,Nw,Rw,,,,,,,Bb,Nb,,,,,,,Kw,Rw,Pw,Qw,Bw,Rb,Pb,Qb,Kw	darkRed	0
502bbc02c396aebf19c2d9c2a61598b0	218	Pw,Kw,Rw,Nb,Qw,Pw,Rb,Nw,Rw,,,,,,,Bw,Kw,,,,,,,Nb,Qb,,,Kb,Kb,,,Pw,Nw,,,Kb,Kb,,,Kw,Rb,,,,,,,Bb,Pw,,,,,,,Nw,Nb,Pb,Rw,Bb,Qw,Pw,Rb,Rb	darkGray	0
5035a466eae409c246c93b17316db785	2218	Kb,Kb,Pb,Rw,Bb,Qw,Pw,Pb,Qw,,,,,,,Kw,Pw,,,,,,,Bb,Rb,,,Qb,Qb,,,Nw,Bw,,,Qb,Qb,,,Pb,Qb,,,,,,,Kb,Pb,,,,,,,Bw,Pb,Qw,Bb,Rb,Pw,Qb,Nw,Pb	darkGray	1
503a0f880e0b6788ee001abefd8ee375	44	Kb,Rb,Kb,Qw,Nb,Rw,Pb,Qb,Nw,,,,,,,Nw,Bb,,,,,,,Pb,Kb,,,Pw,Pw,,,Kb,Pb,,,Pw,Pw,,,Qw,Nb,,,,,,,Nb,Bw,,,,,,,Rw,Kb,Rb,Kb,Qw,Nb,Rw,Kw,Nb	lightGray	0
503a9043ddacf9f413bf05576baaf075	2001	Nw,Bb,Qw,Pb,Rw,Bw,Qb,Pw,Nw,,,,,,,Pw,Rb,,,,,,,Pw,Kw,,,Pb,Pb,,,Bb,Bb,,,Pb,Pb,,,Nw,Nb,,,,,,,Pb,Pw,,,,,,,Kb,Kw,Qw,Nb,Rw,Kw,Qb,Nw,Bb	darkGray	0
50410e33e5a7e561cab4816851b8c6bf	929	Pb,Nw,Bb,Kb,Pb,Nb,Bw,Pw,Kw,,,,,,,Pw,Pw,,,,,,,Rb,Nb,,,,,,,Bb,Bw,,,,,,,Qw,Kb,,,,,,,Pb,Pb,,,,,,,Rw,Rw,Nb,Bw,Kb,Pb,Nw,Bb,Nb	lightRed	0
504fb6cd5b5669017e10fda91ac445e5	1620	Rw,Rb,Pw,Qb,Bw,Rw,Pb,Kb,Pb,,,,,,,Qw,Qb,,,,,,,Pw,Bw,,,Nw,Nw,,,Nw,Nb,,,Nw,Nw,,,Bb,Pw,,,,,,,Kb,Qw,,,,,,,Pb,Bw,Qb,Bw,Rb,Pw,Qw,Bb,Bw	darkRed	0
506a33221d421c7471032b3bef7b3ad3	2127	Bw,Nb,Pw,Kw,Bb,Nw,Pb,Kw,Rb,,,,,,,Nw,Pw,,,,,,,Bb,Qw,,,,,,,Kb,Bb,,,,,,,Pb,Rw,,,,,,,Nb,Pb,,,,,,,Bw,Kb,Kb,Rb,Nb,Qw,Kw,Rw,Pw	lightRed	0
5077f36231ffc0f9671d9fa26ac74e7f	2752	Qw,Rb,Pw,Qw,Bb,Rw,Pb,Rb,Bw,,,,,,,Qb,Nb,,,,,,,Bw,Pw,,,,,,,Rb,Kw,,,,,,,Pw,Bb,,,,,,,Qw,Nw,,,,,,,Bb,Bb,Pb,Qb,Bb,Rw,Pw,Qw,Pw	darkGray	0
508250fd25e7e24bad31d3fb331a67b8	1343	Bb,Bw,Kb,Pw,Nb,Bb,Kw,Kb,Qb,,,,,,,Rb,Bw,,,,,,,Pw,Rb,,,Nw,Nw,,,Qw,Pw,,,Nw,Nw,,,Bb,Qw,,,,,,,Rw,Nb,,,,,,,Pb,Pb,Rb,Bw,Qb,Pb,Rw,Bb,Nb	darkRed	0
5085742e7e559311b03f113561f78e57	876	Nb,Pw,Kw,Bw,Nb,Pb,Kb,Rw,Pw,,,,,,,Kb,Nb,,,,,,,Qw,Bw,,,,,,,Nb,Kb,,,,,,,Rw,Pb,,,,,,,Kw,Nw,,,,,,,Qb,Rb,Bb,Qw,Pb,Rw,Bw,Qb,Nb	darkGray	1
50951d57082303d40dd1e9e74813629e	730	Kw,Kb,Qw,Nw,Rb,Pb,Qb,Nb,Kw,,,,,,,Qw,Pw,,,,,,,Nb,Nb,,,Nb,Nb,,,Rw,Bw,,,Nb,Nb,,,Kw,Kb,,,,,,,Qb,Pb,,,,,,,Nw,Qb,Nw,Rb,Kw,Qb,Nb,Rw,Kb	darkRed	0
50985d39fdbc1239633de25a9c13b4c6	2864	Bb,Nw,Rb,Kb,Qw,Nb,Rw,Rb,Kb,,,,,,,Qb,Qw,,,,,,,Bw,Nw,,,,,,,Rw,Rb,,,,,,,Pb,Kw,,,,,,,Qw,Qb,,,,,,,Bb,Bw,Kw,Qb,Nb,Rw,Kb,Qw,Qw	darkGray	0
509a564d052ccfd32dc36b25808d73a4	1847	Kw,Nb,Pw,Kw,Bb,Rw,Pb,Kw,Qb,,,,,,,Qw,Nw,,,,,,,Kb,Rw,,,Qb,Qb,,,Rw,Kw,,,Qb,Qb,,,Nb,Qw,,,,,,,Qb,Nb,,,,,,,Kw,Rw,Rw,Rw,Rw,Rw,Rw,Rw,Rw	lightRed	0
50a3e8866a832705f18c8c8520f1039e	1775	Nb,Qb,Kw,Rb,Nw,Qw,Kb,Kw,Rw,,,,,,,Nw,Pb,,,,,,,Qb,Qb,,,Nw,Nw,,,Kw,Bw,,,Nw,Nw,,,Rw,Rb,,,,,,,Nb,Pw,,,,,,,Qw,Rb,Qw,Pw,Rw,Bb,Qb,Pb,Qb	lightGray	0
50ba6ac12112167cde214d352cd7e5c0	3083	Kb,Bb,Kw,Pw,Nb,Bw,Kb,Bb,Nb,,,,,,,Bb,Qw,,,,,,,Qw,Kw,,,Pb,Pb,,,Pw,Rw,,,Pb,Pb,,,Rb,Nw,,,,,,,Bw,Qb,,,,,,,Qb,Bb,Rb,Kb,Qb,Nw,Rw,Pb,Rw	darkGray	0
50cd11543e107aa44534623294193f09	2655	Rw,Rw,Rw,Rw,Rw,Rw,Rw,Rw,Rw,,,,,,,Qb,Pb,,,,,,,Pb,Qw,,,,,,,Rw,Bb,,,,,,,Bb,Rb,,,,,,,Kw,Pw,,,,,,,Pw,Pw,Pw,Qw,Bb,Rw,Pb,Qb,Kb	lightGray	0
50f78999a1c9f82fedbd004398d130da	1256	Nb,Qw,Nb,Pb,Kb,Bb,Nw,Rw,Pw,,,,,,,Rb,Rb,,,,,,,Bw,Bb,,,,,,,Qw,Qw,,,,,,,Pw,Kw,,,,,,,Rw,Rw,,,,,,,Bb,Rw,Pb,Nw,Bw,Kb,Pw,Nb,Kb	darkRed	0
510276a4649db23e0e8bc5edd5b25ff6	1958	Qw,Pw,Nb,Bb,Kw,Pb,Nw,Rw,Pw,,,,,,,Nb,Nb,,,,,,,Qw,Bb,,,,,,,Kb,Kw,,,,,,,Rb,Pb,,,,,,,Nw,Nw,,,,,,,Bb,Qb,Qb,Nw,Rb,Kb,Qw,Nb,Pb	lightRed	0
510d20fa3cedce10ffb4c7289cf49d42	1130	Rw,Pb,Qb,Bb,Rw,Pw,Qw,Qb,Rw,,,,,,,Rw,Rw,,,,,,,Nb,Rw,,,Bb,Bb,,,Qb,Rw,,,Bb,Bb,,,Kw,Rw,,,,,,,Pb,Rw,,,,,,,Nw,Rw,Qw,Nb,Rw,Pb,Qb,Nw,Nw	lightRed	0
51127e8783e3800a8427b2ff3ee5c1bd	1661	Rw,Rb,Kb,Qw,Nb,Rw,Kw,Bw,Qb,,,,,,,Kb,Pb,,,,,,,Qw,Rw,,,Pb,Pb,,,Nw,Bb,,,Pb,Pb,,,Rb,Kw,,,,,,,Pb,Pw,,,,,,,Qb,Nb,Qw,Pw,Rb,Bw,Qb,Pb,Nb	lightRed	0
5115cc907e453379a1ee85c5efd5a186	1860	Rw,Pb,Rw,Bb,Qw,Pw,Rb,Rw,Bb,,,,,,,Rw,Kw,,,,,,,Rw,Pw,,,,,,,Rw,Nb,,,,,,,Rw,Bw,,,,,,,Rw,Kb,,,,,,,Rw,Bb,Pw,Kw,Bw,Nb,Pb,Kb,Rw	darkGray	0
5116848ec4ab0418719ee3b0030c46f2	3777	Nw,Kw,Qb,Nb,Rw,Kb,Qw,Pb,Pw,,,,,,,Bw,Rb,,,,,,,Rb,Bb,,,Qw,Qw,,,Kw,Qw,,,Qw,Qw,,,Qb,Pb,,,,,,,Nb,Rw,,,,,,,Rw,Pw,Nw,Rb,Kw,Qb,Bb,Rw,Rb	lightRed	0
511710b710a0c2b23258a9d21552ff28	2289	Nb,Nw,Qb,Kb,Rb,Nb,Qw,Pb,Pw,,,,,,,Bw,Qw,,,,,,,Kb,Bw,,,Pb,Pb,,,Pw,Rb,,,Pb,Pb,,,Nb,Pb,,,,,,,Bb,Qb,,,,,,,Kw,Bw,Kb,Pb,Nb,Bw,Kw,Pw,Rb	lightGray	0
511ed9708056a5a5efd32d8e773e5ddc	760	Kb,Rb,Pw,Kb,Bw,Rw,Pb,Bb,Nw,,,,,,,Kb,Pb,,,,,,,Qw,Kw,,,,,,,Nw,Bb,,,,,,,Rb,Nb,,,,,,,Kw,Rw,,,,,,,Qb,Rb,Rb,Pw,Qb,Nw,Rw,Kw,Kb	darkRed	0
51246646b8649252926a3f8f090d3abb	3133	Rb,Qb,Pw,Rw,Kw,Qw,Nb,Kb,Rw,,,,,,,Pw,Bb,,,,,,,Pb,Qb,,,Nb,Nb,,,Kb,Pb,,,Nb,Nb,,,Bw,Rb,,,,,,,Rb,Bw,,,,,,,Pw,Bb,Pw,Bb,Kw,Pw,Nb,Qw,Nb	lightGray	0
512ad3a33f4536884182d509d253e208	4066	Rw,Rb,Nw,Qb,Kw,Rw,Nb,Nb,Nw,,,,,,,Rb,Pb,,,,,,,Nw,Kw,,,,,,,Qw,Bb,,,,,,,Kb,Nb,,,,,,,Rw,Pw,,,,,,,Nb,Rw,Rb,Kb,Qb,Nw,Rw,Kw,Qb	darkRed	0
51437eb21e15c4743f493c965c2116a4	2117	Bw,Qw,Pw,Rw,Bb,Qb,Pb,Nw,Kb,,,,,,,Bb,Rb,,,,,,,Kw,Nb,,,,,,,Pb,Qw,,,,,,,Nw,Kw,,,,,,,Bw,Rw,,,,,,,Qb,Pw,Pb,Qb,Bb,Rw,Kb,Qw,Nb	darkRed	0
5144811cc55b55fe3b290dff05645d7a	1927	Rb,Rw,Kw,Qw,Nb,Rb,Kb,Rb,Pw,,,,,,,Kb,Rb,,,,,,,Bw,Bb,,,Bb,Bb,,,Nb,Kw,,,Bb,Bb,,,Pw,Pb,,,,,,,Kw,Rw,,,,,,,Bb,Pb,Nw,Bb,Kb,Pb,Nb,Bw,Bb	lightRed	0
5151da4ae385b4de1ffffa8f53a28fa9	3213	Kw,Nw,Pb,Kb,Bw,Nb,Pw,Pb,Qb,,,,,,,Bb,Kw,,,,,,,Kw,Rb,,,,,,,Pw,Nw,,,,,,,Nb,Qw,,,,,,,Bw,Kb,,,,,,,Kb,Qb,Pb,Nw,Bb,Kw,Pw,Rb,Nb	darkRed	0
516632e63d5df3cc3b5b261d1a8390f8	2771	Rb,Rb,Kb,Qw,Nb,Rw,Kw,Pw,Nb,,,,,,,Pb,Bw,,,,,,,Nw,Kb,,,,,,,Bb,Pb,,,,,,,Kw,Nw,,,,,,,Pw,Bb,,,,,,,Nb,Pb,Bw,Rb,Pw,Qw,Bb,Rw,Rw	lightRed	0
5192037f3c633b14706fed20f44ee5ea	3804	Qw,Pw,Kw,Bb,Nw,Pb,Kb,Qw,Bw,,,,,,,Nw,Qb,,,,,,,Pb,Pw,,,,,,,Kb,Rb,,,,,,,Qw,Bb,,,,,,,Nb,Qw,,,,,,,Rw,Rb,Kb,Bw,Nb,Pw,Qw,Bb,Qb	darkRed	0
519a2c02bf60e278e4727dd1a8ad18e5	3242	Bb,Rw,Bb,Qw,Kb,Rb,Bw,Bb,Qw,,,,,,,Rw,Bb,,,,,,,Nb,Rw,,,Pb,Pb,,,Qw,Pb,,,Pb,Pb,,,Kb,Qb,,,,,,,Rb,Bw,,,,,,,Nw,Pb,Rw,Pb,Qb,Bw,Rb,Pw,Qb	lightRed	0
51a2aedeaf627a9bf1d4128f90de668b	704	Pw,Qw,Bb,Rw,Pb,Qb,Bw,Rw,Nb,,,,,,,Pb,Bw,,,,,,,Qb,Kb,,,Pb,Pb,,,Bw,Pb,,,Pb,Pb,,,Rb,Nw,,,,,,,Pw,Bb,,,,,,,Qw,Bw,Kb,Pb,Nb,Bw,Kw,Pw,Bw	lightRed	0
51c85325cbb64d8d485127005090d986	285	Qb,Qw,Kb,Rw,Nb,Qb,Kw,Kb,Rb,,,,,,,Rw,Bw,,,,,,,Pb,Qw,,,Pb,Pb,,,Qb,Pw,,,Pb,Pb,,,Bw,Rw,,,,,,,Rb,Bb,,,,,,,Pw,Qb,Pb,Qb,Bb,Rw,Pw,Qw,Kb	lightRed	0
51d36d7d67b60e3ed0639368bf77ef38	1492	Bb,Nw,Pb,Kb,Bw,Nb,Pw,Bw,Rw,,,,,,,Kb,Nb,,,,,,,Bw,Qw,,,Pb,Pb,,,Nb,Kb,,,Pb,Pb,,,Pw,Pb,,,,,,,Qw,Nw,,,,,,,Bb,Rw,Rw,Rw,Rw,Rw,Rw,Rw,Rw	lightRed	0
51f08e8c4996e371b2063672b26eef0a	4049	Qw,Kw,Pw,Pw,Bb,Pb,Pb,Pb,Bb,,,,,,,Rw,Qw,,,,,,,Pb,Pw,,,,,,,Kb,Rb,,,,,,,Bw,Bw,,,,,,,Nb,Qb,,,,,,,Pw,Rb,Pw,Kw,Bw,Nb,Pb,Kb,Kw	darkRed	0
51f37a7988f7a3197fd874dd0f8320f0	1941	Bw,Kw,Rw,Nb,Kw,Kb,Rb,Qb,Pb,,,,,,,Nb,Qb,,,,,,,Bw,Bb,,,,,,,Kw,Rw,,,,,,,Pw,Pw,,,,,,,Nw,Kw,,,,,,,Bb,Nw,Kw,Pw,Rw,Bb,Kb,Pb,Nw	lightRed	0
51f8e7dade7346a76f096d230752653f	1221	Qw,Pw,Rb,Bw,Qb,Pb,Rw,Rb,Nw,,,,,,,Rw,Pb,,,,,,,Nb,Kb,,,,,,,Qw,Bw,,,,,,,Kb,Nb,,,,,,,Rb,Pw,,,,,,,Nw,Bw,Pw,Kw,Bb,Nw,Pb,Qb,Pw	darkGray	0
51f94871feb7a0b2586b37cc7556989b	2719	Qw,Kb,Bw,Nb,Pw,Kw,Bb,Nb,Nb,,,,,,,Nb,Rw,,,,,,,Qw,Kb,,,Nw,Nw,,,Kb,Qw,,,Nw,Nw,,,Rb,Nw,,,,,,,Nw,Rb,,,,,,,Qb,Qb,Bb,Rw,Pb,Qb,Bw,Rb,Nw	darkGray	0
5207f8eacdf8e0c60889dd1becd0085f	1880	Nb,Qb,Bw,Rw,Pb,Kw,Bb,Kw,Kb,,,,,,,Rb,Pb,,,,,,,Bw,Nw,,,,,,,Qb,Bb,,,,,,,Pb,Kw,,,,,,,Nw,Pw,,,,,,,Bb,Bb,Bw,Rb,Pw,Kw,Bb,Rw,Qw	darkGray	0
520979368fd01decbc2b9dc871aa04b5	3538	Nw,Nw,Pb,Qw,Bb,Nb,Pw,Rw,Qw,,,,,,,Qw,Bb,,,,,,,Bb,Rb,,,Pw,Pw,,,Rb,Pw,,,Pw,Pw,,,Pw,Qb,,,,,,,Qb,Bw,,,,,,,Bw,Nw,Qw,Bb,Rw,Pb,Qb,Bw,Rw	lightGray	0
520f4330524b8d1626c151bbd90d4076	2640	Kw,Bb,Rw,Pb,Qb,Bw,Rb,Qw,Qw,,,,,,,Qw,Bb,,,,,,,Bb,Rb,,,,,,,Rb,Pw,,,,,,,Pw,Qb,,,,,,,Kb,Bw,,,,,,,Bw,Rw,Rb,Pw,Qw,Bb,Rw,Pb,Qw	lightGray	0
523185c9391e98478b09481c8665082b	275	Bw,Rw,Nb,Qw,Kb,Rb,Bw,Bb,Kb,,,,,,,Kw,Pb,,,,,,,Pw,Nw,,,Rw,Rw,,,Nb,Bb,,,Rw,Rw,,,Bw,Kw,,,,,,,Kb,Pw,,,,,,,Pb,Bb,Bw,Qb,Pw,Rb,Bb,Qw,Pb	darkRed	0
524633b280a132a706a45632c8ebaf2b	2590	Bw,Bw,Rb,Pb,Qb,Bb,Nw,Qb,Kb,,,,,,,Pb,Qw,,,,,,,Nw,Nb,,,Pw,Pw,,,Bb,Rw,,,Pw,Pw,,,Qw,Pb,,,,,,,Pw,Qb,,,,,,,Nb,Pb,Rb,Kb,Bb,Nw,Rw,Qw,Kb	lightGray	0
524de2211543ac156d93bd821f487cef	3045	Kw,Nb,Pw,Qb,Bw,Rw,Pb,Pb,Bb,,,,,,,Rb,Nw,,,,,,,Nw,Pb,,,,,,,Qb,Qb,,,,,,,Kw,Bw,,,,,,,Rw,Nb,,,,,,,Nb,Rw,Rw,Rw,Rw,Rw,Rw,Rw,Rw	lightGray	0
525073519f4862abc96a87d4fe17e7cb	4068	Nw,Qw,Pw,Rw,Bb,Qb,Pb,Rw,Nb,,,,,,,Rb,Pw,,,,,,,Nw,Kw,,,Nw,Nw,,,Qw,Bb,,,Nw,Nw,,,Kb,Nw,,,,,,,Rw,Pb,,,,,,,Nb,Qb,Rw,Kw,Qb,Nw,Rb,Kb,Nb	darkRed	0
525d7c419310756a13893d12a0fc752c	3782	Pw,Qw,Pw,Nw,Bb,Qb,Pb,Bw,Rb,,,,,,,Rb,Pw,,,,,,,Pw,Qb,,,Bw,Bw,,,Qb,Bw,,,Bw,Bw,,,Bw,Rw,,,,,,,Rw,Pb,,,,,,,Pb,Pw,Kb,Qw,Nw,Rb,Pb,Qb,Bw	lightRed	0
5262ba987a585fc7237558edc9382dd0	91	Nw,Qb,Nw,Rw,Kw,Qw,Bb,Bb,Kw,,,,,,,Bw,Bb,,,,,,,Rb,Nw,,,Pw,Pw,,,Pw,Rb,,,Pw,Pw,,,Qw,Kb,,,,,,,Bb,Bw,,,,,,,Rw,Rw,Bw,Rb,Pb,Qb,Bb,Rw,Kw	darkRed	0
528af43b57f0a5a0cb4e67fc13d767a5	1182	Nw,Nw,Bb,Kb,Pb,Nb,Bw,Nw,Bb,,,,,,,Kb,Kw,,,,,,,Rb,Pb,,,,,,,Nw,Nw,,,,,,,Bb,Bw,,,,,,,Kw,Kb,,,,,,,Pw,Pb,Kw,Bb,Nw,Pb,Kb,Bw,Nw	lightRed	0
52a253912711694d5cb280c1bd037af4	1190	Nw,Qb,Nw,Rb,Kb,Qw,Nb,Qb,Qb,,,,,,,Nb,Kw,,,,,,,Bw,Rb,,,,,,,Kw,Nw,,,,,,,Pw,Qw,,,,,,,Nw,Kb,,,,,,,Bb,Qb,Qw,Bb,Rb,Pw,Qb,Bw,Bb	lightRed	0
52a7950ba89fb6aad25470fdda9b31db	1056	Bw,Kb,Rb,Nw,Qb,Kw,Rw,Kb,Bb,,,,,,,Kw,Nw,,,,,,,Pw,Rb,,,Rb,Rb,,,Nw,Kb,,,Rb,Rb,,,Bb,Qw,,,,,,,Kb,Nb,,,,,,,Pb,Nb,Rw,Kw,Qb,Nw,Rb,Kb,Kb	darkGray	0
52bf66e58d914380de27db23953e0895	994	Nb,Bb,Nw,Pw,Kw,Bw,Nb,Kw,Rw,,,,,,,Nw,Bb,,,,,,,Pb,Qb,,,,,,,Kw,Pb,,,,,,,Bb,Rb,,,,,,,Nb,Bw,,,,,,,Pw,Rw,Bb,Kw,Pb,Nw,Bw,Qb,Rw	darkGray	0
52cc06499d0cc203cb94e0838a498b3d	1389	Qb,Pw,Rb,Bw,Qb,Pb,Rw,Kw,Bb,,,,,,,Nb,Qw,,,,,,,Pw,Pb,,,,,,,Qb,Rw,,,,,,,Bw,Bw,,,,,,,Rw,Qb,,,,,,,Pb,Pw,Nb,Bw,Kw,Pw,Nw,Bb,Bw	lightRed	0
52d23a3ab9bb9631db27190047ad87d6	2029	Pb,Bw,Qb,Pw,Rb,Bb,Qw,Rb,Rb,,,,,,,Bw,Bw,,,,,,,Qb,Qw,,,,,,,Pb,Pw,,,,,,,Rw,Rw,,,,,,,Bb,Bb,,,,,,,Qw,Nb,Bw,Qb,Pb,Rw,Bb,Qw,Bb	lightRed	0
52d95f698b56ee2d10faffe3409fdb36	1514	Pw,Rb,Kb,Qw,Bb,Rw,Kw,Nb,Nb,,,,,,,Pw,Pw,,,,,,,Kw,Kb,,,Pw,Pw,,,Bw,Bw,,,Pw,Pw,,,Nb,Nw,,,,,,,Pb,Pb,,,,,,,Kb,Qb,Nb,Qw,Kw,Rw,Nw,Qb,Bb	lightRed	0
52e81d0a51822fb30fc0fe530f9d9e46	3191	Pw,Kw,Pw,Nb,Bw,Kb,Pb,Pw,Nb,,,,,,,Qb,Qw,,,,,,,Nw,Kb,,,,,,,Rb,Pb,,,,,,,Kb,Nw,,,,,,,Bw,Qb,,,,,,,Nb,Kb,Kb,Pb,Nw,Bb,Kw,Pw,Qw	lightGray	0
52ecaaddecd946928eccea8b8fbbad49	2176	Rb,Rw,Kw,Qw,Nb,Rb,Kb,Kb,Rb,,,,,,,Nw,Pw,,,,,,,Pb,Qb,,,,,,,Kw,Bw,,,,,,,Bb,Rw,,,,,,,Nb,Pb,,,,,,,Pw,Rw,Rw,Rw,Rw,Rw,Rw,Rw,Rw	lightGray	0
52ee90582bb3ba9be7082a817501a4d9	2308	Bb,Bb,Qw,Pb,Rw,Bw,Qb,Rw,Rb,,,,,,,Qw,Nw,,,,,,,Kb,Qw,,,Nb,Nb,,,Rw,Kb,,,Nb,Nb,,,Bb,Rw,,,,,,,Qb,Nb,,,,,,,Pb,Pw,Nb,Qw,Kw,Rw,Nw,Qb,Kb	lightRed	0
5309f374eb70a434760d469ec9e55877	763	Nw,Rw,Kw,Qb,Bw,Rb,Pw,Qb,Rb,,,,,,,Rb,Bw,,,,,,,Kb,Qw,,,,,,,Qw,Pw,,,,,,,Nb,Rw,,,,,,,Rw,Bb,,,,,,,Kw,Nw,Kw,Bb,Rb,Pw,Qb,Bw,Kb	lightGray	0
530b6ae1acfa41d882edea67acc894a2	1087	Kw,Nb,Bw,Kw,Pw,Nw,Bb,Rw,Rb,,,,,,,Pb,Kb,,,,,,,Rw,Qb,,,,,,,Bw,Nw,,,,,,,Qb,Rw,,,,,,,Pw,Kw,,,,,,,Nb,Rb,Pw,Qw,Bb,Rw,Pb,Qb,Bw	darkGray	0
531a9b19b8aa37f6f98dd074a5069680	2216	Rw,Rw,Rw,Rw,Rw,Rw,Rw,Rw,Kw,,,,,,,Nw,Pw,,,,,,,Qb,Rb,,,,,,,Kb,Bw,,,,,,,Rb,Qb,,,,,,,Nb,Pb,,,,,,,Kw,Qb,Rw,Kw,Qw,Rb,Rb,Kb,Kb	lightGray	0
5345325660f81e5a8fa3093f7531afbf	2655	Rw,Rw,Rw,Rw,Rw,Rw,Rw,Rw,Rw,,,,,,,Qb,Pb,,,,,,,Pb,Qw,,,Pw,Pw,,,Rw,Bb,,,Pw,Pw,,,Bb,Rb,,,,,,,Kw,Pw,,,,,,,Pw,Pw,Pw,Qw,Bb,Rw,Pb,Qb,Kb	lightGray	0
535b6bd0720ca8d78b0eee4f64889699	2219	Kb,Pb,Qb,Bw,Rb,Pw,Qw,Qw,Kw,,,,,,,Bw,Pw,,,,,,,Qb,Nw,,,,,,,Pw,Bb,,,,,,,Rb,Kb,,,,,,,Bb,Pb,,,,,,,Qw,Rw,Rw,Bb,Qw,Kb,Rb,Bw,Rb	lightRed	0
5362434311d448f4256e1c926350d150	3419	Kb,Nb,Bw,Kw,Pw,Rw,Bb,Qb,Kb,,,,,,,Kw,Rb,,,,,,,Bb,Nb,,,,,,,Nw,Qw,,,,,,,Pb,Kw,,,,,,,Kb,Rw,,,,,,,Qw,Pb,Pw,Nb,Bw,Kb,Pb,Nw,Nb	lightRed	0
5369c8f6aa0c1513e09540aba319d985	2505	Kb,Kw,Qb,Nb,Rw,Kb,Qw,Pb,Nb,,,,,,,Nb,Pw,,,,,,,Rw,Kw,,,,,,,Kb,Bb,,,,,,,Qw,Nw,,,,,,,Nw,Pb,,,,,,,Pb,Kb,Nw,Bb,Kw,Pw,Nb,Bw,Nb	darkRed	0
5377ea13b90416422257fd934bf5effc	3792	Nw,Kb,Rb,Nb,Qw,Kw,Rw,Kb,Nw,,,,,,,Rw,Rb,,,,,,,Nb,Kw,,,,,,,Qb,Qb,,,,,,,Kw,Nb,,,,,,,Rb,Pw,,,,,,,Nw,Bw,Rw,Nb,Qw,Kb,Rb,Nw,Bw	darkGray	0
538022c675c1068f33e63f9e4a2d4bc2	1084	Kw,Qw,Kb,Rb,Nw,Qb,Kw,Qb,Qw,,,,,,,Bb,Kb,,,,,,,Qw,Rb,,,Rb,Rb,,,Pb,Nw,,,Rb,Rb,,,Rw,Qb,,,,,,,Bw,Kw,,,,,,,Qb,Pw,Qb,Nw,Rw,Kw,Qw,Nb,Pw	darkRed	0
53833546c4c0d4376a9c3ab190eabdd1	2614	Pw,Rb,Pw,Qb,Bw,Rw,Pb,Rb,Qb,,,,,,,Qw,Nw,,,,,,,Bb,Rb,,,,,,,Rw,Kb,,,,,,,Pb,Bw,,,,,,,Qb,Nb,,,,,,,Bw,Qw,Bb,Rw,Pw,Qw,Bw,Nb,Kw	darkRed	0
53bbb9deff9543b1073a70d79960a32d	900	Kb,Bb,Rw,Pw,Qw,Bw,Rb,Rw,Pb,,,,,,,Kb,Kb,,,,,,,Qw,Bw,,,,,,,Nb,Nb,,,,,,,Rw,Pw,,,,,,,Kw,Kw,,,,,,,Kb,Rw,Pb,Kb,Bw,Nb,Pw,Qw,Pw	darkRed	0
53bfa56cc099ad7d86db7e3bcd4f71f8	516	Pw,Pb,Kb,Bw,Nb,Pw,Kw,Bb,Qb,,,,,,,Pw,Bw,,,,,,,Rb,Rb,,,Bb,Bb,,,Bw,Pw,,,Bb,Bb,,,Qb,Qw,,,,,,,Pb,Bb,,,,,,,Rw,Nb,Qb,Nw,Rw,Kw,Qw,Bb,Rb	darkRed	0
53c8f2c2ee3071e9064895a592bea334	1574	Nw,Nb,Pw,Kb,Bw,Nw,Pb,Nb,Bb,,,,,,,Bb,Nw,,,,,,,Rw,Pb,,,,,,,Pw,Kb,,,,,,,Qw,Bw,,,,,,,Nw,Nb,,,,,,,Rb,Nw,Kb,Pb,Rw,Bb,Qw,Pw,Pb	darkGray	0
53ca325ddb21fde3bc4fd81334ecba25	1927	Rb,Rw,Kw,Qw,Nb,Rb,Kb,Rb,Pw,,,,,,,Kb,Rb,,,,,,,Bw,Bb,,,Bb,Bb,,,Nb,Qw,,,Bb,Bb,,,Pw,Pb,,,,,,,Kw,Rw,,,,,,,Bb,Pb,Nw,Bb,Kb,Pb,Nb,Bw,Bb	lightRed	0
53e11c12741606ee20de66604c1ef899	530	Kb,Qb,Bw,Rw,Pb,Qw,Bb,Qb,Kb,,,,,,,Nw,Bw,,,,,,,Bb,Nb,,,Bw,Bw,,,Kb,Pw,,,Bw,Bw,,,Pb,Kw,,,,,,,Nb,Bb,,,,,,,Qw,Pb,Kw,Qb,Nw,Rb,Kb,Qw,Nw	darkGray	0
53f5c7b90029ab688afb0cf7c954fa8f	3630	Rw,Bb,Nw,Pw,Kw,Bw,Nb,Bw,Rw,,,,,,,Qw,Bb,,,,,,,Nb,Qw,,,,,,,Rb,Pw,,,,,,,Kb,Rb,,,,,,,Qb,Bw,,,,,,,Nw,Kw,Nb,Pw,Qb,Bw,Rw,Pb,Pb	darkGray	0
53f75f5dfecf680ccc8c7b938e8756f0	1004	Bw,Bb,Kw,Pw,Rb,Bw,Kb,Qb,Rw,,,,,,,Pw,Bb,,,,,,,Kw,Qw,,,,,,,Bb,Pw,,,,,,,Nw,Rb,,,,,,,Pb,Bw,,,,,,,Kb,Qb,Nw,Bb,Kb,Pb,Nb,Bw,Qw	lightGray	0
53fbbfcd9c1dd0e2eccb60e65fe16c6e	3488	Rb,Kb,Rb,Nb,Qw,Kw,Rw,Kb,Pb,,,,,,,Pw,Kb,,,,,,,Rb,Bw,,,Pb,Pb,,,Bb,Nb,,,Pb,Pb,,,Qw,Pw,,,,,,,Pb,Kw,,,,,,,Rw,Nw,Pw,Qw,Bw,Rb,Pb,Qb,Pw	lightRed	0
54029ce8a07d663ca06a7a59a5f27a26	3979	Kw,Rw,Pb,Qb,Bw,Rb,Pw,Pb,Rb,,,,,,,Kw,Kb,,,,,,,Pw,Qw,,,,,,,Nb,Nb,,,,,,,Bw,Rw,,,,,,,Kb,Kw,,,,,,,Pb,Pb,Bw,Kb,Pw,Nb,Bb,Kw,Qb	lightGray	0
540c5bd849cc52df57c98aa54da04788	3865	Bw,Pw,Qw,Bb,Rw,Pb,Qb,Pw,Rb,,,,,,,Nb,Pw,,,,,,,Bw,Qb,,,Pb,Pb,,,Kw,Bw,,,Pb,Pb,,,Pw,Rw,,,,,,,Nw,Pb,,,,,,,Bb,Rb,Pw,Kw,Bb,Nw,Pb,Kb,Qw	lightRed	0
5415b1eef3015f1d3da92281ca02c9d2	2214	Bb,Kb,Qw,Nw,Rb,Kw,Qb,Bb,Rw,,,,,,,Bb,Kw,,,,,,,Rw,Qb,,,Pb,Pb,,,Pb,Nw,,,Pb,Pb,,,Qb,Rb,,,,,,,Bw,Kb,,,,,,,Rb,Kb,Qw,Pw,Rw,Bb,Qb,Pb,Nb	darkRed	0
542f0820e6d5205cfefc85478f9f02df	1976	Rb,Bw,Kb,Pw,Nb,Bb,Kw,Nw,Kb,,,,,,,Rw,Rb,,,,,,,Nb,Nb,,,Kb,Kb,,,Qw,Qw,,,Kb,Kb,,,Kb,Kw,,,,,,,Rb,Rw,,,,,,,Nw,Rb,Qb,Pb,Rw,Bb,Qw,Pw,Nw	darkGray	0
54315ff21d3a38242648a95eff5526f2	3464	Bw,Bb,Nw,Pb,Kb,Bw,Nb,Kb,Nb,,,,,,,Pb,Bw,,,,,,,Qb,Kw,,,,,,,Bw,Pw,,,,,,,Nb,Nw,,,,,,,Pw,Bb,,,,,,,Kw,Nb,Rw,Pb,Qw,Bb,Rb,Pw,Bw	lightGray	0
5440215ba122a8550026a2c8c3e57218	1787	Pw,Kw,Qb,Nb,Rw,Kb,Qw,Rb,Bw,,,,,,,Qb,Qb,,,,,,,Pb,Pw,,,Kb,Kb,,,Rb,Rb,,,Kb,Kb,,,Bw,Bb,,,,,,,Kw,Qw,,,,,,,Pw,Qb,Kw,Rw,Nb,Bw,Kb,Rb,Qw	darkRed	0
54457d1afb36f7fd043eb6aa3355ddc4	443	Rw,Qb,Bw,Rw,Pb,Qw,Bb,Rw,Kw,,,,,,,Qw,Pw,,,,,,,Pw,Nb,,,,,,,Rb,Bw,,,,,,,Bw,Kb,,,,,,,Qb,Rb,,,,,,,Pb,Pb,Kw,Rw,Nb,Qw,Kb,Rb,Rb	darkRed	0
544a4f30da22e88b6c02c82c3c4bf88c	3233	Pw,Kw,Qb,Nb,Rw,Kb,Qw,Bw,Pw,,,,,,,Pb,Rb,,,,,,,Qb,Bw,,,,,,,Bb,Qb,,,,,,,Rw,Pb,,,,,,,Pw,Rw,,,,,,,Qw,Pb,Pw,Qw,Bw,Rb,Pb,Qb,Kw	darkGray	0
54532ffa8d81d3826a4e842e4d9c18df	3324	Qw,Nb,Bw,Kw,Pw,Nw,Bb,Kb,Rw,,,,,,,Qw,Kw,,,,,,,Kb,Qb,,,,,,,Rb,Nw,,,,,,,Nw,Rb,,,,,,,Qb,Kb,,,,,,,Kw,Nb,Pw,Nb,Bb,Kw,Pb,Nw,Qb	lightRed	0
546a1010d92112f1d4208cc57c2c7df8	3112	Kb,Bb,Rw,Kb,Qw,Bw,Rb,Qb,Bb,,,,,,,Rb,Nw,,,,,,,Nw,Pw,,,,,,,Qw,Kw,,,,,,,Kb,Bw,,,,,,,Rw,Nb,,,,,,,Nb,Pb,Kb,Qw,Nw,Rb,Kw,Qb,Kw	lightGray	0
546af0fb474f92174c9f04c7dbca04a3	844	Nw,Bb,Rw,Pw,Qw,Bw,Nb,Pw,Nw,,,,,,,Qw,Kb,,,,,,,Bb,Kb,,,,,,,Rw,Rb,,,,,,,Pb,Nb,,,,,,,Qb,Qw,,,,,,,Bw,Kb,Bb,Qw,Pb,Rw,Bw,Qb,Rb	lightRed	0
54755084a5a6dd1520fe774851321cab	2011	Bb,Rw,Nb,Qw,Kb,Rb,Nw,Nw,Nb,,,,,,,Kw,Pw,,,,,,,Qb,Kw,,,,,,,Nb,Bb,,,,,,,Rw,Nw,,,,,,,Kb,Pb,,,,,,,Qw,Rw,Bw,Rb,Pw,Qw,Bb,Rw,Nw	lightRed	0
547eb18331f7c4f4a0334cacddf4e475	1970	Rw,Pb,Qb,Bb,Rw,Pw,Qw,Nb,Pb,,,,,,,Pw,Qb,,,,,,,Kw,Nb,,,,,,,Bw,Rw,,,,,,,Nb,Kb,,,,,,,Pb,Qw,,,,,,,Kb,Rw,Pb,Kb,Bw,Nb,Pw,Kw,Nw	darkGray	0
54892616bdf1262f8312ec95001f0720	3689	Nw,Kw,Pw,Rw,Bb,Kb,Pb,Nw,Kw,,,,,,,Kw,Pw,,,,,,,Kb,Rw,,,,,,,Rw,Bb,,,,,,,Nb,Kb,,,,,,,Kb,Pb,,,,,,,Kw,Kb,Pb,Nw,Bw,Kb,Pw,Rb,Pw	darkRed	0
549038b1cc8f64c45a89f8049398e8fa	673	Pb,Pw,Nb,Bw,Kb,Pb,Nw,Nb,Bw,,,,,,,Kb,Rb,,,,,,,Qw,Pw,,,Pb,Pb,,,Nb,Qw,,,Pb,Pb,,,Rw,Bb,,,,,,,Kw,Rw,,,,,,,Qb,Rb,Rb,Nw,Qw,Kb,Rw,Nb,Qw	darkRed	0
549a1c082074aeb9ba3d3db013c36851	2738	Pw,Rb,Pw,Qb,Bw,Rw,Pb,Rb,Bb,,,,,,,Pb,Kw,,,,,,,Qb,Pw,,,,,,,Bb,Rb,,,,,,,Rw,Bw,,,,,,,Pw,Qw,,,,,,,Kw,Pb,Pb,Nw,Bw,Kb,Pw,Nb,Nb	darkRed	0
54a7bc56609d82c308c632ca10ec3936	1311	Pw,Bb,Rw,Pw,Kw,Bw,Rb,Kb,Pw,,,,,,,Rb,Kw,,,,,,,Nw,Bw,,,,,,,Qb,Nb,,,,,,,Kw,Pb,,,,,,,Rw,Kb,,,,,,,Nb,Kb,Bb,Kw,Pw,Nb,Bw,Kb,Bb	lightGray	0
54a9b741f360afced3151a73688d0b96	3613	Kb,Kb,Pb,Nw,Bb,Qw,Pw,Qb,Nw,,,,,,,Bb,Bb,,,,,,,Nw,Kb,,,Pb,Pb,,,Rb,Pb,,,Pb,Pb,,,Kb,Nb,,,,,,,Bw,Bw,,,,,,,Nb,Pb,Rb,Pw,Qb,Bw,Rw,Pb,Rb	darkRed	0
54ace568c909429f8d8e0f65ee6c2960	2478	Kb,Qb,Kw,Rw,Nb,Qw,Kb,Kb,Bb,,,,,,,Rb,Rw,,,,,,,Bw,Pw,,,,,,,Qb,Qw,,,,,,,Pb,Bw,,,,,,,Rw,Rb,,,,,,,Bb,Rb,Kw,Qb,Nb,Pw,Kb,Bw,Kb	lightRed	0
54ad21ae50ba17230f6e5f40749a644b	547	Kw,Kb,Pb,Nw,Bb,Kw,Pw,Rw,Pw,,,,,,,Kb,Qw,,,,,,,Bw,Bb,,,,,,,Nb,Rw,,,,,,,Pw,Pb,,,,,,,Kw,Qb,,,,,,,Bb,Bw,Qb,Pb,Rb,Bw,Qw,Pw,Qw	darkGray	0
54b59e5ee62ba6eae1b49aa250a5dbed	1155	Nb,Pb,Nw,Bb,Kw,Rw,Nb,Kb,Nb,,,,,,,Bw,Qw,,,,,,,Rb,Kb,,,Pw,Pw,,,Pw,Rb,,,Pw,Pw,,,Qw,Nw,,,,,,,Bb,Qb,,,,,,,Rw,Pw,Nb,Rw,Kb,Qw,Nw,Rb,Qw	darkRed	1
54d9077d9b808b7b0ffba052666f9dae	2564	Rb,Pw,Rb,Bb,Qw,Pb,Rw,Nw,Pb,,,,,,,Nb,Nw,,,,,,,Qw,Bw,,,Rb,Rb,,,Kb,Kb,,,Rb,Rb,,,Rb,Pw,,,,,,,Nw,Nb,,,,,,,Qb,Pw,Qw,Pw,Rb,Bw,Kb,Pb,Qb	lightGray	0
54e0f974e3b6826f78bc8261cade9305	3093	Bb,Bb,Kw,Pw,Nb,Bw,Kb,Pb,Bb,,,,,,,Qb,Nw,,,,,,,Bw,Pw,,,,,,,Rw,Kw,,,,,,,Pb,Bw,,,,,,,Qw,Nb,,,,,,,Nb,Qw,Bb,Qw,Pb,Rw,Bw,Qb,Kw	lightRed	0
54e416a5ded43591044a59d629cf4de3	230	Qw,Bb,Rw,Pb,Qb,Bw,Nb,Kw,Pb,,,,,,,Qb,Rw,,,,,,,Bw,Bw,,,,,,,Rw,Qb,,,,,,,Pb,Pw,,,,,,,Qw,Rb,,,,,,,Bb,Bw,Rw,Kw,Qw,Nb,Pb,Kb,Rw	lightGray	0
54eadfe7d4dd9e48be5475647f7a9f63	2017	Qb,Qb,Pb,Rb,Bw,Qw,Pw,Qw,Pw,,,,,,,Bw,Qw,,,,,,,Rb,Bb,,,,,,,Pw,Rw,,,,,,,Qw,Pb,,,,,,,Bb,Kb,,,,,,,Rw,Kb,Bw,Nb,Pb,Kb,Bb,Nw,Qw	darkGray	0
54f585d95f06a1af88f9e63b3f1a4f97	3375	Kb,Rb,Kb,Qw,Nb,Rw,Kw,Kw,Rw,,,,,,,Kw,Pb,,,,,,,Rw,Qw,,,,,,,Nw,Bb,,,,,,,Qb,Rb,,,,,,,Kb,Pw,,,,,,,Rb,Kw,Kb,Rb,Nb,Qw,Kw,Rw,Kw	darkRed	0
551e649559453626a85329c6db1674fa	531	Qb,Nb,Bw,Kb,Pb,Nw,Bb,Pb,Kw,,,,,,,Bb,Bb,,,,,,,Kw,Nw,,,,,,,Pw,Pb,,,,,,,Nb,Kb,,,,,,,Bw,Bw,,,,,,,Kb,Rb,Rb,Bw,Qb,Pb,Rw,Bb,Kw	lightGray	0
5523db0be87befe0dc6cb2611610ba9a	1062	Bw,Bw,Kb,Pw,Nb,Bb,Kw,Pw,Bw,,,,,,,Rw,Qb,,,,,,,Nb,Pw,,,Rb,Rb,,,Qb,Rb,,,Rb,Rb,,,Kw,Bb,,,,,,,Rb,Qw,,,,,,,Nw,Qb,Pw,Rb,Bb,Qw,Kw,Rw,Pb	lightGray	0
55326ddb711db7c5b53f3c0d3fe0a15d	3427	Kw,Rb,Pw,Qb,Bw,Rw,Pb,Rw,Qw,,,,,,,Rw,Bb,,,,,,,Rw,Nw,,,,,,,Rw,Pb,,,,,,,Rw,Qb,,,,,,,Rw,Bw,,,,,,,Rw,Nb,Pb,Nw,Bw,Kb,Pw,Nb,Rw	darkGray	0
553c6c02ff95375808bb6557c6dced96	2931	Qw,Qb,Kw,Rb,Nw,Qw,Kb,Rw,Nw,,,,,,,Rw,Rb,,,,,,,Rw,Kw,,,,,,,Rw,Bb,,,,,,,Rw,Nb,,,,,,,Rw,Pw,,,,,,,Rw,Nw,Qb,Bw,Rw,Pb,Qw,Bb,Rw	lightRed	0
5549f9c178e2e35887f83016aaab35fa	2427	Nb,Nb,Rw,Pb,Qb,Nw,Rb,Rw,Pw,,,,,,,Rb,Rb,,,,,,,Kb,Bb,,,,,,,Qw,Qw,,,,,,,Bb,Pb,,,,,,,Rw,Rw,,,,,,,Kw,Pw,Kb,Rb,Nb,Qw,Kw,Rw,Qb	darkRed	0
554ee3812a05a4652a214ef4f8103461	1230	Bb,Qb,Kw,Rw,Nb,Qw,Kb,Kb,Qw,,,,,,,Kw,Nb,,,,,,,Bb,Rb,,,Nb,Nb,,,Nw,Kb,,,Nb,Nb,,,Pb,Qb,,,,,,,Kb,Nw,,,,,,,Bw,Qb,Rw,Nb,Qb,Kw,Rb,Nw,Kw	darkRed	0
5550b67826945cf9f8716ac860778f20	2401	Rw,Nw,Rb,Kw,Qb,Nb,Rw,Nw,Rw,,,,,,,Qw,Rw,,,,,,,Pw,Rw,,,,,,,Rb,Rw,,,,,,,Bw,Rw,,,,,,,Qb,Rw,,,,,,,Pb,Rw,Pb,Qb,Bb,Rw,Pw,Kw,Rb	darkGray	0
5553cf9b94afddae3693bd0f9e70d262	1152	Rw,Bb,Kw,Pb,Nw,Bw,Kb,Qw,Pb,,,,,,,Bb,Qb,,,,,,,Nw,Bw,,,,,,,Pw,Rb,,,,,,,Kw,Pw,,,,,,,Bw,Qw,,,,,,,Nb,Bw,Qb,Bw,Rb,Pw,Qw,Bb,Nb	darkRed	0
55568b0ee2d17b1d60c34e5e1b6bd967	3452	Kw,Kb,Rb,Nb,Qw,Kw,Rw,Qb,Nb,,,,,,,Nb,Pw,,,,,,,Bw,Kb,,,,,,,Kw,Bw,,,,,,,Pw,Nw,,,,,,,Rw,Pb,,,,,,,Bb,Bb,Kw,Rw,Nb,Kw,Kb,Rb,Nw	darkRed	0
558778c9174342f76a9155972f853924	904	Nw,Kw,Pw,Nw,Bb,Kb,Pb,Pb,Nb,,,,,,,Nw,Qw,,,,,,,Rb,Kw,,,,,,,Kb,Rw,,,,,,,Qw,Nw,,,,,,,Nb,Qb,,,,,,,Rw,Nb,Kw,Qb,Nb,Pw,Kb,Qw,Kw	lightRed	0
558e4614da82f8f77792511ac1ed9c60	2685	Nw,Rw,Kw,Qw,Nb,Rb,Kb,Kb,Bw,,,,,,,Qb,Qb,,,,,,,Bw,Pb,,,,,,,Rb,Rw,,,,,,,Pw,Bb,,,,,,,Qw,Qw,,,,,,,Bb,Pb,Pw,Kw,Bb,Nw,Pb,Kb,Bb	darkRed	0
5591e292b1c7d9b3c767cd0f957cc535	49	Bw,Nb,Bw,Kb,Pb,Nw,Bb,Rb,Rb,,,,,,,Kb,Nw,,,,,,,Qw,Qw,,,,,,,Nb,Kb,,,,,,,Rw,Rw,,,,,,,Kw,Nb,,,,,,,Qb,Kw,Qb,Kw,Rb,Nw,Qw,Kb,Kb	darkRed	0
55a4265360b38550d2a3d38711b1d549	1293	Nb,Kw,Rw,Nw,Qb,Kb,Rb,Pw,Qb,,,,,,,Nw,Bw,,,,,,,Rb,Rw,,,,,,,Kb,Pb,,,,,,,Qw,Qw,,,,,,,Nb,Bb,,,,,,,Rw,Qb,Rw,Kw,Qw,Nb,Rb,Kb,Qw	darkGray	0
55c470e54150cb9b062263308df14b90	805	Rw,Bb,Qw,Pw,Rb,Bw,Qb,Pb,Pw,,,,,,,Bb,Nb,,,,,,,Rw,Bw,,,,,,,Pb,Kb,,,,,,,Qb,Pb,,,,,,,Bw,Nw,,,,,,,Rb,Pb,Bw,Qb,Pb,Rw,Bb,Qw,Kw	lightRed	0
55dadc93fc330fdaecccc30837b15285	1918	Bb,Qb,Kw,Pw,Nb,Qw,Kb,Bw,Qw,,,,,,,Kb,Kb,,,,,,,Qw,Pb,,,,,,,Nw,Nw,,,,,,,Rb,Qb,,,,,,,Kw,Kw,,,,,,,Qb,Pb,Kw,Bb,Nw,Pb,Kb,Bw,Bb	lightGray	0
55ddbceee8ee07d0ac2bfdbf96c559dd	3106	Rw,Pw,Rb,Nw,Qb,Kw,Rw,Pb,Rw,,,,,,,Bb,Rw,,,,,,,Nw,Rw,,,Pb,Pb,,,Pb,Rw,,,Pb,Pb,,,Kb,Rw,,,,,,,Bw,Rw,,,,,,,Nb,Rw,Pb,Kb,Bw,Nb,Pw,Kw,Pb	darkRed	0
55e330a5f31e16ab94dc324c058db067	1659	Kw,Qb,Pb,Rw,Bb,Qw,Pw,Pw,Bw,,,,,,,Qw,Qb,,,,,,,Pw,Pw,,,,,,,Rb,Rb,,,,,,,Bw,Bb,,,,,,,Qb,Qw,,,,,,,Pb,Bw,Pb,Nw,Bb,Kw,Pw,Nb,Rw	darkGray	1
55e71960c9f95c930cbf47f42aebdd85	590	Kb,Qb,Bw,Rb,Pw,Qw,Bb,Qw,Qb,,,,,,,Bb,Kw,,,,,,,Kw,Rb,,,Rb,Rb,,,Pb,Nw,,,Rb,Rb,,,Nw,Qw,,,,,,,Bw,Kb,,,,,,,Kb,Nw,Nw,Pb,Kw,Bb,Nb,Pw,Rb	darkGray	1
55f50fec6a4a9f9f211244d9285e64a7	302	Qb,Pw,Nb,Bw,Qb,Pb,Nw,Pw,Nw,,,,,,,Pb,Rb,,,,,,,Rw,Kw,,,Nw,Nw,,,Nb,Qb,,,Nw,Nw,,,Qw,Nb,,,,,,,Kb,Rw,,,,,,,Rb,Rw,Rw,Rw,Rw,Rw,Rw,Rw,Rw	darkGray	0
55f96f1a2bb1ef91b6f73df3b1a6fb45	3136	Rw,Rw,Nb,Qw,Kb,Rb,Nw,Kw,Rw,,,,,,,Bb,Rw,,,,,,,Rw,Rw,,,Pb,Pb,,,Kb,Rw,,,Pb,Pb,,,Qw,Rw,,,,,,,Bw,Rw,,,,,,,Rb,Rw,Rw,Pb,Qw,Nb,Rb,Kb,Pw	lightGray	0
561b8090dee45e06992962bae55c684c	1587	Kw,Rw,Kw,Qw,Nb,Rb,Kb,Nb,Nw,,,,,,,Pb,Qb,,,,,,,Kb,Kw,,,Nb,Nb,,,Bw,Rw,,,Nb,Nb,,,Nb,Nb,,,,,,,Pw,Qw,,,,,,,Kw,Rw,Rw,Nb,Qw,Kb,Rb,Nw,Pb	lightRed	0
562aba49cd674ac31314f0186ae5a58c	657	Pb,Kb,Bw,Nb,Pw,Kw,Bb,Bb,Kw,,,,,,,Bw,Bb,,,,,,,Qb,Nw,,,,,,,Pb,Pb,,,,,,,Rw,Kb,,,,,,,Bb,Bw,,,,,,,Qw,Pw,Kb,Pb,Nb,Bw,Kw,Pw,Nw	lightGray	0
564430e1937cf70f1d553f2e384a4b79	1654	Pw,Bb,Qw,Kb,Rb,Bw,Qb,Bw,Pw,,,,,,,Bb,Rb,,,,,,,Qw,Bb,,,Bb,Bb,,,Pw,Qw,,,Bb,Bb,,,Rb,Pb,,,,,,,Bw,Rw,,,,,,,Qb,Pw,Kb,Qw,Nb,Rw,Kw,Qb,Bw	darkGray	0
56501d0a286d0be0bf2e54b10366b1d3	69	Bw,Nb,Pw,Kb,Bw,Nw,Pb,Bw,Nw,,,,,,,Nb,Pb,,,,,,,Qw,Kb,,,Nw,Nw,,,Kw,Bw,,,Nw,Nw,,,Rw,Nb,,,,,,,Nw,Pw,,,,,,,Qb,Nw,Bb,Rw,Kb,Qw,Nw,Rb,Nb	darkGray	0
566b1914d7f58f6478f07a69246ab184	2405	Pb,Qw,Nb,Rw,Pb,Qb,Nw,Bb,Nw,,,,,,,Pw,Bb,,,,,,,Rb,Kw,,,,,,,Bw,Pw,,,,,,,Qb,Nb,,,,,,,Pb,Bw,,,,,,,Rw,Rw,Nw,Bb,Kw,Pw,Nb,Bw,Nb	darkGray	0
566d0c421a115ffdc5e67e1a9f8c0cee	2464	Nw,Kb,Pb,Rw,Bb,Qw,Pw,Pb,Rb,,,,,,,Qw,Pw,,,,,,,Kb,Qb,,,,,,,Rb,Bw,,,,,,,Nw,Rw,,,,,,,Qb,Pb,,,,,,,Kw,Bb,Pb,Rw,Bw,Qb,Pw,Rb,Qw	lightRed	0
5676a306044c3a1f80ddef6638bb7fd9	3121	Bb,Qw,Nb,Rw,Kw,Qb,Nw,Pb,Qb,,,,,,,Kw,Kw,,,,,,,Bb,Rb,,,Qw,Qw,,,Nb,Bw,,,Qw,Qw,,,Pw,Qw,,,,,,,Kb,Kb,,,,,,,Bw,Kw,Pw,Rb,Bb,Qw,Pb,Rw,Rb	darkGray	1
56882f2d7dcc47491832adff8e5c5283	1068	Kb,Bw,Rb,Pw,Qw,Bb,Nw,Nb,Nw,,,,,,,Nb,Rb,,,,,,,Rw,Kb,,,Pw,Pw,,,Kb,Qw,,,Pw,Pw,,,Qw,Nb,,,,,,,Nw,Rw,,,,,,,Rb,Bw,Bw,Rb,Pw,Qw,Nb,Rw,Qw	darkRed	0
568d7a4b2c8d5f140737922b869fe384	491	Nb,Bw,Nb,Pb,Kb,Bb,Nw,Nw,Kw,,,,,,,Rb,Qb,,,,,,,Nw,Nb,,,Rb,Rb,,,Qb,Rw,,,Rb,Rb,,,Kw,Kb,,,,,,,Rw,Qw,,,,,,,Nb,Qb,Nb,Pw,Kb,Bw,Nw,Pb,Nb	darkRed	0
5690f13cc954be24c91fed49fa1c755c	1741	Kb,Qw,Kb,Rw,Nb,Qb,Kw,Qw,Kw,,,,,,,Rw,Bb,,,,,,,Bb,Nb,,,Pb,Pb,,,Qw,Pw,,,Pb,Pb,,,Pw,Kb,,,,,,,Nb,Bw,,,,,,,Bw,Rw,Pb,Nw,Bw,Kb,Pw,Nb,Qb	lightRed	0
56ab6130c45a2a76c06e0b42f375911f	501	Rw,Nw,Qb,Kb,Rb,Nb,Qw,Pw,Nb,,,,,,,Rw,Pw,,,,,,,Pb,Kb,,,,,,,Qw,Bw,,,,,,,Bb,Nw,,,,,,,Rb,Pb,,,,,,,Pw,Kw,Bb,Kw,Pb,Nw,Bw,Kb,Kb	darkRed	0
56ad8a0bc54bb5d1008e39664423d96c	1435	Pw,Nb,Rw,Kw,Qb,Nw,Rb,Bw,Qw,,,,,,,Pb,Pw,,,,,,,Kb,Rb,,,,,,,Bb,Bw,,,,,,,Nw,Qb,,,,,,,Pw,Pb,,,,,,,Kw,Nw,Pw,Rb,Bw,Qb,Pb,Rw,Qb	darkGray	0
56b407142fbb21f6983644e7ed2d275f	2585	Pw,Rw,Pb,Qw,Bb,Nb,Pw,Pw,Qw,,,,,,,Qw,Pw,,,,,,,Bb,Rb,,,,,,,Rb,Bw,,,,,,,Pw,Qb,,,,,,,Qb,Pb,,,,,,,Bw,Rw,Pw,Kw,Bb,Nw,Pb,Kb,Bb	lightGray	0
56baa317051a680e13af47c1a9e4df9e	2294	Kw,Pw,Nb,Bw,Kb,Pb,Nw,Kb,Qb,,,,,,,Pw,Nw,,,,,,,Qw,Rw,,,Nb,Nb,,,Bb,Kw,,,Nb,Nb,,,Nw,Qw,,,,,,,Pb,Nb,,,,,,,Qb,Rw,Nb,Qw,Kb,Rb,Bw,Qb,Qw	lightRed	0
56bdb4b9d3f6e2c69d60e1b3c8961595	451	Kb,Kb,Qw,Nb,Rw,Kw,Qb,Kw,Pw,,,,,,,Pw,Kw,,,,,,,Rb,Bw,,,Pb,Pb,,,Bb,Nb,,,Pb,Pb,,,Qw,Pb,,,,,,,Pb,Qb,,,,,,,Rw,Kb,Bw,Rb,Kw,Qb,Nb,Rw,Kb	darkGray	1
56cce1bf6be2f93a85d435f45624e91c	1606	Bw,Kb,Bw,Nb,Pw,Kw,Bb,Bw,Bw,,,,,,,Qw,Nb,,,,,,,Kb,Pb,,,Nb,Nb,,,Rw,Kb,,,Nb,Nb,,,Bb,Bb,,,,,,,Qb,Nw,,,,,,,Pb,Rw,Nw,Qb,Kb,Rb,Nb,Qw,Pw	darkRed	0
56e56ca1cbc5f9dcb0d2fc758dfbc0c8	2434	Qw,Pw,Rb,Bb,Qw,Pb,Rw,Pw,Bb,,,,,,,Nb,Rw,,,,,,,Bw,Pw,,,,,,,Kb,Qw,,,,,,,Pb,Bw,,,,,,,Nw,Rb,,,,,,,Bb,Rb,Nw,Rb,Kb,Qw,Nb,Rw,Pw	lightRed	0
56e65aa6a80ba4e93becd4de3521e7af	2510	Qb,Qw,Bb,Rb,Pw,Qb,Bw,Bw,Qw,,,,,,,Nb,Kb,,,,,,,Rw,Rw,,,Qw,Qw,,,Kw,Nb,,,Qw,Qw,,,Qb,Qb,,,,,,,Nw,Kw,,,,,,,Rb,Nw,Bw,Kb,Pw,Nb,Bb,Kw,Kb	darkRed	0
56f5c2fb3c5b1f6860e6ff3a8ba67d02	1785	Nb,Kw,Pw,Nb,Bw,Kb,Pb,Rw,Pb,,,,,,,Bb,Qb,,,,,,,Qw,Bw,,,,,,,Pb,Rb,,,,,,,Rw,Pw,,,,,,,Bw,Qw,,,,,,,Qb,Kw,Bb,Rw,Pb,Qb,Bw,Rb,Qw	darkGray	0
5725dcfd54b89214edcb4e8bcc77539c	3111	Rw,Rw,Rw,Rw,Rw,Rw,Rw,Rw,Qb,,,,,,,Bb,Qw,,,,,,,Pw,Rb,,,Nb,Nb,,,Pw,Pw,,,Nb,Nb,,,Qw,Bw,,,,,,,Bw,Qb,,,,,,,Nb,Bb,Kb,Pw,Rb,Qb,Qw,Nb,Bb	lightGray	0
5726fcebb007d5672e880263ae4880ca	3582	Kw,Pw,Rb,Bb,Qw,Pb,Rw,Nw,Qw,,,,,,,Pb,Bb,,,,,,,Rw,Rb,,,,,,,Nb,Kb,,,,,,,Qw,Qb,,,,,,,Pw,Bw,,,,,,,Rb,Pw,Pb,Rw,Bb,Qw,Pw,Rb,Rb	darkGray	0
57299c3ce3816729a519992a448c4ec2	3110	Qw,Kb,Bw,Nw,Pb,Kw,Bb,Nw,Pb,,,,,,,Rw,Qb,,,,,,,Bb,Bw,,,Bb,Bb,,,Qw,Nb,,,Bb,Bb,,,Pw,Pw,,,,,,,Rb,Qw,,,,,,,Bw,Kb,Qb,Nw,Rb,Kb,Qw,Nb,Bw	darkGray	0
573520db3e7a7fe330e4a6ed918fe9f5	3159	Nw,Bb,Rw,Kb,Qw,Nw,Rb,Nb,Nw,,,,,,,Pb,Bb,,,,,,,Nw,Kw,,,Nb,Nb,,,Bw,Pw,,,Nb,Nb,,,Kb,Nb,,,,,,,Pw,Bw,,,,,,,Nb,Bb,Qw,Kb,Rb,Nw,Qb,Kw,Kb	lightGray	0
57391dfff5621f2efdaaee564520d940	2862	Pw,Bw,Rb,Pw,Qw,Bb,Rw,Bw,Qb,,,,,,,Qw,Kw,,,,,,,Pw,Rb,,,Pw,Pw,,,Nw,Nw,,,Pw,Pw,,,Bb,Qw,,,,,,,Kb,Kb,,,,,,,Pb,Pb,Bw,Qb,Pw,Rb,Bb,Qw,Bb	darkRed	0
57466c9a3b571c17f407b5614e81ca1f	2059	Qb,Rw,Bb,Qw,Pw,Rb,Bw,Pw,Qb,,,,,,,Qb,Kw,,,,,,,Kw,Rw,,,,,,,Rb,Nb,,,,,,,Nw,Bw,,,,,,,Qw,Kb,,,,,,,Kb,Kw,Pb,Rw,Nb,Qw,Kb,Rb,Rb	darkGray	0
5754ea21fff841d294efd80857d9b03f	2784	Bw,Nw,Rb,Kb,Qw,Nb,Rw,Bb,Nw,,,,,,,Nb,Rb,,,,,,,Bw,Kw,,,Nw,Nw,,,Kw,Qb,,,Nw,Nw,,,Pw,Nb,,,,,,,Nw,Rw,,,,,,,Bb,Kb,Pw,Nb,Bb,Kw,Pb,Nw,Rw	darkGray	0
5767d0a7a3013c2538eaf91a5f040df2	916	Kw,Rb,Nw,Qb,Kw,Rw,Nb,Bw,Rb,,,,,,,Pb,Nw,,,,,,,Kb,Qb,,,Qb,Qb,,,Bw,Kw,,,Qb,Qb,,,Nb,Rw,,,,,,,Pw,Nb,,,,,,,Kw,Kb,Rb,Kb,Qw,Nb,Rw,Pb,Qb	lightGray	0
57827867670916d87a37fecb40355285	3586	Qw,Nb,Rw,Kb,Qw,Nw,Rb,Kw,Qw,,,,,,,Rb,Kb,,,,,,,Pw,Rw,,,,,,,Qw,Bb,,,,,,,Bb,Qb,,,,,,,Nw,Pb,,,,,,,Pb,Kb,Bb,Kw,Pw,Nb,Qw,Kb,Rb	lightRed	0
57907ea101c65cd55473ccc1857f2c46	2578	Pw,Kb,Pb,Nb,Bw,Kw,Pw,Nw,Rw,,,,,,,Kw,Pb,,,,,,,Pw,Qb,,,,,,,Nw,Bw,,,,,,,Bb,Rb,,,,,,,Kb,Pw,,,,,,,Pb,Rw,Rw,Rw,Rw,Rw,Rw,Rw,Rw	darkGray	0
5796153bfc1225e50d24cb4b1fcd56f3	2212	Bw,Bb,Nw,Pb,Kb,Bw,Rb,Kb,Qw,,,,,,,Kw,Nb,,,,,,,Pw,Rb,,,Pb,Pb,,,Nb,Kb,,,Pb,Pb,,,Bw,Qb,,,,,,,Kb,Nw,,,,,,,Rb,Pb,Kb,Pb,Nw,Bb,Kw,Pw,Qw	lightGray	0
579710313be024ce066f118d5950461a	613	Kw,Pb,Rw,Bw,Qb,Pw,Rb,Rw,Rb,,,,,,,Bw,Bw,,,,,,,Rb,Qw,,,Rw,Rw,,,Pw,Pw,,,Rw,Rw,,,Qw,Rw,,,,,,,Bb,Bb,,,,,,,Rw,Pb,Rb,Pw,Qb,Bw,Rw,Pb,Bb	lightGray	0
57b0d30721c6d1d201a5546c5a1a075b	2748	Bw,Bw,Qb,Pw,Rb,Bb,Qw,Qw,Nb,,,,,,,Kb,Rw,,,,,,,Rb,Kb,,,,,,,Nw,Qw,,,,,,,Qb,Bw,,,,,,,Kw,Rb,,,,,,,Rw,Nb,Rb,Pw,Qw,Bb,Rw,Kw,Rw	darkGray	1
57bc4aa2ba8ef2bfd3c7933a537d34e4	2540	Nb,Bb,Nw,Pw,Kw,Bw,Nb,Kw,Nb,,,,,,,Nw,Qw,,,,,,,Rb,Kb,,,Nb,Nb,,,Kb,Rb,,,Nb,Nb,,,Qw,Nw,,,,,,,Nb,Qb,,,,,,,Rw,Rw,Qb,Kw,Rw,Nb,Qw,Kb,Pb	darkRed	0
57bc67992c9dffeb09d6f0f054e40ad3	611	Pb,Rb,Nw,Qb,Kw,Rw,Bb,Bw,Nb,,,,,,,Qw,Pw,,,,,,,Kb,Kb,,,,,,,Rb,Bw,,,,,,,Nw,Nw,,,,,,,Qb,Pb,,,,,,,Kw,Bw,Nb,Bw,Kw,Pw,Nw,Bb,Bw	darkGray	1
57bfdeb604a5fc699e3e6f6916ef42e3	3191	Pw,Kw,Pw,Nb,Bw,Kb,Pb,Pw,Nb,,,,,,,Qb,Qw,,,,,,,Nw,Kb,,,,,,,Rb,Pb,,,,,,,Kb,Nw,,,,,,,Bw,Qb,,,,,,,Nb,Kb,Kb,Pb,Nw,Bb,Kw,Pw,Qw	lightGray	0
57d0810d8c5be6ebfcf17d4d9dcd2493	9	Nw,Qw,Pw,Rb,Bw,Qb,Pb,Qb,Bb,,,,,,,Pb,Kw,,,,,,,Rw,Pw,,,,,,,Bw,Nb,,,,,,,Qb,Bw,,,,,,,Pw,Kb,,,,,,,Rb,Bw,Nb,Qw,Kb,Rb,Nw,Qb,Rw	darkRed	0
57e5e72348b1213a1494a86e91b930ce	628	Pw,Pb,Qb,Bw,Nb,Pw,Kw,Rw,Rb,,,,,,,Kb,Nw,,,,,,,Pb,Qw,,,,,,,Nb,Kb,,,,,,,Bw,Rw,,,,,,,Kw,Nb,,,,,,,Pw,Pw,Bb,Rw,Pb,Qb,Bw,Rb,Nb	lightGray	0
57eea8a07a838ee4a2448e3e6b3a81fc	3781	Kw,Bb,Kw,Pb,Nw,Bw,Kb,Rb,Qb,,,,,,,Rb,Pb,,,,,,,Bw,Rb,,,,,,,Qb,Bw,,,,,,,Pb,Kw,,,,,,,Rw,Pw,,,,,,,Bb,Nb,Pw,Kw,Bb,Rw,Pb,Qb,Nw	darkGray	1
57ef28ce74cd65026888276bdc8711c3	2851	Bb,Kb,Rb,Nw,Qb,Kw,Rw,Nw,Rw,,,,,,,Nw,Bb,,,,,,,Qb,Kb,,,Bb,Bb,,,Kb,Pb,,,Bb,Bb,,,Rb,Nb,,,,,,,Nb,Bw,,,,,,,Qw,Kw,Pw,Rb,Bb,Qw,Kw,Rw,Kb	darkRed	0
57f04d077e7af491d4d78447cf685862	3826	Rb,Rb,Kb,Qw,Nb,Rw,Kw,Qb,Kb,,,,,,,Kb,Rb,,,,,,,Bw,Nb,,,Rw,Rw,,,Nw,Qw,,,Rw,Rw,,,Pb,Kw,,,,,,,Kw,Rw,,,,,,,Bb,Nb,Rb,Bw,Qw,Pw,Rw,Bb,Nb	darkGray	0
57ff4a9eef12e03e6f2acdf97f1e3eed	14	Nb,Bw,Nb,Pw,Kw,Bb,Nw,Pb,Rb,,,,,,,Bw,Nw,,,,,,,Kb,Qw,,,,,,,Pw,Kb,,,,,,,Nb,Rw,,,,,,,Bb,Nb,,,,,,,Kw,Qb,Pb,Nw,Bw,Kb,Pw,Nb,Nw	lightRed	0
5802725d938b9e65608725994a7034ba	570	Rw,Pw,Qw,Bw,Rb,Pb,Qb,Kw,Bw,,,,,,,Rw,Kb,,,,,,,Bb,Pb,,,,,,,Qb,Nw,,,,,,,Pb,Bb,,,,,,,Rb,Kw,,,,,,,Bw,Kb,Nw,Qb,Kw,Rw,Nb,Qw,Rb	lightRed	0
5807688307ca0d83d8c08ee4e333a9e7	354	Qb,Pw,Rb,Bb,Qw,Kw,Rw,Pb,Rb,,,,,,,Nb,Pw,,,,,,,Qw,Qb,,,Nb,Nb,,,Kw,Bw,,,Nb,Nb,,,Rw,Nw,,,,,,,Nw,Pb,,,,,,,Qb,Qw,Kb,Qw,Bb,Rw,Pb,Qb,Qb	lightGray	0
5835219763d0a13df6a0bfe136632d8f	4080	Nw,Nb,Bw,Kw,Pw,Nw,Bb,Bw,Nw,,,,,,,Nb,Bb,,,,,,,Rw,Kw,,,,,,,Kb,Pw,,,,,,,Qw,Nb,,,,,,,Bw,Bw,,,,,,,Rb,Nw,Kb,Pb,Nb,Bw,Kw,Pw,Nb	lightGray	0
584929ef510c95b762d6268b1064ada8	2877	Rw,Rw,Bb,Qw,Pw,Rb,Bw,Nb,Qb,,,,,,,Kw,Kw,,,,,,,Pw,Rb,,,Nw,Nw,,,Nw,Nw,,,Nw,Nw,,,Bb,Qw,,,,,,,Kb,Kb,,,,,,,Pb,Nb,Kw,Rw,Nb,Qw,Kb,Rb,Nb	lightGray	0
584d358793b200b3c8ba3cdbaf0f2df3	782	Bb,Kw,Qb,Nw,Rb,Kb,Qw,Bb,Bw,,,,,,,Pb,Nb,,,,,,,Rw,Pw,,,,,,,Bw,Qw,,,,,,,Qb,Qb,,,,,,,Pw,Nw,,,,,,,Rb,Bw,Qw,Bb,Rb,Pw,Qb,Bw,Kw	darkGray	0
5855845bf979f794bb5b03ef28ae7a4a	1291	Bb,Pb,Rw,Bb,Qw,Pw,Rb,Qb,Rw,,,,,,,Bw,Bb,,,,,,,Nb,Qw,,,,,,,Pw,Pw,,,,,,,Kw,Rb,,,,,,,Bb,Bw,,,,,,,Nw,Bb,Kb,Pb,Nw,Bb,Kw,Pw,Qw	darkRed	0
58597e1e45fa54e5aba85902bdf49ed9	3367	Rb,Bb,Rw,Pb,Qb,Bw,Rb,Qw,Nw,,,,,,,Bw,Rb,,,,,,,Qb,Kb,,,,,,,Pb,Qw,,,,,,,Rw,Bb,,,,,,,Bb,Rw,,,,,,,Qw,Qb,Nw,Bb,Qw,Pw,Rb,Bw,Qb	darkRed	0
587f7699c220c2763a4f9ee900f714d7	1293	Nb,Kw,Rw,Nw,Qb,Kb,Rb,Pw,Qb,,,,,,,Nw,Bw,,,,,,,Rb,Rw,,,,,,,Kb,Pb,,,,,,,Qw,Qw,,,,,,,Nb,Bb,,,,,,,Rw,Qb,Rw,Kw,Qw,Nb,Rb,Kb,Qw	darkGray	0
58806dfc4a6b693dec775b2980882336	3510	Nb,Bw,Nb,Pb,Kb,Bb,Nw,Pw,Nb,,,,,,,Pb,Pw,,,,,,,Qb,Kb,,,Pb,Pb,,,Bw,Bw,,,Pb,Pb,,,Rb,Nw,,,,,,,Pw,Pb,,,,,,,Qw,Kw,Nb,Bw,Kb,Pb,Nw,Bb,Nb	darkRed	0
5886707428f4c53dad235927c69f18bf	176	Rw,Rw,Rw,Rw,Rw,Rw,Rw,Rw,Kw,,,,,,,Bb,Qb,,,,,,,Qw,Nw,,,,,,,Pb,Rb,,,,,,,Rw,Kb,,,,,,,Bw,Qw,,,,,,,Qb,Pb,Pb,Qb,Bb,Rw,Pw,Qw,Bb	lightGray	0
58872058639409ff0b4b94a867c535d2	3335	Pb,Nw,Rb,Qw,Qb,Nb,Rw,Nb,Pb,,,,,,,Kb,Rw,,,,,,,Bw,Bw,,,,,,,Nw,Qb,,,,,,,Pb,Pw,,,,,,,Kw,Rb,,,,,,,Bb,Qb,Nb,Qw,Kb,Rb,Nw,Qb,Kb	darkRed	0
588b9e9908937d26348a458aba9f1708	4063	Pw,Qw,Pw,Rb,Bw,Kb,Pb,Qb,Bw,,,,,,,Qb,Nb,,,,,,,Qw,Pb,,,Pw,Pw,,,Rw,Kb,,,Pw,Pw,,,Nb,Bb,,,,,,,Kw,Nw,,,,,,,Kb,Pb,Rw,Kw,Qb,Nw,Rb,Kb,Bw	lightGray	0
58960a5f9e12e4f946b0b3ff15b7ecbb	2536	Qb,Nw,Bb,Kw,Pw,Nb,Bw,Nw,Pw,,,,,,,Pw,Qw,,,,,,,Nb,Bw,,,,,,,Bw,Rb,,,,,,,Kb,Kw,,,,,,,Pb,Qb,,,,,,,Nw,Nb,Rw,Nb,Qw,Kb,Rb,Nw,Pw	lightRed	0
5899909eea3a11a34955cc7f61d604dd	2507	Rw,Pw,Rb,Bb,Kw,Pb,Rw,Pb,Bb,,,,,,,Kw,Rw,,,,,,,Bb,Pb,,,Pb,Pb,,,Nw,Qb,,,Pb,Pb,,,Pb,Bw,,,,,,,Kb,Rb,,,,,,,Bw,Kw,Rw,Nb,Qw,Kb,Rb,Nw,Pw	darkGray	0
589e075a7c62e3dfa08a26fad910106b	3163	Kb,Nw,Rb,Kb,Qw,Nb,Rw,Bw,Qb,,,,,,,Kw,Kw,,,,,,,Qb,Rw,,,,,,,Nw,Nb,,,,,,,Rb,Qw,,,,,,,Kb,Kb,,,,,,,Qw,Pw,Nw,Rb,Pw,Qw,Nb,Rw,Pw	lightGray	0
58ae50fc0f8252962f34c7b5b141a0f3	3417	Rb,Nb,Pw,Kb,Bw,Nw,Pb,Bw,Qb,,,,,,,Rw,Pb,,,,,,,Kw,Rb,,,Nb,Nb,,,Qw,Bw,,,Nb,Nb,,,Nb,Kw,,,,,,,Rb,Pw,,,,,,,Kb,Nb,Pb,Kb,Bb,Nw,Rw,Kw,Qb	darkGray	0
58b1660cd86a36c75224155e778ce805	1583	Rw,Qb,Kw,Rw,Nb,Kw,Kw,Pb,Rb,,,,,,,Pw,Kb,,,,,,,Kw,Qb,,,Pb,Pb,,,Bw,Nw,,,Pb,Pb,,,Nb,Rw,,,,,,,Pb,Kw,,,,,,,Kb,Qb,Bb,Kw,Pb,Nw,Bw,Kb,Bw	lightRed	0
58c0fd828308c9e328f98156ebd8c4d4	60	Rb,Bw,Nb,Pw,Kw,Bb,Nw,Rw,Pb,,,,,,,Rb,Qb,,,,,,,Nw,Bb,,,Pw,Pw,,,Qb,Rw,,,Pw,Pw,,,Kw,Pw,,,,,,,Rw,Qw,,,,,,,Nb,Nb,Kb,Pb,Nb,Bw,Kw,Pw,Nw	lightRed	0
58cdcdb486de2b3ebf2842da37c08edf	1457	Nb,Pb,Nw,Bw,Kb,Pw,Nb,Nb,Kw,,,,,,,Qw,Qb,,,,,,,Kb,Nw,,,,,,,Rw,Rb,,,,,,,Nb,Kb,,,,,,,Qb,Bw,,,,,,,Kw,Pw,Qw,Nb,Rw,Kw,Qb,Nw,Pb	lightGray	0
58f1b9fbeba78b2279e8ac7dfd02fb2b	2185	Nb,Rw,Nb,Kw,Kb,Rb,Nw,Bb,Kb,,,,,,,Rw,Kw,,,,,,,Nb,Rb,,,Bb,Bb,,,Kw,Nw,,,Bb,Bb,,,Kb,Kw,,,,,,,Rb,Kb,,,,,,,Nw,Pb,Kb,Rb,Nw,Kb,Pb,Rw,Kw	lightGray	0
5902d9d2475df87f3ef67c31fe6fc3b5	1008	Pb,Qb,Bw,Rw,Pb,Kw,Bb,Qw,Pw,,,,,,,Pb,Nb,,,,,,,Kb,Bb,,,Pw,Pw,,,Bb,Kw,,,Pw,Pw,,,Nw,Pb,,,,,,,Pw,Rw,,,,,,,Kw,Pw,Kw,Qb,Nb,Rw,Kb,Qw,Rb	darkRed	0
5904ad1e59300d8ef686197448398492	3660	Pw,Nb,Bw,Kb,Pb,Nw,Bb,Rw,Pw,,,,,,,Bb,Rb,,,,,,,Nw,Bb,,,,,,,Pb,Qw,,,,,,,Kb,Pb,,,,,,,Qw,Rw,,,,,,,Nb,Pb,Pb,Kb,Bb,Nw,Pw,Kw,Rb	lightRed	0
59050381b6d2e7c3fc02cbaf8ff02bc1	3397	Bb,Rw,Pb,Qw,Bb,Rb,Pw,Rw,Rw,,,,,,,Nb,Nb,,,,,,,Pw,Qb,,,Pw,Pw,,,Kb,Kw,,,Pw,Pw,,,Bw,Rb,,,,,,,Nw,Nw,,,,,,,Pb,Qw,Rb,Bw,Qb,Pb,Rw,Bb,Kw	darkGray	0
590fd47862b4c0724078224d7a9d5a88	3215	Nw,Kw,Qb,Nw,Rb,Kb,Qw,Nw,Kb,,,,,,,Bw,Qw,,,,,,,Qb,Nb,,,Pb,Pb,,,Pb,Rw,,,Pb,Pb,,,Rw,Kw,,,,,,,Bb,Qb,,,,,,,Kw,Bb,Kw,Qb,Nw,Rb,Kb,Qw,Kb	lightRed	0
591ef8f22e6a44fdb2f61e7fad924c8a	512	Qb,Bw,Nb,Pw,Kw,Bb,Nw,Pw,Pw,,,,,,,Pb,Qw,,,,,,,Kb,Bw,,,,,,,Bb,Rb,,,,,,,Nw,Pb,,,,,,,Pw,Qb,,,,,,,Kw,Nw,Qb,Kw,Rb,Nw,Qw,Kb,Pw	lightGray	0
59257146e935fc8f1416021695ab7953	276	Pw,Rw,Kw,Qw,Nb,Rb,Kb,Pw,Qb,,,,,,,Rb,Bw,,,,,,,Kb,Rw,,,,,,,Qb,Pb,,,,,,,Nw,Qw,,,,,,,Rw,Bb,,,,,,,Kw,Qw,Rb,Pw,Qw,Bb,Rw,Pb,Nb	darkGray	0
592b5ddb62b381ef4f58f35821bf084c	3048	Pw,Pw,Nb,Bw,Kb,Pb,Nw,Kb,Kw,,,,,,,Kw,Bb,,,,,,,Rw,Nw,,,,,,,Nw,Pb,,,,,,,Qb,Kb,,,,,,,Kb,Bw,,,,,,,Rb,Rb,Pw,Rb,Bb,Qw,Pb,Rw,Nw	darkGray	0
593c2fa3abcc36964417fe5925310d59	1972	Nw,Nb,Qw,Kw,Rw,Bw,Qb,Pw,Kb,,,,,,,Qw,Rb,,,,,,,Bb,Nb,,,,,,,Rb,Qw,,,,,,,Pw,Kw,,,,,,,Kb,Rw,,,,,,,Bw,Bb,Rb,Nw,Qw,Kb,Rw,Nb,Pw	lightGray	0
593e099cb4906798ccb2ffe24391f41f	47	Nb,Pw,Nb,Bw,Kb,Pb,Nw,Qw,Bb,,,,,,,Bw,Nw,,,,,,,Qb,Pb,,,,,,,Pw,Kb,,,,,,,Rb,Bw,,,,,,,Bb,Nb,,,,,,,Qw,Nw,Kw,Rw,Nb,Qw,Kb,Rb,Kw	darkRed	0
594399eb55516f1b13d59f92aeb87155	1356	Qb,Rb,Nw,Qb,Kw,Rw,Nb,Qw,Nb,,,,,,,Kw,Qw,,,,,,,Rw,Kw,,,,,,,Nb,Rw,,,,,,,Qw,Nw,,,,,,,Kb,Qb,,,,,,,Pb,Qw,Bb,Nw,Pb,Kb,Bw,Nb,Bw	lightGray	0
594a8a84abca0e2dfc8e63a1a6d2b632	3980	Rw,Rw,Rw,Rw,Rw,Rw,Rw,Rw,Bw,,,,,,,Pw,Qb,,,,,,,Kw,Pw,,,,,,,Bw,Rb,,,,,,,Rb,Bb,,,,,,,Pb,Qw,,,,,,,Kb,Qb,Pw,Kw,Bw,Nb,Pb,Kb,Pw	darkRed	0
59500012af844c5e123eedb5e732cc2d	988	Nb,Rb,Nw,Qw,Kb,Rw,Nb,Rb,Nb,,,,,,,Bb,Rw,,,,,,,Nw,Kb,,,,,,,Pw,Kw,,,,,,,Pw,Nw,,,,,,,Bw,Rb,,,,,,,Nb,Rw,Rw,Nb,Qb,Kw,Rb,Nw,Bb	darkGray	0
5966991db41e6eb314fcbdcc3d14aa8c	1157	Kb,Kb,Qw,Nw,Pb,Kw,Bb,Qw,Pw,,,,,,,Bw,Kw,,,,,,,Qb,Bb,,,,,,,Pb,Nw,,,,,,,Rw,Pb,,,,,,,Bb,Qb,,,,,,,Qw,Bw,Kb,Qw,Nb,Rw,Kw,Qb,Rw	darkGray	0
5969b0e56f5a0353b2a0f8813f3d1e76	265	Kb,Qb,Nw,Rb,Pw,Qw,Bb,Bb,Bb,,,,,,,Bw,Qw,,,,,,,Qb,Pw,,,,,,,Pb,Rb,,,,,,,Rw,Bw,,,,,,,Bb,Qb,,,,,,,Qw,Nb,Nw,Pb,Kb,Qw,Nb,Pw,Rw	darkGray	0
597c54848f678b3428db6e7297329136	1980	Rb,Bw,Rb,Pb,Qb,Bb,Rw,Bb,Nb,,,,,,,Qb,Bw,,,,,,,Qw,Kb,,,,,,,Rb,Pb,,,,,,,Bw,Nw,,,,,,,Qw,Qb,,,,,,,Kb,Nw,Kw,Bb,Nb,Pw,Kb,Bw,Kw	lightRed	0
5992332c647bbfa65674b4829c2200f7	662	Bw,Pw,Kw,Bb,Nw,Pb,Qb,Pw,Nw,,,,,,,Nb,Rb,,,,,,,Qw,Kw,,,,,,,Kb,Qb,,,,,,,Rb,Nb,,,,,,,Nw,Rw,,,,,,,Qb,Pb,Pw,Kw,Qb,Nw,Rb,Kb,Bb	lightGray	0
599ce016af7981f6db010dd68a9decb7	1818	Qw,Qw,Nb,Rb,Kb,Qb,Nw,Nb,Nb,,,,,,,Bb,Bw,,,,,,,Qw,Kb,,,Bb,Bb,,,Pw,Pb,,,Bb,Bb,,,Rb,Nw,,,,,,,Bw,Bb,,,,,,,Qb,Bw,Nb,Qw,Kw,Rw,Nw,Qb,Qb	lightGray	0
59a633b79187b4c9e304f7e8a1866cb1	2949	Nw,Nw,Pb,Kb,Bw,Nb,Pw,Rb,Kw,,,,,,,Qw,Bb,,,,,,,Kb,Nw,,,,,,,Rw,Pb,,,,,,,Nb,Kb,,,,,,,Qb,Bw,,,,,,,Kw,Rb,Kw,Rw,Nb,Qw,Kb,Rb,Kb	darkRed	0
59af6eadd281317cddbd154dc37622bf	135	Kb,Rb,Nw,Qw,Kb,Rw,Nb,Bb,Kw,,,,,,,Pb,Bb,,,,,,,Rw,Nw,,,,,,,Bw,Pb,,,,,,,Qb,Kb,,,,,,,Pw,Bw,,,,,,,Rb,Nb,Rw,Pb,Qw,Bb,Rb,Pw,Qw	darkRed	0
59b43e9871b4012291bf2a387895cb8e	1479	Rb,Qb,Kw,Rb,Nw,Qw,Kb,Kw,Nw,,,,,,,Rb,Qb,,,,,,,Bw,Kw,,,Pw,Pw,,,Qw,Pw,,,Pw,Pw,,,Pw,Nb,,,,,,,Rw,Bw,,,,,,,Bb,Nb,Nb,Bw,Kw,Pw,Nw,Bb,Nw	darkRed	0
59e28b8d40a335f1e7fe95f511503fc7	110	Qw,Nb,Bw,Kw,Pw,Nw,Bb,Rw,Qw,,,,,,,Rw,Pw,,,,,,,Rw,Rb,,,Rb,Rb,,,Rw,Bw,,,Rb,Rb,,,Rw,Qb,,,,,,,Rw,Pb,,,,,,,Rw,Pb,Bb,Rw,Pw,Qw,Bw,Nb,Rw	darkGray	0
59f01a16b8567310e16bd2ff60f20986	3175	Bw,Qb,Pb,Rb,Bw,Qw,Pw,Rw,Nw,,,,,,,Rw,Qb,,,,,,,Rw,Kb,,,,,,,Rw,Rb,,,,,,,Rw,Nb,,,,,,,Rw,Qw,,,,,,,Rw,Qb,Pw,Nb,Bw,Kb,Pb,Nw,Rw	darkRed	0
59f5311b04d8bdf4059b60bd4accb094	1376	Rb,Bb,Kw,Pw,Nb,Bw,Kb,Qb,Nw,,,,,,,Qw,Qb,,,,,,,Bb,Kw,,,,,,,Rb,Pw,,,,,,,Pw,Nb,,,,,,,Qb,Qw,,,,,,,Bw,Rw,Rw,Rw,Rw,Rw,Rw,Rw,Rw	darkGray	0
5a0ea810d56060af03a2b0c56f663112	3279	Nb,Nw,Bb,Kb,Pb,Nb,Bw,Nw,Bb,,,,,,,Rb,Rw,,,,,,,Bw,Pb,,,Qw,Qw,,,Qw,Kb,,,Qw,Qw,,,Pw,Bw,,,,,,,Rw,Rb,,,,,,,Bb,Nb,Rw,Nb,Qw,Kb,Rb,Nw,Pw	lightRed	0
5a226c18072b294595a32de60c983397	1992	Pb,Rw,Bb,Qw,Kb,Rb,Bw,Qw,Kw,,,,,,,Qw,Rw,,,,,,,Kb,Nb,,,,,,,Rw,Qw,,,,,,,Nb,Kb,,,,,,,Qb,Rb,,,,,,,Kw,Kw,Rw,Nb,Qb,Kw,Rb,Nw,Nb	darkGray	0
5a253f64986cbaf6124ae40f2a761640	3551	Qb,Qw,Bb,Rb,Pw,Qb,Bw,Nb,Nb,,,,,,,Rw,Bw,,,,,,,Bb,Kw,,,,,,,Qb,Pw,,,,,,,Pb,Nw,,,,,,,Rb,Bb,,,,,,,Bw,Qw,Kw,Bb,Nb,Pw,Kb,Qw,Rb	lightRed	0
5a275276262ca3ab81eda3b19f3b5282	2113	Qb,Pw,Nb,Qb,Kw,Pb,Nw,Qw,Pw,,,,,,,Rb,Nb,,,,,,,Kb,Bb,,,,,,,Qb,Kw,,,,,,,Nw,Pb,,,,,,,Rw,Nw,,,,,,,Kw,Qw,Nb,Pw,Kw,Bb,Nw,Pb,Nw	darkGray	0
5a295c07822eb2abe5edb22a7517de73	337	Bb,Bb,Kw,Pw,Nb,Qw,Kb,Qw,Bw,,,,,,,Pb,Qb,,,,,,,Nw,Pw,,,Nw,Nw,,,Bw,Rb,,,Nw,Nw,,,Kb,Bb,,,,,,,Pw,Qw,,,,,,,Nb,Nw,Bb,Rw,Pw,Qw,Bw,Rb,Qw	lightGray	0
5a438688183cbdf94d3d4974c0f3c0d6	92	Pb,Nb,Pw,Kw,Bb,Nw,Pb,Rw,Rb,,,,,,,Kw,Kb,,,,,,,Rw,Qw,,,Nb,Nb,,,Nw,Nb,,,Nb,Nb,,,Qb,Rw,,,,,,,Kb,Kw,,,,,,,Rb,Kw,Bb,Qw,Pb,Nw,Bw,Kb,Rb	lightGray	0
5a45de996e5f3aeaa5721c56371392c3	859	Rb,Qw,Kb,Rb,Nw,Qb,Kw,Pb,Rw,,,,,,,Qw,Bb,,,,,,,Kb,Qb,,,,,,,Rw,Pb,,,,,,,Nb,Rb,,,,,,,Qb,Bw,,,,,,,Kw,Kb,Bw,Rb,Pw,Qw,Bb,Rw,Kb	darkRed	0
5a4f57ec5e804c663cd969e94b1a9786	378	Rw,Rw,Nb,Qb,Kw,Rb,Nw,Bb,Bw,,,,,,,Nb,Rb,,,,,,,Bw,Pw,,,,,,,Qb,Qw,,,,,,,Pb,Bb,,,,,,,Nw,Rw,,,,,,,Bb,Bb,Qb,Bw,Rb,Pw,Qw,Bb,Bb	darkRed	0
5a67c8c0e08a109a55ab33654ffa52c7	2537	Rb,Rw,Nb,Qb,Kw,Rb,Pw,Pw,Rb,,,,,,,Pb,Kb,,,,,,,Rw,Kw,,,Rb,Rb,,,Bb,Nb,,,Rb,Rb,,,Kw,Rw,,,,,,,Pw,Kw,,,,,,,Rb,Nb,Pw,Rb,Bb,Kw,Pb,Rw,Rw	darkRed	0
5a6ec9c6a2e467275f66e69eb98ba2e6	3666	Kb,Rw,Nb,Bw,Kb,Pb,Nw,Bb,Nw,,,,,,,Bw,Bb,,,,,,,Rb,Kw,,,Kb,Kb,,,Pb,Pw,,,Kb,Kb,,,Qb,Nb,,,,,,,Bb,Qw,,,,,,,Rw,Rb,Kw,Pw,Nw,Bb,Kb,Pb,Kw	darkRed	0
5a77de023d3ac6a481477c9c4a8aa914	2537	Rb,Rw,Nb,Qb,Kw,Rb,Nw,Pw,Rb,,,,,,,Pb,Kb,,,,,,,Rw,Qw,,,Rb,Rb,,,Bb,Nb,,,Rb,Rb,,,Qw,Rw,,,,,,,Pw,Kw,,,,,,,Rb,Nb,Pw,Rb,Bb,Qw,Pb,Rw,Rw	darkRed	0
5a7afaec73e2bfd98d463aa641fcc9cc	150	Nw,Rw,Nb,Qb,Kw,Rb,Nw,Bw,Rw,,,,,,,Pw,Nb,,,,,,,Nb,Qb,,,Bb,Bb,,,Bw,Pb,,,Bb,Bb,,,Kb,Rb,,,,,,,Pb,Nw,,,,,,,Nw,Pb,Bb,Kw,Pw,Nb,Bw,Kb,Qb	darkGray	0
5a813d42a028ffddf155a7a58f2ff12b	2719	Qw,Kb,Bw,Nb,Pw,Kw,Bb,Nb,Nb,,,,,,,Nb,Rw,,,,,,,Qw,Kb,,,Nw,Nw,,,Kb,Qw,,,Nw,Nw,,,Rb,Nw,,,,,,,Nw,Rb,,,,,,,Qb,Qb,Bb,Rw,Pb,Qb,Bw,Rb,Nw	darkGray	0
5a81b01cc7103f885878b9bc467c0f51	93	Bb,Pb,Nw,Bb,Kw,Pw,Nb,Rb,Qw,,,,,,,Qb,Nb,,,,,,,Kw,Rw,,,Nb,Nb,,,Rb,Pb,,,Nb,Nb,,,Nw,Qb,,,,,,,Qw,Nw,,,,,,,Kb,Kb,Nb,Bw,Kw,Pw,Rw,Bb,Rw	darkGray	0
5aaba46de6528259144033a1e8b0f574	2825	Nb,Rb,Pw,Qw,Bb,Rw,Pb,Nb,Pb,,,,,,,Nb,Kb,,,,,,,Pw,Bw,,,Bw,Bw,,,Kb,Nb,,,Bw,Bw,,,Bw,Pw,,,,,,,Nw,Kw,,,,,,,Pb,Pb,Pb,Qb,Bb,Rw,Pw,Qw,Rw	darkRed	1
5aaf61c6f1e20564191fae7d688e8c0f	1589	Rw,Bb,Qw,Pb,Rw,Bw,Qb,Rw,Kb,,,,,,,Qw,Rb,,,,,,,Nb,Nb,,,Pb,Pb,,,Rb,Qw,,,Pb,Pb,,,Kb,Kw,,,,,,,Qb,Rw,,,,,,,Nw,Rw,Bw,Nb,Pb,Kb,Bb,Nw,Bb	darkRed	0
5aba140fcd0b73c455a8866cb54d05b6	2333	Pb,Nb,Qw,Kw,Rw,Nw,Qb,Bb,Kw,,,,,,,Pb,Pw,,,,,,,Rw,Nw,,,Kb,Kb,,,Bw,Bb,,,Kb,Kb,,,Qb,Kb,,,,,,,Pw,Pb,,,,,,,Rb,Pb,Qb,Nw,Rw,Kw,Qw,Nb,Pw	darkRed	0
5acb2297314d8b3e76507984fb0d9ade	3363	Bb,Pw,Nb,Bb,Kw,Pb,Nw,Qw,Rw,,,,,,,Rw,Nb,,,,,,,Kw,Qb,,,Nb,Nb,,,Qb,Kw,,,Nb,Nb,,,Nw,Pb,,,,,,,Rb,Nw,,,,,,,Kb,Kb,Bb,Nw,Pw,Kw,Bw,Nb,Kb	darkGray	0
5add173015cd19099c1b2db56ace6153	3270	Nb,Nw,Rb,Kb,Qw,Nb,Rw,Rb,Qb,,,,,,,Qw,Bw,,,,,,,Pw,Rw,,,Nw,Nw,,,Rb,Pb,,,Nw,Nw,,,Bw,Qw,,,,,,,Kb,Bb,,,,,,,Pb,Rw,Rw,Nb,Qw,Kb,Rb,Nw,Kb	darkGray	0
5ae2dccf58eb4f890858a6172ad3f42c	1392	Rb,Bb,Qw,Pb,Rw,Bw,Qb,Nb,Qb,,,,,,,Pw,Bw,,,,,,,Kw,Rw,,,,,,,Bb,Pb,,,,,,,Nw,Qw,,,,,,,Pb,Bb,,,,,,,Kb,Qw,Rb,Bw,Qw,Pw,Rw,Bb,Bb	lightRed	0
5ae5e8dcbe56c3652680d9e5fe794591	3428	Qw,Bw,Rb,Pw,Qw,Bb,Rw,Rb,Bb,,,,,,,Nw,Kw,,,,,,,Bb,Pb,,,,,,,Kw,Nw,,,,,,,Pw,Qw,,,,,,,Nb,Kb,,,,,,,Bw,Kw,Rb,Kb,Qb,Nw,Rw,Pb,Pw	darkRed	0
5b000a1d4e8d430b5041bc6e10b249b2	2256	Nw,Bw,Rb,Pw,Qw,Bb,Rw,Qb,Nb,,,,,,,Rb,Bw,,,,,,,Nw,Kw,,,,,,,Qw,Pw,,,,,,,Kb,Nw,,,,,,,Pw,Bb,,,,,,,Nb,Rw,Rw,Rw,Rw,Rw,Rw,Rw,Rw	lightGray	0
5b0c879ab5b7028306b3ab8b3dbd8374	4035	Kb,Kb,Rb,Nb,Qw,Kw,Rw,Pw,Pw,,,,,,,Nw,Nb,,,,,,,Bb,Bb,,,Rb,Rb,,,Kb,Kw,,,Rb,Rb,,,Pb,Pb,,,,,,,Nb,Nw,,,,,,,Bw,Kb,Nb,Qw,Kw,Rw,Nw,Bb,Nb	darkRed	0
5b118f23c80f6570f34ed451d5ed5f77	2233	Nw,Qb,Bw,Rw,Pb,Qw,Bb,Rw,Kb,,,,,,,Rw,Bw,,,,,,,Rw,Nb,,,,,,,Rw,Pw,,,,,,,Rw,Kw,,,,,,,Rw,Bb,,,,,,,Rw,Kb,Rw,Pb,Qb,Bw,Rb,Pw,Rw	darkRed	0
5b213e92d1fee671f910ea8a982634b5	2161	Pb,Nb,Rw,Kw,Qb,Nw,Rb,Nw,Qb,,,,,,,Nw,Nw,,,,,,,Bb,Rw,,,Nb,Nb,,,Kb,Kw,,,Nb,Nb,,,Pb,Qw,,,,,,,Nb,Nb,,,,,,,Bw,Qw,Nb,Pw,Kw,Bb,Nw,Pb,Pw	darkGray	1
5b26076e1c4a2fa8dbd14106679953cb	1492	Bb,Nw,Pb,Kb,Bw,Nb,Pw,Bw,Rw,,,,,,,Kb,Nb,,,,,,,Bw,Qw,,,Pb,Pb,,,Nb,Kb,,,Pb,Pb,,,Pw,Pb,,,,,,,Qw,Nw,,,,,,,Bb,Rw,Rw,Rw,Rw,Rw,Rw,Rw,Rw	lightRed	0
5b2ad1473a9836a4922ef868fde29586	696	Pb,Pb,Qb,Bb,Nw,Pw,Kw,Rw,Nb,,,,,,,Nw,Pw,,,,,,,Pb,Qb,,,,,,,Kb,Bw,,,,,,,Bw,Nw,,,,,,,Nb,Pb,,,,,,,Pw,Rb,Bb,Nw,Pb,Kb,Bw,Nb,Pw	darkRed	0
5b2e165dc793c2f05f3a9b373aedd118	1690	Rw,Bw,Qb,Pw,Rb,Bb,Qw,Rw,Kb,,,,,,,Rb,Rb,,,,,,,Nw,Nb,,,,,,,Qb,Qw,,,,,,,Kw,Kw,,,,,,,Rw,Rw,,,,,,,Nb,Kb,Nw,Qb,Kb,Rb,Nb,Qw,Rw	darkRed	0
5b3a48075a8dee343437cccb281ad259	2928	Qb,Kw,Bb,Nw,Pb,Kb,Bw,Rw,Rb,,,,,,,Pw,Nw,,,,,,,Rb,Qb,,,,,,,Bb,Kw,,,,,,,Qw,Rw,,,,,,,Pb,Bb,,,,,,,Rw,Qb,Nb,Rw,Kb,Qw,Nw,Rb,Rw	lightRed	0
5b42e3db897e0b66ae2be293c24b1659	3660	Pw,Nb,Bw,Kb,Pb,Nw,Bb,Rw,Pw,,,,,,,Bb,Rb,,,,,,,Nw,Bb,,,,,,,Pb,Qw,,,,,,,Kb,Pb,,,,,,,Qw,Rw,,,,,,,Nb,Pb,Pb,Kb,Bb,Nw,Pw,Kw,Rb	lightRed	0
5b53392c59010f521b511a49f3fefc2e	2811	Bb,Nb,Bw,Kb,Pb,Nw,Bb,Nw,Nw,,,,,,,Kw,Rb,,,,,,,Bb,Kb,,,Pw,Pw,,,Nw,Qw,,,Pw,Pw,,,Pb,Nb,,,,,,,Kb,Rw,,,,,,,Qw,Qw,Kb,Qw,Nb,Rw,Kw,Qb,Rw	darkGray	0
5b548eb9f0fd376e2360b1c713b247f7	3611	Bb,Nw,Rb,Kb,Qw,Nb,Rw,Nb,Nw,,,,,,,Rb,Qb,,,,,,,Kb,Pw,,,,,,,Qb,Rb,,,,,,,Nw,Nb,,,,,,,Rw,Qw,,,,,,,Kw,Pw,Rw,Pb,Qw,Bb,Nb,Pw,Pw	darkGray	0
5b6bb7fe067b8ebb9a532c5167c53d87	1174	Nw,Nw,Bb,Kw,Pw,Nb,Bw,Kb,Nw,,,,,,,Pw,Nb,,,,,,,Qw,Bb,,,Nw,Nw,,,Bb,Kw,,,Nw,Nw,,,Rw,Pb,,,,,,,Pb,Nw,,,,,,,Kb,Rb,Kb,Qw,Nw,Rb,Kw,Qb,Bb	lightRed	0
5b766c487b99a77603ce4c8bac5802c0	1268	Kw,Bw,Rb,Pw,Kw,Bb,Rw,Pb,Rb,,,,,,,Pb,Kb,,,,,,,Nb,Qw,,,Nw,Nw,,,Bb,Nb,,,Nw,Nw,,,Kw,Rw,,,,,,,Pb,Kw,,,,,,,Nw,Qw,Qw,Kb,Rw,Nb,Qb,Kw,Qb	darkRed	0
5b7d7e5ed99b08c62bda7a1b4be5fff0	3679	Bb,Nb,Rw,Pb,Qb,Bw,Rb,Rb,Bb,,,,,,,Kw,Nw,,,,,,,Rw,Pb,,,Pb,Pb,,,Nw,Kb,,,Pb,Pb,,,Qb,Bw,,,,,,,Pw,Nb,,,,,,,Rb,Kb,Rb,Nw,Qw,Kb,Rw,Nb,Pb	lightGray	0
5b7d8a75d8448d7ba36cd415f5fc122a	2639	Nw,Rw,Kw,Qb,Nw,Rb,Kb,Qw,Bw,,,,,,,Qb,Qb,,,,,,,Pb,Pb,,,Kb,Kb,,,Rw,Rw,,,Kb,Kb,,,Bb,Nb,,,,,,,Qw,Qw,,,,,,,Pw,Qb,Nw,Bb,Kw,Pw,Nb,Bw,Nw	darkGray	0
5b833acea663e65cbcb81f78d5b181a9	1982	Bw,Nb,Rw,Kb,Qw,Nw,Rb,Nw,Nw,,,,,,,Nb,Qb,,,,,,,Pw,Kb,,,Qb,Qb,,,Kb,Rb,,,Qb,Qb,,,Bw,Nb,,,,,,,Nw,Qw,,,,,,,Pb,Kb,Qw,Kb,Rb,Nw,Qb,Pb,Bw	darkRed	0
5b86c116ef3c58bb6073d1c026417fa2	429	Kb,Kb,Bw,Nw,Pb,Kw,Bb,Qw,Kw,,,,,,,Nb,Qb,,,,,,,Bw,Nb,,,,,,,Kw,Rw,,,,,,,Pw,Kb,,,,,,,Nw,Qw,,,,,,,Bb,Qb,Bw,Nb,Pw,Kw,Bb,Nw,Kb	darkGray	0
5b8dad295a84ba5dc671a8e9b54712ed	886	Kb,Pw,Kw,Bb,Nw,Rb,Kb,Nw,Qb,,,,,,,Rw,Bw,,,,,,,Bb,Rb,,,Qb,Qb,,,Qb,Pw,,,Qb,Qb,,,Pb,Qw,,,,,,,Rb,Nb,,,,,,,Bw,Kb,Pw,Nb,Bb,Kw,Pb,Nw,Pb	lightGray	0
5b98cbbbf3043bfaeddc329caefc38a0	877	Qb,Pw,Nb,Bw,Kb,Pb,Nw,Pw,Rw,,,,,,,Bb,Nb,,,,,,,Qw,Qb,,,Nw,Nw,,,Pb,Kw,,,Nw,Nw,,,Rw,Rb,,,,,,,Bw,Nw,,,,,,,Qb,Nb,Qb,Nw,Rw,Kw,Qw,Nb,Qb	darkGray	0
5b9e4f5544f12282eaa22396402c861a	477	Rw,Kw,Qb,Nw,Rb,Kb,Qw,Bb,Kb,,,,,,,Bw,Rb,,,,,,,Qb,Nw,,,Rb,Rb,,,Pw,Qb,,,Rb,Rb,,,Rb,Kw,,,,,,,Bb,Rw,,,,,,,Qw,Pb,Kb,Qw,Nw,Pb,Kw,Bb,Nw	darkRed	0
5b9fee8da9ab2c88a0d0c3d8e67de529	3177	Pw,Kb,Pb,Nb,Bw,Qw,Pw,Bw,Pw,,,,,,,Qw,Rb,,,,,,,Bb,Bb,,,Pw,Pw,,,Nw,Qw,,,Pw,Pw,,,Pb,Pb,,,,,,,Kb,Rw,,,,,,,Bw,Nw,Qb,Kw,Rw,Nb,Qw,Kb,Bw	darkGray	0
5baae7c6925a515a8e34529df7bfc64d	3446	Kb,Rw,Bb,Qw,Pw,Rb,Nw,Qw,Qb,,,,,,,Qb,Nw,,,,,,,Nw,Pw,,,Bw,Bw,,,Rb,Kw,,,Bw,Bw,,,Kb,Qw,,,,,,,Qw,Nb,,,,,,,Nb,Rb,Rw,Bb,Qb,Pb,Rb,Nw,Bw	lightRed	0
5bb5077cde5b8c09bdc003dcdb65793f	1618	Kw,Nw,Rb,Kb,Qw,Nb,Rw,Qb,Rw,,,,,,,Bw,Kw,,,,,,,Nb,Qb,,,,,,,Pb,Nw,,,,,,,Kb,Rb,,,,,,,Bb,Kb,,,,,,,Nw,Bw,Nb,Bw,Kb,Pb,Nw,Bb,Qw	lightRed	0
5bb5c7fb3846475dee89926b92ff4e17	36	Bw,Kb,Qw,Nb,Rw,Kw,Qb,Rb,Pw,,,,,,,Nw,Nb,,,,,,,Qb,Bb,,,Qw,Qw,,,Kb,Kw,,,Qw,Qw,,,Rb,Pb,,,,,,,Bb,Nw,,,,,,,Qw,Pb,Pw,Kw,Bw,Rb,Pb,Kb,Nb	lightRed	0
5bc0120acd43d378fba4fad56dc7fafa	3760	Pb,Rb,Pw,Kw,Bb,Rw,Pb,Qw,Bb,,,,,,,Kb,Kw,,,,,,,Pb,Pb,,,Pb,Pb,,,Nb,Nw,,,Pb,Pb,,,Bw,Bw,,,,,,,Kw,Kb,,,,,,,Pw,Kb,Kb,Rb,Nb,Qw,Kw,Rw,Bw	darkRed	0
5bd7cb1cb0a29e2c58866910e7985931	642	Kw,Nw,Bb,Kb,Pb,Nb,Bw,Rb,Kw,,,,,,,Pb,Qb,,,,,,,Qb,Bw,,,Pw,Pw,,,Bb,Rb,,,Pw,Pw,,,Rw,Kb,,,,,,,Pw,Qw,,,,,,,Kw,Rw,Bb,Nw,Pw,Kw,Bw,Nb,Bw	darkRed	0
5bd8c90916de7a38c9c4b12f8435de63	3061	Rw,Nb,Pw,Kb,Bw,Nw,Pb,Qw,Qb,,,,,,,Rb,Bw,,,,,,,Nw,Rw,,,Nw,Nw,,,Qb,Pb,,,Nw,Nw,,,Pw,Qw,,,,,,,Nw,Bb,,,,,,,Nb,Bb,Rw,Bb,Qb,Pb,Rb,Bw,Bb	darkRed	0
5be10a0831b7cc31cc9509a6cedeb7c0	2660	Pw,Rb,Kb,Qb,Nw,Rw,Kw,Kb,Qb,,,,,,,Pw,Kw,,,,,,,Rb,Pw,,,,,,,Bb,Nb,,,,,,,Qw,Bw,,,,,,,Pb,Kb,,,,,,,Rw,Nb,Bw,Rb,Pw,Qw,Bb,Rw,Qb	darkRed	0
5be877701dc4ec1434e73681a2238419	3364	Kw,Bw,Nb,Rw,Kw,Bb,Nw,Rb,Qw,,,,,,,Pw,Bb,,,,,,,Kw,Rb,,,Rw,Rw,,,Bw,Pw,,,Rw,Rw,,,Rb,Qb,,,,,,,Pb,Bw,,,,,,,Kb,Pb,Qw,Pw,Rb,Bw,Kb,Pb,Pb	darkRed	0
5bee07466f99d79f7170aa69143bb9c1	3278	Bb,Pb,Qb,Bw,Rb,Pw,Qw,Pb,Pb,,,,,,,Bw,Qb,,,,,,,Nb,Bw,,,,,,,Pw,Rb,,,,,,,Kw,Pw,,,,,,,Bb,Qw,,,,,,,Nw,Rw,Bb,Kw,Rb,Nw,Qw,Kb,Pb	lightRed	0
5c0121f270062762168b4acdfbe253e6	2326	Rb,Kw,Qb,Nb,Rw,Kb,Qw,Nw,Nb,,,,,,,Qb,Rw,,,,,,,Kw,Kb,,,Rb,Rb,,,Rb,Qw,,,Rb,Rb,,,Nw,Nw,,,,,,,Bw,Rb,,,,,,,Kb,Nw,Bb,Qw,Pw,Rb,Bw,Qb,Nb	lightRed	0
5c065d085ef7ac71078b96b0089cb58c	2216	Rw,Rw,Rw,Rw,Rw,Rw,Rw,Rw,Qw,,,,,,,Nw,Pw,,,,,,,Qb,Rb,,,,,,,Kb,Bw,,,,,,,Rb,Qb,,,,,,,Nb,Pb,,,,,,,Qw,Qb,Rw,Kw,Qw,Nb,Rb,Kb,Kb	lightGray	0
5c1764395e123cafc0ca05babe69a545	1119	Bb,Nb,Rw,Kb,Qw,Nw,Rb,Kw,Qw,,,,,,,Kb,Pw,,,,,,,Pb,Rw,,,Nb,Nb,,,Nb,Bb,,,Nb,Nb,,,Bw,Qb,,,,,,,Kw,Pb,,,,,,,Pw,Pb,Rb,Kb,Qw,Nb,Pw,Kw,Rb	darkRed	0
5c1e761ac954cdd6ea26823e0e321f25	3797	Qb,Nw,Qb,Kb,Rb,Nb,Qw,Kb,Qb,,,,,,,Kw,Kw,,,,,,,Qb,Rb,,,Pb,Pb,,,Nw,Nw,,,Pb,Pb,,,Rb,Bw,,,,,,,Kb,Kb,,,,,,,Qw,Rw,Rw,Rw,Rw,Rw,Rw,Rw,Rw	darkRed	0
5c31f287746d5d3a8829fac492e2c911	3795	Bw,Bb,Nw,Pw,Kw,Bw,Nb,Nb,Rw,,,,,,,Rb,Pb,,,,,,,Bw,Qw,,,Rb,Rb,,,Qb,Bb,,,Rb,Rb,,,Kw,Rb,,,,,,,Rw,Pw,,,,,,,Nb,Bb,Qb,Nw,Rb,Kb,Qw,Nb,Rw	lightRed	0
5c346131025b1e28812d99e5d05b4ba7	3952	Kb,Rb,Nw,Qb,Kw,Rw,Nb,Rw,Kw,,,,,,,Kb,Qb,,,,,,,Rb,Nw,,,,,,,Nw,Rb,,,,,,,Bb,Kb,,,,,,,Kw,Qw,,,,,,,Rw,Kw,Rw,Pb,Qw,Bb,Rb,Pw,Nw	lightRed	0
5c3badc0338cd3e7897279cd04b76344	994	Nb,Bb,Nw,Pw,Kw,Bw,Nb,Kw,Rw,,,,,,,Nw,Bb,,,,,,,Pb,Qb,,,,,,,Kw,Pb,,,,,,,Bb,Rb,,,,,,,Nb,Bw,,,,,,,Pw,Rw,Bw,Kw,Pb,Nw,Bw,Qb,Rw	darkGray	0
5c5e6457b4d03de8227b6176c6e33590	571	Bb,Qb,Bw,Rw,Pb,Qw,Bb,Nw,Nb,,,,,,,Nb,Pw,,,,,,,Bw,Kw,,,Bb,Bb,,,Kw,Bb,,,Bb,Bb,,,Pw,Nw,,,,,,,Nw,Pb,,,,,,,Bb,Rw,Rw,Rw,Rw,Rw,Rw,Rw,Rw	darkGray	0
5c5ed12c895254451282c2bbefc24e55	1932	Rw,Rb,Bw,Qw,Pw,Nw,Bb,Kw,Rw,,,,,,,Qw,Rw,,,,,,,Bb,Rw,,,,,,,Rw,Rw,,,,,,,Pb,Rw,,,,,,,Qb,Rw,,,,,,,Bw,Rw,Pw,Nb,Bw,Kb,Pb,Nw,Bb	lightRed	0
5c6272e50586029373a7562017bfd488	1013	Bw,Qb,Bw,Rw,Pb,Qw,Bb,Qb,Bw,,,,,,,Nw,Qb,,,,,,,Pb,Pb,,,,,,,Kb,Rw,,,,,,,Bw,Bb,,,,,,,Rb,Qw,,,,,,,Pw,Bw,Pb,Qb,Bb,Rw,Pw,Qw,Kw	lightGray	0
5c7280c8347e74783340e18fb78f041d	897	Qb,Rb,Kb,Qb,Nw,Rw,Pb,Pb,Bb,,,,,,,Rb,Qw,,,,,,,Nw,Pw,,,,,,,Qb,Rb,,,,,,,Kw,Bw,,,,,,,Rw,Qb,,,,,,,Nb,Qw,Bw,Nb,Pb,Kb,Bb,Nw,Pb	lightGray	0
5c73c48ee8b5b234592e4a47a2d87993	2276	Kw,Rb,Bw,Kw,Pw,Rw,Bb,Nb,Rb,,,,,,,Kb,Bw,,,,,,,Nw,Kw,,,Nw,Nw,,,Rb,Pw,,,Nw,Nw,,,Kb,Rw,,,,,,,Kw,Bb,,,,,,,Nb,Nw,Pb,Kb,Bw,Nb,Pw,Kw,Nw	lightRed	1
5c76973ef30dab70e5d997d8821ae0f6	1805	Rw,Pb,Kb,Bw,Nb,Pw,Kw,Pb,Rw,,,,,,,Pb,Rw,,,,,,,Qb,Rw,,,,,,,Bb,Rw,,,,,,,Rw,Rw,,,,,,,Pw,Rw,,,,,,,Kw,Rw,Nw,Qb,Kw,Rw,Nb,Qw,Qb	lightRed	0
5c7c201f80f3bb943287c1ae7912309b	2732	Nw,Pb,Nw,Bw,Kb,Pw,Nb,Qb,Pw,,,,,,,Rb,Nb,,,,,,,Pw,Bw,,,Kb,Kb,,,Qb,Kb,,,Kb,Kb,,,Bw,Pb,,,,,,,Rw,Nw,,,,,,,Pb,Pw,Qw,Nb,Rb,Kb,Qb,Nw,Rw	darkRed	0
5c7d6191e50af8bcc9be9b26dff2f0b4	2008	Pw,Kb,Rb,Nb,Qw,Kw,Rw,Qb,Pb,,,,,,,Bw,Rw,,,,,,,Qb,Bw,,,,,,,Pb,Qb,,,,,,,Rw,Pw,,,,,,,Bb,Rb,,,,,,,Kw,Qb,Kw,Bb,Nb,Pw,Kb,Bw,Bb	lightRed	0
5c9f14fa27a0abab675b37cba8489cef	1970	Rb,Pw,Rb,Bb,Qw,Pb,Rw,Rw,Qb,,,,,,,Qb,Qw,,,,,,,Kw,Nw,,,Rw,Rw,,,Rb,Rb,,,Rw,Rw,,,Nw,Pb,,,,,,,Qw,Qb,,,,,,,Kb,Nw,Rb,Nw,Qb,Kw,Rw,Nb,Qw	lightRed	0
5ca21c556817fe5021cd0b8a18ea9fa0	3402	Pw,Nw,Bb,Kb,Pb,Nb,Bw,Rw,Qb,,,,,,,Nw,Kw,,,,,,,Pb,Rw,,,Pw,Pw,,,Kb,Nb,,,Pw,Pw,,,Bw,Qw,,,,,,,Rb,Kb,,,,,,,Pw,Qw,Bb,Kw,Pb,Nw,Bw,Kb,Qb	lightRed	0
5ca34aba7b8b3512ee965e92ef7aa5ab	2163	Nw,Qw,Bb,Rb,Pw,Qb,Bw,Bw,Nb,,,,,,,Kb,Qw,,,,,,,Pb,Kb,,,,,,,Nw,Rb,,,,,,,Bb,Nw,,,,,,,Kw,Qb,,,,,,,Pw,Pw,Qw,Kb,Rw,Nb,Qb,Kw,Nb	lightGray	0
5cacd686511490d8abde5b55caba8782	983	Rb,Qw,Kb,Rw,Nb,Qb,Kw,Kw,Pb,,,,,,,Pw,Rw,,,,,,,Kw,Bb,,,Nb,Nb,,,Bw,Qw,,,Nb,Nb,,,Nb,Pw,,,,,,,Pb,Rb,,,,,,,Kb,Nw,Bw,Nb,Pb,Kb,Bb,Nw,Kb	lightRed	0
5cb2293a4e90dfce9fec2eb06a83282a	1394	Bw,Bw,Nb,Pb,Kb,Bb,Nw,Rb,Pb,,,,,,,Pw,Rw,,,,,,,Nb,Bw,,,Kb,Kb,,,Bw,Qb,,,Kb,Kb,,,Kb,Pw,,,,,,,Pb,Rb,,,,,,,Nw,Bb,Rb,Pw,Kw,Bb,Nw,Pb,Qb	lightRed	0
5cb48d2db5134ad418205fc58b0b03c5	2536	Qb,Nw,Bb,Kw,Pw,Nb,Bw,Nw,Pw,,,,,,,Pw,Qw,,,,,,,Nb,Bw,,,,,,,Kw,Rb,,,,,,,Kb,Kw,,,,,,,Pb,Qb,,,,,,,Nw,Nb,Rw,Nb,Qw,Kb,Rb,Nw,Pw	darkRed	1
5cb65cfbd8e212efd99aa81cbebbe754	696	Pb,Pb,Kb,Bb,Nw,Pw,Qw,Rw,Nb,,,,,,,Nw,Pw,,,,,,,Pb,Kb,,,,,,,Kb,Bw,,,,,,,Bw,Nw,,,,,,,Nb,Pb,,,,,,,Pw,Rb,Bb,Nw,Pb,Kb,Bw,Nb,Pw	darkRed	0
5cc02721ea3da7c58967e265008e701a	1825	Nw,Kb,Bw,Nb,Pw,Kw,Bb,Nb,Pb,,,,,,,Pw,Nw,,,,,,,Qw,Bw,,,,,,,Nw,Kb,,,,,,,Rb,Pw,,,,,,,Kw,Rb,,,,,,,Qb,Kb,Bw,Kb,Pw,Nb,Bb,Qw,Pw	lightRed	0
5cc6684d61a79f807346343fb07295b5	14	Nb,Bw,Nb,Pw,Kw,Bb,Nw,Pb,Rb,,,,,,,Bw,Nw,,,,,,,Kb,Qw,,,,,,,Pw,Kb,,,,,,,Nb,Rw,,,,,,,Bb,Nb,,,,,,,Kw,Qb,Pb,Nw,Bw,Kb,Pw,Nb,Nw	lightRed	0
5ccb68abe0ae491cb8c04d5bebe684ff	3395	Rw,Bb,Kw,Pw,Rb,Bw,Qb,Pb,Kb,,,,,,,Kb,Rb,,,,,,,Pb,Nb,,,,,,,Nb,Qw,,,,,,,Bw,Kw,,,,,,,Kw,Rw,,,,,,,Pw,Rb,Nw,Pb,Kb,Bw,Nb,Pw,Nw	lightRed	0
5ce040e51fa8af7761bb8ba3e77be52f	3374	Nb,Nb,Qw,Kb,Rb,Nw,Qb,Qw,Qb,,,,,,,Rb,Pb,,,,,,,Kb,Rb,,,Qw,Qw,,,Qb,Bw,,,Qw,Qw,,,Nw,Qw,,,,,,,Rw,Kb,,,,,,,Kw,Pb,Rw,Bb,Qw,Kb,Rb,Bw,Qw	lightGray	0
5ceeb7ef8faa1dc324b46d6cca5ded2d	2287	Nw,Kb,Rb,Nb,Qw,Kw,Rw,Pw,Pb,,,,,,,Qb,Nw,,,,,,,Kw,Bb,,,,,,,Rw,Kw,,,,,,,Nb,Rw,,,,,,,Qw,Nb,,,,,,,Kb,Bw,Rb,Kb,Qw,Nb,Rw,Kw,Bb	lightRed	0
5cf12b87cec626211ffb36447f319d80	3665	Qb,Pb,Kb,Bb,Nw,Pw,Kw,Pb,Kb,,,,,,,Qb,Qw,,,,,,,Pb,Nb,,,Nw,Nw,,,Rw,Rw,,,Nw,Nw,,,Bb,Kw,,,,,,,Qw,Qb,,,,,,,Pw,Kb,Qb,Nw,Rb,Pw,Qw,Bb,Bb	lightGray	0
5cf5f7058c6211c2bb81eaa101dea933	1478	Rw,Rw,Pb,Qb,Bw,Rb,Pw,Nb,Kb,,,,,,,Bw,Pb,,,,,,,Qb,Nb,,,Rb,Rb,,,Pb,Bw,,,Rb,Rb,,,Rw,Kw,,,,,,,Bb,Pw,,,,,,,Qw,Nb,Bb,Rw,Pw,Qw,Bw,Rb,Bw	darkGray	0
5cf6b4da0025e3e818e96a1b79205f42	4015	Nb,Pw,Qw,Bb,Rw,Pb,Qb,Nw,Rb,,,,,,,Bb,Kb,,,,,,,Nw,Qb,,,Pb,Pb,,,Pw,Nw,,,Pb,Pb,,,Kw,Rw,,,,,,,Bw,Kw,,,,,,,Nb,Pw,Nb,Rw,Kb,Qw,Nw,Rb,Nb	lightGray	1
5cf82887af4e601a708ccf55784fe77b	3988	Rb,Qw,Pw,Rb,Bw,Qb,Pb,Pw,Nw,,,,,,,Pb,Bb,,,,,,,Nw,Kw,,,,,,,Bw,Pw,,,,,,,Kb,Rb,,,,,,,Pw,Bw,,,,,,,Nb,Nb,Pw,Rb,Bb,Qw,Pb,Rw,Bb	darkGray	0
5cfb2340d3370a6f34aed6b5341a834c	3409	Bb,Pb,Qb,Bb,Rw,Pw,Qw,Kb,Pw,,,,,,,Bw,Kw,,,,,,,Qb,Bw,,,Qb,Qb,,,Pb,Nb,,,Qb,Qb,,,Rw,Pb,,,,,,,Bb,Kb,,,,,,,Kw,Bb,Rw,Kw,Qb,Nw,Rb,Kb,Nw	darkGray	0
5d015e21e2f842af69488c076566bb37	2916	Nb,Pw,Qw,Bw,Rb,Pb,Qb,Nw,Pb,,,,,,,Pb,Kb,,,,,,,Kb,Bb,,,Pb,Pb,,,Bb,Nw,,,Pb,Pb,,,Nw,Pw,,,,,,,Pw,Kw,,,,,,,Kw,Kb,Rb,Pw,Qb,Bw,Rw,Pb,Bb	lightRed	0
5d0336122c7db511f63600ae3a079c52	2005	Pw,Rw,Pb,Qb,Bw,Rb,Pw,Pw,Nb,,,,,,,Bw,Rw,,,,,,,Qb,Kb,,,,,,,Pb,Qw,,,,,,,Rw,Nw,,,,,,,Bb,Rb,,,,,,,Kw,Kw,Pw,Kw,Bw,Nb,Pb,Kb,Qw	lightRed	0
5d0c58ef4e8ba588cd33df052fbf71c3	4045	Qw,Pw,Nb,Bb,Kw,Pb,Rw,Rw,Nb,,,,,,,Bw,Bw,,,,,,,Kb,Kb,,,,,,,Pw,Pb,,,,,,,Nb,Nw,,,,,,,Bb,Qb,,,,,,,Kw,Kb,Kb,Qw,Nw,Pb,Kw,Bb,Kw	lightGray	0
5d184c80e938e2ba2397d0894f3407ba	497	Nw,Bb,Kw,Pb,Nw,Bw,Kb,Kb,Bw,,,,,,,Bb,Nb,,,,,,,Nw,Pb,,,,,,,Pw,Kb,,,,,,,Kw,Bb,,,,,,,Bw,Nw,,,,,,,Nb,Qb,Bb,Rw,Pb,Qb,Bw,Rb,Bb	lightGray	0
5d255a9cb7b8426c5a5558a1a9c289d6	2720	Pw,Rw,Kw,Qb,Nw,Rb,Kb,Kw,Pb,,,,,,,Nw,Rw,,,,,,,Bb,Bw,,,Rb,Rb,,,Kb,Qb,,,Rb,Rb,,,Pb,Pw,,,,,,,Nb,Nb,,,,,,,Bw,Kb,Nb,Pw,Kw,Bb,Nw,Rb,Nw	lightGray	0
5d26f68f2a73075d6fca242622086acf	2483	Nw,Rb,Pw,Qb,Bw,Rw,Pb,Kb,Qb,,,,,,,Bb,Bw,,,,,,,Rw,Rw,,,Nb,Nb,,,Kb,Pb,,,Nb,Nb,,,Qw,Qw,,,,,,,Bw,Bb,,,,,,,Rb,Qb,Qb,Bw,Rb,Pw,Kw,Bb,Pb	lightRed	0
5d3d0667b23f029f85406546c1e2b7dc	1753	Pw,Bw,Kb,Pw,Nb,Bb,Kw,Bb,Kw,,,,,,,Rw,Qb,,,,,,,Nb,Nb,,,Bw,Bw,,,Qb,Rw,,,Bw,Bw,,,Kw,Kb,,,,,,,Rb,Qw,,,,,,,Nw,Rb,Kw,Bb,Nb,Pw,Qb,Bw,Qb	lightRed	1
5d487d91520d4219e235ae17fdca5f45	2437	Rw,Nb,Bw,Kw,Pw,Nw,Bb,Nw,Bb,,,,,,,Rw,Nw,,,,,,,Pb,Rb,,,Nb,Nb,,,Qb,Kb,,,Nb,Nb,,,Bw,Qw,,,,,,,Rb,Nb,,,,,,,Pw,Pb,Nb,Rw,Kb,Qw,Nw,Rb,Qw	lightRed	0
5d526998753d373270adc315e1509e94	3865	Bw,Pw,Qw,Bb,Rw,Pb,Qb,Pw,Rb,,,,,,,Nb,Pw,,,,,,,Bw,Qb,,,Pb,Pb,,,Kw,Bw,,,Pb,Pb,,,Pw,Rw,,,,,,,Nw,Pb,,,,,,,Bb,Rb,Pw,Kw,Bb,Nw,Pb,Kb,Qw	lightRed	0
5d5433a61a0920c22354a613c937ac11	3986	Rw,Rw,Rw,Rw,Rw,Rw,Rw,Rw,Kw,,,,,,,Rw,Pw,,,,,,,Rw,Nb,,,Pw,Pw,,,Rw,Bw,,,Pw,Pw,,,Rw,Kb,,,,,,,Rw,Pb,,,,,,,Rw,Nb,Kb,Kw,Nb,Rw,Kw,Qb,Rw	darkRed	0
5d66e1f918cbc81a66c0654c1c722190	2601	Qw,Rw,Nb,Qw,Kb,Rb,Nw,Kw,Nb,,,,,,,Nw,Bw,,,,,,,Pb,Kb,,,Bb,Bb,,,Kw,Pb,,,Bb,Bb,,,Bb,Nw,,,,,,,Nb,Qb,,,,,,,Pw,Kb,Kb,Qw,Nw,Pb,Kw,Bb,Pw	lightGray	0
5d6ae6b9af28d98bfe993593cf2237a6	1954	Pw,Nw,Pb,Kw,Bb,Rb,Pw,Pb,Kb,,,,,,,Nb,Qw,,,,,,,Bw,Nw,,,Pw,Pw,,,Kb,Rb,,,Pw,Pw,,,Pb,Kw,,,,,,,Nw,Qb,,,,,,,Bb,Kw,Pw,Rb,Bb,Qw,Pb,Rw,Rw	lightRed	0
5d9854b8e9cb4864eac71533327e5b69	1277	Bw,Rb,Kb,Qb,Nw,Rw,Kw,Nw,Qb,,,,,,,Qw,Bw,,,,,,,Kb,Rb,,,Rb,Rb,,,Rw,Pw,,,Rb,Rb,,,Bb,Qw,,,,,,,Qb,Bb,,,,,,,Kw,Bw,Qb,Kw,Rb,Nw,Qw,Kb,Qw	darkGray	0
5d9ccc2649b472845727453ae84df76c	2401	Rw,Nw,Rb,Kw,Qb,Nb,Rw,Nw,Rw,,,,,,,Qw,Rw,,,,,,,Pw,Rw,,,,,,,Rb,Rw,,,,,,,Bw,Rw,,,,,,,Qb,Rw,,,,,,,Pb,Rw,Pb,Qb,Bb,Rw,Pw,Kw,Rb	darkGray	0
5dac48efd6e0d4b1e703fdf8fba4896d	4069	Pw,Bw,Nb,Pb,Kb,Bb,Nw,Bb,Pb,,,,,,,Pw,Rw,,,,,,,Kw,Bw,,,Rb,Rb,,,Bw,Kb,,,Rb,Rb,,,Nb,Pw,,,,,,,Pb,Rb,,,,,,,Kb,Pw,Qw,Kb,Rw,Nb,Qb,Kw,Bb	lightGray	0
5dbd6312e424304cfa15a957f26ffba9	397	Pw,Qb,Kw,Rw,Nb,Qw,Kb,Rw,Qw,,,,,,,Qw,Nb,,,,,,,Bb,Rb,,,,,,,Rb,Kb,,,,,,,Pw,Qb,,,,,,,Qb,Nw,,,,,,,Bw,Kw,Nw,Rb,Kb,Qw,Nb,Rw,Kw	darkGray	0
5dd585bf7d16c3ffa1f2d8de5c0f5caf	240	Qb,Bw,Nb,Pb,Qb,Bb,Nw,Rw,Bb,,,,,,,Pw,Nw,,,,,,,Rb,Pb,,,Qw,Qw,,,Bb,Kb,,,Qw,Qw,,,Qw,Bw,,,,,,,Pb,Nb,,,,,,,Nw,Bw,Rw,Nb,Qw,Kb,Rb,Bw,Bb	lightRed	0
5dddaff7b8f1bf53175f482784febb6b	1853	Qw,Rw,Nb,Qw,Kb,Rb,Nw,Bb,Nb,,,,,,,Qb,Pw,,,,,,,Kw,Kw,,,,,,,Rb,Bb,,,,,,,Nw,Rw,,,,,,,Qw,Pb,,,,,,,Kb,Bw,Pb,Qb,Bb,Rw,Pw,Qw,Nb	darkGray	0
5de2d5b2405a711729a55276ded4d708	55	Nb,Pw,Qw,Bb,Rw,Pb,Qb,Qb,Rb,,,,,,,Bw,Bw,,,,,,,Kb,Qb,,,Pw,Pw,,,Pb,Kw,,,Pw,Pw,,,Nw,Rw,,,,,,,Bb,Nb,,,,,,,Kw,Rw,Pw,Qw,Bw,Rb,Pb,Qb,Kw	darkRed	0
5de6ff6fc7bbf2894caff065a2abbd19	2847	Bw,Rb,Nw,Qb,Kw,Rw,Nb,Bb,Qb,,,,,,,Nb,Pb,,,,,,,Bw,Rb,,,,,,,Qb,Bw,,,,,,,Pb,Qw,,,,,,,Rw,Pw,,,,,,,Bb,Pb,Nw,Pb,Kw,Bb,Nb,Pw,Pb	darkGray	0
5df0e8a447654bb7b89cb8a1a5f24610	3161	Kw,Rb,Kb,Qw,Nb,Rw,Kw,Rw,Nw,,,,,,,Qb,Pb,,,,,,,Pb,Kw,,,Pw,Pw,,,Rb,Bb,,,Pw,Pw,,,Bw,Nb,,,,,,,Qw,Pw,,,,,,,Pw,Rw,Nb,Pw,Kb,Bw,Nw,Pb,Pb	lightGray	1
5e10d21e8c80166273ba6fa30a0b832b	2048	Rw,Kw,Bb,Rb,Pw,Qb,Bw,Pw,Nb,,,,,,,Qw,Pw,,,,,,,Pw,Kw,,,,,,,Rb,Bb,,,,,,,Bw,Nw,,,,,,,Qb,Pb,,,,,,,Pb,Kb,Nb,Bw,Kb,Pb,Nw,Bb,Nw	lightGray	0
5e118f5a4c2f236b3c0279d39c835914	740	Qb,Kb,Rb,Nb,Qw,Kw,Rw,Bw,Nw,,,,,,,Nb,Rb,,,,,,,Qw,Kw,,,,,,,Kw,Qb,,,,,,,Rw,Nb,,,,,,,Nw,Rw,,,,,,,Bb,Nb,Rw,Kw,Qw,Nb,Rb,Kb,Kw	darkRed	0
5e128ac9a9e182ae741aff1d3c136b9b	2144	Pw,Qb,Bw,Rw,Pb,Qw,Bb,Rw,Bb,,,,,,,Rw,Kw,,,,,,,Rw,Pb,,,Nb,Nb,,,Rw,Nw,,,Nb,Nb,,,Rw,Bw,,,,,,,Rw,Qb,,,,,,,Rw,Rw,Kw,Rw,Nb,Qw,Pw,Rb,Rw	lightRed	0
5e40b0fd008c46274c238819040d13c9	3290	Pb,Pb,Nw,Bb,Kw,Pw,Nb,Pw,Bb,,,,,,,Pb,Nw,,,,,,,Rw,Pb,,,,,,,Bb,Kb,,,,,,,Qw,Qw,,,,,,,Pw,Nb,,,,,,,Nb,Bb,Bw,Rb,Pb,Qb,Bb,Rw,Qb	lightRed	0
5e41be02ab70b239225c654ed37b6aa9	1944	Nb,Rw,Kw,Qw,Nb,Rb,Kb,Qw,Rb,,,,,,,Qw,Kb,,,,,,,Kb,Qb,,,Pb,Pb,,,Rb,Nw,,,Pb,Pb,,,Nw,Rw,,,,,,,Bb,Kw,,,,,,,Kw,Rw,Qb,Nw,Rw,Kw,Qw,Bb,Qb	lightRed	0
5e57e9768def5cd822b24934caccd141	497	Nw,Bb,Kw,Pb,Nw,Bw,Kb,Kb,Bw,,,,,,,Bb,Nb,,,,,,,Nw,Pb,,,,,,,Pw,Kb,,,,,,,Kw,Bb,,,,,,,Bw,Nw,,,,,,,Nb,Qb,Bb,Rw,Pb,Qb,Bw,Rb,Bb	lightGray	0
5e59dec9da5726e5dfc5aefb220aee96	1992	Pb,Rw,Bb,Qw,Kb,Rb,Bw,Qw,Kw,,,,,,,Qw,Rw,,,,,,,Kb,Nb,,,,,,,Rw,Qw,,,,,,,Nb,Kb,,,,,,,Qb,Rb,,,,,,,Kw,Kw,Rw,Nb,Qb,Kw,Rb,Nw,Nb	darkGray	0
5e5afed8255b5cc11342c9da860eda04	1776	Qw,Nw,Bb,Kb,Pb,Nb,Bw,Rb,Nw,,,,,,,Rw,Rb,,,,,,,Pb,Kw,,,,,,,Qb,Qb,,,,,,,Bw,Nb,,,,,,,Rb,Rw,,,,,,,Pw,Kb,Rb,Pw,Qb,Nw,Rw,Kw,Pw	lightRed	0
5e764b07cc4487effd07bdb2ef83d151	1498	Nw,Nw,Pb,Kb,Bw,Nb,Pw,Rw,Nb,,,,,,,Nb,Bw,,,,,,,Rw,Kw,,,Pb,Pb,,,Kb,Pw,,,Pb,Pb,,,Qw,Rw,,,,,,,Bw,Bb,,,,,,,Rb,Kb,Pw,Rw,Nb,Qw,Kb,Rb,Nw	darkGray	1
5e8a9026dba2fc5a92f5f79559e5390f	3525	Nb,Pw,Kw,Bb,Nw,Pb,Qb,Pw,Rw,,,,,,,Kw,Nb,,,,,,,Rw,Qb,,,,,,,Nw,Kw,,,,,,,Qb,Rb,,,,,,,Kb,Nw,,,,,,,Rb,Bw,Kb,Rb,Bb,Qw,Pb,Rw,Nb	darkGray	0
5e8b47e80ff380d06f8374d08019ca57	1972	Nw,Nb,Qw,Kw,Rw,Bw,Qb,Pw,Kb,,,,,,,Qw,Rb,,,,,,,Bb,Nb,,,,,,,Rb,Qw,,,,,,,Pw,Kw,,,,,,,Kb,Rw,,,,,,,Bw,Bb,Rb,Nw,Qw,Kb,Rw,Nb,Pw	lightGray	0
5e8fe12940e5a7da8f6a4c77a8e001dc	374	Rb,Pb,Kb,Bw,Nb,Pw,Kw,Bb,Nb,,,,,,,Bw,Bw,,,,,,,Rb,Kb,,,Nb,Nb,,,Pb,Pb,,,Nb,Nb,,,Qb,Nw,,,,,,,Bb,Bb,,,,,,,Rw,Kb,Kw,Rw,Nb,Qw,Kb,Rb,Bw	lightRed	0
5e9a59248e61e117bbf60889f750e835	3625	Pw,Qw,Kb,Rw,Nb,Qb,Kw,Kb,Rb,,,,,,,Rw,Bw,,,,,,,Bb,Qw,,,,,,,Qw,Pw,,,,,,,Pw,Rw,,,,,,,Rb,Bb,,,,,,,Bw,Pw,Kb,Pb,Nw,Bb,Kw,Pw,Kw	darkRed	0
5ea5dce8020ba9facde55355c301c50e	2843	Rw,Qb,Bw,Rb,Pw,Qw,Nb,Nw,Rw,,,,,,,Pb,Rw,,,,,,,Nw,Rw,,,Pb,Pb,,,Bb,Rw,,,Pb,Pb,,,Kw,Rw,,,,,,,Rw,Rw,,,,,,,Nb,Rw,Rw,Bb,Qb,Pb,Rb,Bw,Bw	darkRed	0
5eaceb41d7dbb6d893ab92d365eb4a6f	428	Nb,Qw,Kb,Rb,Nw,Qb,Kw,Pw,Pw,,,,,,,Rb,Qw,,,,,,,Nw,Nw,,,Bb,Bb,,,Qw,Rb,,,Bb,Bb,,,Kb,Kw,,,,,,,Rw,Qb,,,,,,,Nb,Pw,Pb,Rw,Bb,Qw,Pw,Rb,Pw	darkGray	0
5eb44d5e0f26fb9fdb95bc3089d88176	343	Qb,Rw,Kw,Qw,Nb,Rb,Pw,Kw,Qb,,,,,,,Nb,Bw,,,,,,,Pw,Rb,,,,,,,Kw,Pw,,,,,,,Bb,Qw,,,,,,,Nw,Bb,,,,,,,Pb,Rw,Rb,Bw,Qw,Pw,Rw,Bb,Bb	darkGray	0
5ec33dab2a31ddbc808cb78753493a7a	1408	Rw,Rw,Rw,Rw,Rw,Rw,Rw,Rw,Qw,,,,,,,Nw,Kb,,,,,,,Qb,Rw,,,,,,,Kb,Nb,,,,,,,Rb,Bb,,,,,,,Nb,Kw,,,,,,,Qw,Pw,Kw,Qb,Nb,Rw,Pw,Qw,Nw	darkRed	0
5ec3c722666be6c52afd522b7a9d2831	2048	Rw,Kw,Bb,Rb,Pw,Qb,Bw,Pw,Nb,,,,,,,Qw,Pw,,,,,,,Pw,Kw,,,,,,,Rb,Bb,,,,,,,Bw,Nw,,,,,,,Qb,Pb,,,,,,,Pb,Kb,Nb,Bw,Kb,Pb,Nw,Bb,Nw	lightGray	0
5ecc0dec9024baed3ac9ad313f5ca70d	2128	Rb,Bw,Nb,Pw,Kw,Bb,Nw,Rw,Bb,,,,,,,Bb,Rw,,,,,,,Rw,Pw,,,Nb,Nb,,,Pb,Qw,,,Nb,Nb,,,Qb,Bw,,,,,,,Bw,Rb,,,,,,,Rb,Kw,Qw,Nb,Pb,Kb,Bb,Nw,Pw	darkRed	0
5ecc56053bc6759b8a0d4d825db30497	730	Kw,Kb,Qw,Nw,Rb,Pb,Qb,Nb,Kw,,,,,,,Qw,Pw,,,,,,,Nb,Nb,,,Nb,Nb,,,Rw,Bw,,,Nb,Nb,,,Kw,Kb,,,,,,,Qb,Pb,,,,,,,Nw,Qb,Nw,Rb,Kw,Qb,Nb,Rw,Kb	darkRed	0
5ef1aace6027b84ce52c1e844ab617c7	3069	Nb,Bb,Kw,Pw,Nb,Bw,Kb,Bb,Pb,,,,,,,Bw,Kb,,,,,,,Kb,Bb,,,,,,,Pw,Nw,,,,,,,Nb,Pw,,,,,,,Bb,Kw,,,,,,,Kw,Kb,Qw,Kb,Rw,Nb,Qb,Kw,Qw	darkGray	0
5f0c486e0a6055c79aa3b08149633ee1	300	Bb,Qb,Bw,Rw,Pb,Qw,Bb,Kb,Bb,,,,,,,Bb,Rw,,,,,,,Qw,Pb,,,Kb,Kb,,,Pb,Qb,,,Kb,Kb,,,Rw,Bw,,,,,,,Bw,Rb,,,,,,,Qb,Qb,Qb,Kw,Rb,Bw,Qw,Pw,Qb	lightGray	0
5f13afc98fd59a1a6aa4e816f1f4354d	3809	Bb,Kb,Bw,Nw,Pb,Kw,Bb,Pb,Bw,,,,,,,Pb,Kb,,,,,,,Qb,Pb,,,Nb,Nb,,,Bw,Nw,,,Nb,Nb,,,Rb,Bb,,,,,,,Kb,Kw,,,,,,,Qw,Bw,Qb,Nw,Rw,Kw,Qw,Nb,Qw	darkRed	0
5f176d5388c9c6e8e7d486d2c7e15cbe	3595	Bb,Pw,Qw,Bw,Rb,Pb,Qb,Nw,Pw,,,,,,,Rw,Qw,,,,,,,Pb,Bb,,,,,,,Qw,Rw,,,,,,,Nb,Pb,,,,,,,Rb,Qb,,,,,,,Kb,Rw,Pb,Qb,Nb,Rw,Kb,Qw,Kw	lightRed	0
5f209009e6339edbd689513a2810fef8	3491	Nw,Rw,Kw,Qb,Nw,Pb,Kb,Rb,Pw,,,,,,,Pb,Qw,,,,,,,Qb,Bw,,,,,,,Bb,Rb,,,,,,,Rw,Pb,,,,,,,Pw,Qb,,,,,,,Qw,Bb,Qw,Nb,Rw,Kw,Qb,Nw,Qw	lightGray	0
5f2f552580df79da53f4835e6bab51c2	3976	Kb,Kb,Bw,Nb,Pw,Kw,Bb,Nb,Pb,,,,,,,Kb,Kb,,,,,,,Qw,Bw,,,,,,,Nw,Nb,,,,,,,Rb,Pw,,,,,,,Kw,Kw,,,,,,,Qb,Bb,Nb,Qw,Kw,Rw,Bw,Qb,Nw	lightRed	1
5f33389097062d6d0169e6d24a0f24b8	3813	Rb,Pb,Qb,Bw,Rb,Pw,Qw,Qw,Pw,,,,,,,Bb,Qw,,,,,,,Qw,Nw,,,,,,,Pw,Rb,,,,,,,Rb,Kw,,,,,,,Bw,Qb,,,,,,,Kb,Bb,Qb,Pb,Rw,Nb,Qw,Kb,Pb	lightGray	0
5f545af526ef3acd1ea6a1a65a32a737	1737	Nb,Rw,Pb,Qw,Bb,Rb,Pw,Qw,Pb,,,,,,,Nb,Nw,,,,,,,Rw,Bw,,,Nb,Nb,,,Kb,Kb,,,Nb,Nb,,,Bw,Pw,,,,,,,Nw,Rb,,,,,,,Rb,Bw,Kb,Qw,Nb,Rw,Kw,Qb,Bw	lightRed	0
5f55079316e6b1403911cda0b4315647	960	Qb,Qb,Nw,Rw,Kw,Qw,Nb,Pw,Bw,,,,,,,Rb,Nb,,,,,,,Kb,Pw,,,Nb,Nb,,,Qw,Kw,,,Nb,Nb,,,Bb,Bb,,,,,,,Rw,Rw,,,,,,,Kw,Pb,Bw,Nb,Pb,Kb,Bb,Nw,Rw	lightRed	0
5f8170096e5fa2f88ac2c58b5846feb6	463	Kw,Nb,Pw,Kb,Bw,Nw,Pb,Nb,Qw,,,,,,,Bb,Pw,,,,,,,Kw,Rb,,,Nb,Nb,,,Pb,Bw,,,Nb,Nb,,,Nw,Qb,,,,,,,Qw,Pb,,,,,,,Kb,Qw,Bw,Rb,Pw,Kw,Bb,Nw,Bw	lightRed	0
5f862581523cea65a75a9185116990e6	377	Kb,Bb,Rw,Pb,Kb,Bw,Rb,Rw,Pb,,,,,,,Nb,Rw,,,,,,,Bw,Bw,,,,,,,Kw,Qb,,,,,,,Pw,Pw,,,,,,,Rw,Rb,,,,,,,Bb,Qb,Kw,Rw,Nw,Qb,Kb,Rb,Rw	darkRed	0
5f8709364e17ddf3fe58799b39860a14	3610	Nb,Qb,Kw,Rb,Nw,Qw,Kb,Qw,Nw,,,,,,,Bb,Pb,,,,,,,Qw,Kb,,,Nw,Nw,,,Pw,Bw,,,Nw,Nw,,,Rb,Nb,,,,,,,Bw,Pw,,,,,,,Qb,Pw,Bw,Rb,Pb,Qb,Bb,Rw,Kb	lightGray	0
5f93d297683ae34cbad1d24ae4e33538	2200	Rb,Rw,Nb,Qb,Kw,Rb,Nw,Qb,Pw,,,,,,,Nb,Nb,,,,,,,Bw,Bw,,,,,,,Kb,Qb,,,,,,,Pb,Pb,,,,,,,Rw,Nw,,,,,,,Bb,Pb,Qb,Bw,Rb,Pw,Qw,Nb,Bw	lightGray	0
5f9cafda75a99fbc672eed6e5a339e7f	3490	Pw,Bb,Kw,Rb,Nw,Qw,Kb,Kw,Nb,,,,,,,Rw,Qw,,,,,,,Nb,Kw,,,,,,,Qb,Rw,,,,,,,Kw,Nw,,,,,,,Rb,Qb,,,,,,,Nw,Rw,Bw,Rb,Pw,Qw,Bb,Rw,Rb	lightGray	0
5fa206b68dfb8dcdb5ade43f77d6626c	3534	Pw,Bb,Qw,Pw,Rb,Bw,Qb,Kb,Nb,,,,,,,Nb,Bw,,,,,,,Pw,Kw,,,,,,,Kw,Pw,,,,,,,Bb,Nw,,,,,,,Nw,Bb,,,,,,,Pb,Qw,Kb,Rb,Nw,Qb,Pb,Rw,Kb	darkRed	0
5faabcf7be39515c78dae1ef76311361	931	Nw,Pw,Nb,Bw,Kb,Pb,Nw,Bb,Bw,,,,,,,Kw,Kb,,,,,,,Qb,Pb,,,,,,,Nw,Nw,,,,,,,Rb,Bb,,,,,,,Kb,Kw,,,,,,,Qw,Kb,Pb,Qb,Bb,Rw,Pw,Qw,Pb	lightGray	0
5fc5f627f5ffe4a8b1931334e058e0cb	3344	Bb,Pb,Rw,Bw,Qb,Pw,Rb,Bb,Nw,,,,,,,Nb,Rb,,,,,,,Rw,Kw,,,Pb,Pb,,,Kb,Bb,,,Pb,Pb,,,Qw,Nb,,,,,,,Nw,Rw,,,,,,,Rb,Pb,Nb,Bw,Kb,Pb,Nw,Bb,Nb	darkGray	0
5fcab3a8039cae1771918aba7d7e7a36	2994	Rb,Nb,Pw,Kb,Bw,Nw,Rb,Qb,Qw,,,,,,,Bb,Pw,,,,,,,Kw,Rb,,,Pw,Pw,,,Pw,Bw,,,Pw,Pw,,,Nb,Qb,,,,,,,Qw,Pb,,,,,,,Kb,Kw,Pb,Rw,Bb,Qw,Pw,Rb,Bw	darkRed	0
5fd1c0c0fc96e8281bfbd75141ae680a	3784	Rw,Pw,Nb,Bb,Kw,Pb,Nw,Rb,Kb,,,,,,,Kb,Bw,,,,,,,Pb,Nw,,,,,,,Nb,Pb,,,,,,,Bw,Kw,,,,,,,Kw,Bb,,,,,,,Pw,Rb,Nw,Bb,Kb,Rb,Nb,Bw,Bb	darkRed	1
5fd20040f276f6f3f2f84880673f99e3	907	Kw,Bw,Qb,Pw,Rb,Bb,Qw,Bb,Kw,,,,,,,Bw,Qb,,,,,,,Rb,Nw,,,,,,,Pb,Rb,,,,,,,Qb,Kb,,,,,,,Bb,Qw,,,,,,,Rw,Pb,Kw,Qb,Nw,Rb,Kb,Qw,Qb	darkRed	0
5fd6426723ad1d08fba48ea1cec87c36	1931	Bb,Nb,Rw,Kw,Qb,Nw,Rb,Qb,Qb,,,,,,,Nw,Bw,,,,,,,Qb,Nb,,,Kb,Kb,,,Kw,Pw,,,Kb,Kb,,,Rw,Kw,,,,,,,Nb,Bb,,,,,,,Qw,Pb,Kb,Bw,Nw,Pb,Qw,Bb,Kw	darkRed	0
5fd7a52ceeb367ee7d8572bf1f8225a8	1199	Qb,Pw,Nb,Bw,Kb,Pb,Nw,Rw,Pb,,,,,,,Kw,Qb,,,,,,,Qb,Bw,,,,,,,Nb,Rb,,,,,,,Rw,Pw,,,,,,,Kb,Qw,,,,,,,Qw,Pw,Bw,Qb,Pw,Rb,Kb,Qw,Nw	lightRed	0
5fd8b208560641003dd29d9e59ec4468	2740	Nb,Pb,Nw,Bb,Kw,Pw,Nb,Qw,Qw,,,,,,,Kb,Bb,,,,,,,Pb,Rb,,,Bb,Bb,,,Nw,Pw,,,Bb,Bb,,,Bb,Qb,,,,,,,Kw,Bw,,,,,,,Pw,Nb,Bw,Nb,Pw,Kw,Bb,Nw,Qw	lightRed	0
5fe2c3fc1549f3221b9cecf3447861ac	1167	Qw,Kb,Rb,Nb,Qw,Kw,Rw,Qb,Bb,,,,,,,Pw,Rw,,,,,,,Qw,Pw,,,,,,,Bw,Qw,,,,,,,Rb,Bw,,,,,,,Pb,Rb,,,,,,,Qb,Kb,Rb,Nw,Qb,Kw,Rw,Nb,Nw	darkGray	0
5fff8fc5c1b253a7fc3371794c080a5e	1878	Bb,Kb,Rb,Nb,Qw,Kw,Rw,Qb,Qw,,,,,,,Kw,Bb,,,,,,,Bb,Rb,,,Pb,Pb,,,Nb,Kb,,,Pb,Pb,,,Pw,Qb,,,,,,,Kb,Bw,,,,,,,Qw,Kw,Kb,Pb,Nb,Bw,Kw,Pw,Rb	lightRed	0
600122329a853251272d33c6d53a7dae	521	Pw,Pw,Kw,Bw,Rb,Pb,Qb,Pw,Pb,,,,,,,Qb,Kb,,,,,,,Pb,Bb,,,Bw,Bw,,,Rw,Rw,,,Bw,Bw,,,Bw,Pw,,,,,,,Kw,Kw,,,,,,,Pw,Rb,Qb,Kw,Rb,Nw,Kw,Kb,Bw	lightGray	0
60018c85b37ed6d74d3a9edea9449821	3375	Kb,Rb,Kb,Qw,Nb,Rw,Kw,Kw,Rw,,,,,,,Kw,Pb,,,,,,,Rw,Qw,,,,,,,Nw,Bb,,,,,,,Qb,Rb,,,,,,,Kb,Pw,,,,,,,Rb,Kw,Kb,Rb,Nb,Qw,Kw,Rw,Pw	darkRed	0
601221d77f94b599b6dbf487c70c3799	3716	Nb,Bw,Kb,Pw,Nb,Bb,Kw,Rb,Pb,,,,,,,Pb,Nw,,,,,,,Nw,Bw,,,,,,,Bw,Kb,,,,,,,Kb,Pw,,,,,,,Pw,Nb,,,,,,,Nb,Kb,Pb,Nw,Bb,Kw,Pb,Nb,Pw	darkGray	0
6017a557a6a3f8d7c8d133d77c424d94	2487	Rw,Rw,Kw,Qb,Bw,Rb,Pw,Pw,Nw,,,,,,,Rb,Pb,,,,,,,Pw,Kb,,,Rb,Rb,,,Qb,Bw,,,Rb,Rb,,,Bw,Nb,,,,,,,Rw,Pw,,,,,,,Kw,Kw,Nw,Bb,Kw,Pw,Nb,Qw,Bb	darkGray	0
602701a169e853f8e645f8715dfe275b	3305	Qb,Pb,Nw,Bw,Kb,Pw,Nb,Qw,Kb,,,,,,,Qb,Pb,,,,,,,Pb,Nb,,,Nw,Nw,,,Rb,Bw,,,Nw,Nw,,,Bw,Kw,,,,,,,Qw,Pw,,,,,,,Pw,Pw,Pb,Rw,Bw,Qb,Pw,Rb,Rb	lightGray	0
602834d2ad65b452c9e820cac200efc0	1870	Bw,Nw,Rb,Kb,Qw,Nb,Rw,Bb,Kb,,,,,,,Kb,Qw,,,,,,,Pb,Nb,,,,,,,Nw,Rw,,,,,,,Bb,Kw,,,,,,,Kw,Qb,,,,,,,Rw,Pb,Qb,Bw,Rw,Pb,Kw,Bb,Nw	darkRed	0
602b04415e81d1c2f2c829abfb08fc20	2619	Rw,Rw,Rw,Rw,Rw,Rw,Rw,Rw,Bb,,,,,,,Qb,Kw,,,,,,,Bw,Pb,,,,,,,Rb,Nw,,,,,,,Pw,Bw,,,,,,,Qw,Kb,,,,,,,Bb,Nb,Qw,Kb,Rb,Nw,Qb,Kw,Bw	darkRed	0
6033a85fe1db859ad64ce84d63e72870	2652	Rw,Nw,Qb,Kb,Rb,Nb,Qw,Rw,Rw,,,,,,,Nb,Kw,,,,,,,Pw,Qw,,,Pw,Pw,,,Kb,Nb,,,Pw,Pw,,,Bw,Rb,,,,,,,Nw,Kb,,,,,,,Pb,Bb,Nb,Pw,Kw,Bb,Rw,Pb,Kw	darkRed	0
604857aff0995bfca44d020833c04fe5	2152	Pw,Bw,Nb,Pb,Kb,Qb,Nw,Nw,Bb,,,,,,,Rb,Nw,,,,,,,Nw,Pw,,,,,,,Qb,Kw,,,,,,,Kw,Bw,,,,,,,Rw,Nb,,,,,,,Bb,Nb,Nb,Bw,Kb,Pb,Nw,Bb,Bw	lightRed	0
604e893e0692e37b75ecb5832098843e	3128	Rw,Kw,Rw,Nb,Qw,Kb,Rb,Pw,Qb,,,,,,,Kw,Kw,,,,,,,Rw,Rb,,,,,,,Nw,Nw,,,,,,,Qb,Qw,,,,,,,Kb,Kb,,,,,,,Rb,Kw,Rw,Pb,Qb,Bw,Rb,Pw,Qb	lightRed	0
604faff166dbfeb43cd780dab05fa3cf	639	Qw,Rb,Bw,Qw,Pw,Rw,Bb,Bb,Nb,,,,,,,Bw,Qw,,,,,,,Rb,Kb,,,,,,,Pw,Rb,,,,,,,Qw,Nw,,,,,,,Bb,Qb,,,,,,,Rw,Qb,Qw,Kb,Rw,Nb,Qb,Kw,Kb	darkRed	0
606871957e0df5df211b5cc507c1b02d	24	Nw,Bb,Kw,Pw,Rb,Bw,Qb,Nb,Nw,,,,,,,Nb,Bb,,,,,,,Bw,Kw,,,,,,,Kb,Pw,,,,,,,Pb,Rb,,,,,,,Nw,Bw,,,,,,,Bb,Nw,Pb,Rw,Bw,Qb,Pw,Rb,Kb	darkGray	0
60695f1f0d93cfc953f39c9ed7b8d8d6	2136	Nb,Kb,Qw,Nb,Rw,Kw,Qb,Pb,Qw,,,,,,,Qb,Bb,,,,,,,Bw,Rw,,,Pw,Pw,,,Rw,Pb,,,Pw,Pw,,,Pb,Qb,,,,,,,Qw,Bw,,,,,,,Bb,Bw,Nb,Rw,Kb,Bw,Nw,Rb,Kw	darkRed	0
608ef144a1dcdef7e2583810e7186c44	1257	Rw,Qw,Qb,Rb,Nw,Qb,Qw,Qb,Rw,,,,,,,Nw,Rw,,,,,,,Rb,Rw,,,,,,,Qb,Rw,,,,,,,Qw,Rw,,,,,,,Bb,Rw,,,,,,,Rw,Rw,Pw,Qw,Nw,Rb,Kw,Qb,Pw	darkGray	0
6096b48a4c90286ec28379aa25d7774e	52	Bw,Qb,Nw,Rb,Kb,Bw,Nb,Qb,Kw,,,,,,,Rw,Rw,,,,,,,Kw,Nw,,,Pb,Pb,,,Bw,Qb,,,Pb,Pb,,,Nb,Kb,,,,,,,Rb,Rb,,,,,,,Kb,Pw,Nw,Pb,Kb,Bw,Nb,Pw,Kw	darkGray	0
609779349763008fdff60adacbdd1a57	1886	Pb,Bw,Rb,Pb,Qb,Bb,Nw,Nb,Bw,,,,,,,Rb,Nb,,,,,,,Bw,Rw,,,,,,,Qw,Kw,,,,,,,Pw,Qb,,,,,,,Rw,Nw,,,,,,,Bb,Rw,Rw,Rw,Rw,Rw,Rw,Rw,Rw	lightRed	0
60ab4f92c9f772cc0089d1bc64c6345a	2088	Nb,Rw,Nb,Qw,Kb,Rb,Nw,Pw,Qw,,,,,,,Rw,Bb,,,,,,,Kw,Rb,,,Qb,Qb,,,Qw,Pw,,,Qb,Qb,,,Nb,Qb,,,,,,,Rb,Bw,,,,,,,Kb,Nw,Pb,Qb,Bw,Rb,Pw,Qw,Rw	darkRed	0
60b3856e3647ab376aea3a9ea0cd8ba4	3172	Pb,Kw,Qb,Nb,Rw,Kb,Qw,Bw,Rw,,,,,,,Qw,Bb,,,,,,,Pw,Qb,,,Pb,Pb,,,Rw,Pb,,,Pb,Pb,,,Bb,Rb,,,,,,,Qb,Bw,,,,,,,Pb,Rw,Rw,Rw,Rw,Rw,Rw,Rw,Rw	lightRed	0
60be0accc60dbc5cc6688585a887cb78	55	Nb,Pw,Qw,Bb,Rw,Pb,Qb,Qb,Rb,,,,,,,Bw,Bw,,,,,,,Kb,Qb,,,Pw,Pw,,,Pb,Kw,,,Pw,Pw,,,Nw,Rw,,,,,,,Bb,Nb,,,,,,,Kw,Rw,Pw,Qw,Bw,Rb,Pb,Qb,Kw	darkRed	1
60bfb12add419bf47f2d05969d99ce46	2826	Rw,Nw,Pb,Kb,Bw,Nb,Pw,Bb,Rw,,,,,,,Bb,Rw,,,,,,,Kw,Rw,,,Kb,Kb,,,Pb,Rw,,,Kb,Kb,,,Nw,Rw,,,,,,,Bw,Rw,,,,,,,Kb,Rw,Pb,Qb,Bw,Rb,Pw,Qw,Nw	lightGray	0
60da5c71a76417fef0e84fbf91e81b51	3960	Kb,Bw,Rb,Pb,Qb,Bb,Rw,Nb,Bw,,,,,,,Nw,Kb,,,,,,,Pb,Pb,,,Bw,Bw,,,Kb,Nw,,,Bw,Bw,,,Bw,Bb,,,,,,,Nb,Kw,,,,,,,Pw,Pw,Pb,Nw,Bw,Kb,Pw,Nb,Pw	darkGray	0
60de46464e73e6e52b12f634c3096800	3704	Pw,Qw,Nb,Rw,Kw,Qb,Nw,Qw,Kw,,,,,,,Pb,Qb,,,,,,,Kb,Nb,,,Bb,Bb,,,Bb,Rw,,,Bb,Bb,,,Nw,Kb,,,,,,,Pw,Qw,,,,,,,Kw,Qw,Bw,Qb,Pb,Rw,Bb,Qw,Kb	darkGray	0
60e2d2c3201f1b9c3e68d299daf78b57	3785	Qb,Kb,Pb,Nw,Bb,Kw,Pw,Nw,Nw,,,,,,,Nb,Bb,,,,,,,Rw,Kb,,,Pb,Pb,,,Kb,Pb,,,Pb,Pb,,,Qw,Nb,,,,,,,Nw,Bw,,,,,,,Rb,Qb,Kb,Pb,Nw,Bb,Kw,Pw,Kb	darkRed	0
60e6821340efba0cac9276271b5fbd9a	2988	Rw,Nw,Bb,Kb,Pb,Nb,Bw,Nb,Qb,,,,,,,Qb,Pb,,,,,,,Bw,Rb,,,Pw,Pw,,,Rw,Bw,,,Pw,Pw,,,Kw,Qw,,,,,,,Qw,Pw,,,,,,,Nb,Bb,Kb,Pb,Nb,Bw,Kw,Pw,Nb	lightGray	0
60e7638e5faf9b36face404d2776953c	1501	Qb,Pw,Rb,Bw,Qb,Pb,Rw,Pw,Kw,,,,,,,Nw,Bb,,,,,,,Qb,Nw,,,,,,,Kw,Pb,,,,,,,Rw,Kb,,,,,,,Nb,Bw,,,,,,,Qw,Rw,Bb,Kw,Pw,Nb,Bw,Kb,Pb	darkGray	1
60f70e892c24749de5319036828042c7	592	Kw,Rb,Kb,Qb,Nw,Rw,Kw,Nb,Nb,,,,,,,Rb,Rw,,,,,,,Kb,Kw,,,Rb,Rb,,,Qb,Qb,,,Rb,Rb,,,Nw,Nw,,,,,,,Rw,Rb,,,,,,,Kw,Nb,Kw,Rw,Nb,Qw,Kb,Rb,Nw	lightGray	0
6101d636c5544911d95be82f71d65696	3127	Bw,Bb,Kw,Pb,Nw,Bw,Qb,Kw,Pw,,,,,,,Pb,Rb,,,,,,,Nw,Bw,,,,,,,Bb,Qb,,,,,,,Kw,Pb,,,,,,,Rw,Rw,,,,,,,Nb,Kb,Nw,Bb,Kb,Pb,Nb,Bw,Bb	lightRed	0
610c4db9ea1a80575a68d454efb31b17	2629	Pw,Bw,Nb,Pw,Kw,Bb,Nw,Pb,Rw,,,,,,,Rb,Nb,,,,,,,Nw,Qb,,,Pb,Pb,,,Qb,Kw,,,Pb,Pb,,,Kw,Pb,,,,,,,Rw,Nw,,,,,,,Nb,Bw,Kb,Bw,Nw,Pb,Kw,Bb,Nb	darkGray	0
61114d50117c3ab4ba02e8bf208595fc	2365	Bw,Kw,Qb,Nb,Rw,Kb,Qw,Bw,Bw,,,,,,,Bb,Kb,,,,,,,Nw,Pb,,,Bb,Bb,,,Pw,Nw,,,Bb,Bb,,,Kw,Bb,,,,,,,Bw,Kw,,,,,,,Nb,Qb,Nb,Rw,Kw,Qb,Nw,Pb,Nw	lightGray	0
611463d3263bb5bdab27407415948888	2782	Nb,Rb,Nw,Qw,Kb,Rw,Nb,Rw,Rw,,,,,,,Bb,Kw,,,,,,,Kw,Qb,,,,,,,Pw,Bw,,,,,,,Nb,Rb,,,,,,,Bw,Kb,,,,,,,Kb,Nb,Qb,Kw,Rw,Nb,Qw,Pw,Bb	lightGray	0
6126b592e29d2c5a18d63e97547c999a	2051	Nw,Rw,Bb,Qw,Kb,Rb,Nw,Rb,Qb,,,,,,,Rw,Bw,,,,,,,Pb,Rb,,,Pw,Pw,,,Qb,Pw,,,Pw,Pw,,,Bw,Qw,,,,,,,Rb,Bb,,,,,,,Pw,Qw,Nw,Bb,Kb,Pb,Nb,Bw,Pb	lightGray	0
6135e11dd1c3950dbc4ef1d64d8c00ce	709	Bb,Pb,Qb,Bb,Rw,Pw,Qw,Bw,Pw,,,,,,,Nb,Qw,,,,,,,Rw,Bb,,,,,,,Kb,Rw,,,,,,,Qw,Pb,,,,,,,Bw,Qb,,,,,,,Rb,Nb,Nw,Rb,Kw,Qb,Nb,Rw,Nb	lightGray	0
6138a816dc94f315568d5d56b5dcd4c5	889	Qw,Qw,Pw,Rb,Bw,Qb,Pb,Rb,Rb,,,,,,,Rw,Kb,,,,,,,Bb,Qb,,,,,,,Qb,Nw,,,,,,,Pb,Rw,,,,,,,Rb,Kw,,,,,,,Bw,Qw,Bw,Qb,Pw,Rb,Bb,Qw,Kw	darkGray	0
613c3ef9fc951231295ddfab3430417b	132	Bb,Nw,Pb,Kb,Bw,Rb,Pw,Qw,Nw,,,,,,,Pw,Rb,,,,,,,Rb,Kb,,,Pb,Pb,,,Bb,Qw,,,Pb,Pb,,,Qw,Bb,,,,,,,Pb,Rw,,,,,,,Rw,Bb,Kb,Qw,Nw,Rb,Kw,Qb,Bb	darkGray	0
613c4b054d5010d4dbc7da7f4681f607	1401	Nw,Kb,Rb,Nb,Qw,Kw,Rw,Pw,Bw,,,,,,,Qb,Rb,,,,,,,Bw,Pw,,,,,,,Rw,Qw,,,,,,,Kw,Bb,,,,,,,Qw,Rw,,,,,,,Nb,Bb,Bb,Kw,Pb,Nw,Bw,Kb,Qb	lightGray	0
61499d0c7b353ec0d624b66f8407e880	2608	Qb,Nw,Rb,Kw,Qb,Nb,Rw,Kb,Nw,,,,,,,Pb,Qb,,,,,,,Rw,Kb,,,,,,,Bb,Rb,,,,,,,Qw,Nb,,,,,,,Pw,Qw,,,,,,,Rb,Nb,Qw,Pw,Rb,Bw,Qb,Pb,Pw	lightGray	0
6149fb96cb7a4ad11b5c3dec7cc11702	3860	Rw,Bb,Kw,Rb,Nw,Bw,Kb,Rb,Pw,,,,,,,Rw,Rb,,,,,,,Kw,Bb,,,Pb,Pb,,,Qw,Kw,,,Pb,Pb,,,Nb,Pb,,,,,,,Pb,Rw,,,,,,,Kb,Bb,Rw,Nb,Qb,Kw,Pb,Nw,Kb	darkRed	0
616608b055c0babfcb1f589ab79a1669	2169	Kb,Bw,Qb,Pb,Rw,Bb,Qw,Qw,Pw,,,,,,,Bb,Nb,,,,,,,Rw,Bb,,,Nw,Nw,,,Pb,Kw,,,Nw,Nw,,,Qb,Pb,,,,,,,Bw,Nw,,,,,,,Rb,Rw,Qb,Kw,Rw,Nb,Qw,Kb,Qb	darkRed	1
616afd85ece402cfd7d2609210853bac	3612	Nb,Qw,Pw,Rb,Bw,Qb,Pb,Nb,Rb,,,,,,,Rb,Bw,,,,,,,Kb,Qw,,,,,,,Qw,Pw,,,,,,,Nb,Rw,,,,,,,Pw,Bb,,,,,,,Kw,Rw,Rw,Rw,Rw,Rw,Rw,Rw,Rw	darkRed	0
61704c24b733b396f67ba17eb64bed87	1320	Bb,Kb,Qw,Nb,Rw,Pb,Qb,Rb,Qw,,,,,,,Bb,Bb,,,,,,,Nw,Nw,,,Nb,Nb,,,Pw,Pb,,,Nb,Nb,,,Kw,Kb,,,,,,,Bw,Bw,,,,,,,Nb,Rb,Bb,Qw,Pb,Rw,Bw,Qb,Bw	lightRed	0
617b25d2548dd4dfe43417ea89c7b5b0	1814	Kw,Bb,Kw,Pw,Nb,Bw,Kb,Rw,Bw,,,,,,,Kb,Nb,,,,,,,Qw,Pw,,,Qb,Qb,,,Bb,Kw,,,Qb,Qb,,,Rw,Bb,,,,,,,Pb,Nw,,,,,,,Qb,Rw,Qw,Nb,Rw,Kw,Qb,Bw,Pw	darkRed	0
618c229b15de085d325e2d7290b11d56	2631	Pw,Kb,Pb,Nb,Bw,Kw,Pw,Pb,Pw,,,,,,,Kb,Rb,,,,,,,Rb,Bw,,,,,,,Nw,Qb,,,,,,,Qb,Pb,,,,,,,Pb,Rw,,,,,,,Rw,Rb,Bb,Kw,Pw,Rb,Bw,Kb,Qw	darkGray	0
6196ea1fe14f7862a051f609ef4d6a27	1744	Kb,Pb,Nw,Bb,Kw,Pw,Nb,Nb,Bw,,,,,,,Bw,Kb,,,,,,,Qb,Pw,,,,,,,Pb,Nb,,,,,,,Rw,Bb,,,,,,,Bb,Kw,,,,,,,Qw,Qw,Nb,Bw,Kb,Pb,Nw,Bb,Rb	lightGray	0
61a2d41faf3bb32b3fdc44e706976d4e	2673	Bb,Kw,Rw,Nb,Qw,Kb,Rb,Nw,Bb,,,,,,,Rb,Rw,,,,,,,Nw,Pb,,,,,,,Qb,Qb,,,,,,,Kw,Bw,,,,,,,Rw,Rb,,,,,,,Nb,Nb,Bw,Qb,Pw,Rb,Bb,Qw,Pb	lightRed	0
61a90965588bbd92b9569b06f4221d73	367	Qw,Nb,Kw,Kw,Rw,Nw,Qb,Kw,Bw,,,,,,,Rb,Rb,,,,,,,Kb,Pw,,,Pw,Pw,,,Qw,Qw,,,Pw,Pw,,,Nb,Bb,,,,,,,Rw,Rw,,,,,,,Kw,Kb,Bw,Kb,Pb,Nw,Bb,Kw,Pb	lightGray	0
61abf79d565c819caa05a328c3b8dc9e	1627	Pw,Nb,Pw,Kw,Bb,Rw,Pb,Rw,Bb,,,,,,,Qb,Qw,,,,,,,Bw,Pb,,,Bb,Bb,,,Rw,Rw,,,Bb,Bb,,,Pb,Bw,,,,,,,Qw,Qb,,,,,,,Bb,Nb,Bw,Nb,Pb,Kb,Bb,Nw,Nw	lightRed	0
61e9c577119b420f07e2bea932022d1d	3187	Rw,Bw,Nb,Pb,Kb,Bb,Nw,Nw,Pb,,,,,,,Qw,Kb,,,,,,,Pw,Bw,,,Rw,Rw,,,Rb,Nb,,,Rw,Rw,,,Nw,Pw,,,,,,,Qb,Kw,,,,,,,Kw,Qw,Bb,Qw,Pw,Rb,Bw,Qb,Rw	darkGray	0
61ed8961dfaf01a7e4592d3f51d59a64	2048	Rw,Kw,Bb,Rb,Pw,Qb,Bw,Pw,Nb,,,,,,,Qw,Pw,,,,,,,Pw,Kw,,,,,,,Rb,Bb,,,,,,,Bw,Nw,,,,,,,Qb,Pb,,,,,,,Pb,Kb,Nb,Bw,Kb,Pb,Nw,Bb,Nw	lightGray	0
61ed8db3ce82126c6d7e648eb8aa8b33	475	Bw,Pb,Nw,Bw,Kb,Pw,Nb,Nw,Bb,,,,,,,Nw,Qw,,,,,,,Qb,Pw,,,,,,,Kw,Rb,,,,,,,Rw,Bw,,,,,,,Nb,Kb,,,,,,,Qw,Rb,Qb,Bw,Rb,Pw,Qw,Bb,Nw	lightRed	0
61fd1c65ab06b497d6c2cbccb97460f6	2802	Qw,Kw,Qb,Nb,Rw,Kb,Qw,Qb,Bw,,,,,,,Qb,Kb,,,,,,,Bw,Pw,,,Pb,Pb,,,Rw,Nb,,,Pb,Pb,,,Pb,Bb,,,,,,,Qw,Kw,,,,,,,Bb,Kw,Rb,Nw,Qb,Kw,Pw,Nb,Pw	darkGray	0
6201d281b04e8b1d46820716ad06c720	3946	Pw,Nb,Bw,Kw,Pw,Nw,Bb,Nw,Nw,,,,,,,Bw,Pb,,,,,,,Rb,Kw,,,,,,,Pw,Bb,,,,,,,Qw,Nb,,,,,,,Bb,Pw,,,,,,,Rw,Kw,Qw,Bb,Rw,Pb,Qb,Bw,Qw	lightGray	0
620531fce52a1869dbba34a9d116311a	732	Qw,Rw,Bb,Qw,Pw,Rb,Bw,Qw,Pw,,,,,,,Nb,Rb,,,,,,,Bw,Bw,,,,,,,Kb,Qb,,,,,,,Pb,Pb,,,,,,,Nw,Rw,,,,,,,Qb,Kb,Bb,Rw,Pw,Qw,Bw,Rb,Kb	darkRed	0
62063795c18112b2620d7831887fca2c	332	Rw,Rb,Pw,Qw,Bb,Rw,Pb,Rw,Rw,,,,,,,Rb,Kw,,,,,,,Kb,Qb,,,,,,,Qb,Nw,,,,,,,Nw,Rb,,,,,,,Rw,Kb,,,,,,,Kw,Nw,Nb,Pw,Kw,Bb,Nw,Pb,Kb	darkGray	0
6206dfd0f00ac89a98ca942c0d666887	2863	Kw,Bb,Kw,Pw,Nb,Bw,Kb,Kb,Kb,,,,,,,Pw,Pb,,,,,,,Rb,Nw,,,Kb,Kb,,,Bw,Bb,,,Kb,Kb,,,Qb,Kw,,,,,,,Pb,Pw,,,,,,,Rw,Bw,Kb,Pb,Nb,Bw,Kw,Pw,Nw	lightGray	0
621d132c0ce6b580b4f3fe77cc29f853	2008	Pw,Kb,Rb,Nb,Qw,Kw,Rw,Qb,Pb,,,,,,,Bw,Rw,,,,,,,Qb,Bw,,,,,,,Pb,Qb,,,,,,,Rw,Pw,,,,,,,Bb,Rb,,,,,,,Qw,Qb,Kw,Bb,Nb,Pw,Kb,Bw,Bb	lightRed	0
62212a11435c3d767908b0d2667313f2	2959	Nb,Pw,Qw,Bw,Rb,Pb,Qb,Qb,Nw,,,,,,,Pw,Qb,,,,,,,Rb,Kw,,,Bb,Bb,,,Bb,Rw,,,Bb,Bb,,,Qw,Nb,,,,,,,Pb,Qw,,,,,,,Rw,Pw,Kb,Pb,Nb,Bw,Kw,Pw,Pw	darkRed	0
6229de847bbebf11c03bd8c54c9fa64c	464	Rb,Qb,Nw,Rw,Kw,Qw,Nb,Kb,Bw,,,,,,,Pb,Qb,,,,,,,Nw,Pw,,,,,,,Bb,Rb,,,,,,,Kw,Nb,,,,,,,Pw,Qw,,,,,,,Nb,Pb,Qw,Nb,Rw,Pb,Qb,Nw,Pb	darkRed	0
62314e13be104021231340050522f988	29	Pw,Qb,Bw,Rw,Pb,Kw,Bb,Rw,Rw,,,,,,,Kb,Pb,,,,,,,Qw,Qw,,,,,,,Nb,Bb,,,,,,,Rw,Rb,,,,,,,Kw,Pw,,,,,,,Qb,Kb,Kb,Qw,Nb,Rw,Qw,Qb,Kw	darkRed	0
62323c7b0860ae0580b0dbe185c38829	1061	Kw,Bb,Nw,Pb,Kb,Bw,Nb,Qw,Rw,,,,,,,Bb,Pb,,,,,,,Kw,Kb,,,,,,,Pb,Bw,,,,,,,Nw,Nb,,,,,,,Bw,Pw,,,,,,,Kb,Qw,Nb,Rw,Kb,Qw,Nw,Rb,Nb	darkRed	0
6247ab763a01ed8f5755e49e852b52f9	3864	Pw,Bb,Qw,Pw,Rb,Bw,Qb,Nw,Qb,,,,,,,Kb,Kw,,,,,,,Qw,Rw,,,,,,,Nb,Nb,,,,,,,Rw,Qw,,,,,,,Kw,Kb,,,,,,,Bb,Bb,Kw,Bb,Nb,Pw,Kb,Bw,Pw	darkRed	0
62483d41ae069f1e5194302ebe732d49	2178	Nw,Kb,Pb,Nb,Bw,Kw,Pw,Bw,Rw,,,,,,,Kb,Kw,,,,,,,Qw,Qw,,,Rb,Rb,,,Nb,Nb,,,Rb,Rb,,,Rw,Rb,,,,,,,Kw,Kb,,,,,,,Qb,Qw,Bb,Nw,Pb,Kb,Qw,Nb,Pb	lightRed	0
6248944a9c9840d9e66afefad6b38bd2	2858	Kw,Qw,Bb,Rw,Pb,Qb,Bw,Kb,Kw,,,,,,,Nb,Pw,,,,,,,Qw,Nw,,,,,,,Kw,Bb,,,,,,,Rw,Kb,,,,,,,Nw,Pb,,,,,,,Qb,Rw,Qb,Kw,Pw,Nb,Qw,Kb,Bb	lightRed	0
625031df7be884e6b22bfcdad9392530	749	Qb,Rw,Bb,Kb,Pb,Rb,Bw,Bb,Rb,,,,,,,Rw,Pw,,,,,,,Pb,Qw,,,Rb,Rb,,,Qb,Bb,,,Rb,Rb,,,Bw,Rw,,,,,,,Rb,Pb,,,,,,,Kb,Rb,Kb,Bw,Nw,Pb,Kw,Bb,Rw	lightRed	0
6263ca7df1fc7a9503b69e63b64dd185	3180	Nb,Pw,Qw,Bw,Rb,Pb,Qb,Pb,Nw,,,,,,,Bb,Qb,,,,,,,Rw,Kw,,,Pb,Pb,,,Pw,Rw,,,Pb,Pb,,,Qw,Nb,,,,,,,Bw,Qw,,,,,,,Rb,Nb,Nb,Rw,Kw,Qb,Nw,Rb,Rw	darkRed	0
6266475fdaac4eb4af29c22afa31994f	964	Bb,Kw,Pw,Nb,Bw,Kb,Pb,Nw,Kb,,,,,,,Bw,Qw,,,,,,,Rb,Nb,,,Pb,Pb,,,Pw,Rw,,,Pb,Pb,,,Qw,Pb,,,,,,,Bb,Qb,,,,,,,Rw,Nb,Bb,Nw,Pw,Kw,Bw,Nb,Qb	lightRed	0
6270e5976d99e0327b669afa40f354cd	523	Pb,Nw,Bb,Kb,Pb,Nb,Bw,Nb,Kb,,,,,,,Nb,Pb,,,,,,,Qw,Nw,,,Rw,Rw,,,Kb,Bb,,,Rw,Rw,,,Rb,Kw,,,,,,,Bw,Pw,,,,,,,Qb,Rb,Rb,Nw,Qw,Pw,Rw,Bb,Bb	lightRed	0
628a5ce35f5a9d63b0e58d31eb4a5ba0	3129	Nw,Bw,Qb,Pw,Rb,Bb,Qw,Qb,Kw,,,,,,,Rb,Qb,,,,,,,Nw,Nw,,,,,,,Qw,Rb,,,,,,,Pw,Kb,,,,,,,Rw,Bw,,,,,,,Bb,Rw,Kb,Rb,Nb,Qw,Kw,Rw,Pw	darkRed	0
628f9d4af00d91143563e5d91523d167	162	Kb,Rb,Nw,Qb,Kw,Rw,Nb,Nw,Pw,,,,,,,Pb,Rb,,,,,,,Rw,Bw,,,,,,,Bw,Qb,,,,,,,Qb,Pb,,,,,,,Pw,Rw,,,,,,,Rb,Kb,Pb,Qb,Bw,Rb,Pw,Qw,Pb	lightGray	0
629961ea9bf634a4201b9f1eaaa23a2a	1336	Qb,Bw,Qb,Pb,Rw,Bb,Kw,Bb,Pb,,,,,,,Qw,Rw,,,,,,,Nb,Nb,,,,,,,Rw,Qw,,,,,,,Pb,Pw,,,,,,,Qb,Rb,,,,,,,Nw,Qw,Bw,Rb,Pb,Qb,Bb,Rw,Kb	lightGray	0
629ac513063b0f6b82499d9c94e26e9e	1007	Qw,Bb,Rw,Pb,Qb,Bw,Rb,Rb,Pw,,,,,,,Qw,Rb,,,,,,,Kb,Bw,,,Pb,Pb,,,Rw,Qb,,,Pb,Pb,,,Nb,Pb,,,,,,,Qb,Rw,,,,,,,Pb,Kb,Qb,Kw,Rb,Nw,Qw,Kb,Pb	darkRed	0
62acfc22751f93f6bb80fa664fe02606	3795	Bw,Bb,Nw,Pw,Kw,Bw,Nb,Nb,Rw,,,,,,,Rb,Pb,,,,,,,Bw,Qw,,,Rb,Rb,,,Qb,Bb,,,Rb,Rb,,,Kw,Rb,,,,,,,Rw,Pw,,,,,,,Nb,Bb,Qb,Nw,Rb,Kb,Qw,Nb,Rw	lightRed	0
62b1363bd6e485d6879a3a303d3096af	3766	Qw,Pb,Kb,Bw,Nb,Pw,Kw,Qb,Kb,,,,,,,Pw,Rb,,,,,,,Qw,Nw,,,,,,,Bb,Qb,,,,,,,Rw,Pb,,,,,,,Pb,Rw,,,,,,,Qb,Rw,Rw,Kw,Qw,Nb,Rb,Pw,Qw	lightRed	0
62c3cb12f0e5a160cb0df48559deded6	2519	Rw,Rw,Rw,Rw,Rw,Rw,Rw,Rw,Nw,,,,,,,Nw,Qb,,,,,,,Pb,Kw,,,,,,,Kw,Rw,,,,,,,Bb,Bb,,,,,,,Rb,Qw,,,,,,,Pw,Qw,Qb,Nw,Pw,Kw,Bw,Nb,Kb	darkRed	0
62cca4b24a42e2c719f5dccb7c28b0ca	4067	Pw,Nb,Qw,Kw,Rw,Nw,Qb,Rw,Rb,,,,,,,Rw,Pw,,,,,,,Rw,Qb,,,,,,,Rw,Bw,,,,,,,Rw,Rw,,,,,,,Rw,Pb,,,,,,,Rw,Pw,Pw,Rb,Bb,Qw,Pb,Rw,Rw	darkGray	0
62e57c0f17a444766d11ae8e6abd37ff	656	Pb,Pw,Qw,Bb,Rw,Pb,Qb,Bb,Rw,,,,,,,Pb,Pb,,,,,,,Rw,Qw,,,Nb,Nb,,,Nb,Bb,,,Nb,Nb,,,Qw,Rb,,,,,,,Kb,Pw,,,,,,,Rb,Kw,Nw,Bb,Kb,Pb,Nb,Bw,Rb	lightRed	0
6312ced8b51f8435fe1d0833dc3ea1d5	3027	Nw,Pw,Nb,Bw,Kb,Rb,Nw,Pw,Bb,,,,,,,Rw,Qw,,,,,,,Nb,Pb,,,,,,,Qw,Rw,,,,,,,Kb,Bw,,,,,,,Rb,Qb,,,,,,,Nw,Kb,Bw,Qb,Pw,Rb,Bb,Qw,Nb	lightRed	0
632314b8664e48090ac70e175486f64d	3441	Pw,Kb,Bw,Nw,Pb,Kw,Bb,Qw,Bb,,,,,,,Pw,Nw,,,,,,,Rb,Pb,,,Rb,Rb,,,Bw,Kb,,,Rb,Rb,,,Qb,Bw,,,,,,,Pb,Nb,,,,,,,Rw,Qb,Bb,Rw,Pb,Qb,Bw,Rb,Kb	lightRed	0
6325fb1606d65fcdcf67963502b8348c	350	Bw,Rb,Kb,Qw,Nb,Rw,Kw,Bb,Kw,,,,,,,Pw,Bb,,,,,,,Nb,Pw,,,Bb,Bb,,,Bb,Pb,,,Bb,Bb,,,Kw,Kb,,,,,,,Rb,Qw,,,,,,,Pw,Pb,Bw,Qb,Pb,Rw,Bb,Kw,Pw	darkRed	0
632c6e0576cd8e958d4ad7701b50049c	1188	Qb,Kb,Pb,Nw,Bb,Kw,Pw,Bb,Pb,,,,,,,Nw,Qb,,,,,,,Pb,Bb,,,,,,,Kb,Rw,,,,,,,Bw,Pw,,,,,,,Nb,Qw,,,,,,,Pw,Bb,Bw,Kb,Pw,Nb,Bb,Kw,Bb	darkRed	0
63351248b6930ab4ffc3f7635f35ecf1	705	Nw,Qw,Nb,Rw,Pb,Qb,Nw,Bb,Kw,,,,,,,Nb,Pw,,,,,,,Pw,Nw,,,Qw,Qw,,,Kw,Bb,,,Qw,Qw,,,Bb,Kb,,,,,,,Nw,Pb,,,,,,,Pb,Rw,Rw,Rw,Rw,Rw,Rw,Rw,Rw	lightGray	0
633f015de1fcd9d152a2a807b9b6fed1	2852	Kw,Qb,Kw,Rw,Nb,Qw,Kb,Kb,Bw,,,,,,,Bw,Qb,,,,,,,Nb,Pw,,,,,,,Pb,Nb,,,,,,,Kb,Bb,,,,,,,Qb,Qw,,,,,,,Nw,Kw,Nw,Bb,Kw,Pw,Nb,Bw,Bb	lightRed	0
635c680bf0665176295bc1280e3a20ff	2988	Rw,Nw,Bb,Kb,Pb,Nb,Bw,Nb,Qb,,,,,,,Qb,Pb,,,,,,,Bw,Rb,,,Pw,Pw,,,Rw,Bw,,,Pw,Pw,,,Kw,Qw,,,,,,,Qw,Pw,,,,,,,Nb,Bb,Kb,Pb,Nb,Bw,Kw,Pw,Nb	lightGray	0
636c0e4f8c1e8834ef28ca9c268f0886	1525	Bw,Kw,Pw,Nw,Bb,Kb,Pb,Qw,Bw,,,,,,,Bb,Kb,,,,,,,Rw,Pb,,,,,,,Pb,Nw,,,,,,,Qb,Bb,,,,,,,Bw,Qw,,,,,,,Rb,Bb,Rw,Nb,Qw,Kb,Rb,Nw,Nb	darkRed	0
636f88b44a8d414ad5c58cdb8af4f784	4035	Kb,Kb,Rb,Nb,Qw,Kw,Rw,Pw,Pw,,,,,,,Nw,Nb,,,,,,,Bb,Bb,,,Rb,Rb,,,Kb,Kw,,,Rb,Rb,,,Pb,Pb,,,,,,,Nb,Nw,,,,,,,Bw,Kb,Nb,Qw,Kw,Rw,Nw,Bb,Nb	darkRed	0
63718ebea98922c6fe386be0434b84ec	1823	Qb,Bw,Kb,Pb,Nw,Bb,Kw,Bw,Bb,,,,,,,Qw,Rw,,,,,,,Bb,Pw,,,,,,,Rw,Qw,,,,,,,Pb,Bw,,,,,,,Qb,Rb,,,,,,,Bw,Rb,Bw,Qb,Pb,Rw,Bb,Qw,Kw	lightRed	0
6378807daa862896e0c95c03e2395522	1299	Pb,Qw,Nb,Rw,Kw,Qb,Nw,Kw,Qw,,,,,,,Qb,Kb,,,,,,,Bw,Pb,,,Nb,Nb,,,Rb,Nw,,,Nb,Nb,,,Pw,Qb,,,,,,,Qw,Kw,,,,,,,Bb,Nw,Nb,Qw,Kb,Rb,Nw,Qb,Kw	darkGray	0
638595ed9103c7e4e0079bc16ddd176f	3464	Bw,Bb,Nw,Pb,Kb,Bw,Nb,Kb,Nb,,,,,,,Pb,Bw,,,,,,,Qb,Kw,,,Nb,Nb,,,Bw,Pw,,,Nb,Nb,,,Nb,Nw,,,,,,,Pw,Bb,,,,,,,Kw,Nb,Rw,Pb,Qw,Bb,Rb,Pw,Bw	lightGray	0
638d37078927fb6f47b7894d161626d6	1801	Bb,Rw,Bb,Qw,Pw,Rb,Bw,Rb,Kw,,,,,,,Pw,Pw,,,,,,,Rb,Nw,,,,,,,Bb,Bb,,,,,,,Qw,Qb,,,,,,,Pb,Pb,,,,,,,Rw,Kb,Pb,Qb,Bw,Rb,Pw,Qw,Qw	darkGray	0
6397e60ed35086bdfa1fcfc6b62933c2	3280	Pw,Kb,Qw,Nw,Rb,Pb,Qb,Bb,Nb,,,,,,,Rb,Qw,,,,,,,Bw,Kw,,,,,,,Qw,Rw,,,,,,,Pw,Nw,,,,,,,Rw,Qb,,,,,,,Bb,Kw,Qb,Nw,Rw,Kw,Qw,Nb,Rb	lightRed	0
639a47249536e802f8e838be9eac0ed2	266	Rb,Rb,Bw,Kw,Pw,Nw,Bb,Bw,Kw,,,,,,,Pw,Rw,,,,,,,Nb,Nw,,,Bb,Bb,,,Bw,Qb,,,Bb,Bb,,,Kb,Kb,,,,,,,Rb,Rb,,,,,,,Nw,Nb,Kb,Qw,Nw,Rb,Kw,Qb,Rw	lightGray	0
63b21d2c5432b885d60cad805cd9af1f	3734	Rb,Pb,Qb,Bb,Rw,Pw,Qw,Bw,Bw,,,,,,,Kw,Rb,,,,,,,Pw,Pw,,,Pb,Pb,,,Nw,Kw,,,Pb,Pb,,,Bb,Bb,,,,,,,Kb,Rw,,,,,,,Pb,Qb,Kw,Qb,Nb,Rw,Kb,Kw,Nw	lightRed	1
63c586320284d17ed88165705456df37	342	Pb,Qb,Kw,Rw,Nb,Qw,Pw,Qb,Nb,,,,,,,Nb,Qw,,,,,,,Qw,Kw,,,Qb,Qb,,,Kw,Rw,,,Qb,Qb,,,Rw,Nw,,,,,,,Nw,Qb,,,,,,,Qb,Kw,Nw,Bb,Kb,Pb,Nb,Bw,Qw	darkGray	0
63d90f0d4a41f0b2d8c00d0fafcb52e1	3471	Kw,Nb,Pw,Kb,Bw,Nw,Pb,Qw,Rw,,,,,,,Kw,Pb,,,,,,,Pw,Kb,,,,,,,Nw,Bw,,,,,,,Bb,Nb,,,,,,,Kb,Pw,,,,,,,Pb,Rw,Rw,Rw,Rw,Rw,Rw,Rw,Rw	lightRed	0
63f7c3a5a4b44fcebcb45d9b742bce68	6	Nw,Nw,Rb,Kb,Qw,Nb,Rw,Bw,Bb,,,,,,,Qb,Rw,,,,,,,Kw,Pb,,,,,,,Rw,Qb,,,,,,,Nb,Nw,,,,,,,Qw,Rb,,,,,,,Kb,Bw,Nw,Pb,Kb,Bw,Nb,Rw,Nw	darkRed	0
6406021f183a760467235c2a5a79edd6	103	Kb,Rb,Kb,Qw,Nb,Rw,Kw,Rb,Kb,,,,,,,Rw,Bw,,,,,,,Pb,Nb,,,,,,,Qw,Pw,,,,,,,Bb,Kw,,,,,,,Rb,Bb,,,,,,,Pw,Bw,Nw,Rb,Kb,Qw,Nb,Rw,Bb	lightGray	0
640c6025eb2ae21125dc4e887c9cfb75	2290	Qb,Bw,Nb,Pw,Kw,Bb,Nw,Qw,Rw,,,,,,,Kw,Bb,,,,,,,Qb,Qb,,,Pw,Pw,,,Nb,Pb,,,Pw,Pw,,,Rw,Rb,,,,,,,Kb,Bw,,,,,,,Qw,Kb,Rb,Kb,Qw,Nb,Rw,Kw,Pw	darkGray	1
640f2fa9f79eee7ef18c53582aee68a7	2633	Pw,Pb,Rw,Bw,Qb,Pw,Rb,Pw,Bb,,,,,,,Qb,Qw,,,,,,,Nw,Pb,,,Pw,Pw,,,Rw,Rw,,,Pw,Pw,,,Kw,Bw,,,,,,,Qw,Qb,,,,,,,Nb,Pb,Kw,Pw,Nw,Bb,Qb,Pb,Nb	lightGray	0
641686d5dfcf214ed981f0980c94bd39	1908	Qb,Qw,Bb,Rb,Pw,Qb,Bw,Bb,Kb,,,,,,,Nb,Pb,,,,,,,Qw,Nw,,,Pb,Pb,,,Pb,Bb,,,Pb,Pb,,,Rw,Kw,,,,,,,Nw,Pw,,,,,,,Qb,Rb,Kw,Pw,Nw,Qb,Kb,Pb,Nw	darkRed	0
643aa2d4ada5a62077553b5983adc7cb	3186	Nw,Pw,Nb,Bw,Qb,Pb,Nw,Kb,Kb,,,,,,,Kw,Rb,,,,,,,Bb,Nb,,,,,,,Nw,Qw,,,,,,,Rb,Kw,,,,,,,Kb,Rw,,,,,,,Bw,Qb,Pw,Nb,Bw,Kb,Pb,Nw,Pw	lightGray	0
643c0870a7af32250c98aa2655ce3454	893	Qw,Qw,Nb,Rw,Kw,Qb,Nw,Pw,Rw,,,,,,,Qw,Nb,,,,,,,Pw,Qw,,,,,,,Rb,Kb,,,,,,,Bw,Rb,,,,,,,Qb,Bw,,,,,,,Pb,Qw,Nw,Bb,Kb,Pb,Nb,Bw,Pb	darkGray	0
643ee0d2ab491ab032f68215a75412fa	3006	Qb,Qw,Pw,Rw,Bb,Qb,Pb,Nw,Pw,,,,,,,Kw,Kw,,,,,,,Rw,Bb,,,,,,,Nb,Nw,,,,,,,Qw,Pb,,,,,,,Kb,Kb,,,,,,,Rb,Qw,Nw,Rb,Kb,Qw,Nb,Rw,Qw	darkGray	0
6445096c249ccc4ce0c718d49c9682c7	3763	Pb,Rw,Bb,Qw,Pw,Rb,Nw,Nb,Pw,,,,,,,Qw,Qw,,,,,,,Kb,Nw,,,,,,,Rw,Rb,,,,,,,Bb,Kw,,,,,,,Qb,Qb,,,,,,,Kw,Rw,Kw,Qb,Nw,Rw,Kb,Qw,Pw	lightRed	0
64494c82852c12cb4791b7c124bf7a95	884	Rw,Rw,Rw,Rw,Rw,Rw,Rw,Rw,Rw,,,,,,,Nw,Nb,,,,,,,Qb,Qw,,,,,,,Kb,Kb,,,,,,,Rb,Rb,,,,,,,Nb,Nw,,,,,,,Qw,Kb,Kb,Pb,Nw,Bb,Qw,Pw,Qb	lightRed	0
644db37caf5f034574858e159307d05e	976	Bb,Qw,Bb,Rb,Pw,Qb,Nw,Pw,Nw,,,,,,,Bb,Rb,,,,,,,Nw,Kw,,,Rb,Rb,,,Rb,Qb,,,Rb,Rb,,,Kb,Bb,,,,,,,Bw,Rw,,,,,,,Nb,Qw,Pw,Qw,Bw,Rb,Pb,Kb,Kw	lightRed	0
645213fc49e3259ea44b4d275c5e4ceb	2066	Nb,Qb,Pb,Rb,Bw,Qw,Pw,Nb,Bb,,,,,,,Nw,Nw,,,,,,,Bb,Pw,,,,,,,Kb,Kw,,,,,,,Pb,Bw,,,,,,,Nb,Nb,,,,,,,Bw,Nw,Nw,Bb,Kb,Pb,Nb,Qw,Qb	darkGray	0
645733963fa130b70a2a29ee979f2a20	1379	Rw,Pw,Rb,Bb,Qw,Pb,Rw,Bb,Pw,,,,,,,Nb,Nb,,,,,,,Bw,Bb,,,Nw,Nw,,,Kw,Kw,,,Nw,Nw,,,Pw,Pb,,,,,,,Nw,Rw,,,,,,,Bb,Bb,Pw,Kw,Bb,Nw,Pb,Kb,Pw	lightRed	0
64825671f2e722f69e90acab9098145d	3853	Rw,Pw,Kw,Qb,Nw,Rb,Kb,Nb,Nb,,,,,,,Nw,Qw,,,,,,,Rb,Kw,,,,,,,Kw,Rw,,,,,,,Qb,Nw,,,,,,,Nb,Bb,,,,,,,Rw,Qw,Kb,Bw,Nw,Pb,Kw,Bb,Bb	darkGray	0
6491abfca2fe34d2d6d4d4e186299f03	176	Rw,Rw,Rw,Rw,Rw,Rw,Rw,Rw,Kw,,,,,,,Bb,Qb,,,,,,,Qw,Nw,,,,,,,Pb,Rb,,,,,,,Rw,Kb,,,,,,,Bw,Qw,,,,,,,Qb,Pb,Pb,Qb,Bb,Rw,Pw,Qw,Bb	lightGray	0
64965753246da64c377fd69ea3908327	3553	Qb,Nw,Rb,Kw,Qb,Nb,Rw,Qw,Bb,,,,,,,Bw,Rw,,,,,,,Rb,Pw,,,,,,,Pw,Qw,,,,,,,Qw,Bw,,,,,,,Bb,Rb,,,,,,,Rw,Pw,Bb,Qw,Pw,Rb,Bw,Qb,Nw	lightRed	0
6498acc0d88f247753c3e4a0d2aae421	1210	Qb,Qw,Bb,Rb,Pw,Qb,Bw,Nw,Kw,,,,,,,Rb,Bb,,,,,,,Pw,Nb,,,,,,,Qw,Pw,,,,,,,Bb,Kb,,,,,,,Rw,Bw,,,,,,,Pb,Qw,Pw,Rb,Bw,Qb,Pb,Rw,Rw	lightRed	0
64afdd14b5747e1796d7eb7dfca68d3f	2246	Kb,Kb,Pb,Nw,Bb,Kw,Pw,Kb,Kw,,,,,,,Kw,Rw,,,,,,,Bb,Nw,,,,,,,Nw,Qb,,,,,,,Pb,Pw,,,,,,,Kb,Rb,,,,,,,Bw,Nw,Bw,Nb,Pw,Kw,Bb,Nw,Nb	lightRed	0
64b14156fb8cd9d1b809f7e8118af64f	3706	Rb,Kw,Qb,Nb,Rw,Kb,Qw,Rb,Nb,,,,,,,Nw,Qw,,,,,,,Bb,Kb,,,,,,,Kb,Rb,,,,,,,Pb,Nw,,,,,,,Nb,Qb,,,,,,,Bw,Bw,Bw,Kb,Pb,Nw,Bb,Kw,Kb	lightRed	1
64b402334feb3eaaacba7949384a2bc7	3211	Pb,Qb,Bw,Rb,Pw,Kw,Bb,Pw,Bw,,,,,,,Qb,Nb,,,,,,,Bw,Pw,,,Pb,Pb,,,Rw,Kw,,,Pb,Pb,,,Pb,Bb,,,,,,,Qw,Nw,,,,,,,Bb,Bw,Qw,Pw,Rb,Bw,Qb,Pb,Nb	lightGray	0
64b9aa6506711d730fe73c593f2ed36e	553	Rw,Bb,Rw,Kb,Qw,Nw,Rb,Bw,Bb,,,,,,,Kb,Kw,,,,,,,Pb,Pb,,,,,,,Nw,Nw,,,,,,,Bb,Bw,,,,,,,Kw,Kb,,,,,,,Pw,Bb,Bb,Qw,Pw,Rb,Bw,Qb,Bb	lightRed	0
64c657ae6993aeba5cd2b37e8d18d56c	1157	Kb,Kb,Qw,Nw,Pb,Kw,Bb,Qw,Pw,,,,,,,Bw,Kw,,,,,,,Qb,Bb,,,,,,,Pb,Nw,,,,,,,Rw,Pb,,,,,,,Bb,Qb,,,,,,,Qw,Bw,Kb,Qw,Nb,Rw,Kw,Qb,Rw	lightGray	0
64c8c1e4b4cc197f8b6a69865b3129ff	2087	Kb,Pb,Qb,Bb,Rw,Pw,Kw,Rw,Pw,,,,,,,Pb,Nb,,,,,,,Kb,Bw,,,Pb,Pb,,,Bw,Kb,,,Pb,Pb,,,Nb,Rb,,,,,,,Pw,Nw,,,,,,,Kw,Rw,Bb,Kw,Pb,Nw,Bw,Qb,Rb	lightGray	0
64c9932accebf57563208dfdf3812059	1499	Qb,Kw,Qb,Nb,Rw,Kb,Qw,Pw,Bb,,,,,,,Kw,Nw,,,,,,,Pw,Rb,,,Pb,Pb,,,Nb,Kb,,,Pb,Pb,,,Bw,Bw,,,,,,,Kb,Nb,,,,,,,Pb,Rb,Qw,Kb,Rb,Nw,Qb,Kw,Pb	lightRed	0
64cf603e896b047bdbf52c2a147ede13	289	Nb,Kw,Qb,Nb,Pw,Kb,Qw,Kw,Bw,,,,,,,Qb,Nb,,,,,,,Bw,Pb,,,,,,,Rb,Qb,,,,,,,Kw,Bb,,,,,,,Qw,Nw,,,,,,,Nb,Qw,Nb,Pw,Qw,Pw,Nw,Bb,Qb	darkRed	0
64e0386f1eaea5e11e93d9f05f8e5f48	2536	Qb,Nw,Bb,Kw,Pw,Nb,Bw,Nw,Pw,,,,,,,Pw,Qw,,,,,,,Nb,Bw,,,,,,,Bw,Rb,,,,,,,Kb,Kw,,,,,,,Pb,Qb,,,,,,,Nw,Nb,Rw,Nb,Qw,Kb,Rb,Nw,Pw	lightRed	0
64f4606b2fbca8ba5a552ffb620afe6c	2342	Nw,Kw,Qb,Nb,Rw,Kb,Qw,Bw,Kw,,,,,,,Kw,Qb,,,,,,,Rw,Nb,,,,,,,Nw,Rw,,,,,,,Qb,Kb,,,,,,,Kb,Qw,,,,,,,Rb,Kw,Qb,Nw,Rb,Kb,Qw,Nb,Bb	darkGray	0
64f4ced6160b6796d130cf62aa1f8b6a	512	Qb,Bw,Nb,Pw,Kw,Bb,Nw,Pw,Pw,,,,,,,Pb,Qw,,,,,,,Kb,Bw,,,,,,,Bb,Rb,,,,,,,Nw,Pb,,,,,,,Pw,Qb,,,,,,,Kw,Nw,Qb,Kw,Rb,Nw,Qw,Kb,Pw	lightGray	0
653729b1925ed248e1e3c4b0136c591b	1231	Bb,Rb,Pw,Kw,Bb,Nw,Pb,Qb,Qw,,,,,,,Pb,Bb,,,,,,,Kb,Rb,,,Bb,Bb,,,Bb,Pw,,,Bb,Bb,,,Nw,Qb,,,,,,,Pw,Bw,,,,,,,Kw,Pb,Nb,Rw,Kb,Qw,Nw,Rb,Pb	darkGray	0
6539d0463f328a1950c1f8f63ed98fca	3305	Qb,Pb,Nw,Bw,Kb,Pw,Nb,Qw,Kb,,,,,,,Qb,Pb,,,,,,,Pb,Nb,,,Nw,Nw,,,Rb,Bw,,,Nw,Nw,,,Bw,Kw,,,,,,,Qw,Pw,,,,,,,Pw,Pw,Pb,Rw,Bw,Qb,Pw,Rb,Rb	lightGray	1
65430f7f5e4508d4c0e1780376af1a99	3345	Rb,Qb,Bw,Rb,Pw,Qw,Bb,Nw,Bb,,,,,,,Bw,Nw,,,,,,,Kb,Pw,,,Nb,Nb,,,Pw,Kw,,,Nb,Nb,,,Nb,Bw,,,,,,,Bb,Nb,,,,,,,Kw,Qb,Nb,Pw,Kb,Bw,Nw,Rb,Bw	darkRed	0
654622ee1113de17e102dddcf649489e	2251	Rw,Rw,Rw,Rw,Rw,Rw,Rw,Rw,Nw,,,,,,,Rw,Qb,,,,,,,Pb,Kb,,,,,,,Qw,Rb,,,,,,,Bb,Nb,,,,,,,Nb,Qw,,,,,,,Pw,Nb,Bw,Rb,Pw,Kw,Bb,Nw,Rb	lightRed	0
6547bff4873e50dcac3772f4a9792ff6	776	Rw,Nw,Pb,Kw,Bb,Nb,Pw,Kw,Rw,,,,,,,Bb,Bb,,,,,,,Kw,Qb,,,Nw,Nw,,,Pb,Pb,,,Nw,Nw,,,Nw,Rb,,,,,,,Bw,Bw,,,,,,,Kb,Pb,Pw,Kw,Bw,Nb,Pb,Kb,Nb	darkGray	0
65507a07e2273188be86362a4744c5cf	1112	Kw,Rw,Bb,Qw,Pw,Nb,Bw,Bb,Kb,,,,,,,Pw,Qw,,,,,,,Kw,Nb,,,,,,,Qb,Rw,,,,,,,Nw,Kw,,,,,,,Pb,Qb,,,,,,,Kb,Bb,Nb,Pw,Kb,Bw,Nw,Pb,Pb	lightGray	0
6558b9f9f9bc4bc1f1e5fdf7f1c906a1	999	Bw,Nb,Bw,Kw,Pw,Nw,Bb,Pb,Kb,,,,,,,Nb,Bw,,,,,,,Bw,Nw,,,Nw,Nw,,,Kw,Pb,,,Nw,Nw,,,Pw,Kw,,,,,,,Nw,Bb,,,,,,,Bb,Pw,Bb,Qw,Kb,Rb,Bw,Qb,Bw	lightRed	0
655fca7545459f82f9ceb2c726091782	3290	Pb,Pb,Nw,Bb,Kw,Pw,Nb,Pw,Bb,,,,,,,Pb,Nw,,,,,,,Rw,Pb,,,,,,,Bb,Kb,,,,,,,Qw,Qw,,,,,,,Pw,Nb,,,,,,,Nb,Bb,Bw,Rb,Pb,Qb,Bb,Rw,Qb	lightRed	0
6576d304049dfc1f7f97766b8231be72	2503	Bw,Kb,Pb,Nb,Bw,Kw,Pw,Rb,Rb,,,,,,,Qw,Bw,,,,,,,Bb,Qw,,,,,,,Nw,Pw,,,,,,,Pb,Rw,,,,,,,Kb,Nb,,,,,,,Bw,Bb,Rb,Nw,Qb,Kw,Rw,Nb,Kb	darkGray	0
65890fd11053db5baf295ee5a7df4d08	1496	Pw,Nb,Qw,Kb,Rb,Nw,Qb,Bb,Rw,,,,,,,Rw,Bb,,,,,,,Bb,Qb,,,,,,,Qb,Pb,,,,,,,Pb,Rb,,,,,,,Rb,Nw,,,,,,,Bw,Nb,Nb,Qw,Kb,Rb,Nw,Qb,Qw	darkGray	0
65a7ece3e5c70ff455ab260fb677b4a7	2306	Rw,Rw,Rw,Rw,Rw,Rw,Rw,Rw,Nb,,,,,,,Nw,Rw,,,,,,,Qb,Kw,,,,,,,Kb,Qb,,,,,,,Rb,Nw,,,,,,,Nb,Rb,,,,,,,Qw,Qb,Nw,Pb,Kw,Bb,Nb,Pw,Nb	darkRed	0
65aba942cae4a2a0e11aa23b60c04ff4	2037	Bw,Bb,Kw,Pw,Rb,Bw,Qb,Bb,Bw,,,,,,,Qw,Qb,,,,,,,Pw,Kw,,,,,,,Rb,Rw,,,,,,,Bw,Bb,,,,,,,Kb,Qw,,,,,,,Pb,Qw,Nb,Bw,Kb,Pb,Nw,Bb,Rb	darkGray	0
65addcd44d986d30bbc7b66a2df2f730	3907	Rw,Bb,Kw,Pb,Nw,Bw,Kb,Bb,Qw,,,,,,,Rb,Bb,,,,,,,Nw,Rb,,,,,,,Qw,Pw,,,,,,,Kb,Qb,,,,,,,Rw,Bw,,,,,,,Nb,Rw,Rb,Nw,Qw,Kb,Rw,Nb,Pw	darkRed	0
65ae4659f39f6bdec9108af99ddb3bb2	3976	Kb,Kb,Bw,Nb,Pw,Kw,Bb,Nb,Pb,,,,,,,Kb,Kb,,,,,,,Qw,Bw,,,,,,,Nw,Nb,,,,,,,Rb,Pw,,,,,,,Kw,Kw,,,,,,,Qb,Bb,Nb,Qw,Kw,Rw,Bw,Qb,Nw	lightRed	0
65b5522f5e49b5b412e76811da2f733a	1257	Rw,Qw,Kb,Rb,Nw,Qb,Kw,Kb,Rw,,,,,,,Nw,Rw,,,,,,,Rb,Rw,,,,,,,Kb,Rw,,,,,,,Qw,Rw,,,,,,,Bb,Rw,,,,,,,Rw,Rw,Pw,Qw,Nw,Rb,Kw,Qb,Pw	lightGray	0
65c4d347a05dcbba55e12c6dfade0dba	3586	Qw,Nb,Rw,Kb,Qw,Nw,Rb,Kw,Qw,,,,,,,Rb,Kb,,,,,,,Pw,Rw,,,,,,,Qw,Bb,,,,,,,Bb,Qb,,,,,,,Nw,Pb,,,,,,,Pb,Kb,Bb,Kw,Pw,Nb,Qw,Kb,Rb	lightRed	0
65d4ebcaa4d59d21f1e04b9ba9d553d7	1500	Rw,Rw,Bb,Qw,Pw,Nb,Bw,Pw,Rb,,,,,,,Rw,Bw,,,,,,,Bb,Qw,,,,,,,Qb,Pw,,,,,,,Pb,Rw,,,,,,,Rb,Bb,,,,,,,Bw,Kb,Nw,Bb,Kb,Pb,Nb,Bw,Pw	lightRed	0
65d9f9195e4be1f929c386aea61d8005	745	Pw,Qb,Bw,Rw,Kw,Qw,Bb,Rb,Pw,,,,,,,Nw,Nb,,,,,,,Rb,Bb,,,Bb,Bb,,,Kw,Kw,,,Bb,Bb,,,Qb,Pb,,,,,,,Bb,Nw,,,,,,,Rw,Bb,Kw,Pw,Nb,Bw,Kb,Pb,Nw	darkRed	0
65f32ceefae5fd29ed264aaf9f28d60d	662	Bw,Pw,Kw,Bb,Nw,Pb,Kb,Pw,Nw,,,,,,,Nb,Rb,,,,,,,Qw,Kw,,,,,,,Kb,Qb,,,,,,,Rb,Nb,,,,,,,Nw,Rw,,,,,,,Qb,Pb,Pw,Kw,Qb,Nw,Rb,Kb,Bb	lightGray	0
65f4cd98b9661df9641b3763f6138f67	3189	Qb,Pw,Kw,Bb,Nw,Pb,Kb,Kw,Pw,,,,,,,Bb,Kw,,,,,,,Kw,Bb,,,Nb,Nb,,,Pw,Nw,,,Nb,Nb,,,Nb,Pb,,,,,,,Bw,Kb,,,,,,,Kb,Rb,Rw,Pb,Qw,Bb,Rb,Pw,Nb	darkRed	0
65f801ac7ab31d64fddfc7a52489d184	847	Rb,Pb,Qb,Bb,Rw,Pw,Kw,Pb,Nb,,,,,,,Rb,Qw,,,,,,,Nw,Kw,,,,,,,Qw,Rw,,,,,,,Kb,Nw,,,,,,,Pw,Qb,,,,,,,Nb,Qb,Pw,Qw,Bw,Rb,Pb,Qb,Rb	lightRed	0
66249678ef2aafa3916f72319a28f650	1331	Nw,Nw,Pb,Kb,Bw,Nb,Rw,Bw,Rw,,,,,,,Bb,Pb,,,,,,,Nw,Qb,,,,,,,Pb,Bw,,,,,,,Kb,Rb,,,,,,,Bw,Pw,,,,,,,Nb,Rb,Pb,Nw,Bb,Kw,Pw,Nb,Rw	lightRed	0
6627d0bf6db106e5bf3312b6b67ebbb4	4031	Pw,Nw,Bb,Kw,Pw,Nb,Qw,Rb,Qb,,,,,,,Kb,Pb,,,,,,,Qw,Rb,,,Qw,Qw,,,Nb,Bw,,,Qw,Qw,,,Rw,Qw,,,,,,,Kw,Pw,,,,,,,Qb,Pw,Bb,Rw,Pw,Qw,Bw,Rb,Kb	darkGray	0
6630b6026d2b296b1da44623418f6aea	3112	Kb,Bb,Rw,Kb,Qw,Bw,Rb,Qb,Bb,,,,,,,Rb,Nw,,,,,,,Nw,Pw,,,,,,,Qw,Kw,,,,,,,Kb,Bw,,,,,,,Rw,Nb,,,,,,,Nb,Pb,Kb,Qw,Nw,Rb,Kw,Qb,Kw	lightGray	0
663c2ea7da69a3854d81113a10492745	919	Nw,Rw,Nb,Qb,Kw,Pb,Nw,Kb,Nw,,,,,,,Kb,Qb,,,,,,,Bw,Kb,,,,,,,Nw,Rb,,,,,,,Pb,Bb,,,,,,,Kw,Qw,,,,,,,Bb,Pb,Nb,Bw,Kw,Pw,Nw,Bb,Kb	lightGray	0
664214ac9ed8f488c1036fe1f047c9a8	3895	Nb,Kb,Rb,Nb,Qw,Kw,Rw,Pb,Rw,,,,,,,Kw,Kw,,,,,,,Bb,Qb,,,,,,,Nw,Nw,,,,,,,Pb,Rb,,,,,,,Kb,Kb,,,,,,,Bw,Bw,Nw,Bb,Kb,Pb,Nb,Bw,Nw	lightRed	0
664a826d139e0966fced52c529b5f4be	52	Bw,Qb,Nw,Rb,Kb,Bw,Nb,Qb,Kw,,,,,,,Rw,Rw,,,,,,,Kw,Nw,,,Pb,Pb,,,Bw,Qb,,,Pb,Pb,,,Nb,Kb,,,,,,,Rb,Rb,,,,,,,Kb,Pw,Nw,Pb,Kb,Bw,Nb,Pw,Kw	darkGray	1
6656872d22a26b8ec236ddbaacec0c06	3825	Nw,Kw,Bb,Nw,Pb,Kb,Qw,Pb,Rw,,,,,,,Rb,Nb,,,,,,,Kb,Qw,,,,,,,Qw,Kb,,,,,,,Nb,Rb,,,,,,,Rw,Nw,,,,,,,Kw,Qb,Rb,Nw,Qb,Kw,Rw,Bb,Kw	darkGray	1
665e3f922df6ed73e74d839db46b322c	3847	Nw,Pw,Rb,Bw,Qb,Pb,Rw,Rw,Rb,,,,,,,Qb,Nw,,,,,,,Pb,Qb,,,Rb,Rb,,,Rb,Kw,,,Rb,Rb,,,Bw,Rw,,,,,,,Qw,Nb,,,,,,,Pw,Nb,Kw,Qb,Nw,Rb,Kb,Qw,Pw	lightRed	0
666bb18a1f1651c9b121ce5b40121686	2375	Kw,Bw,Nb,Pb,Kb,Bb,Nw,Nw,Bw,,,,,,,Kb,Qb,,,,,,,Rb,Pb,,,Qb,Qb,,,Nw,Rw,,,Qb,Qb,,,Bb,Bb,,,,,,,Kw,Qw,,,,,,,Pw,Rw,Kw,Bb,Nb,Pw,Kb,Bw,Rw	lightRed	0
668ef8b8b0ff4d65b44df02689642864	1998	Qw,Rw,Kw,Qw,Nb,Pb,Kb,Bb,Kw,,,,,,,Bw,Rw,,,,,,,Qb,Nb,,,Bb,Bb,,,Pw,Qw,,,Bb,Bb,,,Rb,Kb,,,,,,,Bb,Pb,,,,,,,Qw,Bw,Nw,Pb,Kb,Bw,Nb,Pw,Kb	darkGray	0
669baac20e25dffa9a69e3d924488fca	279	Rb,Nw,Bb,Kb,Pb,Rb,Bw,Nb,Bw,,,,,,,Nb,Kb,,,,,,,Bw,Pb,,,Nb,Nb,,,Kb,Nw,,,Nb,Nb,,,Pb,Bb,,,,,,,Nw,Kw,,,,,,,Bb,Pw,Nb,Qw,Kb,Rb,Nw,Qb,Pw	darkRed	0
66ac559603f449e6e159ac09085a110b	978	Rb,Qb,Nw,Rb,Kb,Qw,Nb,Rw,Qb,,,,,,,Qw,Pb,,,,,,,Pw,Rw,,,,,,,Rw,Bb,,,,,,,Bb,Qw,,,,,,,Qb,Pw,,,,,,,Kw,Bw,Kb,Bw,Nb,Pw,Kw,Bb,Bw	lightRed	0
66b0026365c6193db26fac0fb21e3cdf	1175	Rw,Rw,Rw,Rw,Rw,Rw,Rw,Rw,Nb,,,,,,,Bw,Qw,,,,,,,Nb,Kb,,,,,,,Pw,Rb,,,,,,,Kw,Nw,,,,,,,Bb,Qb,,,,,,,Nw,Pw,Rw,Bb,Qw,Pw,Nb,Bw,Qb	lightRed	0
66c261755ac03eceed61634f2c9ae051	3051	Pw,Qb,Bw,Rw,Pb,Qw,Bb,Kw,Qw,,,,,,,Nb,Nb,,,,,,,Qw,Rb,,,Pb,Pb,,,Kw,Kb,,,Pb,Pb,,,Rw,Qb,,,,,,,Nw,Nw,,,,,,,Qb,Bw,Rw,Nb,Qb,Kw,Pb,Nw,Rw	darkGray	0
66e9ee209e661e03f694d6f70f746a2e	1356	Qb,Rb,Nw,Qb,Kw,Rw,Nb,Qw,Nb,,,,,,,Kw,Qw,,,,,,,Rw,Kw,,,,,,,Nb,Rw,,,,,,,Qw,Nw,,,,,,,Kb,Qb,,,,,,,Pb,Qw,Bb,Nw,Pb,Kb,Bw,Nb,Bw	lightGray	0
66edcfa03f91d7b65cef4efe58ae46c7	3424	Pw,Qw,Kb,Rb,Nw,Qb,Kw,Rw,Kw,,,,,,,Qw,Pw,,,,,,,Nb,Nw,,,,,,,Rw,Bb,,,,,,,Kw,Kb,,,,,,,Qb,Pb,,,,,,,Nw,Bw,Bb,Qw,Pb,Rw,Bw,Qb,Kw	lightGray	0
6719e6be2dba82d3d5ed375651f09450	209	Bw,Qw,Nb,Rw,Pb,Qb,Bw,Kw,Bb,,,,,,,Qb,Kw,,,,,,,Pb,Pw,,,Nb,Nb,,,Rb,Nb,,,Nb,Nb,,,Bw,Bw,,,,,,,Qw,Qb,,,,,,,Pw,Rw,Kw,Pw,Nb,Bw,Kb,Pb,Kb	lightRed	0
6721b5defe0249d671ffbcf676822d81	2469	Rb,Nw,Bb,Kb,Rb,Nb,Bw,Bb,Pb,,,,,,,Rw,Nw,,,,,,,Bb,Bb,,,,,,,Qw,Kw,,,,,,,Pw,Pw,,,,,,,Rb,Rb,,,,,,,Nw,Nw,Qw,Kb,Rw,Nb,Qb,Kw,Nw	lightRed	1
673b4046f6419affc9fa2b2e7548e2a0	785	Rb,Nw,Bb,Kw,Pw,Nb,Bw,Bw,Pb,,,,,,,Pb,Qb,,,,,,,Rw,Bb,,,Bb,Bb,,,Bw,Rw,,,Bb,Bb,,,Kb,Pw,,,,,,,Pw,Qw,,,,,,,Nb,Qw,Kw,Rw,Nw,Qb,Kb,Pb,Qb	darkGray	0
674dae88955c44284fb7aa36bbf5979d	1163	Kb,Bb,Nw,Pw,Kw,Bw,Nb,Kb,Kw,,,,,,,Rb,Bb,,,,,,,Nw,Nw,,,,,,,Qw,Pb,,,,,,,Kb,Kb,,,,,,,Rw,Qw,,,,,,,Nb,Nb,Rb,Kb,Qw,Nb,Rw,Kw,Qw	lightGray	0
67555a7605842c2f477698be74ba0a17	822	Rw,Rw,Rw,Rw,Rw,Rw,Rw,Rw,Bw,,,,,,,Kw,Kb,,,,,,,Qb,Pw,,,Pb,Pb,,,Nw,Nb,,,Pb,Pb,,,Rb,Bb,,,,,,,Kb,Kw,,,,,,,Qw,Nw,Bb,Kw,Pb,Rw,Bw,Qb,Pb	darkGray	0
6755afde1293e0c8aafc262572d6d9c6	3586	Qw,Nb,Rw,Kb,Qw,Nw,Rb,Kw,Qw,,,,,,,Rb,Kb,,,,,,,Pw,Rw,,,,,,,Qw,Bb,,,,,,,Bb,Qb,,,,,,,Nw,Pb,,,,,,,Pb,Kb,Bb,Kw,Pw,Nb,Qw,Kb,Rb	lightRed	0
675b822d64c4189daf187db00b366d95	1236	Bb,Rb,Nw,Qb,Kw,Rw,Nb,Kb,Qb,,,,,,,Qb,Kw,,,,,,,Pb,Rb,,,,,,,Rw,Nw,,,,,,,Bb,Bw,,,,,,,Qw,Kb,,,,,,,Pw,Kb,Bw,Nb,Pb,Kb,Bb,Nw,Pb	lightGray	0
676640bbe19ea32a734c96b06c2d706b	3860	Rw,Bb,Kw,Rb,Nw,Bw,Kb,Rb,Pw,,,,,,,Rw,Rb,,,,,,,Kw,Bb,,,Pb,Pb,,,Qw,Kw,,,Pb,Pb,,,Nb,Pb,,,,,,,Pb,Rw,,,,,,,Kb,Bb,Rw,Nb,Qb,Kw,Pb,Nw,Kb	darkRed	0
676c39c81c7092a8e3072c20d74a3d7c	3840	Kb,Kb,Bw,Nb,Pw,Qw,Bb,Pb,Nb,,,,,,,Nw,Qw,,,,,,,Qb,Kw,,,,,,,Pw,Rw,,,,,,,Rb,Nw,,,,,,,Bb,Qb,,,,,,,Qw,Nw,Rw,Kw,Qw,Nb,Rb,Kb,Kb	lightGray	0
6772019b7b33ed9eeb79da48e8c99089	628	Pw,Pb,Qb,Bw,Nb,Pw,Kw,Rw,Rb,,,,,,,Kb,Nw,,,,,,,Pb,Qw,,,,,,,Nb,Kb,,,,,,,Bw,Rw,,,,,,,Kw,Nb,,,,,,,Pw,Pw,Bb,Rw,Pb,Qb,Bw,Rb,Nb	lightGray	0
679a26b4c03a579bd358c25c1fe6161a	3039	Qw,Bw,Nb,Pb,Kb,Bb,Nw,Pb,Nb,,,,,,,Qw,Rw,,,,,,,Kb,Kb,,,Rb,Rb,,,Rw,Qw,,,Rb,Rb,,,Nb,Nw,,,,,,,Qb,Rb,,,,,,,Kw,Pw,Nb,Bw,Kb,Pb,Nw,Bb,Rw	darkGray	0
679b2c0c39d2e7ccc09acae1fcb891f4	3551	Qb,Qw,Bb,Rb,Pw,Qb,Bw,Nb,Nb,,,,,,,Rw,Bw,,,,,,,Bb,Kw,,,,,,,Qb,Pw,,,,,,,Pb,Nw,,,,,,,Rb,Bb,,,,,,,Bw,Qw,Kw,Bb,Nb,Pw,Kb,Qw,Rb	lightRed	0
679bd27018cef4ebdd92ebdcf6655fe7	1957	Kb,Nw,Qb,Kb,Rb,Nb,Qw,Rw,Qw,,,,,,,Qb,Pw,,,,,,,Nw,Rb,,,,,,,Rb,Bw,,,,,,,Kb,Qb,,,,,,,Qw,Pb,,,,,,,Nb,Qb,Kb,Qw,Nw,Rb,Kw,Qb,Qb	darkRed	0
67a1e8b2e8e01dff24b49bb7a9528eb0	1676	Pw,Kw,Rb,Pb,Qb,Bb,Rw,Kw,Rb,,,,,,,Kw,Bw,,,,,,,Nb,Qb,,,Pb,Pb,,,Pb,Pb,,,Pb,Pb,,,Kb,Rw,,,,,,,Bb,Bb,,,,,,,Nw,Nb,Kw,Pw,Nb,Bw,Kb,Pb,Rw	lightGray	0
67a86658c50f44a1a14a4cc82ea18ce8	3023	Pb,Pb,Kb,Bb,Rw,Pw,Kw,Rb,Rw,,,,,,,Pw,Pb,,,,,,,Kw,Kb,,,,,,,Bb,Bw,,,,,,,Rw,Rb,,,,,,,Pb,Pw,,,,,,,Kb,Kb,Nw,Pb,Kw,Bb,Nb,Pw,Kw	lightRed	0
67b559e612851665ea31c26553ca1ff7	1574	Nw,Nb,Pw,Kb,Bw,Nw,Pb,Nb,Bb,,,,,,,Bb,Nw,,,,,,,Rw,Pb,,,,,,,Pw,Kb,,,,,,,Qw,Bw,,,,,,,Nw,Nb,,,,,,,Rb,Nw,Kb,Pb,Rw,Bb,Qw,Pw,Pb	darkGray	0
67bad305e173808d9753295fb22ab71a	2760	Nb,Nb,Pw,Kb,Bw,Nw,Pb,Pw,Nw,,,,,,,Bw,Pb,,,,,,,Qb,Kb,,,Pb,Pb,,,Pw,Bw,,,Pb,Pb,,,Rb,Nb,,,,,,,Bb,Pw,,,,,,,Qw,Rw,Rw,Rw,Rw,Rw,Rw,Rw,Rw	lightGray	0
67c42a8985c1377552b8b5023b7ec8ab	3316	Qb,Rw,Kw,Qw,Nb,Rb,Pw,Rw,Rb,,,,,,,Bb,Nw,,,,,,,Nw,Qw,,,,,,,Pb,Kb,,,,,,,Kb,Rw,,,,,,,Qw,Nb,,,,,,,Nb,Kw,Bw,Rb,Pb,Qb,Bb,Rw,Qw	darkRed	0
67cb4de27301dcbe2b08cda41ae9443b	903	Bb,Nw,Rb,Kw,Qb,Nb,Rw,Qb,Rw,,,,,,,Bw,Nb,,,,,,,Rb,Qw,,,,,,,Kw,Kb,,,,,,,Qb,Rb,,,,,,,Nb,Bw,,,,,,,Rw,Rw,Rw,Pb,Qb,Bw,Rb,Pw,Nb	lightGray	0
67db45299137bd4982d6d19a56a55829	1492	Bb,Nw,Pb,Kb,Bw,Nb,Pw,Bw,Rw,,,,,,,Kb,Nb,,,,,,,Bw,Qw,,,Pb,Pb,,,Nb,Kb,,,Pb,Pb,,,Pw,Pb,,,,,,,Qw,Nw,,,,,,,Bb,Rw,Rw,Rw,Rw,Rw,Rw,Rw,Rw	lightRed	0
6808e06b2dea612929b9933ac5d3aa55	2232	Bw,Rb,Bw,Kw,Pw,Rw,Bb,Bw,Kw,,,,,,,Rw,Pw,,,,,,,Pb,Nw,,,,,,,Qw,Bb,,,,,,,Bb,Kb,,,,,,,Rb,Pb,,,,,,,Pw,Nw,Bw,Qb,Pw,Rb,Bb,Qw,Bb	darkRed	0
682a4eca4f706f76f0479c7abd9ff782	943	Rw,Kb,Qw,Nb,Rw,Kw,Qb,Kb,Bb,,,,,,,Kw,Kw,,,,,,,Qb,Pw,,,Pw,Pw,,,Nb,Nb,,,Pw,Pw,,,Rw,Bw,,,,,,,Kb,Kb,,,,,,,Qw,Qw,Kw,Qb,Nb,Rw,Kb,Qw,Qb	lightGray	0
682e3af1c734801509e7ad555f3a9297	928	Qb,Pb,Qb,Bb,Nw,Rw,Kw,Qb,Pb,,,,,,,Bw,Nw,,,,,,,Qb,Bb,,,Rb,Rb,,,Pb,Kw,,,Rb,Rb,,,Rw,Pw,,,,,,,Bb,Nb,,,,,,,Qw,Nb,Pb,Kb,Bb,Nw,Pw,Kw,Pw	lightRed	0
6836794e5409b358b48800bc4d6614d4	1623	Rb,Pb,Kb,Bb,Nw,Pw,Kw,Qw,Rw,,,,,,,Nb,Pb,,,,,,,Rw,Qb,,,,,,,Kb,Bw,,,,,,,Qw,Rb,,,,,,,Nw,Pw,,,,,,,Rb,Pw,Pw,Qw,Bw,Rb,Pb,Qb,Pw	darkGray	0
683c42edac89095d638388a6c463a70d	213	Rb,Qw,Pw,Rw,Bb,Qb,Kw,Pb,Kb,,,,,,,Pb,Rb,,,,,,,Qb,Nw,,,,,,,Bb,Qb,,,,,,,Rw,Kw,,,,,,,Pw,Rw,,,,,,,Qw,Pw,Nb,Rw,Kw,Qb,Nw,Rb,Bw	lightGray	0
68466bdb668e6e83fbb7ffabb9389387	36	Bw,Kb,Qw,Nb,Rw,Kw,Qb,Rb,Pw,,,,,,,Nw,Nb,,,,,,,Qb,Bb,,,Qw,Qw,,,Kb,Kw,,,Qw,Qw,,,Rb,Pb,,,,,,,Bb,Nw,,,,,,,Qw,Pb,Pw,Kw,Bw,Rb,Pb,Kb,Nb	lightRed	0
685477ff51f94b6690d7d54b8148bd82	742	Rb,Kb,Pb,Nb,Bw,Kw,Pw,Qb,Qw,,,,,,,Qb,Kb,,,,,,,Bw,Rb,,,,,,,Rw,Nw,,,,,,,Pb,Qb,,,,,,,Qw,Kw,,,,,,,Bb,Kb,Pw,Qw,Bb,Rw,Pb,Qb,Nb	lightGray	0
68806011e5b67de32e442ec798913523	1097	Qb,Bw,Qb,Pw,Rb,Bb,Qw,Qb,Bw,,,,,,,Bw,Qb,,,,,,,Nb,Pb,,,Nb,Nb,,,Pw,Rw,,,Nb,Nb,,,Kw,Bb,,,,,,,Bb,Qw,,,,,,,Rw,Bb,Pb,Qb,Bw,Rb,Pw,Qw,Pb	darkRed	0
6889f740e64634f4760bfb4d7627ac2d	2981	Rw,Nb,Bw,Kw,Pw,Nw,Bb,Rw,Bw,,,,,,,Kb,Rb,,,,,,,Qw,Kw,,,,,,,Nw,Qb,,,,,,,Rb,Nb,,,,,,,Kw,Rw,,,,,,,Qb,Qb,Pw,Nb,Bw,Kb,Pb,Nw,Rw	lightGray	0
6893b0a4123cf8182263fa0d96229529	1795	Kb,Rb,Kb,Qw,Nb,Rw,Kw,Pw,Kb,,,,,,,Nw,Rb,,,,,,,Bb,Bb,,,Nb,Nb,,,Kw,Qw,,,Nb,Nb,,,Pw,Kw,,,,,,,Nb,Rw,,,,,,,Bw,Nb,Kw,Rw,Bw,Qb,Kb,Rb,Pb	lightGray	0
6894979010dfc1e67f1ac8ea4e9787ad	2070	Nb,Kw,Qb,Nw,Rb,Kb,Kw,Bw,Nb,,,,,,,Pb,Bw,,,,,,,Rw,Kb,,,,,,,Bw,Pb,,,,,,,Qb,Nw,,,,,,,Pw,Bb,,,,,,,Rb,Pw,Rb,Kb,Qb,Nw,Rw,Kw,Kb	lightRed	0
689a4a60c7dcd1233e82008b5d5a1235	1266	Rb,Kw,Rw,Nw,Qb,Kb,Rb,Nb,Bb,,,,,,,Pb,Nw,,,,,,,Kb,Pb,,,,,,,Bb,Kb,,,,,,,Nw,Bw,,,,,,,Pw,Nb,,,,,,,Qw,Rb,Kb,Rb,Nb,Qw,Kw,Rw,Pb	lightGray	0
689c660888ba08aec2c3466e6f318bbf	837	Pb,Pb,Kb,Bw,Nb,Pw,Kw,Nw,Nb,,,,,,,Qw,Bw,,,,,,,Nb,Kw,,,,,,,Rw,Pw,,,,,,,Kw,Nw,,,,,,,Qb,Bb,,,,,,,Nw,Kw,Bw,Qb,Pb,Rw,Bb,Qw,Kw	darkGray	0
689d36eda0bdc5f19f6857c429fc77e6	2878	Rb,Nb,Qw,Kb,Rb,Nw,Qb,Kb,Rb,,,,,,,Qw,Nw,,,,,,,Kb,Bb,,,,,,,Rb,Kw,,,,,,,Nw,Rw,,,,,,,Qb,Nb,,,,,,,Kw,Kw,Pb,Rw,Bb,Qw,Pw,Rb,Qb	lightGray	0
68a44fb75851a78f160f283e3cba99b2	3378	Rb,Bw,Nb,Pb,Kb,Bb,Nw,Bw,Rw,,,,,,,Kb,Kw,,,,,,,Pb,Qb,,,Pw,Pw,,,Nw,Nw,,,Pw,Pw,,,Bb,Rb,,,,,,,Kw,Kb,,,,,,,Pw,Pb,Pw,Rb,Bw,Qb,Pb,Rw,Nw	lightRed	0
68b6bfcd754d02eba21e78396814c6de	1965	Rw,Kw,Qb,Nw,Rb,Kb,Qw,Nb,Rb,,,,,,,Qb,Kb,,,,,,,Bw,Qb,,,Nw,Nw,,,Rw,Nw,,,Nw,Nw,,,Pb,Rw,,,,,,,Qw,Kw,,,,,,,Bb,Nw,Nb,Bw,Kw,Pw,Nw,Bb,Qw	darkRed	0
68dd6845546b6fef6dec61e9f242fcdb	1306	Qw,Bw,Kb,Pw,Nb,Bb,Kw,Qb,Rb,,,,,,,Rw,Bw,,,,,,,Bb,Qw,,,,,,,Qw,Pw,,,,,,,Pw,Rw,,,,,,,Rb,Bb,,,,,,,Bw,Kw,Bb,Rw,Pb,Qb,Bw,Rb,Nw	lightGray	0
68e47f931ee077d9934b19327c0d1f41	1874	Nw,Bw,Rb,Pb,Qb,Bb,Rw,Nb,Qw,,,,,,,Bb,Bb,,,,,,,Nw,Rw,,,Bb,Bb,,,Pw,Pb,,,Bb,Bb,,,Kw,Qb,,,,,,,Bw,Bw,,,,,,,Nb,Nb,Nw,Qb,Kw,Rw,Nb,Qw,Pw	darkGray	0
68fd736de6d6c6fe6a48b622c8b2a419	3014	Pw,Rw,Pb,Qb,Bw,Rb,Pw,Nb,Rw,,,,,,,Bb,Pb,,,,,,,Kw,Qw,,,,,,,Pw,Nb,,,,,,,Nb,Rb,,,,,,,Bw,Pw,,,,,,,Kb,Rb,Pb,Nw,Bb,Kw,Pw,Nb,Rw	lightRed	0
69021b08f98cae6e99dee955e96a5d33	2673	Bb,Kw,Rw,Nb,Qw,Kb,Rb,Nw,Bb,,,,,,,Rb,Rw,,,,,,,Nw,Pb,,,,,,,Qb,Qb,,,,,,,Kw,Bw,,,,,,,Rw,Rb,,,,,,,Nb,Nb,Bw,Qb,Pw,Rb,Bb,Qw,Pb	lightRed	0
6902b69fd859947e46a38fcfb1f11c81	2427	Nb,Nb,Rw,Pb,Qb,Nw,Rb,Rw,Pw,,,,,,,Rb,Rb,,,,,,,Kb,Bb,,,,,,,Kw,Kw,,,,,,,Bb,Pb,,,,,,,Rw,Rw,,,,,,,Qw,Pw,Kb,Rb,Nb,Qw,Kw,Rw,Qb	darkRed	0
6928f053c36da91b3fb2c3b51c7667fa	2725	Qb,Kb,Qw,Nw,Rb,Kw,Qb,Qw,Kb,,,,,,,Bw,Qw,,,,,,,Qb,Nb,,,Bb,Bb,,,Pw,Rw,,,Bb,Bb,,,Rb,Kw,,,,,,,Bb,Qb,,,,,,,Qw,Qb,Qw,Kb,Rb,Nw,Qb,Kw,Bb	lightRed	0
692a55439311720d728937281136e322	16	Pw,Rw,Pb,Qb,Bw,Nb,Pw,Nb,Nw,,,,,,,Kb,Rb,,,,,,,Qw,Kb,,,,,,,Nb,Qw,,,,,,,Rw,Nb,,,,,,,Kw,Rw,,,,,,,Bb,Rw,Rw,Rw,Rw,Rw,Rw,Rw,Rw	darkGray	0
69318daa89a6c08c9ac63f921e0b3d6c	607	Kb,Bw,Nb,Pb,Kb,Bb,Nw,Pb,Pw,,,,,,,Bw,Rb,,,,,,,Kb,Bw,,,Rw,Rw,,,Pw,Qb,,,Rw,Rw,,,Nb,Pb,,,,,,,Bb,Rw,,,,,,,Kw,Rw,Kw,Rw,Nb,Qw,Kb,Pb,Qw	lightGray	0
69342d265e3fa9a1c29107dda351c332	3576	Pb,Pw,Kw,Bw,Rb,Pb,Kb,Nb,Rb,,,,,,,Kw,Nw,,,,,,,Bb,Qw,,,Pw,Pw,,,Nb,Kb,,,Pw,Pw,,,Pw,Pw,,,,,,,Kb,Nb,,,,,,,Bw,Rb,Nb,Bw,Kw,Pw,Nw,Bb,Kb	darkRed	0
694b3a14d3eab28463091cd143a8b7a1	3914	Kb,Pw,Rb,Bw,Qb,Pb,Rw,Rb,Bw,,,,,,,Kb,Kb,,,,,,,Bw,Kw,,,,,,,Nb,Rw,,,,,,,Pw,Nb,,,,,,,Kw,Kw,,,,,,,Bb,Kw,Kb,Bw,Nb,Pw,Kw,Bb,Pw	lightRed	0
695273643bbdf465245b308101d27a4e	1396	Kb,Kb,Rb,Nb,Qw,Kw,Rw,Qw,Pb,,,,,,,Pb,Rw,,,,,,,Qb,Bw,,,,,,,Bw,Qb,,,,,,,Rb,Pw,,,,,,,Pw,Rb,,,,,,,Qw,Rw,Pw,Rb,Bb,Qw,Pb,Rw,Bb	darkRed	1
695b4501f19cb2512febeabde37f794c	1346	Qb,Qb,Kw,Rb,Nw,Qw,Kb,Kb,Rw,,,,,,,Kb,Kw,,,,,,,Rb,Qb,,,,,,,Nw,Nw,,,,,,,Qb,Rb,,,,,,,Kw,Kb,,,,,,,Rw,Kw,Rw,Kw,Qw,Nb,Rb,Kb,Nb	darkRed	0
6968f3c9a81f47365825b6f1859f98c0	3804	Qw,Pw,Kw,Bb,Nw,Pb,Kb,Qw,Bw,,,,,,,Nw,Qb,,,,,,,Pb,Pw,,,,,,,Kb,Rb,,,,,,,Qw,Bb,,,,,,,Nb,Qw,,,,,,,Rw,Rb,Kb,Bw,Nb,Pw,Qw,Bb,Qb	darkRed	0
697a0b31d20923bea8effa797fd5f80c	51	Bb,Kb,Qw,Nw,Rb,Kw,Qb,Pw,Rw,,,,,,,Rw,Kw,,,,,,,Bb,Qb,,,,,,,Qw,Nw,,,,,,,Pw,Rb,,,,,,,Rb,Kb,,,,,,,Bw,Pb,Bb,Nw,Pb,Kb,Bw,Nb,Bw	darkRed	0
69851f4735caf51ec968fcf085bc7a98	3571	Nb,Kb,Qw,Nw,Rb,Pb,Qb,Pb,Qb,,,,,,,Bb,Pb,,,,,,,Nw,Rb,,,,,,,Pw,Bw,,,,,,,Kw,Qw,,,,,,,Bw,Pw,,,,,,,Nb,Qb,Nb,Qw,Kb,Rb,Nw,Qb,Kw	lightRed	0
698dc9abb5168ac79d61c2e17fab45d1	253	Nb,Qw,Pw,Rb,Bw,Qb,Pb,Rw,Kb,,,,,,,Rw,Qw,,,,,,,Rw,Nb,,,Nb,Nb,,,Rw,Rw,,,Nb,Nb,,,Rw,Kw,,,,,,,Rw,Qb,,,,,,,Rw,Qb,Qw,Pw,Nw,Bb,Kb,Pb,Rw	darkRed	0
69988b660888e2b2aad6fa7d65c96bdb	400	Nw,Pb,Rw,Bb,Qw,Pw,Rb,Qb,Rb,,,,,,,Pw,Bw,,,,,,,Rb,Qb,,,,,,,Bb,Pb,,,,,,,Qw,Rw,,,,,,,Pb,Bb,,,,,,,Nw,Pw,Kw,Rw,Nw,Qb,Kb,Rb,Pb	lightGray	0
69affb71d5f6485f3a3cb7fe37843d03	3918	Rw,Bw,Kb,Pw,Nb,Bb,Kw,Pb,Rw,,,,,,,Rw,Pb,,,,,,,Nb,Qw,,,,,,,Qb,Bb,,,,,,,Kw,Rb,,,,,,,Rb,Pw,,,,,,,Bw,Rb,Pb,Rw,Bw,Qb,Pw,Rb,Rb	lightGray	0
69b90aa110708d9d79d849949874fa22	912	Kw,Bw,Nb,Pw,Kw,Bb,Rw,Qb,Pb,,,,,,,Nw,Qb,,,,,,,Rb,Bw,,,Qb,Qb,,,Kw,Rb,,,Qb,Qb,,,Qb,Pw,,,,,,,Nb,Qw,,,,,,,Rw,Pw,Qw,Nb,Rb,Kb,Qb,Nw,Nb	lightRed	0
69c4f01a4f651178c9608d0950da0200	2328	Rb,Nw,Rb,Kw,Qb,Nb,Rw,Kw,Rw,,,,,,,Rb,Bb,,,,,,,Pw,Qb,,,Nb,Nb,,,Qb,Pb,,,Nb,Nb,,,Bw,Rb,,,,,,,Nw,Bw,,,,,,,Pb,Kb,Rb,Nw,Qb,Kw,Rw,Nb,Kb	lightGray	0
69cc41bab86eeb755e62661306145ec4	2839	Rb,Nw,Rb,Kb,Qw,Bb,Rw,Pw,Rb,,,,,,,Qw,Pw,,,,,,,Pw,Qb,,,Rw,Rw,,,Pw,Bw,,,Rw,Rw,,,Bb,Rw,,,,,,,Qb,Pb,,,,,,,Kw,Bw,Kw,Rw,Nb,Bw,Kb,Pb,Kw	darkGray	0
69dd4e044c76b5018ff5e4e68a7eb62d	3319	Rw,Nw,Pb,Kb,Bw,Nb,Pw,Bw,Kb,,,,,,,Qb,Rb,,,,,,,Pb,Nw,,,,,,,Rw,Qb,,,,,,,Nb,Kw,,,,,,,Qw,Rw,,,,,,,Kb,Bw,Bb,Nw,Pb,Kb,Bw,Rb,Kb	darkGray	0
69fbcbd0d87fc6d8edcaa79b50df0075	3137	Pb,Qw,Bb,Rb,Pw,Qb,Bw,Pb,Rb,,,,,,,Rw,Bw,,,,,,,Bb,Qw,,,Pb,Pb,,,Qw,Pw,,,Pb,Pb,,,Pw,Rw,,,,,,,Nb,Bb,,,,,,,Bw,Bw,Rb,Kb,Qb,Nw,Rw,Kw,Nw	lightGray	0
69ff7b8f9f05dbd6f372e5fac94e2f11	3822	Rw,Rw,Bb,Qb,Pb,Rb,Bw,Kw,Bw,,,,,,,Kb,Qb,,,,,,,Pb,Pw,,,Nb,Nb,,,Nb,Rb,,,Nb,Nb,,,Bw,Bb,,,,,,,Kw,Qw,,,,,,,Pw,Nw,Rw,Nb,Qb,Kw,Rb,Nw,Rw	lightRed	0
6a11732218e4de73b04cf9102cf97c54	2901	Kb,Bb,Qw,Pb,Rw,Bw,Kb,Nw,Qw,,,,,,,Kw,Nb,,,,,,,Rw,Rb,,,,,,,Nw,Kb,,,,,,,Qb,Qb,,,,,,,Kb,Nw,,,,,,,Rb,Pb,Kb,Rb,Nb,Qw,Kw,Rw,Bw	darkRed	0
6a159f66c0fe13374501dc8db56bdd1c	3838	Nw,Rw,Bb,Qw,Pw,Rb,Bw,Bw,Kb,,,,,,,Bb,Rb,,,,,,,Nw,Nw,,,,,,,Pw,Qb,,,,,,,Qw,Pb,,,,,,,Bw,Rw,,,,,,,Rb,Qb,Nb,Rw,Kb,Qw,Nw,Rb,Nw	lightGray	0
6a19cbd723cce379bc407e7856b58ff0	1974	Pw,Nw,Qb,Kb,Rb,Nb,Kw,Bw,Pb,,,,,,,Kb,Qb,,,,,,,Rb,Bw,,,,,,,Nw,Rb,,,,,,,Bb,Pw,,,,,,,Kw,Kw,,,,,,,Rw,Qb,Kw,Rw,Nw,Qb,Kb,Rb,Bw	lightGray	0
6a3019a7b2768db9c6a83ef4bd289386	2507	Rw,Pw,Rb,Bb,Kw,Pb,Rw,Pb,Bb,,,,,,,Kw,Rw,,,,,,,Bb,Pb,,,Pb,Pb,,,Nw,Qb,,,Pb,Pb,,,Pb,Bw,,,,,,,Kb,Rb,,,,,,,Bw,Kw,Rw,Nb,Qw,Kb,Rb,Nw,Pw	darkGray	0
6a5b0ab5574f87bc5aeba752edfff78d	935	Rb,Kb,Bw,Nw,Pb,Kw,Qb,Rw,Rw,,,,,,,Kb,Kw,,,,,,,Rb,Qw,,,,,,,Nw,Nb,,,,,,,Qb,Pb,,,,,,,Kw,Kb,,,,,,,Rw,Kb,Bb,Qw,Pw,Rb,Bw,Kb,Rw	lightRed	0
6a63dfa314cbea30ffbb36ac25756c13	259	Rw,Pb,Nw,Bw,Kb,Pw,Nb,Kb,Pb,,,,,,,Bw,Qb,,,,,,,Qb,Bb,,,Nw,Nw,,,Pw,Rw,,,Nw,Nw,,,Nb,Pw,,,,,,,Bb,Kw,,,,,,,Kw,Kb,Bw,Qb,Pb,Rw,Bb,Qw,Qb	lightGray	0
6a903621c6b26ec8eb6cf06954564e2d	1418	Nb,Bb,Qw,Pb,Nw,Bw,Kb,Pw,Pw,,,,,,,Qb,Kw,,,,,,,Bw,Bb,,,Nb,Nb,,,Rw,Nw,,,Nb,Nb,,,Pb,Pb,,,,,,,Qw,Kb,,,,,,,Bb,Pb,Nw,Rb,Kb,Qw,Nb,Rw,Qw	lightGray	0
6aa4fafb8fc6b58dce7356145e242034	2826	Rw,Nw,Pb,Kb,Bw,Nb,Pw,Bb,Rw,,,,,,,Bb,Rw,,,,,,,Kw,Rw,,,Kb,Kb,,,Pb,Rw,,,Kb,Kb,,,Nw,Rw,,,,,,,Bw,Rw,,,,,,,Kb,Rw,Pb,Qb,Bw,Rb,Pw,Qw,Nw	lightGray	0
6ac5a12277a3ec53d159312d2089ff3d	990	Qb,Qb,Kw,Rw,Nb,Qw,Kb,Nb,Bw,,,,,,,Bw,Rb,,,,,,,Nb,Pb,,,,,,,Pb,Qb,,,,,,,Kb,Bb,,,,,,,Bb,Rw,,,,,,,Nw,Bw,Rw,Bb,Qw,Pw,Rb,Bw,Pw	lightRed	0
6aca78fdf8eec5698785c0c300c5a0f7	2645	Kb,Bw,Rb,Pw,Kw,Bb,Rw,Qb,Rb,,,,,,,Rb,Nw,,,,,,,Nw,Qw,,,Qw,Qw,,,Qw,Kb,,,Qw,Qw,,,Kb,Rw,,,,,,,Rw,Nb,,,,,,,Nb,Kb,Nw,Pb,Kw,Bb,Nb,Pw,Nw	darkGray	0
6adf2f5a01ed86af2592e90cd2dfba9d	2318	Kw,Bw,Kb,Pb,Nw,Bb,Kw,Bb,Kb,,,,,,,Kw,Pb,,,,,,,Qb,Nw,,,Pb,Pb,,,Nw,Bb,,,Pb,Pb,,,Rb,Kw,,,,,,,Kb,Pw,,,,,,,Qw,Pw,Pw,Nb,Bw,Kb,Pb,Nw,Qb	darkRed	0
6aea51462cf71ae95e16c2d19e54d355	3925	Pb,Pw,Kw,Bb,Nw,Pb,Kb,Pb,Pb,,,,,,,Nb,Qb,,,,,,,Qw,Bb,,,,,,,Kw,Nw,,,,,,,Rw,Pw,,,,,,,Nw,Qw,,,,,,,Qb,Rb,Pb,Qb,Bb,Rw,Pw,Qw,Kw	lightGray	0
6aef058c6b13a299171fadfd23660109	2486	Qb,Kw,Rw,Nb,Qw,Kb,Rb,Rw,Qw,,,,,,,Qb,Bb,,,,,,,Kw,Nw,,,Nw,Nw,,,Rw,Pb,,,Nw,Nw,,,Nb,Kb,,,,,,,Qw,Bw,,,,,,,Pw,Rb,Qb,Kw,Rb,Nw,Qw,Kb,Kw	lightRed	0
6af47102843bcac1cb39328212ef4ada	389	Qb,Qw,Bb,Rw,Pb,Qb,Bw,Kb,Kb,,,,,,,Nb,Kw,,,,,,,Pw,Nb,,,,,,,Kw,Rw,,,,,,,Bb,Kw,,,,,,,Nw,Kb,,,,,,,Pb,Bb,Pw,Nb,Bw,Kb,Pb,Nw,Kb	lightRed	0
6af9262de8189a01299bca005d40d3a6	2230	Nb,Rb,Pw,Qw,Bb,Rw,Kw,Rw,Nb,,,,,,,Rb,Bw,,,,,,,Nw,Kb,,,Rb,Rb,,,Bb,Pb,,,Rb,Rb,,,Kw,Rw,,,,,,,Pw,Bb,,,,,,,Nb,Pw,Qb,Kw,Rw,Nb,Qw,Kb,Kb	lightGray	0
6b01d4eedb71362c6f3dcb9981fbbf53	2224	Qw,Bw,Qb,Pw,Rb,Bb,Qw,Bb,Bw,,,,,,,Bw,Kb,,,,,,,Rb,Pb,,,,,,,Pb,Nw,,,,,,,Qb,Qb,,,,,,,Bb,Kw,,,,,,,Rw,Nw,Rw,Pb,Qw,Bb,Rb,Pw,Nb	darkRed	0
6b09947e9f186bb81afee00fbbf75c85	1333	Pw,Qw,Bb,Rb,Pw,Qb,Bw,Qw,Rw,,,,,,,Kw,Nb,,,,,,,Pw,Qw,,,Nb,Nb,,,Nw,Kb,,,Nb,Nb,,,Bb,Rb,,,,,,,Kb,Bw,,,,,,,Pb,Nb,Kb,Rb,Nb,Qw,Kw,Rw,Rb	darkRed	0
6b142965662351701d1e717034476ef4	2947	Rw,Rw,Rw,Rw,Rw,Rw,Rw,Rw,Pw,,,,,,,Bb,Kw,,,,,,,Qw,Bw,,,Pb,Pb,,,Pw,Rb,,,Pb,Pb,,,Rb,Pb,,,,,,,Bw,Kb,,,,,,,Qb,Pw,Nb,Pw,Kw,Bb,Nw,Pb,Pw	lightRed	0
6b2238d34dd7269581ff2099a5b2a9f3	1485	Qw,Pw,Qw,Bb,Rw,Pb,Qb,Pw,Qw,,,,,,,Pb,Pw,,,,,,,Rw,Rb,,,,,,,Bw,Bw,,,,,,,Qb,Qb,,,,,,,Pw,Pb,,,,,,,Rb,Qb,Qw,Bb,Rb,Pw,Qb,Bw,Qb	darkRed	0
6b3d6a40221c6f5fac332bc7bfaaec20	3861	Kb,Rw,Pb,Qw,Bb,Nb,Pw,Bb,Nb,,,,,,,Qw,Qw,,,,,,,Kb,Kb,,,Rw,Rw,,,Pb,Rb,,,Rw,Rw,,,Nw,Nw,,,,,,,Qb,Qb,,,,,,,Kw,Qw,Nw,Bb,Kb,Pb,Nb,Bw,Pb	darkGray	0
6b4b6b8f8d8b37cb53cbd30ebeacf54c	3494	Pw,Rb,Pw,Qb,Bw,Rw,Pb,Qw,Pb,,,,,,,Rb,Kb,,,,,,,Pw,Bw,,,Pb,Pb,,,Qw,Nb,,,Pb,Pb,,,Bb,Pw,,,,,,,Rw,Kw,,,,,,,Pb,Nw,Bw,Nb,Pb,Kb,Bb,Nw,Rb	darkGray	0
6b4d0dd75d2cca5d1027d7e28f42cae4	812	Rw,Nb,Bw,Kb,Pb,Nw,Bb,Rw,Rw,,,,,,,Bw,Rw,,,,,,,Nb,Rw,,,,,,,Pw,Rw,,,,,,,Kw,Rw,,,,,,,Bb,Rw,,,,,,,Nw,Rw,Rb,Nw,Qb,Kw,Rw,Bb,Qb	darkRed	0
6b4fca5a1b282350d185fb527665854d	3349	Rb,Rw,Kw,Qw,Nb,Rb,Kb,Rw,Pb,,,,,,,Bb,Qb,,,,,,,Kw,Bb,,,Bw,Bw,,,Rb,Rw,,,Bw,Bw,,,Nw,Pw,,,,,,,Qw,Qw,,,,,,,Kb,Rw,Qb,Kw,Rb,Nw,Qw,Pw,Pb	darkRed	0
6b519170f2957f03baf8a166f5afe971	3364	Kw,Bw,Nb,Rw,Kw,Bb,Nw,Rb,Qw,,,,,,,Pw,Bb,,,,,,,Kw,Rb,,,Rw,Rw,,,Bw,Pw,,,Rw,Rw,,,Rb,Qb,,,,,,,Pb,Bw,,,,,,,Kb,Pb,Qw,Pw,Rb,Bw,Kb,Pb,Pb	darkRed	0
6b52af152b1f98c6d80969c92e2e25e2	3773	Kw,Kw,Pw,Rb,Bw,Qb,Pb,Rb,Nb,,,,,,,Qb,Qw,,,,,,,Bw,Kb,,,,,,,Nb,Rb,,,,,,,Pw,Nw,,,,,,,Qw,Qb,,,,,,,Bb,Rw,Nw,Qb,Kb,Rb,Nb,Qw,Rw	lightRed	0
6b627fbbe69e1bbf097ee73f2efee461	2304	Nw,Pw,Nb,Bw,Kb,Pb,Nw,Nw,Bb,,,,,,,Qb,Nw,,,,,,,Kw,Pw,,,,,,,Rb,Kw,,,,,,,Nw,Qw,,,,,,,Qw,Nb,,,,,,,Kb,Nw,Rw,Nb,Qb,Kw,Pb,Nw,Pw	lightGray	0
6b740b48461ed21a371bc38666982082	3864	Nb,Pw,Rb,Bw,Qb,Pb,Rw,Nb,Kw,,,,,,,Qw,Bb,,,,,,,Kb,Kb,,,,,,,Rb,Pb,,,,,,,Rw,Nb,,,,,,,Qb,Bw,,,,,,,Kw,Kw,Bb,Kw,Pw,Nb,Bw,Kb,Bw	lightRed	0
6b7c210853c379905753ea617718d156	3515	Rw,Nb,Qw,Kw,Rw,Nw,Bb,Pw,Kw,,,,,,,Pb,Rw,,,,,,,Kb,Nw,,,,,,,Bb,Qb,,,,,,,Nw,Kb,,,,,,,Rw,Rb,,,,,,,Kw,Kw,Pb,Qb,Bw,Rb,Pw,Qw,Qw	darkRed	0
6b81a83a3a65dee37abb58882861e9d8	3390	Bw,Nw,Bb,Kb,Pb,Nb,Bw,Nw,Pb,,,,,,,Qw,Kb,,,,,,,Bb,Bb,,,Pb,Pb,,,Rb,Nw,,,Pb,Pb,,,Pw,Pw,,,,,,,Qb,Kw,,,,,,,Bw,Qb,Nw,Qb,Kb,Rb,Nb,Qw,Kb	lightRed	0
6b8d60e234dbcb1026e263defc29c1cd	510	Qb,Nb,Qw,Kw,Rw,Nw,Qb,Bw,Pw,,,,,,,Rb,Rb,,,,,,,Nw,Bb,,,,,,,Qb,Qw,,,,,,,Kw,Pb,,,,,,,Rw,Rw,,,,,,,Nb,Pw,Rw,Bb,Qb,Pb,Rb,Nw,Pb	lightRed	0
6ba5ff3d7f5c601be776dce78572398b	3499	Nw,Bb,Rw,Pw,Qw,Bw,Rb,Qw,Nw,,,,,,,Qw,Qw,,,,,,,Pw,Kb,,,,,,,Rb,Rb,,,,,,,Bw,Nw,,,,,,,Qb,Qb,,,,,,,Pb,Qb,Qw,Nb,Rw,Kw,Bb,Nw,Pb	lightGray	0
6bae6ce6dee5efef40c4e0267067e43b	3892	Nw,Qw,Nb,Rb,Kb,Qb,Nw,Nw,Qb,,,,,,,Rb,Kw,,,,,,,Bw,Rw,,,,,,,Qb,Nb,,,,,,,Pb,Qw,,,,,,,Rw,Kb,,,,,,,Bb,Bb,Bw,Nb,Pb,Kb,Bb,Nw,Pw	darkRed	0
6bbef01d3de24f3f31ce2a7648c1d694	3131	Rw,Rw,Rw,Rw,Rw,Rw,Rw,Rw,Rw,,,,,,,Rw,Pb,,,,,,,Nb,Qw,,,,,,,Qb,Bb,,,,,,,Kw,Rb,,,,,,,Rb,Pw,,,,,,,Nw,Qb,Pw,Rb,Bb,Qw,Kw,Rw,Pw	darkRed	0
6bc3a5e0e148ff08f7e5558617c04e1d	51	Bb,Kb,Qw,Nw,Rb,Kw,Qb,Pw,Rw,,,,,,,Rw,Kw,,,,,,,Bb,Qb,,,,,,,Qw,Nw,,,,,,,Pw,Rb,,,,,,,Rb,Kb,,,,,,,Bw,Pb,Bb,Nw,Pb,Kb,Bw,Nb,Bw	darkRed	0
6bc52f72a31a1a9f72772978f9b9eb04	1289	Kw,Nw,Bb,Kb,Pb,Nb,Bw,Kw,Nb,,,,,,,Kb,Bw,,,,,,,Qw,Kb,,,,,,,Nb,Pb,,,,,,,Rw,Nw,,,,,,,Kw,Bb,,,,,,,Qb,Nw,Pw,Qw,Bb,Rw,Pb,Qb,Kw	darkRed	0
6bc9183ebe1f0d07d6901c8cc90808ae	3845	Qw,Kb,Qw,Nw,Rb,Kw,Qb,Bb,Bw,,,,,,,Bb,Qb,,,,,,,Kw,Pb,,,Nb,Nb,,,Pw,Rw,,,Nb,Nb,,,Nb,Bb,,,,,,,Bw,Qw,,,,,,,Kb,Qb,Qw,Pw,Rb,Bw,Qb,Pb,Kb	lightRed	0
6c1592967b23a8d2ec7e02705884f959	1590	Qb,Nb,Rw,Kb,Qw,Nw,Rb,Qw,Pb,,,,,,,Bb,Nw,,,,,,,Nw,Bw,,,,,,,Pb,Kb,,,,,,,Kb,Pw,,,,,,,Bw,Nb,,,,,,,Nb,Rw,Qb,Kw,Rw,Nb,Qw,Kb,Rw	lightRed	0
6c1ec1fd0a9193a6e4923f6aa7675139	1949	Qb,Nw,Pb,Kb,Bw,Nb,Pw,Nb,Rw,,,,,,,Nw,Kw,,,,,,,Bb,Qw,,,,,,,Kw,Nb,,,,,,,Pw,Pb,,,,,,,Nb,Kb,,,,,,,Bw,Nw,Nw,Bb,Kb,Pb,Nb,Bw,Pb	darkRed	0
6c1fd7b510bee6c7aa3e497bb500875e	2178	Nw,Kb,Pb,Nb,Bw,Kw,Pw,Bw,Rw,,,,,,,Kb,Kw,,,,,,,Qw,Qw,,,Rb,Rb,,,Nb,Nb,,,Rb,Rb,,,Rw,Rb,,,,,,,Kw,Kb,,,,,,,Qb,Qw,Bb,Nw,Pb,Kb,Qw,Nb,Pb	lightRed	0
6c292255bd5b545a4e754e2881d10958	3710	Rb,Nw,Qb,Kw,Rw,Nb,Qw,Pw,Pb,,,,,,,Rb,Qb,,,,,,,Kb,Bb,,,,,,,Qb,Rw,,,,,,,Nw,Pw,,,,,,,Rw,Kw,,,,,,,Kw,Bw,Bb,Kw,Pw,Rb,Bw,Qb,Bw	lightRed	0
6c2d2259a77a538dae109f1d12e55d1f	788	Qb,Kb,Qw,Nw,Rb,Kw,Qb,Kw,Rw,,,,,,,Rb,Nb,,,,,,,Kb,Qb,,,Qw,Qw,,,Qw,Kw,,,Qw,Qw,,,Nb,Rb,,,,,,,Rw,Nw,,,,,,,Kw,Rw,Nb,Pw,Kw,Bb,Nw,Pb,Kb	lightRed	0
6c30d9d3555a448f18a1170ba3d72bf1	117	Qb,Bw,Nb,Pw,Kw,Bb,Nw,Bb,Pb,,,,,,,Pw,Rw,,,,,,,Rb,Bb,,,Nb,Nb,,,Bb,Qw,,,Nb,Nb,,,Qw,Pw,,,,,,,Kw,Rb,,,,,,,Rw,Kw,Bw,Qb,Pb,Rw,Bb,Qw,Bb	lightGray	0
6c351e8514a018b9ebfec59fe834a193	407	Nw,Bb,Rw,Pw,Qw,Nw,Rb,Bw,Kw,,,,,,,Kw,Rw,,,,,,,Pw,Nb,,,,,,,Nw,Qw,,,,,,,Bb,Kb,,,,,,,Kb,Rb,,,,,,,Rb,Rb,Nw,Rb,Kw,Qb,Nb,Rw,Kw	darkGray	0
6c40431dd7c8b798f664b818edfff018	2055	Kb,Qw,Pw,Rw,Bb,Qb,Pb,Rb,Bw,,,,,,,Qw,Rb,,,,,,,Kb,Pb,,,,,,,Rw,Qb,,,,,,,Nb,Bb,,,,,,,Qb,Rw,,,,,,,Kw,Rw,Rb,Nw,Qb,Kw,Rw,Nb,Qb	lightRed	0
6c420744f58d21982e796cd451300d29	28	Qb,Nb,Qw,Kb,Rb,Nw,Qb,Rw,Bb,,,,,,,Kb,Kw,,,,,,,Pb,Pw,,,Pw,Pw,,,Nw,Nb,,,Pw,Pw,,,Bb,Bw,,,,,,,Kw,Kb,,,,,,,Pw,Nb,Qb,Pb,Rb,Bw,Qw,Pw,Pb	lightGray	0
6c46c381e7d9c2e42b7b6d666fd1f0a3	3460	Nb,Rb,Kb,Qw,Nb,Pw,Kw,Rw,Nw,,,,,,,Kb,Qb,,,,,,,Rb,Kw,,,,,,,Nb,Rw,,,,,,,Qw,Nb,,,,,,,Kw,Qw,,,,,,,Rw,Kw,Nw,Qb,Kw,Rw,Nb,Qw,Rb	lightRed	0
6c59c862553ae1b133d7a82de33ac7d9	2648	Bb,Pw,Qw,Bw,Rb,Pb,Qb,Bw,Qw,,,,,,,Kb,Nb,,,,,,,Rb,Rw,,,,,,,Nw,Kw,,,,,,,Qb,Bb,,,,,,,Kw,Nw,,,,,,,Rw,Pb,Bw,Qb,Pb,Rw,Nb,Qw,Kw	lightGray	0
6c5bc5fa805c82b1a18b57d828cee270	2415	Qb,Rw,Bb,Qw,Pw,Rb,Bw,Qb,Pb,,,,,,,Qb,Nw,,,,,,,Pb,Bb,,,,,,,Rb,Kw,,,,,,,Bw,Rw,,,,,,,Qw,Nb,,,,,,,Pw,Pw,Pw,Nb,Bw,Kb,Pb,Nw,Nw	lightRed	0
6c61488be31034976db0fcd9bb22fae2	1940	Kw,Rb,Pw,Qb,Bw,Rw,Kw,Qb,Nb,,,,,,,Pb,Rw,,,,,,,Nw,Kw,,,Nw,Nw,,,Qw,Qb,,,Nw,Nw,,,Kb,Nw,,,,,,,Rw,Rb,,,,,,,Nb,Nb,Bb,Qw,Pb,Nw,Bw,Kb,Bw	lightGray	0
6c68c4c076123ffb3aa80bcc8fe7b3f2	2368	Qw,Pw,Nb,Bb,Kw,Pb,Rw,Nb,Pb,,,,,,,Nw,Nw,,,,,,,Bb,Bb,,,Nw,Nw,,,Kw,Kw,,,Nw,Nw,,,Pw,Pw,,,,,,,Nb,Nb,,,,,,,Bw,Rb,Rb,Pw,Qw,Bb,Rw,Pb,Bb	darkRed	0
6c6c462a864e9456a5b9465161f2f9e1	634	Rb,Nw,Pb,Kw,Bb,Nb,Pw,Rb,Nb,,,,,,,Rw,Bw,,,,,,,Nb,Kb,,,Pb,Pb,,,Bw,Pb,,,Pb,Pb,,,Kb,Nw,,,,,,,Pb,Qb,,,,,,,Nw,Qb,Kb,Bw,Nw,Pb,Kw,Bb,Kw	lightGray	0
6c742690cbe0d1e4fabc6bb33820e0f3	2291	Qw,Nb,Qw,Pb,Rw,Bw,Qb,Bb,Nw,,,,,,,Nb,Bb,,,,,,,Pw,Kb,,,,,,,Kb,Pb,,,,,,,Bw,Nb,,,,,,,Nw,Bw,,,,,,,Pb,Qb,Pb,Kb,Bb,Nw,Pw,Kw,Bb	darkRed	0
6c7fb5d4cf5d24f04643fafcabcd5941	2037	Bw,Bb,Qw,Pw,Rb,Bw,Qb,Bb,Bw,,,,,,,Qw,Qb,,,,,,,Pw,Kw,,,,,,,Rb,Rw,,,,,,,Bw,Bb,,,,,,,Kb,Qw,,,,,,,Pb,Qw,Nb,Bw,Kb,Pb,Nw,Bb,Rb	darkGray	0
6c81369ca7cb40b4347906f445a9504f	183	Pw,Nb,Rw,Kb,Qw,Nw,Rb,Rw,Kw,,,,,,,Qb,Rw,,,,,,,Bw,Nb,,,Pb,Pb,,,Nb,Qw,,,Pb,Pb,,,Pw,Kb,,,,,,,Kw,Rb,,,,,,,Bb,Pb,Bb,Rw,Pw,Qw,Bw,Rb,Bw	darkGray	0
6c83b74c2bdb9aae4b363ae3d080ef42	3229	Nw,Qw,Bb,Rw,Pb,Qb,Bw,Rw,Qw,,,,,,,Pb,Bb,,,,,,,Rw,Rb,,,Nb,Nb,,,Bb,Pw,,,Nb,Nb,,,Qw,Qb,,,,,,,Pw,Bw,,,,,,,Rb,Qw,Kb,Qw,Nw,Rb,Kw,Qb,Kb	darkGray	0
6c8ee176620257e90657274c27b7e3a2	1399	Qb,Pb,Kb,Bw,Nb,Pw,Qw,Pb,Kb,,,,,,,Bw,Qw,,,,,,,Rb,Nb,,,Rb,Rb,,,Pb,Rw,,,Rb,Rb,,,Qb,Kw,,,,,,,Bb,Qb,,,,,,,Rw,Pw,Qw,Nb,Rb,Kb,Qb,Bw,Nw	lightGray	0
6c9d025dce5de0ab357d35851b56a92f	2450	Pw,Pb,Qb,Bw,Rb,Pw,Qw,Bb,Qb,,,,,,,Qw,Kw,,,,,,,Bb,Rb,,,Pw,Pw,,,Rw,Nw,,,Pw,Pw,,,Pb,Qw,,,,,,,Qb,Kb,,,,,,,Nw,Rb,Bb,Nw,Pb,Kb,Bw,Rb,Pw	lightGray	0
6cac76d71d49322ca1201138c306fe9e	3737	Nw,Bw,Kb,Pb,Nw,Bb,Kw,Bb,Nb,,,,,,,Rb,Bw,,,,,,,Kb,Kw,,,Qb,Qb,,,Qb,Pw,,,Qb,Qb,,,Nw,Nw,,,,,,,Rw,Bb,,,,,,,Pb,Rb,Bw,Nb,Pw,Kw,Bb,Nw,Rw	darkRed	0
6cae5ba847b4a4688b4a9de788feabfc	2693	Nb,Pb,Rw,Bb,Qw,Pw,Rb,Bb,Nw,,,,,,,Nw,Bb,,,,,,,Bb,Kb,,,Nw,Nw,,,Kw,Rb,,,Nw,Nw,,,Pw,Nb,,,,,,,Nb,Bw,,,,,,,Qw,Nw,Nb,Bw,Kw,Pw,Nw,Bb,Rw	lightGray	0
6cbf7397e6a8e2e9f3e74a12842e0d03	2600	Nb,Nb,Pw,Kb,Bw,Nw,Pb,Nw,Bw,,,,,,,Pb,Nb,,,,,,,Rw,Pb,,,,,,,Nb,Kb,,,,,,,Qw,Bb,,,,,,,Kb,Nw,,,,,,,Rb,Kb,Qb,Pb,Rw,Bb,Qw,Pw,Qb	lightGray	0
6cccec2ec27a03a1ebdf7e66d742e650	1197	Qb,Pw,Rb,Bw,Qb,Pb,Rw,Qb,Pw,,,,,,,Bb,Kw,,,,,,,Kw,Bb,,,Pb,Pb,,,Pw,Nw,,,Pb,Pb,,,Nb,Pb,,,,,,,Bw,Kb,,,,,,,Kb,Pw,Bb,Kw,Pb,Rw,Bw,Qb,Nb	darkGray	0
6cd1e60ad5e1d47d132d79c0b480df76	3902	Qw,Kb,Pb,Nw,Bb,Kw,Pw,Pb,Nw,,,,,,,Pb,Qb,,,,,,,Qb,Pw,,,Pw,Pw,,,Bb,Rb,,,Pw,Pw,,,Rw,Nb,,,,,,,Pw,Qw,,,,,,,Qw,Nw,Rw,Kw,Qb,Nw,Rb,Kb,Pb	lightGray	0
6cd615334a662a2de5d2c84fc9361a31	1840	Qw,Rw,Kw,Qw,Nb,Pb,Kb,Rb,Nw,,,,,,,Bb,Qb,,,,,,,Nw,Kw,,,,,,,Pw,Rw,,,,,,,Kw,Nb,,,,,,,Bw,Qw,,,,,,,Nb,Kw,Rb,Pw,Qw,Bb,Rw,Kw,Qb	lightRed	0
6ce36a98d5d52e840777fec0566bcd85	22	Rw,Nb,Rw,Kb,Qw,Nw,Rb,Qb,Rb,,,,,,,Qb,Pw,,,,,,,Bw,Qw,,,Nb,Nb,,,Rw,Bb,,,Nb,Nb,,,Pb,Rw,,,,,,,Qw,Pb,,,,,,,Bb,Rw,Bw,Qb,Kw,Rw,Nb,Qw,Qb	darkGray	0
6cefdd40c45266d17b93944870f7350c	4049	Qw,Bw,Qb,Pb,Rw,Bb,Kw,Pw,Bb,,,,,,,Nw,Qw,,,,,,,Pb,Pw,,,,,,,Kb,Rb,,,,,,,Bw,Bw,,,,,,,Nb,Qb,,,,,,,Pw,Rb,Pw,Kw,Bw,Nb,Pb,Kb,Kw	darkRed	0
6d02b0399c7714ead993a1cf40649d8b	3597	Qb,Kb,Bw,Nw,Pb,Kw,Bb,Bb,Qw,,,,,,,Kw,Bb,,,,,,,Pw,Rb,,,,,,,Rb,Pw,,,,,,,Bw,Qb,,,,,,,Kb,Bw,,,,,,,Pb,Rw,Rw,Rw,Rw,Rw,Rw,Rw,Rw	lightGray	0
6d0cf69fa1541446c2030fd228071501	1865	Pw,Pb,Qb,Bb,Rw,Pw,Qw,Bb,Nw,,,,,,,Bw,Rb,,,,,,,Kb,Kw,,,Nb,Nb,,,Pb,Qb,,,Nb,Nb,,,Nw,Nb,,,,,,,Bb,Rw,,,,,,,Kw,Pw,Kw,Bb,Nw,Pb,Kb,Bw,Bw	lightRed	0
6d2366272ce8f71624c6fd7e4a821316	2021	Kw,Bw,Nb,Pw,Kw,Bb,Nw,Bw,Kb,,,,,,,Bb,Qw,,,,,,,Qw,Nb,,,,,,,Pw,Rw,,,,,,,Rb,Kw,,,,,,,Bw,Qb,,,,,,,Qb,Kw,Nw,Pb,Kb,Bw,Nb,Pw,Rw	lightRed	0
6d2d13f3d302ef33bb033fa104dd607b	2121	Pw,Kw,Qb,Nw,Rb,Kb,Qw,Qb,Nb,,,,,,,Rw,Bw,,,,,,,Bb,Kw,,,Rb,Rb,,,Qb,Pw,,,Rb,Rb,,,Pb,Nw,,,,,,,Rb,Bb,,,,,,,Bw,Rb,Pw,Nb,Bw,Kb,Pb,Nw,Qb	lightGray	1
6d3b5c2482f19f8d24f45ba05f88e735	3181	Nb,Kw,Rw,Nw,Qb,Kb,Rb,Rb,Nw,,,,,,,Pb,Bb,,,,,,,Rw,Kw,,,,,,,Bb,Pw,,,,,,,Kw,Nb,,,,,,,Pw,Bw,,,,,,,Rb,Rb,Kb,Qw,Nw,Rb,Kw,Qb,Bw	lightRed	0
6d3efd31339f67e13eeff925068ff485	85	Bw,Rw,Kw,Qb,Nw,Rb,Kb,Kw,Bw,,,,,,,Kb,Nb,,,,,,,Pb,Pb,,,,,,,Nb,Kb,,,,,,,Bw,Bb,,,,,,,Kw,Nw,,,,,,,Pw,Rw,Nw,Bb,Qw,Pw,Nb,Bw,Nb	lightRed	0
6d44fbcf0076843c8a73e33d034a9a76	2417	Bb,Bw,Nb,Pw,Kw,Bb,Nw,Kw,Kw,,,,,,,Nw,Pw,,,,,,,Bb,Nw,,,,,,,Kb,Bb,,,,,,,Pb,Kb,,,,,,,Nb,Pb,,,,,,,Bw,Rb,Nb,Rw,Kb,Qw,Nw,Rb,Rb	lightRed	1
6d4650da8b818cbb3780c0db41518007	1700	Bb,Bb,Kw,Pb,Nw,Bw,Kb,Qb,Qb,,,,,,,Rw,Pb,,,,,,,Bb,Rw,,,,,,,Qw,Bb,,,,,,,Pw,Qw,,,,,,,Nb,Pw,,,,,,,Bw,Bw,Kw,Qb,Bw,Rb,Kb,Qw,Kb	darkGray	0
6d5408066aa9962c87f5918cd83b6780	22	Rw,Nb,Rw,Kb,Qw,Nw,Rb,Qb,Rb,,,,,,,Qb,Pw,,,,,,,Bw,Qw,,,Nb,Nb,,,Rw,Bb,,,Nb,Nb,,,Pb,Rw,,,,,,,Qw,Pb,,,,,,,Kb,Rw,Bw,Qb,Kw,Rw,Nb,Qw,Qb	darkGray	0
6d5ce097224d71867f1c7e27e359bf9f	2882	Nw,Qw,Bw,Rw,Pb,Qw,Bb,Bb,Nb,,,,,,,Bb,Rw,,,,,,,Nw,Kb,,,Pb,Pb,,,Pw,Qw,,,Pb,Pb,,,Kw,Nw,,,,,,,Bw,Rb,,,,,,,Nb,Bw,Bb,Qw,Pw,Rb,Bw,Kb,Bw	lightRed	0
6d61ef9efdcfc86d8dd2ff832edae500	1994	Kb,Pb,Rw,Nb,Qw,Kb,Rb,Nw,Qw,,,,,,,Kw,Pw,,,,,,,Pw,Nw,,,,,,,Nb,Bb,,,,,,,Bw,Kb,,,,,,,Kb,Pb,,,,,,,Pb,Bw,Rb,Pw,Qw,Bb,Rw,Pb,Pb	lightRed	1
6d78d4ca368d7fd1047bab9017842b3e	1620	Rw,Rb,Pw,Qb,Bw,Rw,Pb,Kb,Pb,,,,,,,Qw,Qb,,,,,,,Pw,Bw,,,Nw,Nw,,,Nw,Nb,,,Nw,Nw,,,Bb,Pw,,,,,,,Kb,Qw,,,,,,,Pb,Bw,Qb,Bw,Rb,Pw,Qw,Bb,Bw	darkRed	0
6d7b32bb9e652462515c9ac99dcfefbf	725	Qb,Rw,Nb,Qw,Kb,Rb,Nw,Kw,Pb,,,,,,,Kb,Qb,,,,,,,Pb,Bw,,,,,,,Nb,Rb,,,,,,,Bw,Pw,,,,,,,Kw,Qw,,,,,,,Pw,Pb,Rw,Kw,Qb,Nw,Pb,Kb,Pb	lightRed	0
6d7dd45f02e347f83f83fe64a1797ae1	2286	Qb,Pw,Kw,Bw,Nb,Pb,Kb,Pb,Pb,,,,,,,Qb,Kb,,,,,,,Bw,Bb,,,,,,,Rb,Nw,,,,,,,Pw,Rw,,,,,,,Qw,Kw,,,,,,,Bb,Rb,Kw,Bb,Nw,Pb,Kb,Bw,Rb	lightGray	0
6d8783697799cd129e10681d96275a04	879	Kb,Nw,Qb,Kw,Rw,Bb,Qw,Nb,Pw,,,,,,,Qw,Rb,,,,,,,Kb,Bb,,,,,,,Rb,Qw,,,,,,,Nw,Pb,,,,,,,Qb,Rw,,,,,,,Kw,Qb,Nb,Bw,Kb,Pb,Nw,Bb,Kb	lightRed	0
6d90a13069a5359d46292fc51ea81f10	1518	Bb,Nw,Bb,Kb,Pb,Nb,Bw,Rb,Kw,,,,,,,Nw,Bb,,,,,,,Bb,Nw,,,Rw,Rw,,,Kw,Pb,,,Rw,Rw,,,Pw,Kb,,,,,,,Nb,Bw,,,,,,,Bw,Qb,Bw,Kb,Pb,Nw,Bb,Kw,Bw	lightRed	0
6d940b0859152b7775582ee1c52f15cb	1311	Pw,Bb,Rw,Pw,Qw,Bw,Rb,Kb,Pw,,,,,,,Rb,Kw,,,,,,,Nw,Bw,,,,,,,Qb,Nb,,,,,,,Kw,Pb,,,,,,,Rw,Kb,,,,,,,Nb,Kb,Bb,Kw,Pw,Nb,Bw,Kb,Bb	lightGray	1
6daa2a506029e060507cd4a9882e3f7e	2012	Qb,Kw,Bb,Nw,Pb,Qb,Bw,Kw,Nw,,,,,,,Bw,Qb,,,,,,,Rb,Kb,,,,,,,Pw,Rb,,,,,,,Qw,Nb,,,,,,,Bb,Bw,,,,,,,Rw,Rw,Rb,Pw,Qw,Bb,Rw,Pb,Nw	lightRed	0
6dc0158919913214dca58d3114c4d3a2	1038	Bw,Pb,Rw,Bb,Qw,Pw,Rb,Kw,Kb,,,,,,,Rw,Bw,,,,,,,Pb,Nb,,,,,,,Kb,Pw,,,,,,,Bw,Qw,,,,,,,Nb,Bb,,,,,,,Pw,Rw,Rw,Rw,Rw,Rw,Rw,Rw,Rw	darkRed	0
6dc199c728142ea36390709dc5db60ac	436	Rb,Rw,Pb,Qb,Bw,Rb,Pw,Bw,Kw,,,,,,,Kb,Rw,,,,,,,Bw,Nw,,,Rb,Rb,,,Nb,Qb,,,Rb,Rb,,,Pw,Kb,,,,,,,Kw,Rb,,,,,,,Bb,Rb,Nw,Qb,Kw,Pw,Nb,Qw,Kb	lightRed	0
6de5716f30419f9adc2312811f6bbadd	3037	Rw,Pb,Kb,Bw,Nb,Pw,Qw,Pw,Qw,,,,,,,Rb,Pw,,,,,,,Kb,Rw,,,,,,,Qb,Bb,,,,,,,Nw,Qb,,,,,,,Rw,Pb,,,,,,,Kw,Qb,Pw,Kw,Bw,Nb,Pb,Kb,Pb	lightRed	0
6debdf8b5bc30a6ca26ed896dcda64bb	4085	Nb,Pw,Qw,Bw,Rb,Pb,Qb,Rw,Nb,,,,,,,Pw,Bw,,,,,,,Qw,Kw,,,,,,,Bw,Pw,,,,,,,Rb,Rw,,,,,,,Pb,Bb,,,,,,,Qb,Bb,Qb,Nw,Rb,Kb,Qw,Nb,Kb	darkRed	0
6df54044c1854205a93514494d59ad30	2112	Nw,Nb,Qw,Kw,Rw,Nw,Qb,Qb,Rb,,,,,,,Bw,Pw,,,,,,,Qb,Qb,,,Bw,Bw,,,Pb,Bw,,,Bw,Bw,,,Rw,Rw,,,,,,,Bb,Pb,,,,,,,Kw,Nb,Kb,Pb,Nw,Bb,Kw,Pw,Bw	darkRed	0
6df80a9f780d04d82506402afa1f9ed3	2425	Nb,Qb,Pb,Rb,Bw,Qw,Kb,Rb,Kb,,,,,,,Bb,Bw,,,,,,,Qw,Nb,,,,,,,Pb,Rw,,,,,,,Rw,Kw,,,,,,,Bw,Qb,,,,,,,Qb,Pw,Qb,Kw,Rw,Nb,Qw,Kb,Pw	lightGray	0
6dffc114ec6d3609ea69587e50007fe1	783	Rb,Pw,Qw,Bw,Rb,Pb,Qb,Rb,Bw,,,,,,,Qb,Nb,,,,,,,Nw,Rw,,,Nw,Nw,,,Pw,Kw,,,Nw,Nw,,,Kw,Bb,,,,,,,Bw,Nw,,,,,,,Nb,Pw,Pb,Rw,Bw,Qb,Pw,Rb,Qw	darkRed	0
6dfff34929e5a5970ae3394303488195	1489	Nb,Nw,Rb,Kw,Bb,Nb,Rw,Nb,Qw,,,,,,,Nw,Bb,,,,,,,Qb,Rw,,,,,,,Kw,Pb,,,,,,,Rw,Qb,,,,,,,Nb,Bw,,,,,,,Qw,Bb,Pb,Qb,Bw,Nb,Pw,Kw,Kw	darkRed	0
6e1c00c47d18b6d97a268c3626908b1f	695	Qb,Nb,Pw,Qb,Bw,Rw,Pb,Bb,Rw,,,,,,,Kb,Bb,,,,,,,Rb,Qw,,,,,,,Nw,Pw,,,,,,,Qb,Rb,,,,,,,Pb,Bw,,,,,,,Rw,Pb,Pb,Nw,Bb,Kw,Pw,Nb,Nw	lightRed	0
6e22d274b7849b38bbc68c987d821706	1389	Qb,Pw,Rb,Bw,Qb,Pb,Rw,Kw,Bb,,,,,,,Nb,Qw,,,,,,,Pw,Pb,,,,,,,Qb,Rw,,,,,,,Bw,Bw,,,,,,,Rw,Qb,,,,,,,Pb,Pw,Nb,Bw,Kw,Pw,Nw,Bb,Bw	lightRed	0
6e22f1b9756e111d44be41e355836861	2091	Kw,Qw,Bb,Rb,Pw,Qb,Bw,Bb,Nw,,,,,,,Rw,Pb,,,,,,,Pb,Kb,,,,,,,Qw,Bw,,,,,,,Bb,Nb,,,,,,,Rb,Pw,,,,,,,Pw,Nw,Qw,Kb,Rw,Nb,Qb,Kw,Nw	lightGray	0
6e27de7b9fec6802e96ea6d03455f6dc	2156	Bw,Qw,Bb,Rw,Pb,Qb,Bw,Kw,Rw,,,,,,,Bw,Pb,,,,,,,Qb,Qw,,,Pb,Pb,,,Pw,Bb,,,Pb,Pb,,,Rb,Rb,,,,,,,Bb,Pw,,,,,,,Qw,Bb,Kw,Bb,Nb,Pw,Kb,Bw,Kb	darkGray	0
6e29d5b72eccbda07080a41a34eabbce	35	Kb,Kb,Qw,Nw,Pb,Kw,Bb,Pw,Bw,,,,,,,Nw,Nb,,,,,,,Pb,Pw,,,,,,,Kb,Kw,,,,,,,Bw,Bb,,,,,,,Nb,Nw,,,,,,,Pw,Bw,Bw,Rb,Pb,Qb,Bb,Nw,Qb	darkGray	0
6e2f54056e20eab33ab93d3e76d5a4bf	4085	Nb,Pw,Qw,Bw,Rb,Pb,Qb,Rw,Nb,,,,,,,Pw,Bw,,,,,,,Qw,Kw,,,,,,,Bw,Pw,,,,,,,Rb,Rw,,,,,,,Pb,Bb,,,,,,,Qb,Bb,Qb,Nw,Rb,Kb,Qw,Nb,Qb	darkRed	0
6e397e0a70b8c8a7d5ae3ea7121c9f20	1543	Bb,Bw,Kb,Rw,Nb,Qb,Kw,Kb,Qw,,,,,,,Rb,Nb,,,,,,,Bw,Rb,,,,,,,Qw,Kb,,,,,,,Pw,Qb,,,,,,,Rw,Nw,,,,,,,Bb,Rb,Rb,Bw,Kw,Pw,Nw,Bb,Pb	darkRed	1
6e3f7328501f68ee3c177007f9233be4	2558	Rw,Pb,Qb,Nb,Rw,Kb,Qw,Kw,Pb,,,,,,,Nw,Qb,,,,,,,Pb,Bw,,,,,,,Qw,Rb,,,,,,,Bb,Pw,,,,,,,Nb,Qw,,,,,,,Pw,Qw,Kw,Pw,Nw,Bb,Kb,Pb,Pb	darkRed	0
6e4cf02434a36e523b33b09d5739b82d	3728	Pb,Nb,Pw,Kb,Bw,Nw,Pb,Qw,Qb,,,,,,,Kb,Pb,,,,,,,Qw,Rb,,,,,,,Nw,Bw,,,,,,,Rb,Qw,,,,,,,Kw,Pw,,,,,,,Qb,Qb,Nw,Rb,Kw,Qb,Nb,Rw,Rw	darkGray	0
6e581acad7d2662bfb8abcdf511135a4	3756	Rw,Qw,Kb,Rb,Nw,Bb,Kw,Rb,Rw,,,,,,,Rb,Rw,,,,,,,Kb,Rw,,,,,,,Qw,Rw,,,,,,,Nb,Rw,,,,,,,Rw,Rw,,,,,,,Kw,Rw,Nb,Bw,Kb,Pb,Nw,Bb,Nb	lightRed	0
6e63bac1b0a3d2a3b0c8ec8f18519d7a	1071	Nw,Nb,Qw,Kb,Rb,Nw,Qb,Rb,Rw,,,,,,,Bw,Pb,,,,,,,Kb,Qw,,,Rb,Rb,,,Pb,Bb,,,Rb,Rb,,,Nw,Rb,,,,,,,Bb,Pw,,,,,,,Kw,Qb,Nw,Pb,Kb,Bw,Nb,Pw,Kb	darkRed	0
6e63deca185d7dbc96205f4fb45b7ef8	947	Pb,Pw,Kw,Bw,Nb,Pb,Kb,Nb,Nw,,,,,,,Kw,Pb,,,,,,,Pw,Kb,,,Nb,Nb,,,Nw,Bw,,,Nb,Nb,,,Bb,Nb,,,,,,,Kb,Pw,,,,,,,Pb,Bb,Rb,Kb,Qb,Nw,Rw,Kw,Nb	lightGray	0
6e669e343fd90c409ffb8de1e8446c4c	380	Kw,Bw,Rb,Pb,Qb,Bb,Rw,Nb,Nb,,,,,,,Pb,Qw,,,,,,,Kb,Kw,,,,,,,Bw,Rw,,,,,,,Nb,Nw,,,,,,,Pw,Qb,,,,,,,Kw,Bw,Qw,Kb,Rb,Nw,Qb,Kw,Pb	lightGray	0
6e6a8d7a58353406613763a617b04ad2	3344	Bb,Pb,Rw,Bw,Qb,Pw,Rb,Bb,Nw,,,,,,,Nb,Rb,,,,,,,Rw,Kw,,,Pb,Pb,,,Kb,Bb,,,Pb,Pb,,,Qw,Nb,,,,,,,Nw,Rw,,,,,,,Rb,Pb,Nb,Bw,Kb,Pb,Nw,Bb,Nb	darkGray	0
6e6d8bf0dccb4a628ad9065f9a358054	17	Nb,Nw,Qb,Kb,Rb,Nb,Qw,Pw,Bb,,,,,,,Pw,Rw,,,,,,,Kw,Pw,,,Bb,Bb,,,Bb,Qw,,,Bb,Bb,,,Nw,Nw,,,,,,,Pb,Rb,,,,,,,Kb,Pb,Rw,Pb,Qw,Bb,Rb,Pw,Qb	lightGray	0
6e74daeae3fed0b47a39528307fce00a	2564	Rb,Pw,Rb,Bb,Qw,Pb,Rw,Nw,Pb,,,,,,,Nb,Nw,,,,,,,Qw,Bw,,,Rb,Rb,,,Kb,Kb,,,Rb,Rb,,,Rb,Pw,,,,,,,Nw,Nb,,,,,,,Qb,Pw,Qw,Pw,Rb,Bw,Kb,Pb,Qb	lightGray	0
6e7d0e26bb53a9871a6f617257efa10d	1852	Rw,Rb,Pw,Qw,Bb,Rw,Pb,Bb,Nw,,,,,,,Qw,Rb,,,,,,,Bb,Kb,,,,,,,Rb,Qw,,,,,,,Pw,Nb,,,,,,,Qb,Pw,,,,,,,Bw,Kb,Pb,Rw,Bb,Qw,Pw,Rb,Rw	darkRed	0
6e89524dfa1043fa894dca6e96d6d909	2674	Qw,Bb,Kw,Pw,Nb,Bw,Kb,Nw,Pw,,,,,,,Qw,Rb,,,,,,,Bb,Bw,,,Bw,Bw,,,Rw,Qb,,,Bw,Bw,,,Pb,Pb,,,,,,,Qb,Rw,,,,,,,Bw,Nw,Rw,Pb,Qb,Bw,Rb,Pw,Qb	darkRed	0
6e8df0a62235b49de1568097da005580	2078	Nw,Pb,Kb,Bb,Nw,Pw,Kw,Rw,Pb,,,,,,,Rw,Kb,,,,,,,Rw,Bb,,,Qb,Qb,,,Rw,Nw,,,Qb,Qb,,,Rw,Pw,,,,,,,Rw,Kw,,,,,,,Rw,Bb,Qw,Kb,Rw,Nb,Qb,Kw,Rw	darkRed	0
6e9b34fb210b6e628b7c787e8608acff	4015	Nb,Pw,Qw,Bb,Rw,Pb,Qb,Nw,Rb,,,,,,,Bb,Kb,,,,,,,Nw,Qb,,,Pb,Pb,,,Pw,Nw,,,Pb,Pb,,,Kw,Rw,,,,,,,Bw,Kw,,,,,,,Nb,Pw,Nb,Rw,Kb,Qw,Nw,Rb,Nb	lightGray	0
6ead473de4f327ad98c16a7404610cd1	3122	Kb,Bb,Kw,Pw,Rb,Bw,Qb,Qw,Kb,,,,,,,Kb,Rb,,,,,,,Qw,Nw,,,,,,,Bb,Qb,,,,,,,Rw,Kw,,,,,,,Pb,Rw,,,,,,,Qb,Pb,Bw,Qb,Pw,Nb,Bb,Qw,Nb	darkRed	0
6eb49f0c151478ab01584a11e991e06b	3798	Rw,Bb,Qw,Pb,Nw,Bw,Kb,Pw,Rw,,,,,,,Qw,Rw,,,,,,,Nb,Rw,,,,,,,Rb,Rw,,,,,,,Kb,Rw,,,,,,,Qb,Rw,,,,,,,Nw,Rw,Pb,Kb,Bw,Nb,Pw,Kw,Bw	lightGray	0
6ebbaa8a1cbb61ba0878e49954f811e1	3019	Pb,Kw,Rw,Nw,Qb,Kb,Rb,Rw,Nb,,,,,,,Pb,Rw,,,,,,,Nw,Kb,,,Pb,Pb,,,Bb,Qw,,,Pb,Pb,,,Qw,Bw,,,,,,,Pw,Rb,,,,,,,Nb,Bw,Kb,Pb,Nb,Bw,Kw,Pw,Kw	darkGray	0
6ec98e35828f630765bacb47314fbe3f	1329	Rw,Qb,Kw,Rw,Nb,Qw,Kb,Qb,Qw,,,,,,,Kb,Nb,,,,,,,Pb,Rb,,,Rb,Rb,,,Nw,Kb,,,Rb,Rb,,,Bb,Qb,,,,,,,Kw,Nw,,,,,,,Pw,Bb,Bw,Kb,Rw,Nb,Qb,Kw,Kb	lightRed	0
6ee8a5eadbdcb1059d39282651502d0f	2616	Bb,Bw,Kb,Pb,Nw,Bb,Kw,Pw,Bb,,,,,,,Qw,Rw,,,,,,,Nb,Pw,,,,,,,Pb,Qw,,,,,,,Kb,Bw,,,,,,,Bb,Rb,,,,,,,Nw,Nb,Kw,Qb,Nb,Rw,Kb,Qw,Qb	lightGray	0
6eee61aead4dc8f506dc38a5c66b19cc	136	Rw,Pw,Rb,Bb,Qw,Pb,Rw,Kb,Kw,,,,,,,Pw,Rw,,,,,,,Qw,Nw,,,,,,,Bb,Qb,,,,,,,Rw,Kb,,,,,,,Kw,Rb,,,,,,,Qb,Qb,Bw,Rb,Pw,Qw,Bb,Rw,Rw	darkGray	0
6f0276cfcca3358fa0f841e35f0ba5f9	1716	Bw,Nb,Bw,Kw,Pw,Nw,Bb,Pw,Rw,,,,,,,Qb,Kw,,,,,,,Bw,Qb,,,Pb,Pb,,,Rw,Nw,,,Pb,Pb,,,Pb,Rb,,,,,,,Qw,Kb,,,,,,,Bb,Nb,Qw,Nb,Rb,Kb,Qb,Nw,Nb	darkGray	0
6f0ac0bb89ab1d1b14d04edcf6920a15	2811	Bb,Nb,Bw,Kb,Pb,Nw,Bb,Nw,Nw,,,,,,,Kw,Rb,,,,,,,Bb,Kb,,,Pw,Pw,,,Nw,Qw,,,Pw,Pw,,,Pb,Nb,,,,,,,Kb,Rw,,,,,,,Qw,Qw,Kb,Qw,Nb,Rw,Kw,Qb,Rw	lightGray	0
6f1f58b8554005b38dbdf92c7b4dd71e	381	Rw,Rw,Rw,Rw,Rw,Rw,Rw,Rw,Bb,,,,,,,Pw,Qw,,,,,,,Kw,Pw,,,,,,,Bb,Rb,,,,,,,Nw,Bw,,,,,,,Rb,Qb,,,,,,,Kb,Rb,Bw,Nb,Pb,Kb,Bb,Nw,Pw	darkRed	0
6f3d1e9bebb24a7b8a9e58bfb0b7a4c4	3675	Nw,Kw,Bb,Nw,Rb,Kb,Bw,Pw,Nw,,,,,,,Kw,Bb,,,,,,,Pw,Kw,,,Kb,Kb,,,Rb,Pw,,,Kb,Kb,,,Bw,Nb,,,,,,,Qb,Bw,,,,,,,Pb,Pb,Qw,Nb,Rb,Kb,Qb,Bw,Qw	lightRed	0
6f42b6fd43daad5e9d8f50eb503abb45	1890	Nw,Bw,Qb,Pw,Rb,Bb,Qw,Pw,Pb,,,,,,,Qw,Rw,,,,,,,Pw,Bw,,,Nb,Nb,,,Rb,Qb,,,Nb,Nb,,,Bw,Pw,,,,,,,Qb,Rb,,,,,,,Kw,Bb,Kw,Rw,Nb,Qw,Kb,Rb,Kb	lightRed	0
6f43e804d19eb33dd30bb4863e84345a	1293	Nb,Kw,Rw,Nw,Qb,Kb,Rb,Pw,Qb,,,,,,,Nw,Bw,,,,,,,Rb,Rw,,,,,,,Kb,Pb,,,,,,,Qw,Qw,,,,,,,Nb,Bb,,,,,,,Rw,Qb,Rw,Kw,Qw,Nb,Rb,Kb,Qw	darkGray	0
6f475fd555b837abb42d58697a678660	4081	Rw,Kw,Pw,Nb,Bw,Kb,Pb,Nw,Qb,,,,,,,Kb,Nw,,,,,,,Rb,Rb,,,Pb,Pb,,,Nw,Kb,,,Pb,Pb,,,Qb,Qw,,,,,,,Pb,Nb,,,,,,,Rw,Qb,Qw,Bb,Rw,Pb,Qb,Bw,Nb	lightRed	0
6f49416d455c00d7c45a4b6d70998d1f	285	Qb,Qw,Kb,Rw,Nb,Qb,Kw,Kb,Rb,,,,,,,Rw,Bw,,,,,,,Pb,Qw,,,Pb,Pb,,,Qb,Pw,,,Pb,Pb,,,Bw,Rw,,,,,,,Rb,Bb,,,,,,,Pw,Qb,Pb,Qb,Bb,Rw,Pw,Qw,Kb	lightRed	0
6f5415ac584c7a9ddbe30aaf6efe5ea6	3236	Qw,Pb,Qb,Bw,Nb,Pw,Qw,Bb,Nb,,,,,,,Pb,Rw,,,,,,,Qb,Kb,,,Qb,Qb,,,Bw,Qw,,,Qb,Qb,,,Rb,Nw,,,,,,,Pw,Rb,,,,,,,Qw,Pw,Nw,Qb,Kb,Rb,Nb,Qw,Bw	lightGray	0
6f5aa6f8becf5704e8ed3cfa8426430b	2303	Nw,Nw,Rb,Kb,Qw,Nb,Rw,Pw,Rb,,,,,,,Nw,Pw,,,,,,,Rb,Qw,,,Pw,Pw,,,Kw,Bb,,,Pw,Pw,,,Qb,Rw,,,,,,,Nb,Pb,,,,,,,Rw,Pw,Kw,Qb,Nw,Rb,Kb,Qw,Qb	darkRed	0
6f646a5138269f6bc39c6f1bcbbf7152	781	Bb,Rw,Bb,Qb,Pb,Rb,Bw,Rb,Pb,,,,,,,Pb,Qb,,,,,,,Kb,Bb,,,Rb,Rb,,,Bw,Rw,,,Rb,Rb,,,Nb,Kb,,,,,,,Pw,Qw,,,,,,,Kw,Kb,Bw,Nb,Pb,Kb,Bb,Nw,Nw	darkGray	0
6f67f1f4dde7ebe117ac3a2015c00d20	948	Bb,Kw,Rw,Nb,Bw,Kb,Rb,Qb,Qb,,,,,,,Rb,Kw,,,,,,,Pw,Rw,,,,,,,Qw,Nb,,,,,,,Bb,Bw,,,,,,,Rw,Kb,,,,,,,Pb,Kw,Pb,Qb,Bw,Nb,Pw,Qw,Pw	lightGray	0
6f72161391ab234a0ddbfac1eec013e8	1134	Pb,Rw,Pb,Qb,Bw,Rb,Kb,Pw,Bb,,,,,,,Rb,Rw,,,,,,,Kb,Pb,,,,,,,Qb,Qb,,,,,,,Nw,Bw,,,,,,,Rw,Rb,,,,,,,Kw,Kw,Qw,Kb,Rw,Nb,Qb,Kw,Rw	lightGray	0
6f7ec4ec693278d618eaedc226e455d9	2837	Bw,Pw,Nb,Bw,Kb,Pb,Nw,Pw,Pb,,,,,,,Bw,Rw,,,,,,,Nb,Bb,,,Nw,Nw,,,Pb,Qw,,,Nw,Nw,,,Kb,Pw,,,,,,,Bb,Rb,,,,,,,Nw,Kw,Kw,Pw,Nb,Bw,Kb,Pb,Pb	darkGray	0
6f99497b57e200e041fc381b401c7d3b	1006	Nw,Rw,Pb,Qb,Bw,Rb,Pw,Qb,Bw,,,,,,,Nw,Qb,,,,,,,Bb,Pb,,,Rb,Rb,,,Kb,Rw,,,Rb,Rb,,,Pb,Bb,,,,,,,Nb,Qw,,,,,,,Bw,Nw,Qb,Nw,Rw,Kw,Qw,Bb,Bb	lightRed	0
6fa5a13d08af8c91cd7541c449e23ac7	3434	Kw,Nb,Bw,Qb,Pb,Nw,Bb,Pb,Bw,,,,,,,Pw,Kb,,,,,,,Rb,Rw,,,Pb,Pb,,,Nw,Nb,,,Pb,Pb,,,Qb,Qb,,,,,,,Pb,Kw,,,,,,,Rw,Bb,Rw,Bb,Qw,Pw,Rb,Bw,Pb	darkRed	0
6fa5b489fcd85320d07b17eea30eb5c2	1125	Rw,Rw,Rw,Rw,Rw,Rw,Rw,Rw,Pb,,,,,,,Pb,Rw,,,,,,,Nw,Bw,,,,,,,Bb,Qb,,,,,,,Kw,Pw,,,,,,,Pw,Rb,,,,,,,Nb,Pb,Kb,Qw,Nw,Rb,Kw,Qb,Bw	darkGray	0
6fa8288a3375dc5d50c70901248460bf	4073	Pb,Kb,Rb,Nw,Qb,Pb,Rw,Kw,Nw,,,,,,,Qb,Qb,,,,,,,Bw,Pw,,,Nb,Nb,,,Rw,Rb,,,Nb,Nb,,,Kw,Bb,,,,,,,Qw,Qw,,,,,,,Bb,Kb,Qb,Kw,Rw,Nb,Qw,Kb,Kb	darkGray	0
6fc43e36d01f4089576593671cf321fc	916	Kw,Rb,Nw,Qb,Kw,Rw,Nb,Bw,Rb,,,,,,,Pb,Nw,,,,,,,Kb,Qb,,,Qb,Qb,,,Bw,Kw,,,Qb,Qb,,,Nb,Rw,,,,,,,Pw,Nb,,,,,,,Kw,Kb,Rb,Kb,Qw,Nb,Rw,Pb,Qb	lightGray	0
6fcb8c0a66bbf4b6f444bf6eba58935d	2434	Qw,Pw,Rb,Bb,Qw,Pb,Rw,Pw,Bb,,,,,,,Nb,Rw,,,,,,,Bw,Pw,,,,,,,Kb,Qw,,,,,,,Pb,Bw,,,,,,,Nw,Rb,,,,,,,Bb,Rb,Nw,Rb,Kb,Qw,Nb,Rw,Pw	lightRed	0
6fcef669b443bce5d1f83751b3b6cef6	3048	Rw,Pw,Rb,Bb,Kw,Pb,Rw,Pb,Bb,,,,,,,Kw,Rw,,,,,,,Bb,Pb,,,Pb,Pb,,,Nw,Qb,,,Pb,Pb,,,Pb,Bw,,,,,,,Kb,Rb,,,,,,,Bw,Kw,Rw,Nb,Qw,Kb,Rb,Nw,Pw	darkGray	0
6fde812c041bbaf918b60ded1f83255e	579	Pw,Qb,Pb,Rb,Bw,Qw,Pw,Nw,Bw,,,,,,,Bw,Qb,,,,,,,Nb,Pw,,,Bw,Bw,,,Pb,Rb,,,Bw,Bw,,,Kb,Bb,,,,,,,Bb,Qw,,,,,,,Nw,Nw,Rb,Bw,Qw,Pw,Rw,Bb,Nw	lightRed	0
6fe13c8f95135f62d68a6d2c373d3399	3878	Pb,Kw,Qb,Nw,Rb,Kb,Qw,Nw,Kw,,,,,,,Kw,Bb,,,,,,,Bb,Nb,,,,,,,Nw,Pw,,,,,,,Pb,Kb,,,,,,,Kb,Bw,,,,,,,Bw,Rb,Rw,Nb,Qw,Kb,Rb,Nw,Qb	lightGray	0
6ff31590cc4d800566c095e7b087462e	293	Kw,Pw,Rb,Bw,Qb,Pb,Nw,Nw,Kb,,,,,,,Nw,Pb,,,,,,,Bb,Nb,,,,,,,Kw,Bw,,,,,,,Pw,Kw,,,,,,,Nb,Pw,,,,,,,Bw,Nb,Kb,Rb,Nb,Qw,Kw,Rw,Pb	darkRed	0
6ffb78bc602d697f42ed0e817b23e7b0	3162	Bw,Qb,Nw,Rb,Kb,Qw,Bb,Rb,Bb,,,,,,,Nw,Kw,,,,,,,Qb,Pb,,,Pw,Pw,,,Kw,Nw,,,Pw,Pw,,,Rw,Bw,,,,,,,Nb,Qb,,,,,,,Qw,Qw,Rw,Nb,Qw,Kb,Rb,Nw,Bb	lightGray	0
70357f824eeb187829e585d2991b7144	1676	Pw,Bw,Rb,Pb,Qb,Bb,Rw,Bw,Rb,,,,,,,Bw,Bw,,,,,,,Nb,Qb,,,Pb,Pb,,,Pb,Pb,,,Pb,Pb,,,Kb,Rw,,,,,,,Bb,Bb,,,,,,,Nw,Nb,Kw,Pw,Nb,Bw,Kb,Pb,Rw	lightGray	0
7052b54b574a6b6d5f64729cdf4a53d2	2513	Kw,Kw,Pw,Nb,Bw,Kb,Pb,Rw,Kw,,,,,,,Rw,Rw,,,,,,,Rw,Nw,,,,,,,Rw,Qb,,,,,,,Rw,Kb,,,,,,,Rw,Rb,,,,,,,Rw,Qw,Rb,Nw,Qw,Kb,Pw,Nb,Rw	darkRed	0
7057e8f6d1cca7ce536dc53ef369356e	1303	Qb,Qw,Kb,Rw,Nb,Qb,Kw,Kb,Qw,,,,,,,Nw,Bb,,,,,,,Rb,Rw,,,Bw,Bw,,,Kb,Pb,,,Bw,Bw,,,Qw,Qb,,,,,,,Nb,Bw,,,,,,,Rw,Pw,Bw,Rb,Pw,Qw,Bb,Rw,Bw	lightRed	0
705b63840fc1c810914e6a3a4dd8e988	803	Qb,Pw,Kw,Bw,Nb,Pb,Kb,Bb,Rw,,,,,,,Bb,Pb,,,,,,,Kw,Qw,,,,,,,Pb,Bb,,,,,,,Nw,Rb,,,,,,,Bw,Pw,,,,,,,Qb,Nw,Kb,Rb,Nw,Qb,Kw,Pw,Kw	darkGray	0
7064044c02a621592af551cff59ad556	443	Rw,Qb,Bw,Rw,Pb,Qw,Bb,Rw,Kw,,,,,,,Qw,Pw,,,,,,,Pw,Nb,,,,,,,Rb,Bw,,,,,,,Bw,Kb,,,,,,,Qb,Rb,,,,,,,Pb,Pb,Kw,Rw,Nb,Qw,Kb,Rb,Rb	darkRed	0
7074646054b8fc30ce6db0cdb7938099	1558	Pw,Kw,Qb,Nw,Rb,Kb,Qw,Kb,Pw,,,,,,,Nw,Nb,,,,,,,Pb,Qb,,,Rb,Rb,,,Kw,Kw,,,Rb,Rb,,,Bb,Pb,,,,,,,Nb,Nw,,,,,,,Pw,Qb,Rb,Nw,Qw,Kb,Rw,Nb,Qb	lightGray	0
7082e7dc4c3d27fdd1bd45a815c171fb	2696	Pb,Kb,Pb,Nw,Bb,Kw,Rw,Pb,Qb,,,,,,,Pw,Nw,,,,,,,Kw,Rw,,,,,,,Bw,Kw,,,,,,,Nb,Bw,,,,,,,Pb,Nb,,,,,,,Qb,Rw,Nw,Rb,Kw,Qb,Nb,Rw,Bb	lightRed	0
709e17e810a44a8f0c7aa4d980d00ba8	3248	Rb,Rb,Bw,Qb,Pb,Rw,Bb,Kw,Pw,,,,,,,Bb,Nb,,,,,,,Rw,Bb,,,,,,,Pw,Kw,,,,,,,Qw,Rb,,,,,,,Nw,Nw,,,,,,,Rb,Qb,Bb,Rw,Pw,Qw,Bw,Rb,Kw	darkGray	0
70aabd4af2a11ee97293a9568acab13b	4018	Pb,Qw,Nb,Rb,Kb,Qb,Nw,Kb,Rb,,,,,,,Pw,Nw,,,,,,,Rb,Qb,,,Nb,Nb,,,Bw,Kw,,,Nb,Nb,,,Qb,Rw,,,,,,,Pb,Nb,,,,,,,Rw,Pb,Bw,Nb,Pb,Kb,Bb,Nw,Kb	darkGray	0
70ae08015b2805bcb5cba155eee777a6	1844	Pw,Nb,Rw,Kw,Qb,Nw,Rb,Kw,Pw,,,,,,,Nw,Rb,,,,,,,Qb,Bb,,,,,,,Kb,Kw,,,,,,,Rb,Pb,,,,,,,Nb,Rw,,,,,,,Qw,Bb,Qb,Bw,Nw,Pb,Kw,Bb,Qb	lightRed	0
70b3f95196293aa194338b44a55d9fd2	1138	Nw,Nw,Qb,Kb,Rb,Nb,Qw,Qw,Nw,,,,,,,Kb,Qb,,,,,,,Rb,Kb,,,,,,,Nb,Rb,,,,,,,Qw,Nb,,,,,,,Kw,Qw,,,,,,,Rw,Pw,Kw,Pw,Nw,Bb,Kb,Pb,Bb	lightRed	0
70babc4eb5b6224383c23b4e99019601	60	Rb,Bw,Nb,Pw,Kw,Bb,Nw,Rw,Pb,,,,,,,Rb,Qb,,,,,,,Nw,Bb,,,Pw,Pw,,,Qb,Rw,,,Pw,Pw,,,Kw,Pw,,,,,,,Rw,Qw,,,,,,,Nb,Nb,Kb,Pb,Nb,Bw,Kw,Pw,Nw	lightRed	0
70c6f3487d52b7c33861ab3b58f66c97	2938	Kb,Qw,Nb,Rw,Kw,Qb,Nw,Qw,Rw,,,,,,,Qb,Bb,,,,,,,Kw,Qb,,,Bb,Bb,,,Rw,Pb,,,Bb,Bb,,,Nb,Rb,,,,,,,Qw,Bw,,,,,,,Kb,Qb,Qw,Pw,Nw,Bb,Qb,Pb,Nb	darkGray	0
70d12865e70b72487edc256e7e6f836c	1450	Nb,Bb,Nw,Pw,Kw,Bw,Nb,Nb,Bw,,,,,,,Kb,Rb,,,,,,,Pb,Pw,,,Nb,Nb,,,Nb,Qb,,,Nb,Nb,,,Bw,Bb,,,,,,,Kw,Rw,,,,,,,Pw,Kb,Nw,Bb,Kw,Pw,Nb,Bw,Rw	darkRed	0
70d8b6c2d8219b5f9621f7deaaf1b1f9	1380	Kw,Pb,Nw,Bb,Kw,Pw,Rb,Nw,Qw,,,,,,,Pw,Nb,,,,,,,Rb,Rb,,,Pb,Pb,,,Bw,Kb,,,Pb,Pb,,,Qb,Qb,,,,,,,Pb,Nw,,,,,,,Rw,Kw,Rb,Bw,Qb,Pb,Rw,Bb,Rw	lightGray	0
70df830f483c1fca1b8af41039f0f7c9	1243	Nw,Kb,Rb,Nw,Qb,Kw,Pw,Kw,Pw,,,,,,,Kw,Nb,,,,,,,Pw,Bw,,,Nb,Nb,,,Nb,Kb,,,Nb,Nb,,,Bw,Pb,,,,,,,Kb,Nw,,,,,,,Pb,Kb,Nb,Pw,Kw,Bb,Nw,Pb,Qb	lightGray	0
70e012eb74831fd2a5ee0b07142e7c6d	1995	Kb,Nb,Pw,Kb,Bw,Nw,Pb,Qw,Pw,,,,,,,Qb,Nw,,,,,,,Pb,Bb,,,Qw,Qw,,,Rw,Kw,,,Qw,Qw,,,Bb,Pw,,,,,,,Qw,Nb,,,,,,,Pw,Nw,Kw,Qb,Nb,Rw,Kb,Qw,Bw	lightGray	0
70e587c2b02c675b0e791e079437c805	3478	Bb,Bw,Kb,Pw,Nb,Bb,Qw,Nb,Pw,,,,,,,Bb,Qw,,,,,,,Nw,Bb,,,,,,,Pw,Rw,,,,,,,Kw,Pb,,,,,,,Bw,Kb,,,,,,,Nb,Bw,Qw,Pw,Rw,Bb,Qb,Pb,Nw	lightGray	0
70ebfa7ac03e2087d0a26fa9adb17fcc	3138	Kb,Rw,Bb,Qw,Pw,Nb,Bw,Kb,Bb,,,,,,,Nw,Kw,,,,,,,Pb,Pb,,,,,,,Kw,Nw,,,,,,,Bb,Bw,,,,,,,Nb,Kb,,,,,,,Pw,Nb,Nb,Rw,Kb,Qw,Nw,Rb,Rb	darkGray	0
70f776e6999ec6c621ff570a012f82a3	3432	Qw,Bb,Nw,Pb,Kb,Qw,Nb,Pb,Nb,,,,,,,Rb,Rw,,,,,,,Kb,Kb,,,Pw,Pw,,,Qb,Qw,,,Pw,Pw,,,Nw,Nw,,,,,,,Rw,Rb,,,,,,,Kw,Rw,Nw,Qb,Kb,Rb,Nb,Qw,Nb	darkRed	0
70f79066d234046f64773bf849fec38b	2867	Rw,Rw,Rw,Rw,Rw,Rw,Rw,Rw,Nw,,,,,,,Nb,Qb,,,,,,,Qw,Kb,,,,,,,Kb,Rb,,,,,,,Rb,Nb,,,,,,,Nw,Qw,,,,,,,Qb,Qb,Kw,Qb,Nb,Rw,Kb,Qw,Pw	darkRed	0
7105e17db6d84fed06d3dd052c967447	2417	Bb,Bw,Nb,Pw,Kw,Bb,Nw,Qw,Kw,,,,,,,Nw,Pw,,,,,,,Bb,Nw,,,Nb,Nb,,,Kb,Bb,,,Nb,Nb,,,Pb,Kb,,,,,,,Nb,Pb,,,,,,,Bw,Rb,Nb,Rw,Kb,Qw,Nw,Rb,Rb	lightRed	0
7107f403dcfbce70af143ec48afed5aa	1137	Nw,Nb,Qw,Kb,Rb,Nw,Qb,Kw,Rb,,,,,,,Kb,Bw,,,,,,,Qw,Qb,,,,,,,Nb,Pb,,,,,,,Rw,Rw,,,,,,,Kw,Bb,,,,,,,Qb,Pb,Nw,Bb,Kb,Rb,Nb,Bw,Nw	lightGray	0
712b5ee9f79b651fd769dde8fc5bb8dc	1124	Kb,Qb,Bw,Rb,Pw,Qw,Bb,Rw,Kb,,,,,,,Kw,Kw,,,,,,,Rw,Nb,,,,,,,Nb,Rw,,,,,,,Kw,Kw,,,,,,,Kb,Kb,,,,,,,Pb,Kb,Pb,Kb,Bw,Nb,Pw,Kw,Kw	lightGray	0
7131d1300bfa5961be6d175a9fab5e0d	3745	Kw,Bw,Kb,Pw,Nb,Bb,Kw,Qw,Rb,,,,,,,Rw,Nw,,,,,,,Pb,Qb,,,Rw,Rw,,,Qb,Kw,,,Rw,Rw,,,Bw,Rw,,,,,,,Rb,Nb,,,,,,,Pw,Qw,Nw,Qb,Kw,Rw,Nb,Qw,Qw	lightRed	0
713bb4defca7b8b91516f6769cc2c6a9	3418	Nb,Rb,Kb,Qb,Nw,Rw,Kw,Nw,Pb,,,,,,,Rw,Kb,,,,,,,Pb,Bw,,,,,,,Qb,Nb,,,,,,,Bw,Pw,,,,,,,Rb,Kw,,,,,,,Pw,Qb,Pw,Rb,Bw,Qb,Pb,Rw,Rb	darkRed	0
713e21b9ab6b69a75fcb6ed4cfb09392	2230	Nb,Rb,Pw,Qw,Bb,Rw,Kw,Rw,Nb,,,,,,,Rb,Bw,,,,,,,Nw,Kb,,,,,,,Bb,Pb,,,,,,,Kw,Rw,,,,,,,Pw,Bb,,,,,,,Nb,Pw,Qb,Kw,Rw,Nb,Qw,Kb,Kb	lightGray	0
71569501b51294deda41d8d736611754	195	Rw,Bb,Kw,Pw,Nb,Bw,Kb,Kb,Rw,,,,,,,Qw,Rw,,,,,,,Pw,Rw,,,Nb,Nb,,,Rb,Rw,,,Nb,Nb,,,Bw,Rw,,,,,,,Qb,Rw,,,,,,,Pb,Rw,Nb,Rw,Kw,Qb,Nw,Rb,Pb	lightGray	1
71579835be4a951948a48e54227c4c8c	3149	Pw,Pb,Rw,Bb,Qw,Pw,Rb,Qb,Nw,,,,,,,Pb,Pb,,,,,,,Nw,Kw,,,Nb,Nb,,,Bw,Bb,,,Nb,Nb,,,Kb,Nb,,,,,,,Pw,Pw,,,,,,,Nb,Qb,Qw,Nb,Rb,Kb,Qb,Bw,Nw	darkRed	0
715e299a9bcd77acdab8420714ef3188	836	Bw,Pb,Rw,Bw,Qb,Pw,Rb,Rb,Kw,,,,,,,Nw,Qb,,,,,,,Pb,Nb,,,Pb,Pb,,,Kb,Rw,,,Pb,Pb,,,Bw,Kb,,,,,,,Nb,Qw,,,,,,,Rw,Bb,Bw,Kb,Pw,Nb,Bb,Kw,Nb	darkGray	0
7163d724f3c2c77875964998d562bad0	2212	Bw,Bb,Nw,Pb,Kb,Bw,Rb,Kb,Qw,,,,,,,Kw,Nb,,,,,,,Pw,Rb,,,Pb,Pb,,,Nb,Kb,,,Pb,Pb,,,Bw,Qb,,,,,,,Kb,Nw,,,,,,,Rb,Pb,Kb,Pb,Nw,Bb,Kw,Pw,Qw	lightGray	0
717d5be6f5cd6ce2056e6b49bd29c09f	167	Rw,Qw,Kb,Rw,Nb,Qb,Kw,Pw,Qb,,,,,,,Kb,Bw,,,,,,,Qw,Rw,,,Kb,Kb,,,Nw,Pb,,,Kb,Kb,,,Rb,Qw,,,,,,,Kw,Bb,,,,,,,Qb,Kb,Rw,Kw,Qw,Nb,Rb,Pw,Qw	lightGray	0
71b10c80259beafce14a79971d949468	1758	Qb,Nw,Bb,Qw,Pw,Rb,Bw,Qb,Rb,,,,,,,Kb,Nw,,,,,,,Qw,Qw,,,,,,,Nw,Kb,,,,,,,Pb,Rw,,,,,,,Kw,Nb,,,,,,,Qb,Rw,Rw,Rw,Rw,Rw,Rw,Rw,Rw	lightRed	0
71d881f1f700cb194781ea282a9d9561	1289	Kw,Nw,Bb,Kb,Pb,Nb,Bw,Kw,Nb,,,,,,,Kb,Bw,,,,,,,Kw,Kb,,,,,,,Nb,Pb,,,,,,,Rw,Nw,,,,,,,Kw,Bb,,,,,,,Qb,Nw,Pw,Qw,Bb,Rw,Pb,Qb,Kw	darkRed	0
71da47724faeec7c7745300639aac0f9	2436	Bb,Kb,Pb,Nb,Bw,Kw,Pw,Kw,Nw,,,,,,,Bb,Pb,,,,,,,Kw,Qw,,,Nw,Nw,,,Pw,Bb,,,Nw,Nw,,,Nb,Nb,,,,,,,Bw,Pw,,,,,,,Kb,Kw,Kb,Rb,Nb,Qw,Kw,Rw,Rw	darkRed	0
71ea172e061804a47574823ce7b8c8b6	2221	Bw,Bw,Rb,Pb,Qb,Bb,Rw,Pw,Kw,,,,,,,Qw,Rw,,,,,,,Pw,Nw,,,Nb,Nb,,,Rw,Qb,,,Nb,Nb,,,Bb,Kb,,,,,,,Qb,Rb,,,,,,,Pb,Bb,Bw,Nb,Pb,Kb,Bb,Nw,Bb	lightGray	0
7200a20b9e5dda79c26c3c2dc53cd8f6	1286	Rb,Nw,Pb,Qw,Bb,Nb,Pw,Rw,Bw,,,,,,,Kb,Kb,,,,,,,Bw,Pb,,,Rw,Rw,,,Rw,Nw,,,Rw,Rw,,,Pb,Bb,,,,,,,Kw,Kw,,,,,,,Bb,Kb,Nb,Rw,Kw,Kb,Nw,Rb,Bb	lightRed	0
72016e3de96494052bcce9983626bcbf	594	Nb,Pw,Qw,Bb,Rw,Pb,Qb,Qb,Rb,,,,,,,Bw,Bw,,,,,,,Kb,Qb,,,Pw,Pw,,,Pb,Kw,,,Pw,Pw,,,Nw,Rw,,,,,,,Bb,Nb,,,,,,,Kw,Rw,Pw,Qw,Bw,Rb,Pb,Qb,Kw	darkRed	1
722023ee56def0529f463b6bd28dbbcf	274	Rb,Nb,Pw,Kw,Bb,Nw,Pb,Bw,Rw,,,,,,,Rw,Pb,,,,,,,Kw,Qb,,,Pw,Pw,,,Qb,Bw,,,Pw,Pw,,,Nw,Rb,,,,,,,Rb,Pw,,,,,,,Kb,Rw,Nb,Qw,Kb,Pb,Nw,Qb,Nb	lightGray	0
72464ae63f58cd428bb54a7e40f44159	3549	Rw,Nw,Qb,Kw,Rw,Nb,Qw,Pw,Qw,,,,,,,Bw,Nb,,,,,,,Nb,Rw,,,Nw,Nw,,,Rw,Pb,,,Nw,Nw,,,Kw,Qb,,,,,,,Bb,Nw,,,,,,,Nw,Pw,Kb,Rb,Nb,Qw,Kw,Rw,Kw	lightRed	0
724c5afcbce6b6b554e7b2d87416de4a	19	Pw,Bb,Rw,Pb,Qb,Bw,Rb,Nb,Pw,,,,,,,Rw,Qw,,,,,,,Pb,Bb,,,,,,,Qw,Rw,,,,,,,Bb,Pb,,,,,,,Rb,Qb,,,,,,,Pw,Nb,Bb,Rw,Pb,Qb,Bw,Rb,Bb	darkRed	0
72531f10709a48ce4783ab8b2231150e	2803	Qb,Qw,Bb,Rw,Pb,Qb,Bw,Bb,Qw,,,,,,,Qw,Pw,,,,,,,Bb,Rb,,,,,,,Rb,Bw,,,,,,,Pw,Qb,,,,,,,Qb,Pb,,,,,,,Bw,Qb,Nw,Bb,Kb,Pb,Nb,Bw,Rw	lightRed	0
725fbb58e7aae48dfb8eed2dec86717b	4090	Rw,Bw,Rb,Pw,Qw,Bb,Rw,Nb,Nb,,,,,,,Qw,Qw,,,,,,,Pw,Pb,,,,,,,Rb,Rw,,,,,,,Bw,Bw,,,,,,,Qb,Qb,,,,,,,Pb,Nb,Kb,Rb,Nw,Bb,Kw,Pw,Nw	darkRed	0
726794eaa6cb74c46148b8a0b4ee5e41	146	Rw,Pb,Rw,Bw,Kb,Pw,Rb,Pw,Bw,,,,,,,Qb,Nb,,,,,,,Kw,Pw,,,Bb,Bb,,,Rb,Kw,,,Bb,Bb,,,Nw,Bb,,,,,,,Qw,Nw,,,,,,,Kb,Qb,Kb,Pb,Nw,Bb,Kw,Pw,Nw	lightRed	0
726b04815d356cdbfbf22a09e77006e6	16	Pw,Rw,Pb,Qb,Bw,Nb,Pw,Nb,Nw,,,,,,,Kb,Rb,,,,,,,Qw,Kb,,,,,,,Nb,Qw,,,,,,,Rw,Nb,,,,,,,Kw,Rw,,,,,,,Bb,Rw,Rw,Rw,Rw,Rw,Rw,Rw,Rw	lightGray	0
727793d6398c1e04d7e0eb2ad5aae724	2480	Nw,Bb,Qw,Pb,Rw,Bw,Qb,Pb,Bw,,,,,,,Qw,Rb,,,,,,,Bb,Pb,,,,,,,Rb,Qb,,,,,,,Pw,Bb,,,,,,,Qb,Rw,,,,,,,Bw,Rw,Pb,Qb,Bb,Rw,Pw,Qw,Nb	lightGray	0
72839b68ed8b03f85f8d2ba7edb2430a	3637	Qw,Rb,Bw,Qb,Pb,Rw,Bb,Kw,Qb,,,,,,,Rb,Nw,,,,,,,Bw,Rb,,,Pb,Pb,,,Qw,Kb,,,Pb,Pb,,,Pw,Qw,,,,,,,Nw,Nb,,,,,,,Bb,Bw,Kb,Pb,Nw,Bb,Kw,Pw,Qw	lightGray	0
729920f33b5cff5ae690f1f04fc6479f	298	Qb,Nw,Pb,Qw,Bb,Nb,Pw,Rw,Pw,,,,,,,Rw,Nb,,,,,,,Rw,Bw,,,Rb,Rb,,,Rw,Qb,,,Rb,Rb,,,Rw,Pb,,,,,,,Rw,Nw,,,,,,,Rw,Qw,Qb,Bw,Rw,Pb,Qw,Bb,Rw	darkGray	0
729ebd4138ad2f4ce96d1408536345df	2148	Pw,Rw,Nb,Qb,Kw,Rb,Nw,Kw,Bb,,,,,,,Bw,Rw,,,,,,,Qb,Pb,,,,,,,Pw,Qb,,,,,,,Nb,Bw,,,,,,,Bb,Rb,,,,,,,Qw,Nw,Rw,Bb,Qw,Pw,Rb,Bw,Bw	darkGray	0
729f53db70fc6e1c5fd406f8775c9681	3860	Rw,Bb,Kw,Rb,Nw,Bw,Kb,Rb,Pw,,,,,,,Rw,Rb,,,,,,,Kw,Bb,,,Pb,Pb,,,Kw,Kw,,,Pb,Pb,,,Nb,Pb,,,,,,,Pb,Rw,,,,,,,Kb,Bb,Rw,Nb,Qb,Kw,Pb,Nw,Kb	darkRed	0
72a84a74e4fc7d0cb2f38639a9fee4c9	1368	Nb,Kw,Bb,Nb,Pw,Kb,Qw,Nw,Bw,,,,,,,Rw,Rb,,,,,,,Kw,Pb,,,Pw,Pw,,,Qb,Qb,,,Pw,Pw,,,Nw,Bb,,,,,,,Rb,Rw,,,,,,,Kb,Qw,Nb,Pw,Kb,Bw,Rw,Pb,Pb	lightRed	0
72ac0cd68f6695373dfc5e196bd36149	1834	Rw,Nw,Rb,Kb,Qw,Nb,Rw,Qw,Pw,,,,,,,Kb,Rb,,,,,,,Pb,Bb,,,Nw,Nw,,,Nb,Qw,,,Nw,Nw,,,Bw,Pb,,,,,,,Kw,Rw,,,,,,,Pw,Bw,Pw,Rb,Bw,Qb,Pb,Rw,Pw	darkGray	0
72b0f92e157d31bc31330c356488a3d7	488	Kw,Kb,Bw,Nw,Pb,Kw,Qb,Bw,Pw,,,,,,,Rw,Rb,,,,,,,Bb,Bw,,,Rw,Rw,,,Qb,Qb,,,Rw,Rw,,,Pb,Pb,,,,,,,Rb,Rw,,,,,,,Bw,Pb,Pw,Kw,Bb,Nw,Pb,Kb,Pb	darkGray	0
72b3cfac6e3a419accb2983ec99ed2f2	4056	Rb,Pw,Nb,Bb,Kw,Pb,Nw,Qw,Rb,,,,,,,Qb,Nw,,,,,,,Nw,Qw,,,,,,,Rb,Kb,,,,,,,Kb,Rw,,,,,,,Qw,Bb,,,,,,,Nb,Qw,Rb,Pw,Qw,Bb,Rw,Pb,Bw	darkGray	0
72b8237c317f0ff3819995babcbd71cc	999	Bw,Nb,Bw,Kw,Pw,Nw,Bb,Pb,Kb,,,,,,,Nb,Bw,,,,,,,Bw,Nw,,,Nw,Nw,,,Kw,Pb,,,Nw,Nw,,,Pw,Kw,,,,,,,Nw,Bb,,,,,,,Bb,Pw,Bb,Qw,Kb,Rb,Bw,Qb,Bw	lightRed	0
72cc75344cfb1c860bdf8b69e0d86878	997	Rw,Nw,Rb,Kw,Qb,Nb,Rw,Nb,Bw,,,,,,,Kw,Rb,,,,,,,Qb,Pw,,,,,,,Nw,Qw,,,,,,,Rb,Bb,,,,,,,Kb,Rw,,,,,,,Qw,Qb,Bb,Kw,Pw,Nb,Qw,Kb,Bb	lightGray	0
72ce64d11e531b54b54d176c0a8eeb78	1904	Nb,Nw,Qb,Kw,Rw,Nb,Qw,Pw,Bw,,,,,,,Rb,Qb,,,,,,,Kb,Pw,,,Nb,Nb,,,Qw,Rb,,,Nb,Nb,,,Nb,Bb,,,,,,,Rw,Qw,,,,,,,Kw,Kb,Rw,Nb,Qw,Kb,Rb,Nw,Kw	darkRed	0
72d340af0018e9e81414447eaed5ef4c	2505	Kb,Kw,Qb,Nb,Rw,Kb,Qw,Pb,Nb,,,,,,,Nb,Pw,,,,,,,Rw,Kw,,,,,,,Kb,Bb,,,,,,,Qw,Nw,,,,,,,Nw,Pb,,,,,,,Pb,Kb,Nw,Bb,Kw,Pw,Nb,Bw,Nb	darkRed	0
72d420ad644c7fa71a02fa914b003e0a	990	Qb,Qb,Kw,Rw,Nb,Qw,Kb,Nb,Bw,,,,,,,Bw,Rb,,,,,,,Nb,Pb,,,,,,,Pb,Qb,,,,,,,Kb,Bb,,,,,,,Bb,Rw,,,,,,,Nw,Bw,Rw,Bb,Qw,Pw,Rb,Bw,Pw	lightRed	0
72d5b30b96ad1c6be7beeb2fe7a7ef66	3696	Kb,Nw,Rb,Kw,Qb,Nb,Rw,Kb,Bw,,,,,,,Rw,Qb,,,,,,,Kw,Pb,,,,,,,Qw,Rw,,,,,,,Nb,Bb,,,,,,,Rb,Kw,,,,,,,Kb,Nw,Rw,Nb,Qb,Kw,Rb,Nw,Bw	lightGray	0
72e5b63410865bcee462da5b38238a9e	816	Qb,Rb,Bw,Qw,Pw,Rw,Bb,Kw,Kb,,,,,,,Bw,Bw,,,,,,,Nb,Nw,,,Rb,Rb,,,Pb,Pb,,,Rb,Rb,,,Kb,Kw,,,,,,,Bb,Bb,,,,,,,Nw,Nb,Pb,Rw,Bw,Qb,Pw,Rb,Nb	lightGray	0
72f9aa0b362cd739571fa70511dcf356	1990	Bw,Kw,Qb,Nw,Rb,Kb,Qw,Qb,Qb,,,,,,,Bb,Nw,,,,,,,Kw,Rw,,,Nw,Nw,,,Pw,Kw,,,Nw,Nw,,,Nb,Qw,,,,,,,Qw,Nb,,,,,,,Kb,Qb,Qw,Pw,Rb,Bw,Qb,Pb,Qw	darkRed	0
72fe99b5a4e8c89477d91cf0130c8903	832	Qb,Pw,Nb,Bb,Kw,Pb,Nw,Qb,Bw,,,,,,,Rb,Nb,,,,,,,Pw,Pw,,,Nb,Nb,,,Qb,Kw,,,Nb,Nb,,,Bw,Bb,,,,,,,Rw,Nw,,,,,,,Pb,Rb,Pw,Nb,Bb,Kw,Pb,Rw,Pb	lightGray	0
72ffabc1fef3122dbb8c24bb340c7f4b	387	Bw,Bb,Nw,Pw,Kw,Bw,Nb,Nw,Bb,,,,,,,Qw,Nw,,,,,,,Kb,Pw,,,Qb,Qb,,,Rb,Kw,,,Qb,Qb,,,Nw,Bw,,,,,,,Qb,Nb,,,,,,,Kw,Qw,Nb,Rw,Kb,Qw,Bw,Rb,Nw	lightRed	0
73079477dae854bc1999d2bed1a9b39f	13	Nb,Qw,Bb,Rb,Pw,Qb,Bw,Nb,Pw,,,,,,,Qb,Nb,,,,,,,Kw,Bw,,,Rw,Rw,,,Rb,Kb,,,Rw,Rw,,,Nw,Pb,,,,,,,Qw,Nw,,,,,,,Kb,Qw,Kb,Bw,Nb,Pw,Kw,Bb,Nb	lightGray	0
7315400d5ae8ced242aef16021c5b8a7	2851	Bb,Kb,Rb,Nw,Qb,Kw,Rw,Nw,Rw,,,,,,,Nw,Bb,,,,,,,Qb,Kb,,,Bb,Bb,,,Kb,Pb,,,Bb,Bb,,,Rb,Nb,,,,,,,Nb,Bw,,,,,,,Qw,Kw,Pw,Rb,Bb,Qw,Kw,Rw,Kb	darkRed	0
731870914508dbf1b1968803e6743b70	2641	Nw,Bw,Kb,Pb,Nw,Bb,Kw,Nw,Qw,,,,,,,Bw,Bb,,,,,,,Qb,Rw,,,Nb,Nb,,,Pw,Pb,,,Nb,Nb,,,Rb,Qb,,,,,,,Bb,Bw,,,,,,,Qw,Nw,Rw,Kw,Qw,Nb,Rb,Kb,Nw	darkRed	0
731c205ab21b41f4f577690f012d3e12	319	Pb,Bw,Kb,Pw,Nb,Bb,Kw,Qb,Pw,,,,,,,Rb,Nb,,,,,,,Pw,Bb,,,,,,,Qb,Kw,,,,,,,Bw,Pb,,,,,,,Rw,Nw,,,,,,,Pb,Nw,Kw,Pw,Nb,Bw,Kb,Rb,Bw	lightGray	0
731f92d4cb060a8a9e086d828e30ad12	3942	Pw,Pb,Nw,Bb,Kw,Pw,Nb,Bw,Pb,,,,,,,Nb,Rw,,,,,,,Qw,Bw,,,,,,,Kb,Qb,,,,,,,Rb,Pw,,,,,,,Bw,Rb,,,,,,,Qb,Kb,Nb,Rw,Kb,Qw,Nw,Rb,Rb	darkGray	0
7325df129d57467c74bc56bbed020ff0	1777	Bw,Rw,Kw,Qb,Nw,Rb,Pw,Kw,Bb,,,,,,,Rw,Rw,,,,,,,Kw,Pb,,,,,,,Qb,Qb,,,,,,,Nw,Nw,,,,,,,Rb,Rb,,,,,,,Kb,Bw,Pb,Qb,Bw,Rb,Pw,Kw,Nb	lightGray	0
73294caab284edebfe76a95288c2cae5	932	Qw,Rw,Pb,Qw,Bb,Rb,Pw,Rb,Kb,,,,,,,Bb,Rb,,,,,,,Nw,Nw,,,,,,,Rb,Qb,,,,,,,Kb,Kw,,,,,,,Bw,Rw,,,,,,,Nb,Rw,Pb,Rw,Bb,Qw,Pw,Nb,Pb	lightGray	1
732c3cc3b9eddeb5ba01fa5e47089e30	3427	Kw,Rb,Pw,Qb,Bw,Rw,Pb,Rw,Qw,,,,,,,Rw,Bb,,,,,,,Rw,Nw,,,,,,,Rw,Pb,,,,,,,Rw,Qb,,,,,,,Rw,Bw,,,,,,,Rw,Nb,Pb,Nw,Bw,Kb,Pw,Nb,Rw	darkGray	0
732e04dc4758270f24d08fb04c0fc375	1445	Rb,Pb,Qb,Bb,Rw,Pw,Qw,Rw,Bw,,,,,,,Bw,Qb,,,,,,,Kb,Kw,,,Rw,Rw,,,Pb,Rw,,,Rw,Rw,,,Nw,Bb,,,,,,,Bb,Qw,,,,,,,Kw,Rw,Bb,Kw,Pb,Nw,Bw,Kb,Kw	lightRed	0
7332d9202b34a5ef1cd903fafedd1549	1562	Pw,Nb,Bw,Kw,Pw,Nw,Bb,Bw,Pw,,,,,,,Rw,Rw,,,,,,,Pb,Bb,,,,,,,Qw,Qw,,,,,,,Bb,Pw,,,,,,,Rb,Rb,,,,,,,Pw,Rw,Qw,Nb,Rb,Kb,Qb,Nw,Kb	darkRed	0
7333aa1c51985150cde21da34d8dc6f2	1894	Nb,Qb,Nw,Rw,Kb,Qw,Nb,Bb,Kb,,,,,,,Kw,Bb,,,,,,,Qb,Nw,,,Nb,Nb,,,Nb,Pb,,,Nb,Nb,,,Rb,Kw,,,,,,,Kb,Bw,,,,,,,Kw,Qb,Rw,Nw,Kw,Kb,Rb,Nb,Qb	darkRed	0
733730e3454c0e8ca04580d77736c696	778	Pb,Qb,Bw,Rw,Pb,Qw,Bb,Nb,Bb,,,,,,,Kb,Kw,,,,,,,Pb,Pw,,,Pb,Pb,,,Nw,Nb,,,Pb,Pb,,,Bb,Bw,,,,,,,Qw,Kb,,,,,,,Pw,Nb,Nw,Qb,Kw,Rw,Bb,Qw,Bb	lightRed	0
734d0b7cfa60cd2aa760ee456fd8aa68	122	Kw,Rw,Nb,Qb,Kw,Rb,Nw,Pw,Qb,,,,,,,Rw,Bw,,,,,,,Kw,Rw,,,Rb,Rb,,,Qb,Pb,,,Rb,Rb,,,Nw,Qw,,,,,,,Rb,Bb,,,,,,,Kb,Rw,Pw,Nb,Bb,Kw,Pb,Nw,Nw	darkGray	0
735039b205a9a1eb89898135e725d314	2021	Kw,Bw,Nb,Pw,Kw,Bb,Nw,Bw,Kb,,,,,,,Bb,Qw,,,,,,,Qw,Nb,,,,,,,Pw,Rw,,,,,,,Rb,Kw,,,,,,,Bw,Qb,,,,,,,Qb,Kw,Nw,Pb,Kb,Bw,Nb,Pw,Rw	lightRed	0
73564ecd9d202ce654d35f6f93f71676	657	Pb,Kb,Bw,Nb,Pw,Kw,Bb,Bb,Kw,,,,,,,Bw,Bb,,,,,,,Qb,Nw,,,,,,,Pb,Pb,,,,,,,Rw,Kb,,,,,,,Bb,Bw,,,,,,,Qw,Pw,Kb,Pb,Nb,Bw,Kw,Pw,Nw	lightGray	0
735874731e996dfba83e263ad8381fda	2269	Bw,Pw,Kw,Bw,Nb,Pb,Kb,Rw,Pw,,,,,,,Rw,Nb,,,,,,,Bb,Bw,,,Bw,Bw,,,Qb,Kb,,,Bw,Bw,,,Pb,Pb,,,,,,,Rb,Nw,,,,,,,Bw,Qw,Rw,Kw,Qw,Nb,Rb,Kb,Pb	lightGray	0
73688b7d33b2e0b3233602de7c1685fa	655	Rb,Pw,Qw,Bb,Rw,Pb,Qb,Qb,Kw,,,,,,,Pw,Qb,,,,,,,Rb,Nw,,,,,,,Bw,Rb,,,,,,,Qb,Kb,,,,,,,Pb,Qw,,,,,,,Rw,Rb,Rb,Nw,Qw,Kb,Pw,Nb,Rb	lightRed	0
736b40ca63dbdd969990eda3f9a445b8	1192	Bb,Bw,Kb,Pw,Nb,Bb,Kw,Nb,Pw,,,,,,,Bb,Qw,,,,,,,Nw,Bb,,,,,,,Pw,Rw,,,,,,,Kw,Pb,,,,,,,Bw,Qb,,,,,,,Nb,Bw,Qw,Pw,Rw,Bb,Qb,Pb,Nw	lightGray	0
736e96ab61a15af15b7f6b23b0d4f47d	4090	Rw,Bw,Rb,Pw,Qw,Bb,Rw,Nb,Nb,,,,,,,Qw,Qw,,,,,,,Pw,Pb,,,,,,,Rb,Rw,,,,,,,Bw,Bw,,,,,,,Qb,Qb,,,,,,,Pb,Nb,Kb,Rb,Nw,Bb,Kw,Pw,Nw	darkRed	0
738c5387720b2129c16eb1c7108edf8f	172	Bb,Nb,Pw,Kb,Bw,Rw,Pb,Qw,Rw,,,,,,,Qb,Kw,,,,,,,Kw,Qw,,,Pb,Pb,,,Rw,Nb,,,Pb,Pb,,,Nb,Rb,,,,,,,Qw,Kb,,,,,,,Kb,Kb,Nw,Rb,Kw,Qb,Nb,Rw,Rb	lightRed	0
739a105b17cd1118245c10f5936f1242	829	Kw,Bb,Nw,Pw,Kw,Bw,Rb,Bw,Rw,,,,,,,Bw,Nb,,,,,,,Nb,Qb,,,,,,,Pb,Kw,,,,,,,Kb,Rb,,,,,,,Bb,Nw,,,,,,,Nw,Rb,Qb,Kw,Rb,Nw,Bw,Kb,Qw	darkGray	0
73a4dc68d53b3415226f8c99900aa87d	3783	Nb,Pw,Qw,Bw,Rb,Pb,Qb,Kb,Bw,,,,,,,Qb,Kb,,,,,,,Kw,Pw,,,,,,,Rw,Nb,,,,,,,Nb,Bb,,,,,,,Qw,Kw,,,,,,,Kb,Bw,Rb,Pw,Qb,Bw,Rw,Pb,Kb	darkRed	0
73aaf12fe8ec09f876ac8cf3a255ca3f	2516	Rb,Qw,Bb,Rw,Pb,Qb,Bw,Bb,Nw,,,,,,,Qw,Qb,,,,,,,Pw,Kw,,,,,,,Nw,Rw,,,,,,,Bb,Nb,,,,,,,Kb,Qw,,,,,,,Pb,Bb,Qb,Kw,Rb,Bw,Qw,Pw,Nb	darkGray	0
73c3f050a74be3566b9a66aac8b947d4	1746	Bb,Kb,Bw,Nw,Pb,Kw,Qb,Qw,Pw,,,,,,,Pw,Rb,,,,,,,Qw,Bw,,,Nb,Nb,,,Nw,Qb,,,Nb,Nb,,,Rb,Pb,,,,,,,Pb,Rw,,,,,,,Qb,Nb,Bb,Nw,Pw,Kw,Bw,Nb,Kw	lightGray	0
73c9e8bb313ce23f115a3913b81ec3ef	1571	Nb,Rb,Bw,Qw,Pw,Rw,Bb,Nb,Qw,,,,,,,Qw,Pw,,,,,,,Kb,Rb,,,Qb,Qb,,,Rw,Bw,,,Qb,Qb,,,Nb,Kb,,,,,,,Qb,Pb,,,,,,,Kw,Kw,Pb,Nw,Bb,Kw,Pw,Nb,Kw	lightGray	0
73cb14b898860e562ab47f650eade96d	707	Kb,Rb,Nw,Qw,Kb,Rw,Nb,Pw,Qb,,,,,,,Qb,Bw,,,,,,,Nw,Rb,,,Bb,Bb,,,Rb,Pw,,,Bb,Bb,,,Kb,Qw,,,,,,,Qw,Nb,,,,,,,Nb,Kw,Kw,Rw,Nw,Qb,Kb,Rb,Qb	darkRed	0
73dff6b400db5baa9fb4747d2ed7e785	2908	Kw,Nb,Bw,Qb,Pb,Nw,Bb,Rb,Qw,,,,,,,Pb,Pw,,,,,,,Rw,Rb,,,,,,,Bb,Bw,,,,,,,Qw,Qb,,,,,,,Pw,Kw,,,,,,,Rb,Kw,Rb,Kb,Qb,Nw,Rw,Kw,Nw	darkRed	0
73e9d2b01d1cf1401ca5c69db58ed8b4	2322	Bw,Rb,Bw,Kw,Pw,Rw,Bb,Bw,Kw,,,,,,,Rw,Pw,,,,,,,Pb,Nw,,,,,,,Qw,Bb,,,,,,,Bb,Kb,,,,,,,Rb,Pb,,,,,,,Pw,Nw,Bw,Qb,Pw,Rb,Bb,Qw,Bb	darkRed	1
73f13da1f66f33935e3b06a1a460a72f	3661	Bb,Qw,Bb,Rw,Pb,Qb,Bw,Bw,Rb,,,,,,,Qw,Bw,,,,,,,Pw,Qw,,,,,,,Nw,Pw,,,,,,,Bb,Rw,,,,,,,Kb,Bb,,,,,,,Pb,Rb,Nw,Qb,Kw,Rw,Nb,Qw,Rb	darkRed	0
73f17d0323e8542d93d55f4fc6d07f73	1461	Qb,Nw,Pb,Kw,Bb,Nb,Pw,Kw,Kb,,,,,,,Rw,Bw,,,,,,,Kw,Nb,,,,,,,Qb,Pw,,,,,,,Nw,Kw,,,,,,,Rb,Bb,,,,,,,Kb,Kb,Nb,Bw,Kb,Pb,Nw,Qb,Bw	darkRed	0
73f59fdc152fa6c82ee45e3b419708ff	1313	Kw,Rb,Nw,Bb,Kw,Rw,Nb,Qb,Pb,,,,,,,Pw,Kb,,,,,,,Rb,Bw,,,,,,,Bb,Nb,,,,,,,Kw,Pw,,,,,,,Pb,Kw,,,,,,,Nw,Nw,Qb,Kw,Rb,Nw,Qw,Kb,Kb	darkGray	0
741e08afb7ab8000e110291f08f8d93c	2385	Kb,Nw,Qb,Kb,Rb,Nb,Qw,Rw,Kb,,,,,,,Rb,Rb,,,,,,,Pw,Nw,,,,,,,Qb,Qb,,,,,,,Nw,Kw,,,,,,,Rw,Rw,,,,,,,Kw,Nb,Rb,Pw,Qw,Bb,Rw,Pb,Nb	lightRed	1
74247183fc7f61e2b9483da721b470da	258	Qb,Qw,Pw,Rb,Bw,Qb,Pb,Qw,Qw,,,,,,,Kb,Kb,,,,,,,Rb,Rb,,,,,,,Nb,Nw,,,,,,,Qw,Bb,,,,,,,Kw,Kw,,,,,,,Rw,Qb,Pw,Rb,Bb,Qw,Pb,Rw,Bw	lightRed	0
742b098794f9b8995c72301a875590b9	845	Nb,Rb,Kb,Qb,Nw,Rw,Kw,Pb,Nw,,,,,,,Kb,Bb,,,,,,,Bw,Kw,,,,,,,Nw,Pw,,,,,,,Pb,Nb,,,,,,,Kw,Bw,,,,,,,Bb,Pb,Rb,Bw,Qb,Pb,Rw,Bb,Qb	lightRed	0
7430d336b4fda317535ee19cf3dbcb53	2987	Bb,Kb,Qw,Nw,Rb,Kw,Qb,Bb,Rw,,,,,,,Bw,Pb,,,,,,,Qb,Qw,,,,,,,Pb,Bb,,,,,,,Rw,Rb,,,,,,,Bb,Pw,,,,,,,Qw,Qw,Rb,Bw,Qb,Pb,Rw,Bb,Kw	lightGray	0
74333fa55562e63a30dfa134610322bc	523	Pb,Nw,Bb,Kb,Pb,Nb,Bw,Nb,Kb,,,,,,,Nb,Pb,,,,,,,Qw,Nw,,,Rw,Rw,,,Kb,Bb,,,Rw,Rw,,,Rb,Kw,,,,,,,Bw,Pw,,,,,,,Qb,Rb,Rb,Nw,Qw,Pw,Rw,Bb,Bb	lightRed	0
743b2b135c8864d3ff74298a75b3fbe3	2864	Bb,Nw,Rb,Kb,Qw,Nb,Rw,Rb,Kb,,,,,,,Qb,Qw,,,,,,,Bw,Nw,,,Rb,Rb,,,Rw,Rb,,,Rb,Rb,,,Pb,Kw,,,,,,,Qw,Qb,,,,,,,Bb,Bw,Kw,Qb,Nb,Rw,Kb,Qw,Qw	darkGray	0
744a9553abba59dce62c2e63754d7240	1801	Bb,Rw,Bb,Qw,Pw,Rb,Bw,Rb,Kw,,,,,,,Pw,Pw,,,,,,,Rb,Nw,,,Nw,Nw,,,Bb,Bb,,,Nw,Nw,,,Qw,Qb,,,,,,,Pb,Pb,,,,,,,Rw,Kb,Pb,Qb,Bw,Rb,Pw,Qw,Qw	lightGray	0
744d36436c2f7c6db9f5502356c59e3b	2651	Kb,Rw,Kw,Qw,Nb,Rb,Pw,Pw,Bb,,,,,,,Bw,Nw,,,,,,,Nb,Pb,,,,,,,Pb,Kb,,,,,,,Kb,Bw,,,,,,,Bb,Nb,,,,,,,Pw,Bw,Bb,Nw,Pb,Kb,Bw,Nb,Kw	darkRed	0
744f03217d984c2fcfbc9de5210821d1	3349	Rw,Bb,Kw,Rb,Nw,Qw,Kb,Pb,Kb,,,,,,,Pw,Rb,,,,,,,Qw,Nb,,,,,,,Nw,Qw,,,,,,,Rb,Kw,,,,,,,Kw,Rw,,,,,,,Qb,Rb,Pb,Qb,Bb,Rw,Pw,Qw,Rw	darkRed	0
74615ab5b9dec7ae3708fd21a3eb6435	3955	Bb,Nw,Bb,Kb,Pb,Nb,Bw,Bb,Qw,,,,,,,Kb,Nb,,,,,,,Bw,Rw,,,,,,,Nb,Kw,,,,,,,Pw,Bb,,,,,,,Kw,Nw,,,,,,,Bb,Bw,Pw,Qw,Bb,Rw,Pb,Qb,Rb	lightGray	0
74634bd445f7576a5d760a8ad5123869	1958	Qw,Pw,Nb,Bb,Kw,Pb,Nw,Rw,Pw,,,,,,,Nb,Nb,,,,,,,Qw,Bb,,,,,,,Kb,Kw,,,,,,,Rb,Pb,,,,,,,Nw,Nw,,,,,,,Bb,Qb,Qb,Nw,Rb,Kb,Qw,Nb,Pb	lightRed	0
74678271002e21f6b01f05c9bff43b3b	1100	Rb,Qb,Pb,Rb,Bw,Qw,Pw,Kw,Rb,,,,,,,Qw,Bw,,,,,,,Pw,Qw,,,,,,,Rb,Pw,,,,,,,Bw,Rw,,,,,,,Qb,Bb,,,,,,,Pb,Qw,Kw,Bb,Nb,Pw,Kb,Bw,Kb	lightGray	0
7488a25c8d7c67ada4330fa48e64209c	646	Kb,Bb,Kw,Pw,Rb,Bw,Kb,Kw,Qb,,,,,,,Kw,Bw,,,,,,,Pw,Rw,,,,,,,Nw,Kw,,,,,,,Bb,Qw,,,,,,,Qb,Bb,,,,,,,Pb,Kw,Nb,Bw,Qb,Pb,Nw,Bb,Rb	lightRed	0
748decab611fa3ea7554740d5e020e34	1801	Bb,Rw,Bb,Qw,Pw,Rb,Bw,Rb,Kw,,,,,,,Pw,Pw,,,,,,,Rb,Nw,,,Nw,Nw,,,Bb,Bb,,,Nw,Nw,,,Qw,Qb,,,,,,,Pb,Pb,,,,,,,Rw,Kb,Pb,Qb,Bw,Rb,Pw,Qw,Qw	darkGray	0
74a12c6de5026483a44ceffff6e140b9	1288	Pw,Kb,Pb,Nw,Bb,Kw,Pw,Kw,Nb,,,,,,,Pb,Bw,,,,,,,Qb,Kb,,,,,,,Bb,Pb,,,,,,,Rw,Nw,,,,,,,Pw,Bb,,,,,,,Qw,Rw,Bw,Kb,Pb,Nw,Bb,Kw,Pw	lightRed	0
74a1ed607bd6af71312c8b6ec3cc8159	2748	Bw,Bw,Qb,Pw,Rb,Bb,Qw,Qw,Nb,,,,,,,Kb,Rw,,,,,,,Rb,Kb,,,,,,,Nw,Qw,,,,,,,Qb,Bw,,,,,,,Kw,Rb,,,,,,,Rw,Nb,Rb,Pw,Qw,Bb,Rw,Kw,Rw	darkGray	0
74b75b586f6f282953a2b82ce037f910	1171	Kb,Kb,Bw,Nw,Pb,Kw,Bb,Kw,Qb,,,,,,,Bb,Bw,,,,,,,Nw,Rw,,,,,,,Pb,Pb,,,,,,,Kb,Qw,,,,,,,Bw,Bb,,,,,,,Nb,Rw,Rw,Rw,Rw,Rw,Rw,Rw,Rw	darkGray	0
74bd9651568d7c353e6749709f9f23e7	3397	Bb,Rw,Pb,Kw,Bb,Rb,Pw,Rw,Rw,,,,,,,Nb,Nb,,,,,,,Pw,Qb,,,Pw,Pw,,,Kb,Kw,,,Pw,Pw,,,Bw,Rb,,,,,,,Nw,Nw,,,,,,,Pb,Qw,Rb,Bw,Qb,Pb,Rw,Bb,Kw	darkGray	0
74c0f033d57ff23a99fa74ee4874b053	1762	Rb,Pw,Rb,Bb,Qw,Pb,Rw,Nb,Nw,,,,,,,Qb,Rb,,,,,,,Bw,Kw,,,,,,,Rw,Qb,,,,,,,Kw,Nb,,,,,,,Qw,Rw,,,,,,,Nb,Kw,Nb,Qw,Kb,Pb,Nw,Bb,Kb	darkGray	0
74c113b19d17233fb20ee7c237abf405	1660	Qb,Rw,Rw,Kw,Qw,Nb,Rb,Kw,Nw,,,,,,,Rw,Bb,,,,,,,Bb,Kb,,,,,,,Qw,Pb,,,,,,,Pw,Nb,,,,,,,Rb,Qw,,,,,,,Bw,Nw,Rw,Pb,Qw,Nb,Rb,Pw,Kb	lightGray	1
74d0272dead9713295207fb874c23421	1127	Pw,Qb,Kw,Rw,Nb,Qw,Kb,Nw,Nw,,,,,,,Kw,Bb,,,,,,,Kb,Kb,,,,,,,Pw,Pb,,,,,,,Nb,Nb,,,,,,,Bb,Bw,,,,,,,Kw,Nb,Bb,Nw,Pw,Kw,Bw,Nb,Kw	lightRed	0
74d2f8cf4907964961be8e37af6f250a	2681	Rb,Qb,Pb,Rb,Bw,Qw,Pw,Rb,Qb,,,,,,,Qb,Pb,,,,,,,Pb,Rb,,,Bw,Bw,,,Rw,Bw,,,Bw,Bw,,,Bb,Qw,,,,,,,Qw,Pw,,,,,,,Pw,Pw,Pb,Kb,Bw,Nb,Pw,Kw,Rb	darkRed	0
74d35e8cbd7d7541b3e072b3468d09fb	2025	Bb,Qb,Bw,Rw,Pb,Qw,Bb,Rw,Bw,,,,,,,Rw,Kb,,,,,,,Kw,Pw,,,Pb,Pb,,,Qb,Nb,,,Pb,Pb,,,Nw,Bb,,,,,,,Rb,Qw,,,,,,,Kb,Bw,Bb,Nw,Pw,Qw,Bw,Nb,Qb	lightRed	0
74d52af2bd249d8472d115aa8c94f25f	1890	Nw,Bw,Qb,Pw,Rb,Bb,Qw,Pw,Pb,,,,,,,Qw,Rw,,,,,,,Pw,Bw,,,,,,,Rb,Qb,,,,,,,Bw,Pw,,,,,,,Qb,Rb,,,,,,,Kw,Bb,Kw,Rw,Nb,Qw,Kb,Rb,Kb	lightRed	0
74f4ad1a243755bb71aa1aa33ecaf228	3964	Qb,Bb,Nw,Pw,Kw,Bw,Nb,Kw,Bb,,,,,,,Qb,Nw,,,,,,,Kw,Pw,,,Bb,Bb,,,Rb,Kw,,,Bb,Bb,,,Nw,Bw,,,,,,,Qw,Nb,,,,,,,Kb,Bb,Nb,Pw,Kw,Bb,Nw,Pb,Pw	darkRed	0
75058e8f2c8034ef08be5d4d99ae0de3	2144	Pw,Qb,Bw,Rw,Pb,Qw,Bb,Rw,Bb,,,,,,,Rw,Kw,,,,,,,Rw,Pb,,,Nb,Nb,,,Rw,Nw,,,Nb,Nb,,,Rw,Bw,,,,,,,Rw,Qb,,,,,,,Rw,Rw,Kw,Rw,Nb,Qw,Pw,Rb,Rw	lightRed	0
750670bd878037141716cb68aacf1f05	1515	Nw,Pw,Kw,Bb,Nw,Pb,Kb,Nw,Kb,,,,,,,Qw,Bw,,,,,,,Kb,Nw,,,Bw,Bw,,,Rw,Pb,,,Bw,Bw,,,Nb,Kw,,,,,,,Qb,Bb,,,,,,,Kw,Kw,Kb,Pb,Nw,Bb,Kw,Pw,Rw	lightRed	0
75385fc207c182fc6da019f888964e4b	2371	Nw,Kw,Qb,Nw,Rb,Kb,Qw,Nw,Qw,,,,,,,Bb,Bb,,,,,,,Qw,Rw,,,Pb,Pb,,,Pb,Pb,,,Pb,Pb,,,Rw,Qb,,,,,,,Bw,Bw,,,,,,,Qb,Qb,Pw,Kw,Bb,Nw,Pb,Kb,Kw	lightRed	0
753a6464bed225578c2ddec87035d181	2022	Nb,Qb,Bw,Rw,Pb,Qw,Bb,Qw,Nw,,,,,,,Rb,Qb,,,,,,,Pw,Kb,,,,,,,Qb,Rb,,,,,,,Bw,Bb,,,,,,,Nw,Qw,,,,,,,Pb,Bw,Pb,Kb,Bb,Nw,Pw,Qw,Kb	lightRed	0
75435fe88c9955adddf165b9f8b66408	3573	Qb,Pb,Qb,Bw,Rb,Pw,Qw,Qw,Kw,,,,,,,Qw,Rw,,,,,,,Nb,Nb,,,Qw,Qw,,,Rw,Qw,,,Qw,Qw,,,Kw,Kb,,,,,,,Qb,Pb,,,,,,,Nw,Pb,Kb,Rb,Nb,Qw,Kw,Rw,Kb	lightRed	0
75499d771bfbd1513e82c881602344b2	394	Bb,Pb,Qb,Bw,Rb,Pw,Qw,Qb,Pb,,,,,,,Kw,Kb,,,,,,,Rw,Bb,,,Kb,Kb,,,Nb,Nw,,,Kb,Kb,,,Bw,Pw,,,,,,,Kb,Kw,,,,,,,Pb,Qb,Bb,Kw,Pw,Nb,Bw,Kb,Bw	darkRed	0
75548ffe5e281476ee227d2af2d22149	3767	Rb,Nb,Pw,Kw,Bb,Nw,Pb,Bb,Bw,,,,,,,Bb,Rb,,,,,,,Qw,Pb,,,,,,,Pw,Qb,,,,,,,Rb,Bb,,,,,,,Nw,Nw,,,,,,,Qb,Kb,Bw,Qb,Pb,Rw,Bb,Qw,Qw	lightGray	0
7558ff2ab3f790a96a1f16df287cb5d4	1233	Qb,Bw,Rb,Pw,Qw,Bb,Rw,Nb,Bw,,,,,,,Nb,Nb,,,,,,,Rw,Pw,,,,,,,Kw,Kw,,,,,,,Qb,Bb,,,,,,,Nw,Nw,,,,,,,Rb,Kw,Rb,Bw,Qb,Pb,Rw,Bb,Rb	darkGray	0
75618c431b25e685f5912019f71528b0	3784	Rw,Pw,Nb,Bb,Kw,Pb,Nw,Rb,Kb,,,,,,,Kb,Bw,,,,,,,Pb,Nw,,,,,,,Nb,Pb,,,,,,,Bw,Kw,,,,,,,Kw,Bb,,,,,,,Pw,Rb,Nw,Bb,Kb,Rb,Nb,Bw,Bb	darkRed	0
75631d392de52c02ae4851cced0dfdda	3684	Rw,Kw,Qb,Nb,Rw,Kb,Qw,Bb,Qb,,,,,,,Nw,Pb,,,,,,,Pb,Rb,,,,,,,Kw,Bw,,,,,,,Bb,Qw,,,,,,,Nb,Pw,,,,,,,Pw,Pw,Qb,Kw,Rw,Nb,Qw,Kb,Rw	lightGray	0
757d9373d95dd35c602f5ce54c71824d	3928	Kb,Qw,Kb,Rw,Nb,Qb,Kw,Pb,Nw,,,,,,,Rw,Qb,,,,,,,Pb,Kb,,,Pb,Pb,,,Qb,Rb,,,Pb,Pb,,,Bw,Nb,,,,,,,Rb,Qw,,,,,,,Pw,Kb,Pb,Nw,Qw,Kb,Rw,Nb,Rw	darkRed	0
75a3ac82f740e641c6ad28f8f9765bcb	1346	Qb,Qb,Kw,Rb,Nw,Qw,Kb,Kb,Rw,,,,,,,Kb,Kw,,,,,,,Rb,Qb,,,,,,,Nw,Nw,,,,,,,Qb,Rb,,,,,,,Kw,Kb,,,,,,,Rw,Kw,Rw,Kw,Qw,Nb,Rb,Kb,Nb	darkRed	1
75aa424f834d51b69add023db281b9a1	3507	Rw,Kw,Rw,Nb,Bw,Kb,Rb,Bw,Rw,,,,,,,Qb,Rw,,,,,,,Bw,Rw,,,,,,,Rw,Rw,,,,,,,Kw,Rw,,,,,,,Qw,Rw,,,,,,,Nb,Rw,Bb,Nw,Pb,Kb,Bw,Nb,Rw	darkRed	0
75ab3e9c32d6bf4e91a8acfb7f5c34a0	3163	Kb,Nw,Rb,Kb,Qw,Nb,Rw,Bw,Qb,,,,,,,Kw,Kw,,,,,,,Qb,Rw,,,,,,,Nw,Nb,,,,,,,Rb,Qw,,,,,,,Kb,Kb,,,,,,,Qw,Pw,Nw,Rb,Pw,Qw,Nb,Rw,Pw	lightGray	0
75cc5c16ea46fa8370d29de75c1bc885	2316	Qw,Qb,Nw,Rb,Kb,Qw,Nb,Bw,Bb,,,,,,,Pw,Rw,,,,,,,Nb,Pb,,,,,,,Bw,Kb,,,,,,,Kb,Bw,,,,,,,Pb,Nb,,,,,,,Nw,Qb,Kb,Qw,Nw,Rw,Qw,Qb,Rw	lightGray	0
75d39bf25257e9f753a89c6068160760	19	Pw,Qb,Rw,Pb,Qb,Bw,Rb,Nb,Pw,,,,,,,Rw,Qw,,,,,,,Pb,Bb,,,,,,,Qw,Rw,,,,,,,Bb,Pb,,,,,,,Rb,Qb,,,,,,,Pw,Nb,Bb,Rw,Pb,Qb,Bw,Rb,Bb	darkRed	0
75d974baeccbdebdcb6670755ba8976c	522	Nb,Qw,Nb,Rb,Qb,Qb,Nw,Kw,Nb,,,,,,,Bw,Pw,,,,,,,Kb,Qb,,,Nb,Nb,,,Pb,Bw,,,Nb,Nb,,,Nw,Nw,,,,,,,Bb,Pb,,,,,,,Kw,Rw,Pw,Nb,Bw,Kb,Pb,Nw,Qw	darkGray	0
75e2eb6f6217f86a9a63d4338690c620	3867	Rw,Kb,Pb,Nb,Bw,Kw,Pw,Qb,Qb,,,,,,,Rw,Kw,,,,,,,Nb,Rw,,,Pb,Pb,,,Qb,Nb,,,Pb,Pb,,,Kw,Qw,,,,,,,Rb,Kb,,,,,,,Nw,Qb,Kb,Bw,Nw,Pb,Kw,Bb,Bb	darkGray	0
75ececc9c5137e62e046cc8b9266fd62	20	Qw,Nw,Qb,Kb,Rb,Nb,Qw,Pb,Kw,,,,,,,Kw,Pw,,,,,,,Rw,Nw,,,Bb,Bb,,,Bw,Bb,,,Bb,Bb,,,Qb,Kb,,,,,,,Pw,Pb,,,,,,,Rb,Bb,Kw,Rw,Nw,Qb,Kb,Rb,Nw	lightRed	0
75f628d724e7a8abbd43e59abfc504d9	639	Qw,Rb,Bw,Qw,Pw,Rw,Bb,Bb,Nb,,,,,,,Bw,Qw,,,,,,,Rb,Kb,,,,,,,Pw,Rb,,,,,,,Qw,Nw,,,,,,,Bb,Qb,,,,,,,Rw,Qb,Qw,Kb,Rw,Nb,Qb,Kw,Kb	darkRed	0
7607ce768ea0177f9c4f7e2372bca03d	1155	Nb,Pb,Nw,Bb,Kw,Rw,Nb,Kb,Nb,,,,,,,Bw,Qw,,,,,,,Rb,Kb,,,Pw,Pw,,,Pw,Rb,,,Pw,Pw,,,Qw,Nw,,,,,,,Bb,Qb,,,,,,,Rw,Pw,Nb,Rw,Kb,Qw,Nw,Rb,Qw	darkRed	0
760c0cca481e038696da8114e71629d5	2416	Rw,Rw,Nb,Qb,Kw,Rb,Bw,Qb,Bw,,,,,,,Rw,Rb,,,,,,,Kw,Pw,,,Nw,Nw,,,Qb,Qw,,,Nw,Nw,,,Nw,Bb,,,,,,,Rb,Rw,,,,,,,Kb,Rw,Qw,Bb,Rw,Pb,Qb,Nw,Kw	lightRed	0
76116d0ce39fe10519f7443f02c74a29	2567	Qb,Qb,Kw,Rb,Nw,Qw,Kb,Bb,Pb,,,,,,,Qb,Nw,,,,,,,Kw,Bb,,,,,,,Rw,Kw,,,,,,,Nb,Rw,,,,,,,Qw,Nb,,,,,,,Kb,Kb,Bb,Qw,Pb,Rw,Bw,Qb,Qb	lightGray	0
7613f1e779df160723cb2e10408b0dbf	3323	Qw,Nb,Rw,Kb,Qw,Nw,Rb,Nb,Pw,,,,,,,Pb,Rb,,,,,,,Nw,Bb,,,,,,,Qw,Qw,,,,,,,Kb,Pb,,,,,,,Rw,Rw,,,,,,,Nb,Qw,Pb,Kb,Bw,Nb,Pw,Kw,Qb	lightRed	0
761af6f0e8ca234a7bcf501d48513d7e	3532	Qb,Qb,Pb,Rb,Bw,Qw,Pw,Rb,Pb,,,,,,,Bb,Rw,,,,,,,Nw,Bw,,,Rb,Rb,,,Pw,Qb,,,Rb,Rb,,,Kw,Kb,,,,,,,Bw,Rb,,,,,,,Nb,Rb,Bb,Rw,Pb,Qb,Bw,Rb,Qw	lightRed	1
761b92b77f2ac09088b2fab8e734039c	2037	Bw,Bb,Qw,Pw,Rb,Bw,Qb,Bb,Bw,,,,,,,Qw,Qb,,,,,,,Pw,Kw,,,,,,,Rb,Rw,,,,,,,Bw,Bb,,,,,,,Kb,Qw,,,,,,,Pb,Qw,Nb,Bw,Kb,Pb,Nw,Bb,Rb	darkGray	0
763e5811138c07075706115e3fd89937	1286	Rb,Nw,Pb,Kw,Bb,Nb,Pw,Rw,Bw,,,,,,,Qb,Kb,,,,,,,Bw,Pb,,,Rw,Rw,,,Rw,Nw,,,Rw,Rw,,,Pb,Bb,,,,,,,Qw,Kw,,,,,,,Bb,Kb,Nb,Rw,Kw,Qb,Nw,Rb,Bb	lightRed	0
764df6a026bcabf50222b80ffa4b9988	951	Pb,Bw,Kb,Pw,Nb,Bb,Kw,Rb,Bw,,,,,,,Pb,Kb,,,,,,,Rw,Pw,,,Rb,Rb,,,Bb,Nb,,,Rb,Rb,,,Qw,Bb,,,,,,,Pw,Kw,,,,,,,Rb,Qw,Pw,Qw,Bw,Rb,Pb,Qb,Nw	darkGray	0
7654ed3ef8b08dd1e733efd87a255bda	3710	Rb,Nw,Kb,Kw,Rw,Nb,Kw,Pw,Pb,,,,,,,Rb,Qb,,,,,,,Kb,Bb,,,,,,,Qb,Rw,,,,,,,Nw,Pw,,,,,,,Rw,Kw,,,,,,,Kw,Bw,Bb,Kw,Pw,Rb,Bw,Qb,Bw	lightRed	0
7658a0b3c1d26fd22681fed9f4238337	2855	Kw,Pb,Qb,Bw,Rb,Pw,Qw,Nw,Kb,,,,,,,Pb,Pb,,,,,,,Rw,Nb,,,,,,,Bb,Bw,,,,,,,Qw,Kw,,,,,,,Pw,Rw,,,,,,,Rb,Nw,Qb,Nw,Rw,Kw,Qw,Nb,Bw	lightGray	0
76728a8d9726c3f55a52676a2042fa61	1171	Kb,Kb,Bw,Nw,Pb,Kw,Bb,Kw,Qb,,,,,,,Bb,Bw,,,,,,,Nw,Rw,,,,,,,Pb,Pb,,,,,,,Kb,Qw,,,,,,,Bw,Bb,,,,,,,Nb,Rw,Rw,Rw,Rw,Rw,Rw,Rw,Rw	darkGray	0
76729c259656c9488b1bc46570899e9f	2911	Nb,Pw,Kw,Qb,Nw,Pb,Kb,Bb,Nb,,,,,,,Nb,Pw,,,,,,,Rw,Kb,,,Bw,Bw,,,Kb,Bw,,,Bw,Bw,,,Qw,Nw,,,,,,,Nw,Pb,,,,,,,Rb,Bb,Bb,Qw,Pw,Rb,Bw,Qb,Kw	darkGray	0
7673caffff856b18bdda23b6937f5cae	1528	Nw,Pb,Rw,Bw,Kb,Pw,Nb,Pw,Kb,,,,,,,Pw,Bw,,,,,,,Nb,Nw,,,,,,,Bb,Pb,,,,,,,Kw,Kw,,,,,,,Pb,Bb,,,,,,,Nw,Qb,Kb,Bw,Nb,Pw,Kw,Bb,Bb	lightRed	0
767a574b2601d6bc5e0bfa70b0d80327	3403	Rw,Kw,Qb,Nb,Pw,Kb,Qw,Qb,Kw,,,,,,,Qw,Rw,,,,,,,Kb,Nb,,,Qw,Qw,,,Rw,Qw,,,Qw,Qw,,,Nb,Pw,,,,,,,Qb,Rb,,,,,,,Kw,Qb,Qw,Kb,Rw,Nb,Pb,Kw,Nw	lightRed	0
767c636ccd03211891314d795005d90a	1156	Rw,Kb,Qw,Nb,Rw,Kw,Qb,Qb,Kb,,,,,,,Nb,Qw,,,,,,,Bw,Nb,,,,,,,Qb,Rw,,,,,,,Pb,Kw,,,,,,,Rw,Bb,,,,,,,Bb,Kw,Bb,Qw,Pb,Rw,Bw,Kb,Bw	lightGray	0
7692219ddf3a05d3917178bd41848a64	895	Rw,Kb,Rb,Nb,Qw,Kw,Rw,Qw,Pw,,,,,,,Pw,Kw,,,,,,,Rb,Bw,,,Kb,Kb,,,Bb,Nb,,,Kb,Kb,,,Qw,Pb,,,,,,,Pb,Kb,,,,,,,Rw,Bb,Kw,Rw,Nw,Qb,Kb,Rb,Qw	darkGray	0
76a700e16f85182b2cea4d7f94b457f3	2497	Kw,Bb,Rw,Pb,Qb,Bw,Rb,Nw,Rb,,,,,,,Kw,Pw,,,,,,,Kb,Kw,,,,,,,Rw,Bb,,,,,,,Nb,Nw,,,,,,,Qb,Pb,,,,,,,Kw,Rb,Kb,Qw,Nb,Rw,Kw,Qb,Bw	darkGray	0
76a9354477b886fca32a4715b027904b	3700	Pw,Pb,Qb,Bb,Rw,Kb,Qw,Pw,Qw,,,,,,,Bb,Pw,,,,,,,Nw,Rw,,,Kb,Kb,,,Pw,Bb,,,Kb,Kb,,,Qw,Qb,,,,,,,Bw,Pb,,,,,,,Rb,Nw,Rb,Kb,Qw,Nb,Rw,Kw,Rb	lightGray	0
76a9adb314b3f8e25efd2a653fb3e1e5	3081	Bw,Nb,Rw,Pb,Qb,Nw,Rb,Bb,Pw,,,,,,,Pb,Nb,,,,,,,Rw,Bw,,,Qw,Qw,,,Bw,Kb,,,Qw,Qw,,,Qb,Pb,,,,,,,Pw,Nw,,,,,,,Rb,Rw,Kb,Bw,Nb,Pw,Kw,Qb,Nw	lightGray	0
76bfb88590ba1b2973ab40d24335266e	4077	Kw,Kb,Kw,Rb,Nw,Qw,Kb,Kb,Pw,,,,,,,Bw,Rb,,,,,,,Nb,Bb,,,,,,,Pw,Qw,,,,,,,Kw,Pb,,,,,,,Bb,Rw,,,,,,,Nw,Kb,Nb,Bw,Kw,Pw,Nw,Bb,Bw	lightGray	0
76f59a2bb5c434bee4ff86aa2c9499a4	2741	Qb,Qw,Nb,Rw,Pb,Qb,Bw,Kb,Bw,,,,,,,Kw,Rb,,,,,,,Pw,Pb,,,Rb,Rb,,,Nb,Qb,,,Rb,Rb,,,Bw,Bb,,,,,,,Kb,Rw,,,,,,,Pb,Bw,Pb,Rw,Bb,Qw,Pw,Rb,Kw	lightRed	0
7706432329903e461d216da8233363cb	1105	Pw,Bw,Rb,Pb,Qb,Bb,Rw,Kb,Kb,,,,,,,Pw,Qw,,,,,,,Nb,Nb,,,,,,,Bw,Rw,,,,,,,Kb,Kw,,,,,,,Pb,Qb,,,,,,,Nw,Pw,Rb,Pw,Qb,Bw,Rw,Pb,Rb	darkGray	0
7724947fc4f8a0dac7c789cd231eae00	3475	Pb,Bb,Rw,Pb,Qb,Bw,Rb,Pb,Bw,,,,,,,Bw,Kb,,,,,,,Nb,Pb,,,,,,,Pb,Nw,,,,,,,Kb,Bb,,,,,,,Bb,Kw,,,,,,,Nw,Bw,Bb,Rw,Kb,Qw,Nw,Rb,Qb	darkRed	0
772f60ad4aeb271d2c07862e25f21fc6	406	Pb,Bw,Qb,Pw,Rb,Bb,Qw,Bb,Kw,,,,,,,Nw,Pw,,,,,,,Qb,Nw,,,,,,,Kw,Bb,,,,,,,Rw,Kb,,,,,,,Nb,Pb,,,,,,,Qw,Rw,Qw,Nb,Rb,Kb,Qb,Nw,Pb	lightRed	1
77390e4a2094804df6d342ff83fb75fc	1630	Kw,Bw,Rb,Pb,Qb,Bb,Rw,Kw,Pb,,,,,,,Rb,Nw,,,,,,,Nw,Bb,,,,,,,Qw,Kw,,,,,,,Kb,Pw,,,,,,,Rw,Nb,,,,,,,Nb,Kw,Qw,Pw,Rb,Bw,Qb,Pb,Rb	darkRed	0
7743907df43148bf277e2cfde0ea3a01	1299	Pb,Qw,Nb,Rw,Kw,Qb,Nw,Kw,Qw,,,,,,,Qb,Kb,,,,,,,Bw,Pb,,,Nb,Nb,,,Rb,Nw,,,Nb,Nb,,,Pw,Qb,,,,,,,Qw,Kw,,,,,,,Bb,Nw,Nb,Qw,Kb,Rb,Nw,Qb,Kw	darkGray	0
774ae30bea850c4448f55aec6ef8425c	2774	Nw,Nw,Pb,Kw,Bb,Nb,Pw,Bb,Qb,,,,,,,Nw,Pb,,,,,,,Pb,Rw,,,,,,,Kb,Bb,,,,,,,Bw,Qw,,,,,,,Nb,Kb,,,,,,,Pw,Nb,Qw,Bb,Rb,Pw,Qb,Bw,Kb	darkRed	0
775c53be106bd036ea90c39293fde5c7	4026	Qb,Kb,Bw,Nb,Pw,Kw,Bb,Nw,Nw,,,,,,,Nw,Qb,,,,,,,Bb,Kw,,,Rb,Rb,,,Kb,Rw,,,Rb,Rb,,,Pb,Nb,,,,,,,Nb,Qw,,,,,,,Bw,Kw,Bw,Rb,Pw,Kw,Bb,Rw,Pb	lightRed	0
7783d743f5166a04e18fdb982d960bda	118	Pb,Kb,Pb,Nb,Bw,Kw,Pw,Rw,Pw,,,,,,,Pw,Rb,,,,,,,Qw,Bw,,,,,,,Bw,Qb,,,,,,,Rb,Pb,,,,,,,Pb,Rw,,,,,,,Qb,Kw,Qb,Bw,Rw,Pb,Qw,Bb,Kb	lightRed	1
778a2a9c11b9db2b0380789c56d0f331	2001	Nw,Bb,Qw,Pb,Rw,Bw,Qb,Pw,Nw,,,,,,,Pw,Rb,,,,,,,Kw,Kw,,,Pb,Pb,,,Bb,Bb,,,Pb,Pb,,,Nw,Nb,,,,,,,Pb,Pw,,,,,,,Kb,Kw,Qw,Nb,Rw,Kw,Qb,Nw,Bb	darkGray	0
77beeef21d9e5903cd7f50d795b11fcb	1990	Bw,Kw,Qb,Nw,Rb,Kb,Qw,Qb,Qb,,,,,,,Bb,Nw,,,,,,,Kw,Rw,,,Nw,Nw,,,Pw,Kw,,,Nw,Nw,,,Nb,Qw,,,,,,,Qw,Nb,,,,,,,Kb,Qb,Qw,Pw,Rb,Bw,Qb,Pb,Qw	darkRed	0
77e08b37cc7e9da8391ad3bbdace4538	638	Nw,Qw,Pw,Rw,Bb,Qb,Kw,Kw,Nb,,,,,,,Qw,Rw,,,,,,,Nb,Kb,,,,,,,Rw,Qw,,,,,,,Kw,Nw,,,,,,,Qb,Rb,,,,,,,Nw,Kb,Bw,Rb,Pw,Qw,Bb,Rw,Qb	lightRed	0
77e2edfe52f7744caaccd767e43fd543	695	Qb,Nb,Pw,Qb,Bw,Rw,Pb,Bb,Rw,,,,,,,Kb,Bb,,,,,,,Rb,Qw,,,,,,,Nw,Pw,,,,,,,Qb,Rb,,,,,,,Pb,Bw,,,,,,,Rw,Pb,Pb,Nw,Bb,Kw,Pw,Nb,Nw	lightRed	0
77eabdd5dba56633798dc48420a66b4a	2283	Bw,Pb,Nw,Qw,Kb,Rw,Nb,Bw,Bb,,,,,,,Qb,Qw,,,,,,,Pb,Pw,,,Rb,Rb,,,Rb,Rb,,,Rb,Rb,,,Bw,Bw,,,,,,,Qw,Qb,,,,,,,Pw,Nb,Qw,Nb,Rb,Kb,Qb,Nw,Kw	lightGray	0
77fc4de362df425bec59af7cf8bab21a	3118	Kb,Nb,Qw,Kb,Rb,Nw,Qb,Rw,Kw,,,,,,,Rw,Qb,,,,,,,Nb,Nw,,,Qw,Qw,,,Qb,Rb,,,Qw,Qw,,,Kw,Kb,,,,,,,Rb,Bw,,,,,,,Nw,Nb,Rb,Kb,Qb,Nw,Rw,Pb,Qw	lightGray	1
77fce265111b4089cc4ffc9ed29fbdab	4071	Nw,Nw,Pb,Kw,Bb,Nb,Pw,Rb,Bb,,,,,,,Rw,Kw,,,,,,,Nb,Pb,,,,,,,Qw,Nw,,,,,,,Kb,Bw,,,,,,,Rb,Kb,,,,,,,Bw,Rb,Pw,Nb,Bw,Qb,Pb,Rw,Bw	lightGray	0
7816cec249c662cf0ec43a51ff72d4e3	2713	Qw,Bb,Qw,Pw,Rb,Bw,Qb,Rw,Nw,,,,,,,Rb,Bb,,,,,,,Kb,Kw,,,,,,,Qb,Pw,,,,,,,Nw,Nb,,,,,,,Rw,Bw,,,,,,,Kw,Qw,Pb,Nw,Bw,Kb,Pw,Nb,Qw	lightRed	0
782b5fdb6278e336d2f5ad0b4595622b	2189	Kw,Pw,Qw,Bb,Nw,Pb,Qb,Bb,Pw,,,,,,,Bb,Rb,,,,,,,Nw,Bb,,,,,,,Pb,Qw,,,,,,,Kb,Pb,,,,,,,Bw,Rw,,,,,,,Nb,Pb,Pw,Kw,Bb,Nw,Pb,Kb,Kb	darkGray	0
7854af887427c17c31ad2ffc16a15a79	3865	Bw,Pw,Qw,Bb,Rw,Pb,Qb,Pw,Rb,,,,,,,Nb,Pw,,,,,,,Bw,Qb,,,Pb,Pb,,,Kw,Bw,,,Pb,Pb,,,Pw,Rw,,,,,,,Nw,Pb,,,,,,,Bb,Rb,Pw,Kw,Bb,Nw,Pb,Kb,Qw	lightRed	0
7854d6a7092e8b4ff631c2b3904b63a0	3776	Qb,Rw,Nb,Qw,Qb,Rb,Nw,Kw,Qw,,,,,,,Rw,Pw,,,,,,,Pb,Rb,,,,,,,Qb,Bw,,,,,,,Bw,Qb,,,,,,,Rb,Pb,,,,,,,Pw,Qw,Qw,Bb,Nw,Pb,Qb,Bw,Pw	lightGray	0
785b4e37e518e141ebc9113f4810841a	2591	Qb,Rw,Pb,Qw,Bb,Rb,Pw,Qb,Nb,,,,,,,Kb,Bw,,,,,,,Qw,Qb,,,Pb,Pb,,,Nb,Pb,,,Pb,Pb,,,Rw,Rw,,,,,,,Kw,Bb,,,,,,,Qb,Bw,Kb,Pb,Nb,Bw,Kw,Pw,Kb	darkGray	0
78680af81a0d6220fa0399b3779972bc	1996	Rw,Bw,Qb,Pw,Nb,Bb,Kw,Kb,Rw,,,,,,,Rb,Rw,,,,,,,Pw,Rw,,,,,,,Qw,Rw,,,,,,,Bb,Rw,,,,,,,Nw,Rw,,,,,,,Pb,Rw,Rw,Rw,Rw,Rw,Rw,Rw,Rw	darkRed	0
786bfa77e42239a466b6e795461d9f62	2510	Qb,Qw,Bb,Rb,Pw,Qb,Bw,Bw,Qw,,,,,,,Nb,Kb,,,,,,,Rw,Rw,,,Qw,Qw,,,Kw,Nb,,,Qw,Qw,,,Qb,Qb,,,,,,,Nw,Kw,,,,,,,Rb,Nw,Bw,Kb,Pw,Nb,Bb,Kw,Kb	darkRed	0
78801d3f9160b47d61acb9ee091199f9	1103	Nb,Bb,Rw,Pb,Qb,Bw,Rb,Bw,Qw,,,,,,,Nw,Nb,,,,,,,Bb,Rw,,,Nb,Nb,,,Kw,Kw,,,Nb,Nb,,,Pw,Qb,,,,,,,Nb,Nw,,,,,,,Bw,Kb,Bw,Kb,Pw,Nb,Bb,Kw,Nb	lightRed	0
788682cde2d6cb789c1fc9b531c985fa	1162	Rw,Kb,Rb,Nw,Qb,Qw,Rw,Qw,Bw,,,,,,,Rb,Nb,,,,,,,Nw,Rw,,,,,,,Bb,Kw,,,,,,,Kw,Qb,,,,,,,Pw,Nw,,,,,,,Nb,Rw,Pb,Rw,Bw,Kb,Pw,Rb,Pw	darkRed	0
78a86305ca6f047e356f18e45bcdf093	2975	Qw,Rb,Pw,Qw,Bb,Rw,Pb,Nb,Rw,,,,,,,Bb,Pb,,,,,,,Kw,Qw,,,Rb,Rb,,,Pb,Nb,,,Rb,Rb,,,Nw,Rb,,,,,,,Bw,Kb,,,,,,,Kb,Qb,Nb,Qw,Kw,Rw,Nw,Qb,Bb	lightGray	0
78bb9f30de5f22fc9ffd75a291a16620	1300	Pb,Rw,Kw,Qw,Nb,Rb,Kb,Rw,Bw,,,,,,,Pb,Nb,,,,,,,Nw,Pb,,,,,,,Bb,Kb,,,,,,,Qw,Bb,,,,,,,Pw,Nw,,,,,,,Nb,Rb,Bb,Rw,Pw,Qw,Bw,Rb,Bw	darkRed	0
78beacc268f45ee084287d1d7c31b57b	2400	Kb,Pw,Nb,Qb,Kw,Rb,Nw,Pb,Nb,,,,,,,Bb,Qw,,,,,,,Rw,Kb,,,Pb,Pb,,,Pw,Rb,,,Pb,Pb,,,Qw,Nw,,,,,,,Bw,Qb,,,,,,,Rb,Pw,Pw,Nb,Bb,Kw,Pb,Nw,Pw	lightRed	0
78c0cbaad6e4e1a35301073965b82348	2490	Bw,Bb,Nw,Pw,Kw,Bw,Nb,Qb,Bw,,,,,,,Rb,Qb,,,,,,,Nw,Pb,,,,,,,Qb,Rw,,,,,,,Kw,Bb,,,,,,,Rw,Kw,,,,,,,Bb,Pb,Bw,Rb,Pw,Kw,Nb,Rw,Qb	darkRed	0
78dfa51977dd9a841846b12b1e87b281	646	Kb,Bb,Kw,Pw,Rb,Bw,Kb,Kw,Qb,,,,,,,Kw,Bw,,,,,,,Pw,Rw,,,,,,,Nw,Kw,,,,,,,Bb,Qw,,,,,,,Qb,Bb,,,,,,,Pb,Kw,Nb,Bw,Qb,Pb,Nw,Bb,Rb	lightRed	0
78edae905e4fb3c9a917f81f7703fce7	2703	Pb,Bw,Nb,Pw,Kw,Bb,Nw,Bb,Pw,,,,,,,Qb,Rb,,,,,,,Pb,Bw,,,Nb,Nb,,,Rb,Qb,,,Nb,Nb,,,Bw,Pb,,,,,,,Qw,Rw,,,,,,,Pw,Bw,Bb,Kw,Rb,Nw,Qw,Kb,Qb	lightRed	0
78f0b775dffd0d84813e4d685c5afa73	2894	Qw,Qw,Bb,Rb,Pw,Qb,Bw,Bw,Nb,,,,,,,Nw,Rw,,,,,,,Rb,Kw,,,Rw,Rw,,,Kw,Qb,,,Rw,Rw,,,Qb,Nw,,,,,,,Nb,Rb,,,,,,,Rw,Nw,Kb,Rb,Nb,Kw,Kw,Rw,Kb	lightGray	0
78f485689d1a6833565dd49cbf278f96	216	Qw,Bb,Rw,Pb,Qb,Bw,Rb,Bw,Nb,,,,,,,Nb,Bw,,,,,,,Bw,Kb,,,Pw,Pw,,,Kw,Pb,,,Pw,Pw,,,Pw,Nw,,,,,,,Nw,Bb,,,,,,,Bb,Rw,Pw,Qw,Bb,Rw,Pb,Qb,Qw	lightRed	1
78f6a74b9ca1fd4c2b64b35c4cf8db66	2291	Qw,Nb,Qw,Pb,Rw,Bw,Qb,Bb,Nw,,,,,,,Nb,Bb,,,,,,,Pw,Kb,,,,,,,Kb,Pb,,,,,,,Bw,Nb,,,,,,,Nw,Bw,,,,,,,Pb,Qb,Pb,Kb,Bb,Nw,Pw,Kw,Bb	darkRed	0
78f8ca734ee166dc29898f460c49c6fb	1955	Pw,Kb,Bw,Nb,Pw,Qw,Bb,Rw,Kw,,,,,,,Nb,Qb,,,,,,,Pw,Bw,,,Bb,Bb,,,Kb,Rb,,,Bb,Bb,,,Bw,Pw,,,,,,,Nw,Qw,,,,,,,Pb,Qw,Qw,Nb,Rb,Kb,Qb,Nw,Bw	lightRed	0
78f8f31bf77383fcd5d64e4f1e74d568	3163	Kb,Nw,Rb,Kb,Qw,Nb,Rw,Bw,Qb,,,,,,,Kw,Kw,,,,,,,Qb,Rw,,,,,,,Nw,Nb,,,,,,,Rb,Qw,,,,,,,Kb,Kb,,,,,,,Qw,Pw,Nw,Rb,Pw,Qw,Nb,Rw,Pw	lightGray	0
79134383803a34f0d556956fbf8d1e60	324	Pb,Rb,Kb,Bb,Nw,Rw,Kw,Kb,Qb,,,,,,,Rw,Bw,,,,,,,Bb,Rb,,,Pb,Pb,,,Qb,Pw,,,Pb,Pb,,,Pb,Qw,,,,,,,Rb,Bb,,,,,,,Bw,Rb,Rb,Nw,Qb,Kw,Rw,Nb,Pb	darkGray	0
791773181bd1cc1b2c92c6f604a6964b	2286	Qb,Pw,Kw,Bw,Nb,Pb,Kb,Pb,Pb,,,,,,,Qb,Kb,,,,,,,Bw,Bb,,,,,,,Rb,Nw,,,,,,,Pw,Rw,,,,,,,Qw,Kw,,,,,,,Bb,Rb,Kw,Bb,Nw,Pb,Kb,Bw,Rb	lightGray	0
7921f99c1e94d92f05f3dee6eff35310	1724	Bw,Qb,Pw,Rw,Kw,Qw,Bb,Pb,Kb,,,,,,,Nb,Rb,,,,,,,Kw,Pw,,,,,,,Kb,Bb,,,,,,,Rb,Kw,,,,,,,Bw,Rw,,,,,,,Kb,Bw,Kw,Rw,Nb,Qw,Pw,Rb,Bw	darkGray	0
7923a6122f5a3022016df2574fd83012	64	Qw,Qw,Bb,Rw,Pb,Qb,Nw,Pw,Kw,,,,,,,Bw,Rw,,,,,,,Kb,Nw,,,,,,,Pw,Qb,,,,,,,Nb,Kb,,,,,,,Bb,Rb,,,,,,,Kw,Pw,Kb,Pb,Nb,Bw,Kw,Pw,Nw	lightRed	0
79342a01ba46bdd9acb39aa86e2f14a5	3040	Rw,Kb,Bw,Nb,Pw,Kw,Bb,Pw,Bb,,,,,,,Bb,Kw,,,,,,,Rw,Pw,,,Nb,Nb,,,Pb,Nb,,,Nb,Nb,,,Qb,Bw,,,,,,,Bw,Kb,,,,,,,Rb,Nw,Kw,Bb,Nw,Rb,Kb,Bw,Pb	lightGray	0
793b74e8731df4d7ed5d37a73060ce95	742	Rb,Kb,Pb,Nb,Bw,Kw,Pw,Qb,Qw,,,,,,,Qb,Kb,,,,,,,Bw,Rb,,,,,,,Rw,Nw,,,,,,,Pb,Qb,,,,,,,Qw,Kw,,,,,,,Bb,Kb,Pw,Qw,Bb,Rw,Pb,Qb,Nb	lightGray	0
7941b61e6de6cfd66f65f4c6c7cfc368	1748	Qb,Bb,Qw,Pb,Rw,Bw,Qb,Pw,Pb,,,,,,,Pw,Rw,,,,,,,Kw,Bw,,,,,,,Bb,Qb,,,,,,,Nw,Pw,,,,,,,Rb,Rb,,,,,,,Kb,Rb,Pw,Qw,Bb,Rw,Pb,Qb,Bw	lightGray	0
79470453a4fbf12820a30fa2ba6fcd42	2921	Kb,Bw,Qb,Pw,Nb,Bb,Qw,Kw,Qw,,,,,,,Pb,Kb,,,,,,,Kb,Rb,,,Nb,Nb,,,Bw,Nw,,,Nb,Nb,,,Nb,Qb,,,,,,,Pw,Kw,,,,,,,Qw,Qb,Rb,Kb,Qb,Nw,Rw,Kw,Qw	darkGray	0
794e89ad021a8b64ec38c85adf7a4822	1215	Kw,Pw,Rb,Bb,Qw,Pb,Rw,Bb,Bw,,,,,,,Nw,Nb,,,,,,,Bb,Pw,,,Nb,Nb,,,Kb,Kw,,,Nb,Nb,,,Pb,Bb,,,,,,,Nb,Nw,,,,,,,Bw,Bb,Bw,Kb,Pw,Nb,Kb,Kw,Pb	darkRed	0
7952310200e3c1e48d252880d24d11d5	3428	Qw,Bw,Rb,Pw,Qw,Bb,Rw,Rb,Bb,,,,,,,Nw,Kw,,,,,,,Bb,Pb,,,,,,,Kw,Nw,,,,,,,Pw,Qw,,,,,,,Nb,Kb,,,,,,,Bw,Kw,Rb,Kb,Qb,Nw,Rw,Pb,Pw	darkRed	0
79551623a5c354ff9e5e170da4a44278	3501	Pb,Kw,Bb,Nw,Pb,Kb,Bw,Nw,Pw,,,,,,,Nb,Rb,,,,,,,Rw,Bw,,,,,,,Kw,Qb,,,,,,,Qb,Pb,,,,,,,Nw,Rw,,,,,,,Rb,Rw,Rw,Rw,Rw,Rw,Rw,Rw,Rw	darkRed	0
795f250bad7b326916ac4a7f4c9c8e4f	1902	Pb,Rw,Nb,Qw,Kb,Rb,Nw,Pw,Rw,,,,,,,Rw,Bb,,,,,,,Nb,Qb,,,Nw,Nw,,,Qw,Pb,,,Nw,Nw,,,Kb,Rb,,,,,,,Rb,Bw,,,,,,,Nw,Qw,Bw,Kb,Pw,Nb,Bb,Kw,Kw	lightGray	0
7964251cb5bcaa9487d73a59292dba39	57	Pw,Kb,Rb,Nb,Qw,Kw,Rw,Pb,Qb,,,,,,,Rb,Nw,,,,,,,Pw,Rw,,,,,,,Qw,Kw,,,,,,,Bb,Qw,,,,,,,Rw,Nb,,,,,,,Pb,Qw,Qb,Bw,Rw,Kw,Qw,Nb,Nb	darkRed	0
796f55f0f0279d12681b274172ecbf29	2567	Qb,Qb,Kw,Rb,Nw,Qw,Kb,Bb,Pb,,,,,,,Qb,Nw,,,,,,,Kw,Bb,,,,,,,Rw,Kw,,,,,,,Nb,Rw,,,,,,,Qw,Nb,,,,,,,Kb,Kb,Bb,Qw,Pb,Rw,Bw,Qb,Qb	lightGray	0
7983975b84b006411d17e3862e912c30	3611	Bb,Bw,Nb,Pb,Kb,Bb,Nw,Bb,Kb,,,,,,,Nb,Qw,,,,,,,Pw,Nb,,,,,,,Kw,Rw,,,,,,,Bb,Kw,,,,,,,Nw,Qb,,,,,,,Pb,Bb,Bb,Nw,Pb,Kb,Bw,Rb,Nb	darkGray	0
7998273bd31ddb79fb997daf1e3137d5	454	Nb,Qb,Nw,Rb,Kb,Qw,Nb,Bb,Qw,,,,,,,Pw,Kb,,,,,,,Kw,Rb,,,,,,,Bw,Nw,,,,,,,Nb,Qb,,,,,,,Pb,Kw,,,,,,,Qb,Bw,Nb,Rw,Pb,Qb,Bw,Rw,Pw	darkGray	0
79a0ca2dd224133c588db8a838ba7408	189	Kw,Bw,Kb,Pb,Nw,Qb,Kw,Pw,Pb,,,,,,,Qw,Rw,,,,,,,Bb,Bb,,,Nb,Nb,,,Nw,Qw,,,Nb,Nb,,,Pb,Pw,,,,,,,Qb,Rb,,,,,,,Bw,Nw,Rw,Bb,Qb,Pb,Rb,Bw,Bb	lightGray	1
79a46dea158f951b1922de2740035ecd	3823	Rb,Kw,Bb,Nw,Pb,Kb,Bw,Rb,Bb,,,,,,,Pb,Nw,,,,,,,Rw,Pw,,,,,,,Bw,Kw,,,,,,,Qb,Bw,,,,,,,Pw,Nb,,,,,,,Nb,Bb,Qb,Kw,Rw,Nb,Qw,Kb,Kw	darkGray	0
79a9688fe6e6f4a9c5ad7a5fbdb9fbeb	866	Nw,Rw,Pb,Qw,Nb,Rb,Pw,Kb,Kw,,,,,,,Qb,Bb,,,,,,,Bw,Nw,,,Bw,Bw,,,Rb,Pb,,,Bw,Bw,,,Pw,Kb,,,,,,,Qw,Bw,,,,,,,Nb,Qb,Rw,Nb,Bw,Kb,Pb,Nw,Kb	darkGray	1
79b7061554777c93411aa136bd0ac9f6	2657	Rb,Rw,Bb,Kb,Pb,Nb,Bw,Pw,Qw,,,,,,,Kw,Kb,,,,,,,Qb,Rb,,,Rw,Rw,,,Bw,Nw,,,Rw,Rw,,,Rb,Qb,,,,,,,Pw,Kw,,,,,,,Qw,Qb,Pb,Qb,Bw,Rb,Pw,Qw,Qw	darkRed	0
79be5ee52faae0f4e820c9e1cb541c36	3278	Bb,Pb,Qb,Bw,Rb,Pw,Qw,Pb,Pb,,,,,,,Bw,Qb,,,,,,,Nb,Bw,,,,,,,Pw,Rb,,,,,,,Kw,Pw,,,,,,,Bb,Qw,,,,,,,Nb,Rw,Bb,Kw,Rb,Nw,Qw,Kb,Pb	lightRed	0
79c14ea71741b2c25b22d83f428bcf36	921	Bw,Nb,Bw,Kw,Pw,Nw,Bb,Bw,Bw,,,,,,,Nw,Rb,,,,,,,Pb,Pb,,,,,,,Kb,Qb,,,,,,,Qw,Bb,,,,,,,Nb,Rw,,,,,,,Pw,Pw,Kb,Qw,Nb,Rw,Kw,Qb,Pw	lightGray	0
79c38495314fcb57ea02217d5458dfb0	347	Pb,Kw,Qb,Nb,Rw,Kb,Qw,Bw,Bw,,,,,,,Qw,Qb,,,,,,,Bb,Pw,,,Nw,Nw,,,Rb,Rb,,,Nw,Nw,,,Pw,Bb,,,,,,,Qb,Qw,,,,,,,Bw,Pb,Nb,Qw,Kw,Rw,Nw,Qb,Bb	lightRed	0
79cd5149053a80b8e1c97b3dc71ec068	1462	Nw,Nw,Bb,Kb,Pb,Nb,Bw,Pb,Bw,,,,,,,Rw,Qb,,,,,,,Bb,Pw,,,,,,,Qw,Rb,,,,,,,Pw,Bb,,,,,,,Rb,Qw,,,,,,,Bw,Bb,Nw,Pb,Kb,Qw,Nb,Pw,Nb	lightRed	0
79e0fbe49a20f1cd67edb1d236b73792	2553	Rw,Pw,Nb,Bw,Kb,Pb,Nw,Bb,Rw,,,,,,,Qb,Rw,,,,,,,Kw,Rw,,,,,,,Rb,Rw,,,,,,,Nw,Rw,,,,,,,Qw,Rw,,,,,,,Pw,Rw,Kw,Pw,Nw,Bb,Kb,Pb,Bw	darkRed	0
79e1be97eb49fa916b9cc38977d5a42f	3153	Nw,Nw,Pb,Kw,Bb,Nb,Pw,Rb,Nb,,,,,,,Qb,Pw,,,,,,,Pb,Kb,,,Nb,Nb,,,Rb,Bw,,,Nb,Nb,,,Bw,Nw,,,,,,,Qw,Pb,,,,,,,Pw,Bw,Bb,Qw,Pb,Rw,Nw,Qb,Pw	lightRed	0
79fa518c208794414dbdeb38c2712966	1257	Rw,Qw,Kb,Rb,Nw,Qb,Kw,Kb,Rw,,,,,,,Nw,Rw,,,,,,,Rb,Rw,,,,,,,Kb,Rw,,,,,,,Qw,Rw,,,,,,,Bb,Rw,,,,,,,Rw,Rw,Pw,Qw,Nw,Rb,Kw,Qb,Pw	darkGray	0
7a08171e07db23293c63b28372278a6d	3672	Pw,Kw,Rw,Nw,Qb,Kb,Rb,Rw,Qb,,,,,,,Pb,Bw,,,,,,,Qb,Rw,,,,,,,Nb,Pb,,,,,,,Rw,Qw,,,,,,,Kb,Bb,,,,,,,Qw,Qw,Qw,Nb,Rb,Kb,Qb,Bw,Rw	lightGray	0
7a1b2a51e987e0dae4318da1223e2f2c	113	Nw,Kb,Qw,Nw,Rb,Kw,Qb,Qw,Rw,,,,,,,Pw,Bb,,,,,,,Rb,Qb,,,Nb,Nb,,,Bb,Pb,,,Nb,Nb,,,Qw,Rb,,,,,,,Pb,Bw,,,,,,,Rw,Pb,Qb,Pb,Rw,Bb,Qw,Pw,Qb	darkRed	0
7a1bf126c11ef59c0077e9e438e0c4dc	3149	Pw,Pb,Rw,Bb,Qw,Pw,Rb,Qb,Nw,,,,,,,Pb,Pb,,,,,,,Nw,Kw,,,Nb,Nb,,,Bw,Bb,,,Nb,Nb,,,Kb,Nb,,,,,,,Pw,Pw,,,,,,,Nb,Qb,Qw,Nb,Rb,Kb,Qb,Bw,Nw	darkRed	1
7a1f881676d4ddc95ab8b96e73199b38	3495	Bb,Qw,Kb,Rb,Nw,Qb,Kw,Nb,Rb,,,,,,,Rw,Pw,,,,,,,Nb,Qb,,,Nw,Nw,,,Qw,Bw,,,Nw,Nw,,,Kb,Rw,,,,,,,Rb,Pb,,,,,,,Nw,Qb,Bw,Nb,Pw,Kw,Bb,Nw,Qw	lightGray	0
7a2170799113217986a2b368d2fb806d	3811	Kw,Pw,Nb,Bb,Kw,Pb,Nw,Pw,Nw,,,,,,,Nb,Pb,,,,,,,Rw,Qw,,,,,,,Kb,Bb,,,,,,,Qw,Nb,,,,,,,Nw,Pw,,,,,,,Rb,Pb,Nb,Bw,Kb,Pb,Nw,Bb,Qw	lightGray	0
7a236f2f090f3f02d5a45309dc4eafbc	2578	Pw,Kb,Pb,Nb,Bw,Kw,Pw,Nw,Rw,,,,,,,Kw,Pb,,,,,,,Pw,Qb,,,,,,,Nw,Bw,,,,,,,Bb,Rb,,,,,,,Kb,Pw,,,,,,,Pb,Rw,Rw,Rw,Rw,Rw,Rw,Rw,Rw	darkGray	0
7a2e1a60eb259cbb4f216dc09eedb345	2290	Qb,Bw,Nb,Pw,Kw,Bb,Nw,Qw,Rw,,,,,,,Kw,Bb,,,,,,,Qb,Qb,,,Pw,Pw,,,Nb,Pb,,,Pw,Pw,,,Rw,Rb,,,,,,,Kb,Bw,,,,,,,Qw,Kb,Rb,Kb,Qw,Nb,Rw,Kw,Pw	darkGray	0
7a320659ee068b0bc8367cab26b3e06a	1465	Qb,Nb,Pw,Kb,Bw,Nw,Pb,Qb,Bb,,,,,,,Nw,Qw,,,,,,,Pb,Pb,,,Kb,Kb,,,Kb,Rw,,,Kb,Kb,,,Bw,Bw,,,,,,,Rb,Qb,,,,,,,Pw,Pb,Kw,Rw,Nw,Qb,Kb,Rb,Qb	darkRed	0
7a3b099c6c4ae1a6fe497061d3e60050	110	Qw,Nb,Bw,Kw,Pw,Nw,Bb,Rw,Qw,,,,,,,Rw,Pw,,,,,,,Rw,Rb,,,Rb,Rb,,,Rw,Bw,,,Rb,Rb,,,Rw,Qb,,,,,,,Rw,Pb,,,,,,,Rw,Pb,Bb,Rw,Pw,Qw,Bw,Nb,Rw	darkGray	0
7a4c00e8b5d42c31d76fc1e0b402852a	3982	Bw,Rb,Pw,Qw,Bb,Rw,Pb,Kw,Qw,,,,,,,Rb,Nb,,,,,,,Nw,Rw,,,,,,,Qw,Kw,,,,,,,Kb,Qb,,,,,,,Rw,Nw,,,,,,,Nb,Rb,Nw,Qb,Kb,Rb,Nb,Qw,Bb	lightRed	0
7a4f3054082c092f718fce940ccf62a6	2588	Rw,Bw,Rb,Pb,Qb,Bb,Rw,Rb,Rb,,,,,,,Kw,Pw,,,,,,,Rw,Qb,,,,,,,Nb,Nw,,,,,,,Qw,Rw,,,,,,,Kb,Kw,,,,,,,Rb,Nb,Bw,Kb,Pw,Nb,Bb,Kw,Pw	darkGray	0
7a7ce9e36e2dc1a73de35cb1f4aa434b	1035	Bw,Pb,Nw,Bw,Kb,Pw,Nb,Rb,Kb,,,,,,,Rb,Qw,,,,,,,Kb,Nb,,,Pb,Pb,,,Qb,Rw,,,Pb,Pb,,,Nw,Kw,,,,,,,Rw,Qb,,,,,,,Kw,Nw,Nb,Qw,Kb,Rb,Nw,Qb,Nb	darkGray	0
7a91c7a74e7db4d4975c77b0024b4173	3298	Bb,Pw,Kw,Bb,Nw,Pb,Kw,Rb,Pw,,,,,,,Rw,Rb,,,,,,,Kw,Bb,,,Pb,Pb,,,Qw,Qw,,,Pb,Pb,,,Nb,Pb,,,,,,,Rb,Rw,,,,,,,Pw,Kw,Pw,Rb,Bb,Qw,Pb,Nw,Rb	darkGray	0
7a923586bdcb87967b9030833e0f5e71	3006	Qb,Qw,Pw,Rw,Bb,Qb,Pb,Nw,Pw,,,,,,,Kw,Kw,,,,,,,Rw,Bb,,,,,,,Nb,Nw,,,,,,,Qw,Pb,,,,,,,Kb,Kb,,,,,,,Rb,Qw,Nw,Rb,Kb,Qw,Nb,Rw,Qw	darkGray	0
7aa4c625a3b5559e8dad60b59771a06e	1034	Kw,Bb,Rw,Pb,Qb,Bw,Rb,Kb,Pw,,,,,,,Qw,Nb,,,,,,,Bb,Qb,,,Bw,Bw,,,Rb,Kw,,,Bw,Bw,,,Pw,Rb,,,,,,,Kb,Nw,,,,,,,Bw,Qw,Qb,Nw,Rw,Kw,Qw,Nb,Nw	lightRed	0
7ab2c85070d39e3f34a1ac28215762e4	427	Qw,Nb,Bw,Kb,Pb,Nw,Bb,Rw,Kw,,,,,,,Nb,Qb,,,,,,,Bw,Nb,,,,,,,Kw,Rw,,,,,,,Rw,Kb,,,,,,,Nw,Qw,,,,,,,Bb,Pw,Qb,Pb,Rw,Bb,Qw,Pw,Pb	lightGray	0
7abc0decd2264696d9d10897834e4b4b	2006	Qb,Bb,Rw,Pw,Qw,Bw,Rb,Bw,Bb,,,,,,,Bw,Kw,,,,,,,Kb,Pw,,,,,,,Pb,Nb,,,,,,,Nw,Qw,,,,,,,Bb,Kb,,,,,,,Qw,Bw,Qb,Bw,Rw,Pb,Qw,Bb,Bb	lightRed	0
7ace73a39562402afab81b4fe4b5e208	1937	Kb,Kw,Qb,Nb,Rw,Kb,Qw,Bb,Pw,,,,,,,Bw,Nb,,,,,,,Nb,Bw,,,Pb,Pb,,,Pb,Kb,,,Pb,Pb,,,Kb,Rb,,,,,,,Bb,Nw,,,,,,,Nw,Pb,Nb,Bw,Kb,Pb,Nw,Qb,Rw	darkGray	0
7adccfffaf7a1c5fc786f29b6e850e38	3871	Bb,Nw,Bb,Kw,Pw,Nb,Qw,Nb,Nb,,,,,,,Qw,Pw,,,,,,,Bb,Kb,,,,,,,Rb,Bw,,,,,,,Pw,Nw,,,,,,,Qb,Pb,,,,,,,Bw,Rb,Qb,Bw,Rw,Kw,Kw,Nb,Kb	darkRed	0
7add22a137f1af8c03312597f6282e62	1663	Nw,Bb,Nw,Pw,Kw,Bw,Nb,Rw,Nb,,,,,,,Nw,Bw,,,,,,,Pb,Kw,,,,,,,Kw,Pw,,,,,,,Bw,Nw,,,,,,,Nb,Bb,,,,,,,Pw,Bw,Rb,Nw,Qw,Kb,Rw,Nb,Kw	lightRed	0
7aeeb816a3fb08ba0d7968383e7555b4	901	Qb,Bw,Nb,Pb,Kb,Qb,Nw,Kw,Qb,,,,,,,Pb,Nw,,,,,,,Nw,Rb,,,Pb,Pb,,,Bb,Kb,,,Pb,Pb,,,Kw,Qw,,,,,,,Pw,Nb,,,,,,,Nb,Pb,Nb,Bw,Kw,Pw,Nw,Bb,Rw	lightGray	0
7b091261d7c6982a813c125407579c6b	3951	Bb,Nb,Pw,Kb,Bw,Nw,Pb,Pb,Qb,,,,,,,Nw,Pb,,,,,,,Qb,Rb,,,Pb,Pb,,,Kb,Bw,,,Pb,Pb,,,Rb,Qw,,,,,,,Nb,Kb,,,,,,,Qw,Rb,Bb,Rw,Pw,Qw,Bw,Rb,Rb	lightGray	0
7b11f967bd0c0fb5a3ec435df206a773	1382	Nb,Kb,Bw,Nb,Pw,Kw,Bb,Pw,Rw,,,,,,,Rw,Pb,,,,,,,Bb,Qw,,,Pb,Pb,,,Qb,Bb,,,Pb,Pb,,,Pb,Rb,,,,,,,Rb,Kb,,,,,,,Bw,Rb,Bb,Qw,Pb,Rw,Bw,Qb,Rb	lightRed	0
7b2444db32f2d624b14b6da0d09c4804	3110	Qw,Kb,Bw,Nw,Pb,Kw,Bb,Nw,Pb,,,,,,,Rw,Qb,,,,,,,Bb,Bw,,,Bb,Bb,,,Qw,Nb,,,Bb,Bb,,,Pw,Pw,,,,,,,Rb,Qw,,,,,,,Bw,Kb,Qb,Nw,Rb,Kb,Qw,Nb,Bw	darkGray	0
7b2ae1d7518ace321c7ce0447c1b0d56	1496	Pw,Nb,Qw,Kb,Rb,Nw,Qb,Bb,Rw,,,,,,,Rw,Bb,,,,,,,Bb,Qb,,,,,,,Qb,Pb,,,,,,,Pb,Rb,,,,,,,Rb,Nw,,,,,,,Bw,Nb,Nb,Qw,Kb,Rb,Nw,Qb,Qw	darkGray	0
7b2f6e9d2070d561becffe260809c6bc	3443	Qw,Kb,Bw,Nw,Pb,Kw,Bb,Pb,Qw,,,,,,,Kw,Pw,,,,,,,Qb,Rb,,,,,,,Nw,Bw,,,,,,,Rb,Qb,,,,,,,Kb,Pb,,,,,,,Qw,Pw,Qw,Kb,Rb,Nw,Qb,Kw,Kb	darkGray	0
7b3864d51c3dc5799f0df64c483e19f2	1401	Nw,Kb,Rb,Nb,Qw,Kw,Rw,Pw,Bw,,,,,,,Qb,Rb,,,,,,,Bw,Pw,,,,,,,Rw,Qw,,,,,,,Kw,Bb,,,,,,,Qw,Rw,,,,,,,Nb,Bb,Bb,Kw,Pb,Nw,Bw,Kb,Qb	lightGray	0
7b3891ade988bace7cf7233a1ff82336	2888	Pw,Nw,Bb,Kb,Pb,Nb,Bw,Rw,Rw,,,,,,,Qw,Bb,,,,,,,Kb,Qb,,,,,,,Rw,Pb,,,,,,,Nb,Rb,,,,,,,Qb,Bw,,,,,,,Kw,Pw,Bb,Nw,Pb,Kb,Bw,Nb,Bw	darkRed	0
7b40bdc9f51190a0151ea4ecbc3a6c3b	2604	Rw,Pb,Qb,Bw,Rb,Pw,Qw,Nb,Rw,,,,,,,Qw,Rw,,,,,,,Bb,Rw,,,Pb,Pb,,,Rb,Rw,,,Pb,Pb,,,Pw,Rw,,,,,,,Qb,Rw,,,,,,,Bw,Rw,Bw,Qb,Pb,Rw,Bb,Qw,Qb	darkGray	0
7b4519dad90160806357325e9bfc5085	2043	Kw,Nb,Pw,Kw,Bb,Nw,Pb,Bb,Qw,,,,,,,Bw,Kb,,,,,,,Nb,Pb,,,,,,,Pw,Nw,,,,,,,Kw,Bb,,,,,,,Qb,Kw,,,,,,,Nw,Kw,Kb,Qw,Nw,Pb,Kw,Qb,Bw	lightRed	0
7b4c0ca43153a91c06698db4223b6686	400	Nw,Pb,Rw,Bb,Qw,Pw,Rb,Qb,Rb,,,,,,,Pw,Bw,,,,,,,Rb,Qb,,,,,,,Bb,Pb,,,,,,,Qw,Rw,,,,,,,Pb,Bb,,,,,,,Nw,Pw,Kw,Rw,Nw,Qb,Kb,Rb,Pb	lightGray	0
7b4e9aa6708856d0dfd30e59d0fe70ea	1867	Pw,Qw,Kb,Rb,Nw,Qb,Kw,Rb,Bw,,,,,,,Nw,Nb,,,,,,,Rb,Pw,,,Rb,Rb,,,Kw,Qw,,,Rb,Rb,,,Qb,Bb,,,,,,,Nb,Nw,,,,,,,Rw,Rw,Nw,Pb,Kw,Bb,Nb,Pw,Kw	lightGray	0
7b545a5a8d9e7d804fcc1547295441e6	3211	Pb,Qb,Bw,Rb,Pw,Kw,Bb,Pw,Bw,,,,,,,Qb,Nb,,,,,,,Bw,Pw,,,Pb,Pb,,,Rw,Kw,,,Pb,Pb,,,Pb,Bb,,,,,,,Qw,Nw,,,,,,,Bb,Bw,Qw,Pw,Rb,Bw,Qb,Pb,Nb	lightGray	0
7b549762a215547ec25d8f06da849438	2426	Kb,Nw,Pb,Kb,Bw,Nb,Pw,Bb,Pw,,,,,,,Rb,Kw,,,,,,,Bw,Bb,,,,,,,Qw,Nw,,,,,,,Pw,Pb,,,,,,,Rw,Kb,,,,,,,Bb,Pb,Rb,Kb,Qw,Nb,Pw,Kw,Pb	darkGray	0
7b5581337c1f2dd818d41898af323c35	1987	Rb,Kb,Qw,Nw,Rb,Kw,Qb,Bw,Kb,,,,,,,Nw,Pb,,,,,,,Pb,Nw,,,,,,,Kb,Bb,,,,,,,Bw,Kw,,,,,,,Nb,Pw,,,,,,,Pw,Pw,Qb,Nw,Rw,Kw,Qw,Nb,Kb	lightRed	0
7b875db3926be3f6b8964bc33ad5f371	70	Kb,Qw,Bb,Rw,Pb,Qb,Bw,Qb,Rw,,,,,,,Bw,Kw,,,,,,,Nb,Bw,,,,,,,Pw,Nb,,,,,,,Kw,Pb,,,,,,,Bb,Kb,,,,,,,Nw,Kw,Pb,Rw,Bw,Qb,Pw,Rb,Rb	darkGray	0
7b9130b1dbdfb9af9b9b09b7d879436d	1176	Kw,Pb,Kb,Bb,Nw,Pw,Kw,Nb,Qw,,,,,,,Nw,Nb,,,,,,,Pb,Rw,,,,,,,Kb,Kw,,,,,,,Bw,Qb,,,,,,,Nb,Bw,,,,,,,Pw,Kb,Qb,Pb,Rb,Bw,Qw,Pw,Qw	lightRed	0
7b93d7703a8cfd319094d223c457cb0f	3697	Rb,Rb,Nw,Qb,Kw,Rw,Nb,Kb,Qb,,,,,,,Kb,Nw,,,,,,,Bw,Rw,,,Bw,Bw,,,Nb,Kw,,,Bw,Bw,,,Pw,Qw,,,,,,,Kw,Nb,,,,,,,Bb,Bw,Pw,Qw,Bw,Rb,Pb,Kb,Pw	darkRed	0
7baee702693843c6d96b420f910d0cc2	3660	Pw,Nb,Bw,Kb,Pb,Nw,Bb,Rw,Pw,,,,,,,Bb,Rb,,,,,,,Nw,Bb,,,,,,,Pb,Kw,,,,,,,Kb,Pw,,,,,,,Kw,Rw,,,,,,,Nb,Pb,Pb,Kb,Bb,Nw,Pw,Kw,Rb	lightRed	0
7bb87f11d57f3181b0a005b90bb0f806	2739	Kw,Rw,Pb,Qw,Bb,Rb,Pw,Pw,Qw,,,,,,,Qw,Nb,,,,,,,Pw,Rw,,,,,,,Rw,Kw,,,,,,,Bb,Qb,,,,,,,Qb,Nw,,,,,,,Kw,Rw,Kw,Bb,Nb,Pw,Kb,Bw,Kw	darkGray	0
7bc06f0278fe86a50f39cd4a1d451bb3	714	Nw,Rw,Nb,Qb,Pb,Rb,Nw,Nw,Rw,,,,,,,Bw,Pb,,,,,,,Qb,Qb,,,Rb,Rb,,,Pb,Bw,,,Rb,Rb,,,Rw,Rb,,,,,,,Bb,Pw,,,,,,,Qw,Qw,Qw,Kb,Rw,Nb,Qb,Kw,Nw	darkRed	0
7bc29a139fad89656b1ea56237057484	1381	Kb,Qb,Pb,Rb,Bw,Qw,Pw,Nb,Nw,,,,,,,Kb,Pb,,,,,,,Qw,Kw,,,,,,,Nb,Bb,,,,,,,Rw,Nb,,,,,,,Kw,Pw,,,,,,,Qb,Rb,Rw,Kw,Qb,Bw,Rb,Kb,Pb	lightGray	0
7bc899c3c8d17f12d1ab4c4e77354aac	2611	Kw,Nb,Rw,Kb,Qw,Nw,Rb,Qb,Nb,,,,,,,Kw,Pw,,,,,,,Pw,Kw,,,Pb,Pb,,,Nb,Bb,,,Pb,Pb,,,Bw,Nw,,,,,,,Kb,Pb,,,,,,,Pb,Bw,Pb,Kb,Bw,Nb,Pw,Kw,Kb	darkGray	0
7bc8b22edda7d3edcfcf96a65e00f4e6	3798	Rw,Bb,Qw,Pb,Nw,Bw,Kb,Pw,Rw,,,,,,,Qw,Rw,,,,,,,Nb,Rw,,,,,,,Rb,Rw,,,,,,,Kb,Rw,,,,,,,Qb,Rw,,,,,,,Nw,Rw,Pb,Kb,Bw,Nb,Pw,Kw,Bw	lightGray	0
7bef8c46dcd445e39b231559643851d4	356	Rb,Bb,Kw,Pw,Rb,Bw,Qb,Kb,Pb,,,,,,,Bw,Kb,,,,,,,Qb,Bb,,,Nw,Nw,,,Pb,Nw,,,Nw,Nw,,,Rw,Rw,,,,,,,Bb,Kw,,,,,,,Qw,Kw,Pw,Kw,Bw,Nb,Pb,Kb,Bw	darkGray	0
7bfe9acba6765dc934380749eebd7ad0	3872	Pw,Rw,Bb,Qw,Pw,Nb,Bw,Qb,Kw,,,,,,,Kw,Pw,,,,,,,Pw,Nb,,,,,,,Nb,Bw,,,,,,,Bw,Kb,,,,,,,Kb,Pb,,,,,,,Pb,Pb,Kw,Rw,Nb,Qw,Kb,Rb,Bw	darkRed	0
7c0caf96d1f2b7f7641804b7a12d2fa4	1566	Bb,Bb,Rw,Pw,Qw,Bw,Rb,Rw,Rw,,,,,,,Kb,Pb,,,,,,,Qw,Qw,,,Pb,Pb,,,Nb,Bb,,,Pb,Pb,,,Rw,Rb,,,,,,,Kw,Pw,,,,,,,Bb,Nw,Pw,Rb,Bb,Qw,Pb,Rw,Kw	darkGray	0
7c0d080089dd4e92606f66c665d8a814	2932	Rb,Qw,Kb,Rb,Nw,Qb,Kw,Nw,Rw,,,,,,,Pw,Nb,,,,,,,Qw,Qb,,,Rb,Rb,,,Bw,Kw,,,Rb,Rb,,,Rb,Rb,,,,,,,Kw,Nw,,,,,,,Qb,Nb,Kb,Pb,Nb,Bw,Kw,Pw,Qb	lightGray	0
7c1bc2326be38cb13dcfc12c3f1e1ccd	2066	Nb,Qb,Pb,Rb,Bw,Qw,Pw,Nb,Bb,,,,,,,Nw,Nw,,,,,,,Bb,Pw,,,,,,,Kb,Kw,,,,,,,Pb,Bw,,,,,,,Nb,Nb,,,,,,,Bw,Nw,Nw,Bb,Kb,Pb,Nb,Qw,Kb	darkGray	0
7c240868574390c267c6521a380e63e7	1869	Qb,Kw,Pw,Nb,Bw,Qb,Pb,Nb,Kw,,,,,,,Nw,Pw,,,,,,,Bb,Nw,,,,,,,Kb,Bb,,,,,,,Pb,Kb,,,,,,,Nb,Pb,,,,,,,Bw,Qb,Rw,Nb,Qw,Kb,Rb,Nw,Kw	darkRed	0
7c3c51027fbac92c49ff18693fb5b83a	2483	Nw,Rb,Pw,Qb,Bw,Rw,Pb,Kb,Qb,,,,,,,Bb,Bw,,,,,,,Rw,Rw,,,Nb,Nb,,,Kb,Pb,,,Nb,Nb,,,Qw,Qw,,,,,,,Bw,Bb,,,,,,,Rb,Qb,Qb,Bw,Rb,Pw,Qw,Bb,Pb	lightRed	0
7c45478b0106c41866ca8fc05db189c8	2422	Rw,Nw,Bb,Qw,Pw,Nb,Bw,Nb,Qw,,,,,,,Rw,Nb,,,,,,,Kw,Rb,,,,,,,Qb,Kb,,,,,,,Nw,Qb,,,,,,,Rb,Bw,,,,,,,Kb,Qb,Nb,Qw,Kw,Rw,Nw,Qb,Bw	darkRed	0
7c51d7b7c53874a3df70549074d98ef1	609	Qw,Qw,Pw,Rb,Bw,Qb,Pb,Rw,Bb,,,,,,,Rw,Rw,,,,,,,Rw,Pb,,,Bw,Bw,,,Rw,Qb,,,Bw,Bw,,,Rw,Bw,,,,,,,Rw,Rb,,,,,,,Rw,Bb,Qb,Bw,Rw,Pb,Qw,Bb,Rw	lightGray	0
7c6385f372027cf9f76fd647b8f5fa2b	2899	Rb,Rb,Kb,Qb,Nw,Rw,Kw,Kw,Rb,,,,,,,Kw,Bw,,,,,,,Qb,Qb,,,Pb,Pb,,,Bw,Pb,,,Pb,Pb,,,Rb,Rw,,,,,,,Kb,Bb,,,,,,,Kw,Kw,Kw,Rw,Nb,Qw,Kb,Rb,Rw	lightGray	0
7c6c4cbd3c6edfc6d22e6d1816a8ee17	153	Pb,Bw,Rb,Pw,Qw,Bb,Rw,Rw,Bb,,,,,,,Pw,Kw,,,,,,,Kw,Pb,,,Pb,Pb,,,Bw,Nw,,,Pb,Pb,,,Nb,Bw,,,,,,,Pb,Kb,,,,,,,Qb,Rb,Bb,Kw,Pw,Nb,Bw,Kb,Pw	darkRed	0
7c86990b82c8278cff4be2de2f49f06a	2852	Kw,Kb,Kw,Rw,Nb,Qw,Kb,Kb,Bw,,,,,,,Bw,Qb,,,,,,,Nb,Pw,,,,,,,Pb,Nb,,,,,,,Kb,Bb,,,,,,,Qb,Qw,,,,,,,Nw,Kw,Nw,Bb,Kw,Pw,Nb,Bw,Bb	lightRed	0
7c89085c4c37f97e18650257b102287b	2061	Rb,Bw,Rb,Pw,Kw,Bb,Nw,Qw,Bw,,,,,,,Bw,Rb,,,,,,,Kb,Pw,,,Bb,Bb,,,Pw,Qw,,,Bb,Bb,,,Nb,Bb,,,,,,,Bb,Rw,,,,,,,Kw,Bb,Pb,Kb,Bb,Nw,Pw,Kw,Kw	lightGray	0
7c90a4d117bbe8445a54a1e88650e54f	1368	Kw,Bb,Rw,Pb,Qb,Bw,Rb,Kb,Pw,,,,,,,Qw,Nb,,,,,,,Bb,Qb,,,Bw,Bw,,,Rb,Kw,,,Bw,Bw,,,Pw,Rb,,,,,,,Kb,Nw,,,,,,,Bw,Qw,Qb,Nw,Rw,Kw,Qw,Nb,Nw	lightRed	0
7cb918659b2dce4f93c06430b5c70e54	3862	Rb,Bb,Nw,Pb,Kb,Bw,Rb,Pw,Bb,,,,,,,Rb,Rw,,,,,,,Pw,Pb,,,Nb,Nb,,,Qb,Qb,,,Nb,Nb,,,Nw,Bw,,,,,,,Rw,Rb,,,,,,,Pb,Nw,Nb,Rw,Kb,Qw,Nw,Rb,Rb	darkGray	0
7cbd4dae8328003ce2c04c0b7ebb50c2	846	Kb,Rw,Nb,Qw,Kb,Rb,Nw,Kw,Bw,,,,,,,Kb,Kb,,,,,,,Pb,Pw,,,Nb,Nb,,,Nw,Nb,,,Nb,Nb,,,Bb,Bb,,,,,,,Kw,Kw,,,,,,,Pw,Rb,Qw,Pw,Rb,Bw,Qb,Pb,Pw	lightRed	0
7cbd9c5ef551e65af40e39a78767814b	3835	Kb,Nw,Qb,Kw,Rw,Nb,Qw,Pb,Pw,,,,,,,Bb,Rb,,,,,,,Kw,Bb,,,Rb,Rb,,,Pw,Qw,,,Rb,Rb,,,Nb,Pb,,,,,,,Qw,Rw,,,,,,,Kb,Rw,Qw,Pw,Rb,Bw,Qb,Pb,Nb	darkRed	0
7cd9dfacf52ec3c1148e8fccfcf4b34c	2159	Bw,Rw,Nb,Qb,Kw,Pb,Nw,Rw,Qw,,,,,,,Rb,Bb,,,,,,,Kb,Rb,,,,,,,Qb,Pw,,,,,,,Nw,Qb,,,,,,,Rw,Bw,,,,,,,Kw,Nb,Kw,Pw,Nw,Bb,Kb,Pb,Qw	lightGray	0
7cdd36fb09097610d6697887174deeab	118	Pb,Kb,Pb,Nb,Bw,Kw,Pw,Rw,Pw,,,,,,,Pw,Rb,,,,,,,Qw,Bw,,,,,,,Bw,Qb,,,,,,,Rb,Pb,,,,,,,Pb,Rw,,,,,,,Qb,Kw,Qb,Bw,Rw,Pb,Qw,Bb,Kb	lightRed	1
7ce827a66624516d5b7773a924d7e56e	63	Rw,Kb,Bw,Nb,Pw,Kw,Bb,Nb,Qw,,,,,,,Pw,Kb,,,,,,,Rb,Rw,,,,,,,Bb,Nb,,,,,,,Qw,Qb,,,,,,,Pb,Kw,,,,,,,Rw,Bw,Kb,Rb,Nw,Bb,Kw,Rw,Bb	lightRed	0
7ce97c649d7481d8e64ad8cd20fb0af4	3986	Rw,Rw,Rw,Rw,Rw,Rw,Rw,Rw,Kw,,,,,,,Rw,Pw,,,,,,,Rw,Nb,,,Pw,Pw,,,Rw,Bw,,,Pw,Pw,,,Rw,Kb,,,,,,,Rw,Pb,,,,,,,Rw,Nb,Kb,Qw,Nb,Rw,Kw,Qb,Rw	darkRed	0
7ce9e05b10806e47d6079f0f748c4bf1	199	Rw,Bb,Nw,Pb,Kb,Bw,Nb,Rw,Rw,,,,,,,Kw,Rw,,,,,,,Rw,Rw,,,,,,,Nb,Rw,,,,,,,Bw,Rw,,,,,,,Kb,Rw,,,,,,,Rb,Rw,Kb,Rb,Nw,Qb,Kw,Pw,Kw	lightGray	0
7cf4278f739ce63335292599bca2e260	2384	Pb,Pb,Nw,Bb,Qw,Pw,Rb,Qb,Bb,,,,,,,Qw,Qw,,,,,,,Pw,Pw,,,Rb,Rb,,,Rb,Rb,,,Rb,Rb,,,Bw,Nw,,,,,,,Kb,Qb,,,,,,,Pb,Nw,Bw,Nb,Pw,Kw,Bb,Nw,Kb	lightGray	0
7d04373b9b735266239b82aa7e962462	2630	Rw,Rb,Nw,Qb,Kw,Rw,Nb,Rb,Nb,,,,,,,Bb,Rw,,,,,,,Qw,Kw,,,,,,,Pb,Qb,,,,,,,Rw,Nw,,,,,,,Bw,Rb,,,,,,,Qb,Rw,Rb,Nw,Qb,Kw,Rw,Nb,Bw	lightRed	0
7d070c050f9680baa49ffc39e710d81e	51	Bb,Kb,Qw,Nw,Rb,Kw,Qb,Pw,Rw,,,,,,,Rw,Kw,,,,,,,Bb,Qb,,,,,,,Qw,Nw,,,,,,,Pw,Rb,,,,,,,Rb,Kb,,,,,,,Bw,Pb,Bb,Nw,Pb,Kb,Bw,Nb,Bw	darkRed	0
7d18c4968be9324898afc537302634ed	3594	Nw,Rb,Kw,Qb,Nw,Pb,Kb,Rb,Bb,,,,,,,Pb,Kw,,,,,,,Kb,Pw,,,Rb,Rb,,,Bw,Nb,,,Rb,Rb,,,Nb,Kw,,,,,,,Pw,Kb,,,,,,,Kw,Kw,Pw,Kw,Bw,Nb,Pb,Kb,Pb	lightRed	0
7d1a819f9914c30fc8a02b74843bd2fb	3232	Bw,Rw,Nb,Qb,Kw,Rb,Nw,Qw,Qb,,,,,,,Rb,Kw,,,,,,,Bw,Rw,,,,,,,Qw,Nb,,,,,,,Pw,Qw,,,,,,,Rw,Kb,,,,,,,Bb,Rb,Bb,Rw,Pw,Qw,Bw,Rb,Kw	lightRed	0
7d277aa5d5310fec6a6f879ea1924764	3240	Rb,Qw,Pw,Rb,Bw,Qb,Pb,Kw,Rb,,,,,,,Kb,Nw,,,,,,,Qw,Qw,,,,,,,Nb,Kb,,,,,,,Rw,Rw,,,,,,,Kw,Nb,,,,,,,Qb,Rw,Pw,Nb,Bb,Kw,Pb,Nw,Bb	darkGray	0
7d2ac0d711ba89184cb67bc485dbf000	217	Kw,Nw,Qb,Pw,Rb,Bb,Qw,Kb,Bw,,,,,,,Bw,Nb,,,,,,,Kb,Pb,,,Pw,Pw,,,Pw,Kb,,,Pw,Pw,,,Nb,Bb,,,,,,,Bb,Nw,,,,,,,Kw,Kw,Bb,Kw,Pw,Nb,Bw,Kb,Rb	darkRed	0
7d3adcc8db3a515d2277d244c330401a	2299	Pw,Qb,Bw,Nb,Pw,Qw,Bb,Kb,Rw,,,,,,,Rw,Nb,,,,,,,Kw,Qw,,,Nb,Nb,,,Qw,Kb,,,Nb,Nb,,,Nb,Rb,,,,,,,Rb,Nw,,,,,,,Kb,Kw,Nb,Pw,Kb,Bw,Nw,Pb,Bb	darkGray	0
7d4668b2d71b57b65c0a88ce426fe370	4011	Rb,Rw,Bb,Qw,Pw,Rb,Bw,Pw,Kb,,,,,,,Rw,Rb,,,,,,,Pb,Nw,,,Qw,Qw,,,Qb,Qb,,,Qw,Qw,,,Bw,Kw,,,,,,,Rb,Rw,,,,,,,Kb,Kw,Pw,Rb,Bw,Qb,Pb,Nw,Rb	darkGray	0
7d47a1baf1166bd8d669054e5ade82f6	3943	Kw,Kb,Qw,Nb,Rw,Kw,Qb,Qb,Pw,,,,,,,Rw,Nb,,,,,,,Kw,Bw,,,,,,,Qw,Kb,,,,,,,Nb,Rb,,,,,,,Pb,Nw,,,,,,,Kb,Rw,Pw,Kw,Bb,Nw,Pb,Kb,Nw	lightRed	0
7d49db9508a451f19fb65e287e66bd13	574	Rw,Rw,Bb,Qw,Pw,Nb,Bw,Kw,Pb,,,,,,,Kb,Nw,,,,,,,Qw,Bb,,,Nw,Nw,,,Nb,Qw,,,Nw,Nw,,,Rw,Pw,,,,,,,Kw,Nb,,,,,,,Qb,Kw,Kw,Bb,Nw,Pb,Kb,Bw,Qb	lightRed	0
7d585c0932db955739aa7c5065ba41cc	1844	Pw,Nb,Rw,Kw,Qb,Nw,Rb,Kw,Pw,,,,,,,Nw,Rb,,,,,,,Qb,Bb,,,,,,,Kb,Kw,,,,,,,Rb,Pb,,,,,,,Nb,Rw,,,,,,,Qw,Bb,Kb,Bw,Nw,Pb,Kw,Bb,Pb	lightRed	0
7d69e6c11be8243254be1050494fce36	25	Kw,Qb,Pb,Rb,Bw,Qw,Pw,Kw,Kb,,,,,,,Rw,Qw,,,,,,,Pb,Nb,,,,,,,Qb,Rw,,,,,,,Bw,Kw,,,,,,,Rb,Qb,,,,,,,Kb,Bw,Nb,Qw,Kb,Rb,Nw,Qb,Qw	lightGray	0
7d76b4efbffec4afbe4c1ddef1fbc9da	1892	Nw,Nb,Rw,Kb,Qw,Nw,Rb,Nb,Bw,,,,,,,Kw,Qb,,,,,,,Qb,Pw,,,,,,,Nb,Rb,,,,,,,Rw,Bb,,,,,,,Kb,Qw,,,,,,,Qw,Nw,Pw,Qw,Bb,Rw,Pb,Qb,Qb	lightRed	0
7d9bc897989c09cda78c0dd4e371d977	916	Kw,Rb,Nw,Qb,Kw,Rw,Nb,Bw,Rb,,,,,,,Pb,Nw,,,,,,,Kb,Qb,,,,,,,Bw,Kw,,,,,,,Nb,Rw,,,,,,,Pw,Nb,,,,,,,Kw,Kb,Rb,Kb,Qw,Nb,Rw,Pb,Qb	lightGray	0
7da915aeb683eacd59ee8d36105bdaae	408	Kb,Bb,Rw,Pb,Qb,Bw,Rb,Pb,Rw,,,,,,,Kw,Kw,,,,,,,Rw,Qw,,,,,,,Nw,Nb,,,,,,,Qb,Rb,,,,,,,Kb,Kb,,,,,,,Rb,Pw,Nb,Qw,Kb,Rb,Nw,Qb,Qb	lightRed	0
7dca97b7d6c4f3429893b5ad7b8a9a7f	1938	Qw,Nb,Qw,Kw,Rw,Nw,Qb,Qb,Nw,,,,,,,Nw,Pb,,,,,,,Qb,Kb,,,Rb,Rb,,,Kb,Bw,,,Rb,Rb,,,Rb,Nb,,,,,,,Nb,Pw,,,,,,,Bw,Qw,Pw,Rb,Bb,Qw,Pb,Rw,Rw	darkGray	0
7dcb4a8f1f0005a416747b365831e8f7	1849	Kb,Bw,Rb,Pw,Qw,Bb,Rw,Qb,Rb,,,,,,,Pb,Pw,,,,,,,Rw,Qb,,,Nb,Nb,,,Bw,Bw,,,Nb,Nb,,,Qb,Rw,,,,,,,Kb,Pb,,,,,,,Rb,Qb,Pw,Nb,Bb,Kw,Pb,Rw,Rb	darkRed	0
7dce2f9163daca277245ad85dc9fe46c	1920	Pb,Kw,Bb,Nw,Pb,Kb,Bw,Bb,Rb,,,,,,,Nw,Pw,,,,,,,Bb,Qb,,,,,,,Kw,Bw,,,,,,,Pw,Rw,,,,,,,Nb,Pb,,,,,,,Bw,Nw,Kw,Qb,Nw,Rb,Kb,Qw,Nw	darkRed	0
7dd4a1f69f5738664369b9636f20df02	2111	Kb,Nb,Bw,Kw,Pw,Nw,Bb,Kw,Bw,,,,,,,Pb,Qb,,,,,,,Kb,Pw,,,Pw,Pw,,,Bb,Nb,,,Pw,Pw,,,Nw,Bb,,,,,,,Rw,Qw,,,,,,,Kw,Kw,Rw,Pb,Qb,Bw,Rb,Pw,Pb	lightGray	1
7dd9452326ce6d3823a5fa2cb403ceaa	2547	Nw,Qw,Pw,Rb,Bw,Qb,Pb,Nw,Bb,,,,,,,Bb,Nw,,,,,,,Nw,Pb,,,Pw,Pw,,,Pw,Kb,,,Pw,Pw,,,Kw,Bw,,,,,,,Bw,Nb,,,,,,,Nb,Kw,Nb,Pw,Kb,Bw,Nw,Pb,Pw	darkRed	0
7dea805c58ec10c806f433bc1c3b81ab	2289	Nb,Nw,Qb,Kb,Rb,Nb,Qw,Pb,Pw,,,,,,,Bw,Qw,,,,,,,Kb,Bw,,,Pb,Pb,,,Pw,Rb,,,Pb,Pb,,,Nb,Pb,,,,,,,Bb,Qb,,,,,,,Kw,Bw,Kb,Pb,Nb,Bw,Kw,Pw,Rb	lightGray	0
7df758d92cc237fa930b78c1d837d3ce	502	Bw,Kb,Pb,Nb,Bw,Kw,Pw,Nw,Rw,,,,,,,Pw,Pb,,,,,,,Qw,Qb,,,,,,,Bw,Bw,,,,,,,Rb,Rb,,,,,,,Pb,Kb,,,,,,,Qb,Pb,Kb,Bw,Nb,Pw,Kw,Bb,Bb	lightGray	0
7e0298fe6798fd8ad4e001f05d9b326d	2322	Bw,Rb,Bw,Kw,Pw,Rw,Bb,Bw,Qw,,,,,,,Rw,Pw,,,,,,,Pb,Nw,,,,,,,Qw,Bb,,,,,,,Bb,Kb,,,,,,,Rb,Pb,,,,,,,Pw,Nw,Bw,Qb,Pw,Rb,Bb,Qw,Bb	darkRed	0
7e0710c97d88723d16a61a9b771f733b	3302	Nw,Kw,Bb,Nw,Rb,Kb,Bw,Pb,Bb,,,,,,,Kw,Qw,,,,,,,Rw,Pb,,,,,,,Nb,Nw,,,,,,,Qw,Bw,,,,,,,Kb,Qb,,,,,,,Rb,Pw,Bb,Qw,Pw,Rb,Bw,Qb,Rw	darkRed	0
7e0757a3e7f39e1ec9db3c72172801e6	733	Kb,Kw,Qb,Nw,Rb,Pw,Qw,Nb,Bw,,,,,,,Rw,Kb,,,,,,,Nb,Pb,,,,,,,Qb,Nw,,,,,,,Kw,Bb,,,,,,,Rb,Kw,,,,,,,Bw,Rb,Bb,Nw,Pw,Kw,Bw,Nb,Pw	darkGray	0
7e0d88927d80547bf947cd69c5b90040	1741	Kb,Qw,Kb,Rw,Nb,Qb,Kw,Qw,Kw,,,,,,,Rw,Bb,,,,,,,Bb,Nb,,,Pb,Pb,,,Qw,Pw,,,Pb,Pb,,,Pw,Kb,,,,,,,Nb,Bw,,,,,,,Bw,Rw,Pb,Nw,Bw,Kb,Pw,Nb,Qb	lightRed	0
7e1e9a989aeacde77824b90324b6b69b	2553	Rw,Pw,Nb,Bw,Kb,Pb,Nw,Bb,Rw,,,,,,,Qb,Rw,,,,,,,Kw,Rw,,,,,,,Rb,Rw,,,,,,,Nw,Rw,,,,,,,Qw,Rw,,,,,,,Pw,Rw,Kw,Pw,Nw,Bb,Kb,Pb,Bw	darkRed	0
7e2b4b5dbc0a1b746f93b8d9687e1709	3002	Nw,Kb,Qw,Nw,Rb,Kw,Qb,Rw,Pb,,,,,,,Rw,Rw,,,,,,,Rw,Bb,,,,,,,Rw,Qw,,,,,,,Rw,Pw,,,,,,,Rw,Rb,,,,,,,Rw,Bw,Pb,Rw,Bb,Qw,Pw,Rb,Rw	darkGray	0
7e2d545208891a5b65eca799f0c5a7d2	3736	Rw,Rb,Nw,Qb,Kw,Rw,Bb,Qb,Rw,,,,,,,Nw,Rw,,,,,,,Bb,Rw,,,Pb,Pb,,,Kb,Rw,,,Pb,Pb,,,Pb,Rw,,,,,,,Nb,Rw,,,,,,,Bw,Rw,Pw,Kw,Bw,Nb,Pb,Qb,Qb	lightRed	0
7e3bf41b25d1b6a233491af63d888cd9	1055	Nb,Rb,Kb,Qb,Nw,Rw,Pb,Qw,Nw,,,,,,,Bb,Bb,,,,,,,Qw,Kb,,,,,,,Pw,Pb,,,,,,,Rb,Nb,,,,,,,Bw,Bw,,,,,,,Qb,Bw,Rw,Kw,Qb,Nw,Rb,Kb,Pb	darkGray	0
7e4060bf25693a8e3f1ac0df9aa03cff	1239	Rb,Kw,Qb,Nb,Pw,Kb,Bw,Kb,Qw,,,,,,,Bb,Pw,,,,,,,Rw,Rw,,,,,,,Pb,Bb,,,,,,,Qb,Qb,,,,,,,Bw,Pb,,,,,,,Rb,Pw,Pb,Rw,Bw,Qb,Pw,Nb,Nw	darkRed	0
7e5466b0a719ef48da16ed44b679a78b	4077	Kw,Qb,Kw,Rb,Nw,Qw,Kb,Kb,Pw,,,,,,,Bw,Rb,,,,,,,Nb,Bb,,,,,,,Pw,Qw,,,,,,,Kw,Pb,,,,,,,Bb,Rw,,,,,,,Nw,Kb,Nb,Bw,Kw,Pw,Nw,Bb,Bw	lightGray	0
7e5c7e49e00dbf561564169fb599bb17	861	Bw,Pw,Kw,Qb,Nw,Rb,Kb,Rb,Pw,,,,,,,Nw,Rb,,,,,,,Qb,Bw,,,,,,,Kb,Qb,,,,,,,Rb,Pb,,,,,,,Nb,Rw,,,,,,,Qw,Qw,Pw,Nb,Bb,Kw,Pb,Nw,Qb	lightRed	0
7e5f3e2432541dc323beff152f47cb33	2965	Nb,Nb,Rw,Kb,Qw,Nw,Rb,Rb,Kb,,,,,,,Kw,Bw,,,,,,,Bb,Nb,,,,,,,Nb,Pw,,,,,,,Pw,Qw,,,,,,,Kb,Bb,,,,,,,Bw,Kw,Qw,Nb,Rb,Kb,Qb,Nw,Nb	lightRed	0
7e7410a94b677d583a704dc251e7b812	692	Bb,Qw,Bb,Rb,Pw,Qb,Bw,Kb,Kb,,,,,,,Qb,Bw,,,,,,,Kw,Nb,,,,,,,Rw,Pw,,,,,,,Nb,Kw,,,,,,,Qw,Bb,,,,,,,Kb,Rb,Nw,Rb,Kb,Qw,Nb,Rw,Pw	darkGray	0
7e80abe1c4f024ed5fa42bb941377731	3577	Pb,Nb,Qw,Kw,Rw,Nw,Bb,Pw,Nb,,,,,,,Rb,Qw,,,,,,,Pw,Kb,,,,,,,Qb,Rb,,,,,,,Bw,Bw,,,,,,,Rw,Qb,,,,,,,Pb,Bw,Rb,Kb,Qb,Nw,Rw,Kw,Rb	lightGray	0
7e82ffb9766f974c02be8d7bf6707ee4	1897	Qw,Kb,Qw,Nb,Rw,Kw,Qb,Rw,Bw,,,,,,,Pb,Rb,,,,,,,Rw,Pw,,,,,,,Nb,Qw,,,,,,,Qw,Bb,,,,,,,Kb,Rw,,,,,,,Rb,Bb,Pb,Rw,Bw,Qb,Pw,Rb,Kw	darkGray	0
7e8c267c8ac7b99aabb29154f263142a	1106	Rw,Pw,Qw,Nw,Rb,Kw,Qb,Pw,Rw,,,,,,,Kb,Rw,,,,,,,Rb,Rw,,,Bb,Bb,,,Nb,Rw,,,Bb,Bb,,,Qw,Rw,,,,,,,Kw,Rw,,,,,,,Rw,Rw,Rb,Bw,Qb,Pb,Rw,Nb,Rb	lightGray	0
7e8c4f592059fbb1dc9a7915db6826fe	1813	Pb,Bb,Nw,Pw,Kw,Bw,Nb,Rw,Qb,,,,,,,Rb,Nw,,,,,,,Nw,Rw,,,Pb,Pb,,,Qb,Kw,,,Pb,Pb,,,Kw,Qw,,,,,,,Rw,Nb,,,,,,,Nb,Pw,Nw,Bb,Kw,Pw,Nb,Qw,Rb	lightGray	0
7e8c9853c419dd63e837588a16d7667a	3506	Nb,Pb,Qb,Bb,Rw,Pw,Qw,Nw,Bw,,,,,,,Bb,Rb,,,,,,,Kw,Pw,,,,,,,Pb,Qw,,,,,,,Nw,Bb,,,,,,,Bw,Rw,,,,,,,Kb,Qb,Kw,Pw,Nb,Bw,Kb,Pb,Bb	darkGray	0
7ea03e23ac7c4da47f035b6acfc7b0a5	2855	Kw,Pb,Qb,Bw,Rb,Pw,Qw,Nw,Kb,,,,,,,Pb,Pb,,,,,,,Rw,Nb,,,,,,,Bb,Bw,,,,,,,Qw,Kw,,,,,,,Pw,Rw,,,,,,,Rb,Nw,Qb,Nw,Rw,Kw,Qw,Nb,Bw	lightGray	0
7eab2d1214d3f435ee6294cb6af42331	3344	Bb,Pb,Rw,Bw,Qb,Pw,Rb,Bb,Nw,,,,,,,Nb,Rb,,,,,,,Rw,Kw,,,Pb,Pb,,,Kb,Bb,,,Pb,Pb,,,Qw,Nb,,,,,,,Nw,Rw,,,,,,,Rb,Pb,Nb,Bw,Kb,Pb,Nw,Bb,Nb	darkGray	0
7eb6af8fada21680e601e3787ed5f350	1273	Pb,Bw,Nb,Pb,Kb,Qb,Nw,Kb,Kb,,,,,,,Qb,Rb,,,,,,,Bw,Nw,,,Rw,Rw,,,Rb,Qb,,,Rw,Rw,,,Pw,Kw,,,,,,,Qw,Rw,,,,,,,Nb,Rw,Nb,Pw,Kb,Bw,Nw,Pb,Kw	lightRed	0
7ecca30f2d4cad5e79cd1cf013f2fdf7	1040	Nw,Qb,Kw,Rb,Nw,Qw,Kb,Kb,Qw,,,,,,,Qw,Pw,,,,,,,Kb,Rb,,,Rb,Rb,,,Rb,Bw,,,Rb,Rb,,,Nw,Qb,,,,,,,Qb,Pb,,,,,,,Kw,Rb,Bb,Kw,Pw,Nb,Bw,Kb,Pw	lightGray	0
7ee488ad12c7d4052048e612471dd4c2	3202	Rb,Bb,Rw,Pb,Qb,Bw,Rb,Pw,Bb,,,,,,,Rw,Nw,,,,,,,Pb,Pb,,,Pb,Pb,,,Qw,Kb,,,Pb,Pb,,,Bb,Bw,,,,,,,Rb,Nb,,,,,,,Pw,Rb,Nw,Pb,Kw,Bb,Nb,Pw,Kw	lightGray	0
7ee98f3bf61bfee4938cfb9623c11513	2716	Pb,Bb,Rw,Pb,Qb,Bw,Rb,Bw,Rw,,,,,,,Rb,Kw,,,,,,,Bw,Qw,,,,,,,Qw,Nb,,,,,,,Pw,Rb,,,,,,,Rw,Pw,,,,,,,Nb,Kw,Kb,Pb,Nw,Bb,Kw,Pw,Bb	lightGray	0
7eebf7a4a3da881b34c11434a3d7fcdc	2920	Nw,Qw,Pw,Rb,Bw,Qb,Pb,Kw,Kb,,,,,,,Bb,Qw,,,,,,,Qw,Nb,,,Rb,Rb,,,Pb,Rw,,,Rb,Rb,,,Nw,Kw,,,,,,,Bw,Bb,,,,,,,Qb,Pw,Nw,Bb,Kb,Pb,Nb,Bw,Rw	lightRed	0
7eebfc4fc22cb719129ec9c0cdabe7dc	1565	Bb,Nw,Bb,Kw,Pw,Nb,Bw,Pw,Rw,,,,,,,Qb,Bb,,,,,,,Nw,Qw,,,Rw,Rw,,,Rb,Pw,,,Rw,Rw,,,Kb,Rb,,,,,,,Qw,Nw,,,,,,,Nb,Nw,Kw,Rw,Nb,Qw,Pw,Rb,Qb	darkRed	1
7ef165afa3f6249e105d2928fcfb32c0	3859	Nb,Rw,Bb,Qw,Kb,Rb,Bw,Nw,Kw,,,,,,,Bb,Pw,,,,,,,Kw,Nw,,,,,,,Pw,Bb,,,,,,,Nb,Kb,,,,,,,Bw,Pb,,,,,,,Kb,Nb,Bw,Nb,Pw,Kw,Bb,Qb,Kb	darkGray	0
7ef8038a385e8a8d49a9fdbd698abf0b	515	Rb,Kw,Qb,Nw,Rb,Kb,Qw,Pb,Rb,,,,,,,Rw,Nw,,,,,,,Bb,Qw,,,Rw,Rw,,,Qb,Kb,,,Rw,Rw,,,Pb,Rw,,,,,,,Rb,Nb,,,,,,,Bw,Rw,Rw,Rw,Rw,Rw,Rw,Rw,Rw	darkRed	0
7efd4a0671b4986b046fffc78e9bb8bd	320	Rw,Rw,Rw,Rw,Rw,Rw,Rw,Rw,Qw,,,,,,,Pb,Pw,,,,,,,Rw,Rb,,,Kb,Kb,,,Bb,Bw,,,Kb,Kb,,,Qw,Qb,,,,,,,Pw,Pb,,,,,,,Rb,Pw,Nb,Rw,Kw,Qb,Nw,Rb,Qb	darkGray	0
7efd6a81e15925ef63bfd66789e146b6	918	Pb,Rw,Kw,Qb,Nw,Rb,Kb,Nw,Qb,,,,,,,Nb,Nw,,,,,,,Qw,Rb,,,Pb,Pb,,,Kw,Kb,,,Pb,Pb,,,Rw,Qw,,,,,,,Nw,Nb,,,,,,,Qb,Qb,Qb,Nw,Rw,Kw,Qw,Nb,Qw	darkGray	0
7f270ae023af12db048c995308e091c5	2278	Kb,Nw,Bb,Kw,Pw,Nb,Bw,Rw,Bw,,,,,,,Bb,Nb,,,,,,,Qw,Pb,,,,,,,Pb,Kb,,,,,,,Rw,Bb,,,,,,,Bw,Nw,,,,,,,Qb,Qw,Pb,Kb,Bw,Nb,Pw,Kw,Rb	lightRed	0
7f2cda32da3e945bbbe475c9176bca4b	2682	Nw,Rb,Pw,Qb,Nw,Rw,Kw,Rw,Nb,,,,,,,Bw,Rw,,,,,,,Rb,Kw,,,Rw,Rw,,,Pw,Qb,,,Rw,Rw,,,Qw,Nw,,,,,,,Bb,Rb,,,,,,,Rw,Rb,Pw,Qw,Bb,Rw,Pb,Qb,Qb	darkGray	0
7f42d330e5e226548e881351cc489f78	3604	Pw,Bb,Rw,Pb,Qb,Bw,Rb,Qb,Bw,,,,,,,Bb,Kb,,,,,,,Nw,Pb,,,Rb,Rb,,,Pb,Nw,,,Rb,Rb,,,Kb,Bb,,,,,,,Bw,Kw,,,,,,,Rb,Kb,Nw,Qb,Kb,Rb,Nb,Qw,Rw	lightRed	0
7f4318ab9b66cf2f447ed319a05fd5ee	1003	Nw,Pw,Kw,Bw,Nb,Pb,Kb,Rb,Pw,,,,,,,Qw,Qw,,,,,,,Pw,Bw,,,Bb,Bb,,,Rw,Rb,,,Bb,Bb,,,Bb,Pb,,,,,,,Qb,Qb,,,,,,,Pb,Nb,Qb,Nw,Rw,Kw,Qw,Nb,Pw	darkRed	0
7f48c128f6bdb986a8a33de35e2d05cb	188	Bb,Nb,Pw,Kb,Bw,Nw,Pb,Pb,Qw,,,,,,,Pb,Pw,,,,,,,Nw,Rw,,,Qb,Qb,,,Bw,Bb,,,Qb,Qb,,,Kb,Kb,,,,,,,Pw,Pb,,,,,,,Nb,Qb,Pb,Kb,Bb,Nw,Pw,Kw,Qb	darkGray	0
7f65f32d6aab16d5dacd6c0cdbe2fc70	25	Kw,Qb,Pb,Rb,Bw,Qw,Pw,Kw,Kb,,,,,,,Rw,Qw,,,,,,,Pb,Nb,,,,,,,Qb,Rw,,,,,,,Bw,Kw,,,,,,,Rb,Qb,,,,,,,Kb,Bw,Nb,Qw,Kb,Rb,Nw,Qb,Qw	lightGray	0
7f67327531eb4a4a5600bfbce7a3e0d8	1012	Bw,Kb,Pb,Nw,Bb,Kw,Pw,Qb,Kw,,,,,,,Bb,Qb,,,,,,,Qw,Nw,,,Pb,Pb,,,Pw,Rb,,,Pb,Pb,,,Rb,Kb,,,,,,,Bw,Qw,,,,,,,Qb,Pw,Rb,Bw,Qb,Pb,Rw,Bb,Nb	darkRed	0
7f6ae4d67f84f0cac0c8b50d400b0794	2389	Nb,Bw,Kb,Pw,Nb,Bb,Kw,Bb,Rw,,,,,,,Kw,Bb,,,,,,,Qb,Qw,,,,,,,Nw,Pw,,,,,,,Rb,Rb,,,,,,,Kb,Bw,,,,,,,Qw,Pw,Bb,Nw,Pb,Kb,Bw,Nb,Bw	lightGray	1
7f7983c40102a1500dff9bbd137e3042	1003	Nw,Pw,Kw,Bw,Nb,Pb,Kb,Rb,Pw,,,,,,,Qw,Qw,,,,,,,Pw,Bw,,,Bb,Bb,,,Rw,Rb,,,Bb,Bb,,,Bb,Pb,,,,,,,Qb,Qb,,,,,,,Pb,Nb,Qb,Nw,Rw,Kw,Qw,Nb,Pw	lightRed	1
7f90b453ba56ec7829c4b9ddd239f6f2	2813	Rb,Qw,Nb,Rw,Kw,Qb,Nw,Nw,Kb,,,,,,,Qw,Pb,,,,,,,Pw,Nb,,,,,,,Rb,Bw,,,,,,,Bw,Kw,,,,,,,Qb,Pw,,,,,,,Pb,Bw,Nb,Bw,Kw,Pw,Nw,Bb,Pb	darkRed	0
7f91c4735a39d8f5e1d6480254bf4e38	3501	Pb,Kw,Bb,Nw,Pb,Kb,Bw,Nw,Pw,,,,,,,Nb,Rb,,,,,,,Rw,Bw,,,,,,,Kw,Qb,,,,,,,Qb,Pb,,,,,,,Nw,Rw,,,,,,,Rb,Rw,Rw,Rw,Rw,Rw,Rw,Rw,Rw	darkRed	0
7f9df7a6ac08060fe1d4ea65cb58718e	974	Rb,Rb,Pw,Qw,Bb,Rw,Pb,Bb,Qw,,,,,,,Rb,Kb,,,,,,,Pw,Rw,,,Rw,Rw,,,Qb,Nb,,,Rw,Rw,,,Bw,Qb,,,,,,,Rw,Pb,,,,,,,Pb,Pb,Qb,Nw,Rb,Kb,Qw,Nb,Nw	lightRed	0
7fa640e54e198d03d638b72047ea2b70	456	Rw,Pb,Kb,Bb,Nw,Pw,Kw,Qb,Rw,,,,,,,Rw,Rw,,,,,,,Kw,Rw,,,Nb,Nb,,,Qb,Rw,,,Nb,Nb,,,Nw,Rw,,,,,,,Rb,Rw,,,,,,,Kb,Rw,Bw,Qb,Pw,Nb,Bb,Kw,Kb	lightRed	0
7fbed24ee9a1ccbe7aad118c2b3c89f9	3863	Pb,Qb,Kw,Rw,Nb,Qw,Pw,Rw,Rw,,,,,,,Kw,Pb,,,,,,,Bb,Qb,,,Bb,Bb,,,Nw,Bw,,,Bb,Bb,,,Pb,Rb,,,,,,,Qb,Pw,,,,,,,Bw,Rw,Bw,Rb,Pb,Qb,Bb,Rw,Kw	lightRed	0
7fca172d5e76ef549bb1ab71ed103213	3016	Kb,Bw,Rb,Kw,Qb,Nb,Rw,Kb,Pw,,,,,,,Kw,Kw,,,,,,,Pw,Bb,,,,,,,Nb,Nw,,,,,,,Bw,Pb,,,,,,,Kb,Kb,,,,,,,Rb,Rb,Pw,Rb,Bw,Qb,Pb,Rw,Qb	lightGray	0
7fddc4bb809378b6e0a6b3c0cb1b271c	874	Pw,Qb,Kw,Rw,Nb,Qw,Kb,Pw,Nb,,,,,,,Rb,Rw,,,,,,,Bw,Kb,,,Pb,Pb,,,Qb,Qw,,,Pb,Pb,,,Pb,Nw,,,,,,,Rw,Rb,,,,,,,Bb,Qw,Qw,Nb,Rw,Kw,Qb,Nw,Pb	darkGray	0
7fde6d1438c4f89f9d72c5efd14e06a1	1040	Nw,Qb,Kw,Rb,Nw,Qw,Kb,Kb,Qw,,,,,,,Qw,Pw,,,,,,,Kb,Rb,,,,,,,Rb,Bw,,,,,,,Nw,Qb,,,,,,,Qb,Pb,,,,,,,Kw,Rb,Bb,Kw,Pw,Nb,Bw,Kb,Pw	lightGray	0
7fee25ce600212271b0deeb1e98f6a5b	578	Kw,Qw,Kb,Pb,Nw,Qb,Kw,Nw,Kb,,,,,,,Kw,Bw,,,,,,,Bb,Nb,,,,,,,Nw,Pw,,,,,,,Pb,Kw,,,,,,,Kb,Bb,,,,,,,Bw,Rw,Pb,Rw,Nb,Qw,Kb,Rb,Rb	lightRed	0
8009eafac2539f8766380ed0054bcbeb	1368	Nb,Kw,Bb,Nb,Pw,Kb,Qw,Nw,Bw,,,,,,,Rw,Rb,,,,,,,Kw,Pb,,,Pw,Pw,,,Qb,Qb,,,Pw,Pw,,,Nw,Bb,,,,,,,Rb,Rw,,,,,,,Kb,Kw,Nb,Pw,Kb,Bw,Rw,Pb,Pb	lightRed	1
8012d8e59cca206b93fea78a08a736db	3830	Bb,Qb,Bw,Rw,Pb,Qw,Bb,Kb,Pb,,,,,,,Bw,Rw,,,,,,,Rb,Bw,,,Nb,Nb,,,Pb,Qb,,,Nb,Nb,,,Qb,Pw,,,,,,,Bb,Rb,,,,,,,Rw,Qw,Qb,Pb,Rw,Bb,Qw,Pw,Rb	lightGray	0
801b4d4de0308249fe04de5581475409	832	Qb,Pw,Nb,Bb,Kw,Pb,Nw,Qb,Bw,,,,,,,Rb,Nb,,,,,,,Pw,Pw,,,Nb,Nb,,,Qb,Kw,,,Nb,Nb,,,Bw,Bb,,,,,,,Rw,Nw,,,,,,,Pb,Rb,Pw,Nb,Bb,Kw,Pb,Rw,Pb	lightGray	0
80232a36028103aaca800d11803a1c5c	412	Qb,Rw,Bb,Qw,Kb,Rb,Nw,Kb,Nw,,,,,,,Qw,Bb,,,,,,,Kb,Kw,,,Pb,Pb,,,Rw,Pw,,,Pb,Pb,,,Nb,Nb,,,,,,,Qb,Bw,,,,,,,Pb,Kw,Rw,Bb,Qw,Pw,Rb,Bw,Nb	lightGray	0
802b8f1aa96892befb55f24ca40c2e40	242	Rw,Pb,Rw,Bb,Qw,Pw,Rb,Qw,Bb,,,,,,,Rb,Qw,,,,,,,Bw,Pb,,,Qw,Qw,,,Qw,Rw,,,Qw,Qw,,,Pw,Bw,,,,,,,Rw,Qb,,,,,,,Bb,Kb,Pw,Qw,Bb,Rw,Pb,Qb,Bw	darkRed	0
804143c0d62e030410d64291813469fc	2604	Rw,Pb,Qb,Bw,Rb,Pw,Qw,Nb,Rw,,,,,,,Qw,Rw,,,,,,,Bb,Rw,,,Pb,Pb,,,Rb,Rw,,,Pb,Pb,,,Pw,Rw,,,,,,,Qb,Rw,,,,,,,Bw,Rw,Bw,Qb,Pb,Rw,Bb,Qw,Qb	darkGray	0
804975e7ce95339cd38359c6fd72facc	13	Nb,Qw,Bb,Rb,Pw,Qb,Bw,Nb,Pw,,,,,,,Qb,Nb,,,,,,,Kw,Bw,,,Rw,Rw,,,Rb,Kb,,,Rw,Rw,,,Nw,Pb,,,,,,,Qw,Nw,,,,,,,Kb,Qw,Kb,Bw,Nb,Pw,Kw,Bb,Nb	lightGray	0
8061c07a67bc39fe3b40fb22998fef44	1021	Rw,Qb,Bw,Rw,Pb,Qw,Bb,Bw,Bw,,,,,,,Nw,Qb,,,,,,,Bb,Pw,,,Pb,Pb,,,Kb,Nb,,,Pb,Pb,,,Pb,Bb,,,,,,,Nb,Kw,,,,,,,Bw,Qw,Nb,Pw,Kw,Bb,Nw,Pb,Nw	darkGray	0
807a7e00dc667b7e034ae3baaf3e547f	48	Bb,Rb,Pw,Qb,Bw,Rw,Pb,Kb,Pw,,,,,,,Rb,Kw,,,,,,,Bw,Bw,,,,,,,Qb,Nb,,,,,,,Pb,Pb,,,,,,,Rw,Kb,,,,,,,Bb,Kb,Nb,Pw,Kb,Bw,Nw,Pb,Qw	darkGray	0
8092b2f8df585025508d10d8dc7dcfea	1368	Nb,Kw,Bb,Nb,Pw,Kb,Qw,Nw,Bw,,,,,,,Rw,Rb,,,,,,,Kw,Pb,,,Pw,Pw,,,Qb,Qb,,,Pw,Pw,,,Nw,Bb,,,,,,,Rb,Rw,,,,,,,Kb,Qw,Nb,Pw,Kb,Bw,Rw,Pb,Pb	lightRed	0
809f144a227e72107ed1636df7ab2a06	165	Qb,Pb,Nw,Bb,Kw,Pw,Nb,Pb,Nb,,,,,,,Bw,Bw,,,,,,,Nb,Kw,,,Pb,Pb,,,Pw,Pw,,,Pb,Pb,,,Kw,Rw,,,,,,,Bb,Bb,,,,,,,Nw,Nw,Kb,Rb,Nw,Qb,Kw,Rw,Bw	lightRed	0
80b40d98c4333a9704b4b36c14609b2e	2386	Nw,Pw,Rb,Bw,Qb,Pb,Rw,Qb,Rw,,,,,,,Qb,Bb,,,,,,,Kw,Qw,,,,,,,Rb,Pw,,,,,,,Nw,Rb,,,,,,,Bw,Bw,,,,,,,Kb,Rw,Rw,Rw,Rw,Rw,Rw,Rw,Rw	lightGray	0
80b6603583e9133055ef9d349c1ec922	257	Rw,Pb,Nw,Bb,Kw,Pw,Nb,Rw,Pw,,,,,,,Rw,Qw,,,,,,,Rw,Bw,,,,,,,Rw,Rb,,,,,,,Rw,Pb,,,,,,,Rw,Qb,,,,,,,Rw,Kw,Rw,Kw,Qb,Nw,Rb,Kb,Rw	darkGray	0
80d143fb208158ab5fdf15bf8caa8c8d	3282	Bw,Pw,Nb,Bb,Kw,Pb,Nw,Bb,Kb,,,,,,,Nb,Kw,,,,,,,Pw,Nw,,,Pw,Pw,,,Kb,Rb,,,Pw,Pw,,,Bw,Kw,,,,,,,Nw,Bb,,,,,,,Pb,Rw,Rw,Nb,Qw,Kb,Rb,Nw,Bb	darkRed	0
80d7da24187631584e5ab8c2ebd7c5b2	1785	Nb,Kw,Pw,Nb,Bw,Kb,Pb,Rw,Pb,,,,,,,Bb,Qb,,,,,,,Qw,Bw,,,,,,,Pb,Rb,,,,,,,Rw,Pw,,,,,,,Bw,Qw,,,,,,,Qb,Kw,Bb,Rw,Pb,Qb,Bw,Rb,Qw	darkGray	0
80e7493172c1db2b97873a6da7c43e7f	1883	Nb,Kb,Rb,Nb,Qw,Kw,Rw,Rb,Qb,,,,,,,Pb,Pb,,,,,,,Rw,Rb,,,Bw,Bw,,,Bw,Bw,,,Bw,Bw,,,Qb,Qw,,,,,,,Pw,Pw,,,,,,,Rb,Qw,Pb,Kb,Bw,Nb,Pw,Kw,Qb	darkRed	1
80f0429d74bee2232ee75d0d91ea37de	3703	Rw,Pw,Kw,Bb,Nw,Pb,Kb,Nw,Nw,,,,,,,Bw,Rb,,,,,,,Qb,Kb,,,,,,,Pw,Qw,,,,,,,Rb,Nb,,,,,,,Bb,Pw,,,,,,,Qw,Nw,Qb,Bw,Rw,Pb,Qw,Bb,Bb	darkRed	0
80fa75d5de11d7cf8c764367d699dedf	2562	Nb,Qb,Pb,Rw,Bb,Qw,Kb,Rb,Kw,,,,,,,Kw,Bb,,,,,,,Pw,Nb,,,,,,,Nb,Pw,,,,,,,Bw,Kb,,,,,,,Kb,Bw,,,,,,,Pb,Kb,Nb,Rw,Kb,Qw,Nw,Rb,Bb	lightRed	0
80fb02aa88ae42321db3153b711f3b6c	4084	Nb,Nb,Pw,Kw,Bb,Nw,Pb,Qw,Qw,,,,,,,Rw,Kb,,,,,,,Nb,Rw,,,,,,,Qb,Bb,,,,,,,Kw,Qb,,,,,,,Rb,Kw,,,,,,,Nw,Pw,Kb,Bw,Nw,Pb,Kw,Bb,Qw	darkRed	0
80fc8065b7b1d434c4210ec261e83543	2572	Qw,Kb,Qw,Nw,Rb,Kw,Qb,Bw,Kw,,,,,,,Bw,Rw,,,,,,,Kb,Nw,,,Pw,Pw,,,Rw,Qb,,,Pw,Pw,,,Nb,Kb,,,,,,,Qb,Rb,,,,,,,Kw,Nw,Nw,Rb,Kb,Qw,Nb,Rw,Nw	darkGray	0
8104c66f37adb0c93351877b7a6088da	1175	Rw,Rw,Rw,Rw,Rw,Rw,Rw,Rw,Nb,,,,,,,Bw,Qw,,,,,,,Nb,Kb,,,,,,,Pw,Rb,,,,,,,Kw,Nw,,,,,,,Bb,Qb,,,,,,,Nw,Pw,Rw,Bb,Qw,Pw,Nb,Bw,Qb	lightRed	0
811d29ae1e0eb170712446a89e1499a6	81	Kw,Nb,Pw,Kb,Bw,Nw,Pb,Pw,Pb,,,,,,,Rw,Qb,,,,,,,Bb,Bw,,,,,,,Qb,Rb,,,,,,,Pb,Pw,,,,,,,Rb,Qw,,,,,,,Bw,Pw,Bw,Kb,Pb,Nw,Bb,Kw,Nw	lightRed	0
812568a475baf97cabb4b33d17f4aa99	956	Rb,Kb,Bw,Nw,Pb,Kw,Bb,Rw,Pw,,,,,,,Kb,Rb,,,,,,,Qw,Bw,,,Pw,Pw,,,Nb,Qb,,,Pw,Pw,,,Rw,Pb,,,,,,,Kw,Rw,,,,,,,Qb,Qb,Nw,Qb,Kb,Rb,Nb,Qw,Kb	darkRed	0
8128142974038b373625436cd6fe43c0	1034	Kb,Pb,Nw,Bb,Kw,Pw,Nb,Nb,Nw,,,,,,,Kb,Bb,,,,,,,Bw,Kb,,,,,,,Nb,Pb,,,,,,,Pw,Nb,,,,,,,Qw,Qw,,,,,,,Bb,Qw,Qb,Nw,Rb,Kb,Bw,Nb,Kw	darkRed	0
81311fdfbbb443146f9fd21763bb0716	1226	Pb,Pw,Kw,Bb,Nw,Pb,Qb,Pw,Bb,,,,,,,Rb,Kw,,,,,,,Bw,Pw,,,,,,,Qb,Nb,,,,,,,Pb,Bw,,,,,,,Rw,Kb,,,,,,,Bb,Kw,Pw,Nb,Bw,Kb,Pb,Nw,Nb	darkGray	0
813c6cff4d179efb8e3f49b0510dc036	712	Rw,Pw,Rb,Nw,Qb,Pb,Rw,Kb,Pb,,,,,,,Nw,Nw,,,,,,,Qb,Bb,,,Bb,Bb,,,Kw,Qw,,,Bb,Bb,,,Pw,Pw,,,,,,,Nb,Nb,,,,,,,Qw,Bw,Nw,Rb,Kb,Qw,Nb,Pw,Qb	lightRed	0
814041cebebe56ba9899b142956606d3	1926	Rw,Qw,Nb,Rw,Kw,Qb,Nw,Kb,Nb,,,,,,,Kb,Pw,,,,,,,Qw,Kb,,,,,,,Nb,Bw,,,,,,,Rw,Nw,,,,,,,Kw,Pb,,,,,,,Qb,Kw,Bb,Qw,Pb,Rw,Bw,Qb,Qb	darkGray	0
814ba30b71df3e4c4ff771f4334c436d	399	Nb,Nw,Rb,Kb,Qw,Nb,Rw,Rw,Qb,,,,,,,Nw,Bw,,,,,,,Qb,Rb,,,Rw,Rw,,,Kw,Pw,,,Rw,Rw,,,Rw,Qw,,,,,,,Nb,Bb,,,,,,,Qw,Pw,Bb,Rw,Pw,Qw,Bw,Rb,Bw	lightRed	0
81515fc6562da6b63221b8d632cdc511	3540	Rw,Qw,Nb,Rw,Kw,Qb,Bw,Pw,Nw,,,,,,,Rw,Rb,,,,,,,Kw,Kb,,,,,,,Qb,Kw,,,,,,,Nw,Nb,,,,,,,Pb,Rw,,,,,,,Kb,Pb,Nb,Qw,Kw,Rw,Nw,Qb,Nb	darkRed	0
8166523046a40ba5a1e00bb7d2de7724	2997	Bb,Kw,Rw,Nb,Qw,Kb,Rb,Qw,Kb,,,,,,,Nb,Rb,,,,,,,Bw,Nw,,,,,,,Qb,Qb,,,,,,,Pb,Pb,,,,,,,Rw,Rw,,,,,,,Bb,Nw,Nb,Bw,Kw,Pw,Nw,Bb,Kw	darkRed	0
816dd269eafe1606796a18ea6f440132	2821	Rb,Kw,Rw,Nw,Qb,Qb,Rb,Nb,Qw,,,,,,,Rw,Kb,,,,,,,Bb,Rw,,,,,,,Qb,Nb,,,,,,,Pb,Qb,,,,,,,Nb,Kw,,,,,,,Bw,Qb,Nb,Rw,Kb,Qw,Nw,Rb,Qw	darkRed	0
81811fc2c94defd48ff864d7e63d9200	35	Kb,Kb,Qw,Nw,Pb,Kw,Bb,Pw,Bw,,,,,,,Nw,Nb,,,,,,,Pb,Pw,,,,,,,Kb,Kw,,,,,,,Bw,Bb,,,,,,,Nb,Nw,,,,,,,Pw,Bw,Bw,Rb,Pb,Qb,Bb,Nw,Qb	darkGray	0
8183c6391330f28255fc644a7bc7d73c	1700	Bb,Bb,Kw,Pb,Nw,Bw,Kb,Qb,Qb,,,,,,,Rw,Pb,,,,,,,Bb,Rw,,,,,,,Qw,Bb,,,,,,,Pw,Qw,,,,,,,Nb,Pw,,,,,,,Bw,Bw,Kw,Qb,Bw,Rb,Kb,Qw,Kb	lightGray	0
819b1bbb9563bfcf78fa521a7e7ed373	3316	Qb,Rw,Kw,Qw,Nb,Rb,Pw,Rw,Rb,,,,,,,Bb,Nw,,,,,,,Nw,Qw,,,,,,,Pb,Kb,,,,,,,Kb,Rw,,,,,,,Bw,Nb,,,,,,,Nb,Kw,Bw,Rb,Pb,Qb,Bb,Rw,Qw	darkRed	0
81aca4d2964584597b191ad2ff795e96	1872	Bb,Nw,Qb,Kw,Rw,Nb,Qw,Nb,Qw,,,,,,,Bb,Nb,,,,,,,Kw,Rb,,,Nb,Nb,,,Pb,Kb,,,Nb,Nb,,,Nw,Qb,,,,,,,Bw,Nw,,,,,,,Kb,Kb,Pw,Rb,Bb,Kw,Pb,Rw,Pb	darkRed	0
81b470826f8722cc12d3428218566e34	3938	Qb,Rw,Nb,Bw,Kb,Pb,Nw,Kw,Bw,,,,,,,Bb,Rb,,,,,,,Rw,Pw,,,,,,,Pb,Qw,,,,,,,Qb,Bb,,,,,,,Bw,Rw,,,,,,,Rb,Pw,Nb,Pw,Kw,Bb,Nw,Pb,Pb	lightRed	0
81c042f40c3a54ea819508d743d60f7e	2935	Rw,Bb,Kw,Pb,Nw,Bw,Kb,Nw,Qw,,,,,,,Kb,Kb,,,,,,,Qw,Rw,,,Rb,Rb,,,Nw,Bb,,,Rb,Rb,,,Rb,Qb,,,,,,,Kw,Pb,,,,,,,Qb,Kb,Pb,Rw,Bb,Qw,Pw,Rb,Bb	darkRed	0
81e0e1012ccb32aba62586003da52f07	1264	Bw,Kw,Pw,Nw,Bb,Kb,Pb,Nw,Rw,,,,,,,Kb,Bb,,,,,,,Rb,Qb,,,,,,,Nb,Pb,,,,,,,Qw,Nb,,,,,,,Kw,Bw,,,,,,,Rw,Nw,Qw,Nb,Rb,Kb,Qb,Nw,Nw	lightRed	0
81f8c7806fdebc9bbc027db0d3eb7bf6	3121	Bb,Qw,Nb,Rw,Kw,Qb,Nw,Pb,Qb,,,,,,,Kw,Kw,,,,,,,Bb,Rb,,,Qw,Qw,,,Nb,Bw,,,Qw,Qw,,,Pw,Qw,,,,,,,Kb,Kb,,,,,,,Bw,Kw,Pw,Rb,Bb,Qw,Pb,Rw,Rb	darkGray	0
8219bb74599ff0ec124ba79026889e2b	1623	Rb,Pb,Kb,Bb,Nw,Pw,Kw,Qw,Rw,,,,,,,Nb,Pb,,,,,,,Rw,Qb,,,,,,,Kb,Bw,,,,,,,Qw,Rb,,,,,,,Nw,Pw,,,,,,,Rb,Pw,Pw,Qw,Bw,Rb,Pb,Qb,Pw	darkGray	0
821fe25eaa62b288b12187bfc1b4cc72	1411	Kb,Qw,Pw,Nw,Bb,Qb,Pb,Nb,Qb,,,,,,,Qw,Bw,,,,,,,Nb,Rw,,,,,,,Rb,Pb,,,,,,,Kb,Qw,,,,,,,Qb,Bb,,,,,,,Nw,Nb,Pb,Nw,Bb,Kw,Rw,Nb,Kb	lightRed	0
822d901ad81ab4e5904f0a69b84640f4	3236	Qw,Pb,Qb,Bw,Nb,Pw,Qw,Bb,Nb,,,,,,,Pb,Rw,,,,,,,Qb,Kb,,,Qb,Qb,,,Bw,Qw,,,Qb,Qb,,,Rb,Nw,,,,,,,Pw,Rb,,,,,,,Qw,Pw,Nw,Qb,Kb,Rb,Nb,Qw,Bw	lightGray	0
8236525c1c0739ca3dfad799c0e0f76c	329	Nb,Pw,Qw,Bw,Rb,Pb,Kb,Nb,Pw,,,,,,,Rb,Kw,,,,,,,Kb,Bb,,,Pb,Pb,,,Qw,Nw,,,Pb,Pb,,,Nb,Pb,,,,,,,Rw,Kb,,,,,,,Kw,Bb,Qb,Bw,Rw,Kw,Qw,Nb,Rw	darkRed	0
823d79d959b860ca4b51eb4753949bb1	1550	Bw,Pb,Kb,Bw,Nb,Pw,Kw,Kb,Nw,,,,,,,Bw,Bb,,,,,,,Kb,Kw,,,,,,,Pb,Pw,,,,,,,Nw,Nb,,,,,,,Bb,Bw,,,,,,,Kw,Qb,Bb,Qw,Pb,Rw,Bw,Qb,Pw	lightGray	0
823d9daddff128917bd20256ca878f19	2346	Pw,Nw,Pb,Kw,Bb,Nb,Rw,Bw,Pb,,,,,,,Qb,Nw,,,,,,,Kw,Bw,,,Bb,Bb,,,Rw,Kb,,,Bb,Bb,,,Nb,Pw,,,,,,,Qw,Nb,,,,,,,Kb,Nw,Qw,Kb,Rw,Nb,Qb,Qw,Bw	lightRed	0
824206cab6cc139bb4ced94018cf4ed1	1865	Pw,Pb,Qb,Bb,Rw,Pw,Qw,Bb,Nw,,,,,,,Bw,Rb,,,,,,,Kb,Kw,,,Nb,Nb,,,Pb,Qb,,,Nb,Nb,,,Nw,Nb,,,,,,,Bb,Rw,,,,,,,Kw,Pw,Kw,Bb,Nw,Pb,Kb,Bw,Bw	lightRed	0
8243e18ecbc7bb69109c004cb8052cde	2232	Bw,Bb,Rw,Pb,Qb,Bw,Rb,Kw,Nw,,,,,,,Kw,Bb,,,,,,,Qb,Kw,,,Qb,Qb,,,Nb,Pw,,,Qb,Qb,,,Rw,Nb,,,,,,,Kb,Bw,,,,,,,Qw,Bw,Pw,Kw,Bb,Nw,Pb,Kb,Qb	darkRed	0
824505714a82a6e177e9f0d26300b32b	491	Nb,Bw,Nb,Pb,Kb,Bb,Nw,Nw,Kw,,,,,,,Rb,Qb,,,,,,,Nw,Nb,,,Rb,Rb,,,Qb,Rw,,,Rb,Rb,,,Kw,Kb,,,,,,,Rw,Qw,,,,,,,Nb,Qb,Nb,Pw,Kb,Bw,Nw,Pb,Nb	darkRed	0
825d326704bbde487831f5ea7a03f337	2001	Nw,Bb,Qw,Pw,Rw,Bw,Qb,Pw,Nw,,,,,,,Pw,Rb,,,,,,,Kw,Kw,,,Pb,Pb,,,Bb,Bb,,,Pb,Pb,,,Nw,Nb,,,,,,,Pb,Pw,,,,,,,Kb,Kw,Qw,Nb,Rw,Kw,Qb,Nw,Bb	darkGray	0
8260be1fa7436ff0f6d49e70b0df143a	1882	Nw,Bb,Rw,Pb,Qb,Bw,Rb,Qb,Pw,,,,,,,Kb,Nb,,,,,,,Bw,Bb,,,,,,,Nb,Kw,,,,,,,Pw,Pb,,,,,,,Kw,Nw,,,,,,,Bb,Qw,Bb,Kw,Pw,Nb,Bw,Kb,Nw	lightRed	0
826873f5153051ec266fe374ad2eb51d	554	Qw,Nw,Rb,Kb,Qw,Nb,Rw,Qb,Kb,,,,,,,Rw,Qw,,,,,,,Pb,Nw,,,,,,,Qw,Rb,,,,,,,Bb,Kw,,,,,,,Rb,Qb,,,,,,,Pw,Rw,Rb,Pw,Qb,Nw,Rw,Pb,Nw	lightGray	0
827dd7f8d4cc7348b906f703658eee6d	2757	Qb,Kb,Qw,Nw,Rb,Kw,Qb,Qw,Kb,,,,,,,Bw,Qw,,,,,,,Qb,Nb,,,Bb,Bb,,,Pw,Rw,,,Bb,Bb,,,Rb,Kw,,,,,,,Bb,Qb,,,,,,,Qw,Qb,Qw,Kb,Rb,Nw,Qb,Kw,Bb	lightRed	0
828e1ae56dd8e14529a3344465ebc8d2	230	Qw,Bb,Rw,Pb,Qb,Bw,Nb,Kw,Pb,,,,,,,Qb,Rw,,,,,,,Bw,Bw,,,Nb,Nb,,,Rw,Qb,,,Nb,Nb,,,Pb,Pw,,,,,,,Qw,Rb,,,,,,,Bb,Bw,Rw,Kw,Qw,Nb,Pb,Kb,Rw	lightGray	0
829079a54d7ca1ca3e8b3f3438996c7e	2299	Pw,Qb,Bw,Nb,Pw,Qw,Bb,Kb,Rw,,,,,,,Rw,Nb,,,,,,,Kw,Qw,,,Nb,Nb,,,Qw,Kb,,,Nb,Nb,,,Nb,Rb,,,,,,,Rb,Nw,,,,,,,Kb,Kw,Nb,Pw,Kb,Bw,Nw,Pb,Bb	darkGray	1
829c0202ca47534c2ee6e09c95fd071c	4055	Nb,Pw,Rb,Bw,Qb,Pb,Rw,Nw,Pw,,,,,,,Qw,Qw,,,,,,,Kb,Bb,,,,,,,Pb,Rw,,,,,,,Nw,Pb,,,,,,,Bb,Qb,,,,,,,Kw,Nw,Kw,Pw,Nw,Bb,Kb,Pb,Pb	darkRed	0
82a23c81becd87c8b91a0854cdcd980f	659	Kb,Rb,Kb,Qb,Nw,Rw,Kw,Qb,Kw,,,,,,,Bb,Pw,,,,,,,Nw,Nb,,,,,,,Pb,Bw,,,,,,,Kb,Kb,,,,,,,Bw,Pb,,,,,,,Nb,Rw,Bb,Rw,Kb,Qw,Nw,Rb,Bw	darkRed	0
82a4fc7396b2e54604965d6a85b9ab90	2333	Pb,Nb,Qw,Kw,Rw,Nw,Qb,Bb,Kw,,,,,,,Pb,Pw,,,,,,,Rw,Nw,,,Kb,Kb,,,Bw,Bb,,,Kb,Kb,,,Qb,Kb,,,,,,,Pw,Pb,,,,,,,Rb,Pb,Qb,Nw,Rw,Kw,Qw,Nb,Pw	darkRed	0
82bacd4a78f4262329ac039164902d93	3995	Qw,Rb,Kb,Qb,Nw,Rw,Kw,Pb,Bw,,,,,,,Qw,Rb,,,,,,,Pw,Pw,,,,,,,Rb,Qw,,,,,,,Bw,Bb,,,,,,,Qb,Rw,,,,,,,Pb,Bw,Bw,Kb,Pb,Nw,Bb,Kw,Pb	darkGray	0
82d39790bdc114cf47d1578a890fbb04	1774	Qw,Pb,Nw,Bw,Kb,Pw,Rb,Nw,Qb,,,,,,,Nb,Pb,,,,,,,Bw,Rb,,,,,,,Kb,Bw,,,,,,,Pb,Qw,,,,,,,Nw,Pw,,,,,,,Bb,Rb,Rb,Pw,Qw,Bb,Rw,Kw,Bw	lightGray	1
82e6d62eed8bc8692ac78227b8beea14	1034	Kb,Pb,Nw,Bb,Kw,Pw,Nb,Nb,Nw,,,,,,,Kb,Bb,,,,,,,Bw,Kb,,,,,,,Nb,Pb,,,,,,,Pw,Nb,,,,,,,Qw,Qw,,,,,,,Bb,Qw,Qb,Nw,Rb,Kb,Bw,Nb,Kw	darkRed	0
82f2fb5f7206424a1e32dce2061d05ca	4055	Nb,Pw,Rb,Bw,Qb,Pb,Rw,Nw,Pw,,,,,,,Qw,Qw,,,,,,,Kb,Bb,,,,,,,Pb,Rw,,,,,,,Nw,Pb,,,,,,,Bb,Qb,,,,,,,Kw,Nw,Kw,Pw,Nw,Bb,Kb,Pb,Pb	darkRed	0
82f4a5812d96dd3bb99bbbadcbd8ae4f	2368	Qw,Pw,Nb,Bb,Kw,Pb,Rw,Nb,Pb,,,,,,,Nw,Nw,,,,,,,Bb,Bb,,,Nw,Nw,,,Kw,Kw,,,Nw,Nw,,,Pw,Pw,,,,,,,Nb,Nb,,,,,,,Bw,Rb,Rb,Pw,Qw,Bb,Rw,Pb,Bb	darkRed	0
82faa7ed3191c0485509c3bc18a510cc	1647	Pw,Qw,Kb,Rb,Nw,Bb,Kw,Nb,Pw,,,,,,,Nb,Kw,,,,,,,Bw,Bw,,,Rb,Rb,,,Kb,Nb,,,Rb,Rb,,,Pb,Pb,,,,,,,Nw,Kb,,,,,,,Bb,Pw,Kw,Rw,Nw,Qb,Kb,Rb,Bw	lightGray	0
83024e425dfc6cfac513b0044e99b2e2	2808	Kb,Rb,Nw,Qw,Kb,Rw,Nb,Qw,Bb,,,,,,,Bb,Qw,,,,,,,Nw,Pb,,,,,,,Pw,Rw,,,,,,,Kw,Bw,,,,,,,Bw,Qb,,,,,,,Nb,Qb,Kw,Pw,Nb,Bw,Kb,Pb,Rb	darkGray	0
8305749d312a1e2f377ea167b33447a9	3714	Kw,Pw,Nb,Bw,Kb,Pb,Nw,Pb,Nw,,,,,,,Rb,Rb,,,,,,,Kb,Kw,,,,,,,Qw,Qb,,,,,,,Nb,Nb,,,,,,,Rw,Rw,,,,,,,Kw,Bw,Pb,Nw,Qw,Kb,Rw,Nb,Bw	darkGray	0
830d1b6e024986072ac3d0114049244d	1208	Nw,Pw,Kw,Qb,Nw,Pb,Kb,Qw,Rw,,,,,,,Rw,Bb,,,,,,,Pb,Qw,,,,,,,Qb,Pw,,,,,,,Bw,Rb,,,,,,,Rb,Bw,,,,,,,Pw,Qw,Nb,Qw,Pb,Rw,Bw,Qb,Bb	lightRed	0
8320338ae1b7e523433b6107b9d01512	1036	Qb,Qw,Nb,Rb,Kb,Qb,Bw,Kb,Bw,,,,,,,Pw,Nb,,,,,,,Qw,Pb,,,,,,,Bb,Kb,,,,,,,Rw,Bb,,,,,,,Pb,Rw,,,,,,,Qb,Pw,Nb,Bw,Kb,Pb,Nw,Bb,Qw	lightRed	0
832882e46f9bce339451d3731db10092	314	Rb,Qw,Bb,Rw,Pb,Qb,Bw,Kb,Pw,,,,,,,Nw,Kw,,,,,,,Qb,Bb,,,,,,,Kb,Nw,,,,,,,Rb,Pb,,,,,,,Nb,Kb,,,,,,,Qw,Qb,Qb,Kw,Rb,Nw,Qw,Kb,Qb	darkGray	0
83359527facfbca1deb860a0478599e8	3920	Pw,Bb,Qw,Pw,Rb,Bw,Qb,Rw,Pb,,,,,,,Nb,Rw,,,,,,,Qw,Bb,,,,,,,Kb,Qw,,,,,,,Rb,Pw,,,,,,,Nw,Rb,,,,,,,Qb,Rw,Qb,Bw,Rb,Pw,Qw,Bb,Rw	darkRed	0
8339659422057be232349298b29e4e1e	18	Qw,Kw,Bb,Nb,Pw,Kb,Bw,Rb,Qw,,,,,,,Bw,Pw,,,,,,,Nb,Rw,,,,,,,Rw,Bb,,,,,,,Kw,Qb,,,,,,,Bb,Pb,,,,,,,Nw,Qw,Qw,Nb,Rb,Kb,Qb,Nw,Pw	lightRed	0
83456ab141739d6e0190fcb6a3d9f432	1873	Kb,Rw,Pb,Qw,Bb,Rb,Pw,Kb,Pb,,,,,,,Pb,Qb,,,,,,,Kb,Bw,,,,,,,Qw,Rb,,,,,,,Nb,Pw,,,,,,,Pw,Qw,,,,,,,Kw,Rb,Kw,Rw,Nw,Qb,Kb,Rb,Rw	darkRed	0
834a4d0903ae5100d5a2e68d305ea32a	2609	Nw,Kb,Bw,Nb,Pw,Kw,Bb,Rb,Bw,,,,,,,Kb,Rb,,,,,,,Bw,Pw,,,Bb,Bb,,,Nb,Qw,,,Bb,Bb,,,Pw,Bb,,,,,,,Qw,Rw,,,,,,,Bb,Qb,Kb,Qw,Nw,Rb,Kw,Bb,Bb	darkRed	0
834d83c8841a456e4c9bcc15e2392784	2218	Kb,Kb,Pb,Rw,Bb,Qw,Pw,Pb,Qw,,,,,,,Kw,Pw,,,,,,,Bb,Rb,,,Qb,Qb,,,Nw,Bw,,,Qb,Qb,,,Pb,Qb,,,,,,,Kb,Pb,,,,,,,Bw,Pb,Qw,Bb,Rb,Pw,Qb,Nw,Pb	darkGray	0
83559549b182c666ad6105e810d06d21	2590	Bw,Bw,Rb,Pb,Qb,Bb,Nw,Qb,Kb,,,,,,,Pb,Qw,,,,,,,Nw,Nb,,,Pw,Pw,,,Bb,Rw,,,Pw,Pw,,,Kw,Pb,,,,,,,Pw,Qb,,,,,,,Nb,Pb,Rb,Kb,Bb,Nw,Rw,Kw,Kb	lightGray	0
835aba6a7b1f01d49cc01f109dde8ca5	479	Bb,Qb,Kw,Rw,Nb,Qw,Kb,Rb,Bw,,,,,,,Nb,Rb,,,,,,,Pw,Pw,,,Pb,Pb,,,Kb,Qw,,,Pb,Pb,,,Bw,Bb,,,,,,,Rw,Rw,,,,,,,Pb,Kw,Rw,Bb,Qw,Pw,Rb,Bw,Nw	lightGray	0
835d20d06830e553ace119b7977f591e	1638	Nw,Rw,Pb,Qw,Bb,Rb,Pw,Nb,Kb,,,,,,,Qw,Bw,,,,,,,Kb,Nw,,,,,,,Rw,Pb,,,,,,,Nb,Kw,,,,,,,Qb,Qb,,,,,,,Kw,Nb,Rb,Pw,Qw,Bb,Rw,Kw,Nw	lightRed	0
836dab6d14a8a253be3b7b5ccdddf8d3	1125	Rw,Rw,Rw,Rw,Rw,Rw,Rw,Rw,Pb,,,,,,,Pb,Rw,,,,,,,Nw,Bw,,,,,,,Bb,Qb,,,,,,,Kw,Pw,,,,,,,Pw,Rb,,,,,,,Nb,Pb,Kb,Qw,Nw,Rb,Kw,Qb,Bw	darkGray	0
836e4cc518c25d78b9be71472cc88592	3176	Nw,Kw,Rw,Bw,Qb,Kb,Rb,Rw,Pb,,,,,,,Qb,Qb,,,,,,,Bw,Bw,,,Bw,Bw,,,Rw,Rb,,,Bw,Bw,,,Pb,Pw,,,,,,,Qw,Qw,,,,,,,Bb,Qw,Rb,Nw,Bb,Kw,Rw,Nb,Qb	lightGray	0
8372c625858bf234c4d5f76b29f20984	658	Kb,Nw,Rb,Kb,Qw,Nb,Rw,Qb,Kb,,,,,,,Bw,Rb,,,,,,,Kb,Nw,,,Rb,Rb,,,Rw,Bb,,,Rb,Rb,,,Nb,Kw,,,,,,,Bb,Pw,,,,,,,Kw,Bw,Pb,Qb,Bw,Rb,Kb,Qw,Qw	darkRed	0
837cb7c1864acb5b8cfc6e9e09dddcf8	2027	Kb,Rb,Kb,Kb,Nw,Rw,Kw,Nw,Nw,,,,,,,Qw,Pb,,,,,,,Bb,Kw,,,,,,,Rw,Bb,,,,,,,Pb,Nb,,,,,,,Qb,Pw,,,,,,,Bw,Qb,Bw,Qb,Pb,Rw,Bb,Kw,Bb	darkGray	0
8380b7612b6b3628496a39a00c2f8996	259	Rw,Pb,Nw,Bw,Kb,Pw,Nb,Kb,Pb,,,,,,,Bw,Qb,,,,,,,Qb,Bb,,,Nw,Nw,,,Pw,Rw,,,Nw,Nw,,,Nb,Pw,,,,,,,Bb,Kw,,,,,,,Kw,Kb,Bw,Qb,Pb,Rw,Bb,Qw,Qb	lightGray	0
839a3cb775f09d66906685f2557c9a1b	136	Nb,Rb,Pw,Qw,Bb,Rw,Kw,Nw,Nw,,,,,,,Pb,Bb,,,,,,,Qb,Kw,,,Pb,Pb,,,Bb,Pw,,,Pb,Pb,,,Rw,Nb,,,,,,,Pw,Bw,,,,,,,Qw,Qb,Rb,Nw,Qb,Kw,Rw,Nb,Kw	darkRed	0
83a35fa791f905bbd0d2da9e5d2b06a1	113	Nw,Kb,Qw,Nw,Rb,Kw,Qb,Qw,Rw,,,,,,,Pw,Bb,,,,,,,Rb,Qb,,,Nb,Nb,,,Rb,Pb,,,Nb,Nb,,,Qw,Rb,,,,,,,Pb,Bw,,,,,,,Rw,Pb,Qb,Pb,Rw,Bb,Qw,Pw,Qb	darkRed	0
83b1b359a3c48350ee3e0c07c15aacfe	3080	Pb,Rb,Kb,Qb,Nw,Rw,Kw,Bb,Kw,,,,,,,Rb,Qb,,,,,,,Bw,Nw,,,,,,,Qw,Rb,,,,,,,Pw,Kb,,,,,,,Rw,Qw,,,,,,,Bb,Kb,Pb,Rw,Bw,Qb,Pw,Rb,Pw	lightGray	0
83bbdfdbaf4be3434816d51435170bba	1377	Qw,Pb,Rw,Bw,Qb,Pw,Rb,Qw,Bw,,,,,,,Nb,Rb,,,,,,,Rw,Pw,,,,,,,Kb,Qw,,,,,,,Qw,Bb,,,,,,,Nw,Rw,,,,,,,Rb,Bb,Qw,Pw,Rb,Bw,Qb,Pb,Pw	lightRed	0
83e0e73cf7cb064e0727c3652485db43	2682	Nw,Rb,Pw,Qb,Nw,Rw,Kw,Rw,Nb,,,,,,,Bw,Rw,,,,,,,Rb,Kw,,,Rw,Rw,,,Pw,Qb,,,Rw,Rw,,,Qw,Nw,,,,,,,Bb,Rb,,,,,,,Rw,Rb,Pw,Qw,Bb,Rw,Pb,Qb,Qb	darkGray	0
83f214e70c031ab089398b8e04a22527	2895	Rb,Rw,Bb,Qb,Pb,Rb,Nw,Bw,Nw,,,,,,,Pb,Bb,,,,,,,Rw,Kb,,,,,,,Bb,Pb,,,,,,,Qw,Nb,,,,,,,Pw,Bw,,,,,,,Rb,Qb,Bw,Rb,Pb,Qb,Bb,Rw,Kw	darkRed	0
83fc067473ff96eefbaf671ccc8e5a45	1239	Rb,Kw,Qb,Nb,Pw,Kb,Bw,Kb,Qw,,,,,,,Bb,Pw,,,,,,,Rw,Rw,,,,,,,Pb,Bb,,,,,,,Qb,Qb,,,,,,,Bw,Pb,,,,,,,Rb,Pw,Pb,Rw,Bw,Qb,Pw,Nb,Nw	darkRed	0
840280f543cd7bccdb6a657756a2a58c	2063	Pw,Bb,Nw,Pb,Kb,Bw,Rb,Qb,Rb,,,,,,,Bb,Pw,,,,,,,Kw,Qb,,,,,,,Pb,Bw,,,,,,,Nw,Rw,,,,,,,Bw,Pb,,,,,,,Kb,Nb,Kb,Bw,Rw,Pb,Kw,Bb,Rw	darkGray	0
84069fa0f4f7b8fbde86681650e8a971	3978	Rw,Rw,Bb,Qw,Kb,Rb,Bw,Rb,Rb,,,,,,,Nw,Pw,,,,,,,Bb,Qb,,,,,,,Qw,Bw,,,,,,,Pw,Rw,,,,,,,Nb,Pb,,,,,,,Bw,Rb,Kb,Rb,Nw,Qb,Kw,Rw,Nb	darkRed	0
841d0b3c0951cc96431573aeac461070	2693	Nb,Pb,Rw,Bb,Qw,Pw,Rb,Bb,Nw,,,,,,,Nw,Bb,,,,,,,Bb,Kb,,,Nw,Nw,,,Kw,Rb,,,Nw,Nw,,,Pw,Nb,,,,,,,Nb,Bw,,,,,,,Qw,Nw,Nb,Bw,Kw,Pw,Nw,Bb,Rw	lightGray	0
842cf68b61fff2f6559ba2c2e2f892a3	891	Rb,Pb,Rw,Bb,Qw,Pw,Rb,Pw,Bb,,,,,,,Qw,Qw,,,,,,,Kb,Pb,,,Bb,Bb,,,Rb,Rw,,,Bb,Bb,,,Nw,Bw,,,,,,,Qb,Kb,,,,,,,Kw,Qb,Bw,Rb,Pw,Qw,Bb,Rw,Nb	lightGray	0
842d493ddb4b1e5d351dfd2f87c81c47	2374	Pw,Kb,Nw,Rw,Kw,Qw,Nb,Kb,Rw,,,,,,,Bb,Pb,,,,,,,Rw,Qb,,,,,,,Pw,Bw,,,,,,,Qw,Rb,,,,,,,Bw,Pw,,,,,,,Rb,Nw,Pw,Kw,Bw,Nb,Pb,Kb,Rb	darkRed	0
844a3bb4c9b76e3015e6eeb86caeb971	2401	Rw,Nw,Rb,Kw,Qb,Nb,Rw,Nw,Rw,,,,,,,Qw,Rw,,,,,,,Pw,Rw,,,,,,,Rb,Rw,,,,,,,Bw,Rw,,,,,,,Qb,Rw,,,,,,,Pb,Rw,Pb,Qb,Bb,Rw,Pw,Kw,Rb	darkGray	0
844cdf8109330c18499f96bec4ad00d9	2141	Qw,Kw,Qb,Nb,Rw,Kb,Qw,Pw,Kw,,,,,,,Nb,Qb,,,,,,,Qw,Nb,,,Bb,Bb,,,Kb,Rw,,,Bb,Bb,,,Pb,Kb,,,,,,,Nw,Qw,,,,,,,Bb,Rw,Bb,Kw,Pw,Nb,Bw,Qb,Bb	lightRed	0
844d0eb44e25a4b280fc78bea535f6ee	3782	Pw,Qw,Pw,Nw,Bb,Qb,Pb,Bw,Rb,,,,,,,Rb,Pw,,,,,,,Pw,Qb,,,Bw,Bw,,,Qb,Bw,,,Bw,Bw,,,Bw,Rw,,,,,,,Rw,Pb,,,,,,,Pb,Pw,Kb,Qw,Nw,Rb,Pb,Qb,Bw	lightRed	0
84629de6bf0ab58373ac71403cb48bc7	2965	Nb,Nb,Rw,Kb,Qw,Nw,Rb,Rb,Kb,,,,,,,Kw,Bw,,,,,,,Bb,Nb,,,,,,,Nb,Pw,,,,,,,Pw,Qw,,,,,,,Qb,Bb,,,,,,,Bw,Qw,Qw,Nb,Rb,Bb,Qb,Nw,Nb	lightRed	0
846a2709f85246911cffd6c02ea5fa06	4052	Pb,Pb,Nw,Bw,Kb,Pw,Nb,Kb,Qw,,,,,,,Kw,Pw,,,,,,,Bb,Rw,,,,,,,Nw,Bb,,,,,,,Pb,Qb,,,,,,,Kb,Pb,,,,,,,Bw,Kb,Bw,Kb,Pb,Nw,Bb,Kw,Rb	darkGray	0
8479c608fb68ea07563a5a497014af3d	2205	Nw,Qb,Kw,Rw,Nb,Kw,Kb,Nw,Rb,,,,,,,Rb,Bw,,,,,,,Pb,Qb,,,,,,,Qb,Pb,,,,,,,Bw,Nw,,,,,,,Rb,Bb,,,,,,,Pw,Pw,Pb,Kb,Qw,Nb,Rw,Kw,Bw	lightGray	0
847ec8310737fdb005ddd138f04c0194	2041	Bw,Kw,Rw,Nw,Qb,Kb,Pb,Pw,Bw,,,,,,,Rb,Nb,,,,,,,Bw,Pw,,,,,,,Qw,Kw,,,,,,,Pw,Bb,,,,,,,Rw,Nw,,,,,,,Bb,Bw,Pw,Nb,Bw,Kb,Rb,Nw,Kw	lightRed	0
8482a0b42569014df4f865cad898a173	3873	Nb,Qb,Pb,Rw,Nb,Qw,Pw,Pw,Qb,,,,,,,Kw,Pb,,,,,,,Qb,Rw,,,Kb,Kb,,,Nb,Bb,,,Kb,Kb,,,Rw,Qw,,,,,,,Kb,Kb,,,,,,,Qw,Qw,Pb,Nw,Bw,Kb,Pw,Rb,Nw	darkGray	1
8489d65ce7f5512e9c9b3b11102f6818	1133	Qw,Kb,Bw,Nw,Pb,Kw,Bb,Bb,Nb,,,,,,,Nw,Pw,,,,,,,Rb,Kb,,,,,,,Kw,Bw,,,,,,,Qb,Nw,,,,,,,Nb,Pb,,,,,,,Rw,Bw,Nb,Bw,Kw,Pw,Nw,Bb,Pw	lightGray	0
84cee6d22aa826ebfe454ba270613142	1633	Pw,Bb,Rw,Pb,Qb,Bw,Rb,Rw,Rw,,,,,,,Pw,Kw,,,,,,,Kw,Qw,,,,,,,Bw,Nb,,,,,,,Nb,Pb,,,,,,,Pb,Kb,,,,,,,Kb,Qw,Rw,Kw,Qw,Nb,Pb,Kb,Bb	lightGray	0
84effcded768bb85ded026156621b9aa	1374	Kb,Rw,Kw,Qb,Nw,Rb,Kb,Nw,Qw,,,,,,,Kb,Pw,,,,,,,Rb,Rb,,,Pb,Pb,,,Nw,Bw,,,Pb,Pb,,,Qb,Qb,,,,,,,Pb,Pb,,,,,,,Rw,Pb,Qb,Kw,Rb,Nw,Qw,Kb,Qb	darkGray	0
84f18e0b2a01e9e5150fe7d64a0da837	2763	Pw,Pw,Rb,Bw,Qb,Pb,Rw,Pw,Kb,,,,,,,Kw,Rb,,,,,,,Rw,Nb,,,Nb,Nb,,,Nw,Qw,,,Nb,Nb,,,Qb,Kw,,,,,,,Kb,Pw,,,,,,,Rb,Pb,Pb,Rw,Bb,Qw,Pw,Rb,Nb	lightRed	0
84f99aad729b7d590e1a341687d100ae	3732	Kw,Nw,Bb,Kw,Pw,Nb,Bw,Qb,Kw,,,,,,,Bb,Rw,,,,,,,Qw,Nw,,,Pb,Pb,,,Pw,Qb,,,Pb,Pb,,,Rb,Pw,,,,,,,Bw,Rb,,,,,,,Kb,Rw,Rb,Pw,Qw,Bb,Rw,Pb,Rw	lightGray	1
84fc982c5e54465a1f9dddc4d6aadd2c	964	Bb,Kw,Pw,Nb,Bw,Kb,Pb,Nw,Kb,,,,,,,Bw,Qw,,,,,,,Rb,Nb,,,Pb,Pb,,,Pw,Rw,,,Pb,Pb,,,Qw,Pb,,,,,,,Bb,Qb,,,,,,,Rw,Nb,Bb,Nw,Pw,Kw,Bw,Nb,Qb	lightRed	0
84ff43ee9e3d36f755ecae6e0d217310	2446	Bw,Rb,Bw,Qw,Pw,Rw,Bb,Nw,Qw,,,,,,,Nb,Bb,,,,,,,Rw,Rw,,,Nb,Nb,,,Kw,Pb,,,Nb,Nb,,,Qb,Qb,,,,,,,Nw,Bw,,,,,,,Rb,Qb,Bw,Nb,Pb,Kb,Qb,Nw,Kw	darkGray	0
8560dc0072ab099a9a1106be5167edf3	1929	Rw,Nw,Rb,Kw,Qb,Nb,Rw,Rw,Pb,,,,,,,Pw,Rw,,,,,,,Qw,Bb,,,Pb,Pb,,,Bw,Qw,,,Pb,Pb,,,Rb,Pw,,,,,,,Kw,Nb,,,,,,,Qb,Qw,Nb,Pw,Kw,Bb,Nw,Pb,Nb	lightGray	0
85820098128549c2d6304a3ab1dec3a7	3134	Nb,Bb,Qw,Pw,Rb,Bw,Qb,Pb,Bw,,,,,,,Kb,Rb,,,,,,,Bw,Pb,,,Bw,Bw,,,Nw,Qb,,,Bw,Bw,,,Pb,Bb,,,,,,,Kw,Rw,,,,,,,Bb,Rw,Rb,Nw,Qb,Kw,Rw,Nb,Bb	darkGray	0
858a483a87514d6e218b96642780b426	64	Qw,Qw,Bb,Rw,Pb,Qb,Nw,Pw,Kw,,,,,,,Bw,Rw,,,,,,,Kb,Nw,,,,,,,Pw,Qb,,,,,,,Nb,Kb,,,,,,,Bb,Rb,,,,,,,Kw,Pw,Kb,Pb,Nb,Bw,Kw,Pw,Nw	lightRed	0
85972b4ad9a418832072c5ae43a67693	3459	Nb,Pw,Rb,Bw,Qb,Pb,Rw,Nb,Nw,,,,,,,Qw,Bb,,,,,,,Kb,Kb,,,,,,,Rb,Pb,,,,,,,Nw,Nb,,,,,,,Qb,Bw,,,,,,,Kw,Kw,Bb,Kw,Pw,Nb,Bw,Kb,Bw	lightRed	0
859b7247ac2f2731cb8564007d45ed9d	2001	Nw,Bb,Qw,Pb,Rw,Bw,Qb,Pw,Nw,,,,,,,Pw,Rb,,,,,,,Kw,Kw,,,Pb,Pb,,,Bb,Bb,,,Pb,Pb,,,Nw,Nb,,,,,,,Pb,Pw,,,,,,,Kb,Kw,Qw,Nb,Rw,Kw,Qb,Nw,Bb	darkGray	0
85b7738ce1f5211f2ef377bce82ba55d	3578	Nw,Nw,Bb,Kw,Pw,Rb,Bw,Qw,Qb,,,,,,,Bw,Kw,,,,,,,Kb,Rw,,,,,,,Pw,Nb,,,,,,,Nb,Qw,,,,,,,Bb,Kb,,,,,,,Kw,Nb,Qb,Bw,Rw,Pb,Qw,Bb,Qw	darkRed	0
85b911ff4f17f92d4c708af8dedd61a3	2670	Kw,Nw,Bb,Kb,Pb,Nb,Bw,Bw,Qb,,,,,,,Pw,Kw,,,,,,,Kw,Rw,,,,,,,Bw,Nb,,,,,,,Nb,Qw,,,,,,,Pb,Kb,,,,,,,Kb,Nb,Bw,Kb,Pb,Nw,Qb,Kw,Rw	lightRed	0
85cb21dbf1b8ff02cb74125024063b3f	2540	Nb,Bb,Nw,Pw,Kw,Bw,Nb,Kw,Nb,,,,,,,Nw,Qw,,,,,,,Rb,Kb,,,Nb,Nb,,,Kb,Rb,,,Nb,Nb,,,Qw,Nw,,,,,,,Nb,Qb,,,,,,,Rw,Rw,Qb,Kw,Rw,Nb,Qw,Kb,Pb	darkRed	0
85d47862080eb4ae7c6c778ce4c160bb	589	Kb,Nw,Rb,Kb,Qw,Nb,Rw,Bb,Rw,,,,,,,Kb,Pb,,,,,,,Pb,Qw,,,Rw,Rw,,,Nb,Bb,,,Rw,Rw,,,Bw,Rb,,,,,,,Qw,Pw,,,,,,,Pw,Nw,Kb,Pb,Nb,Bw,Kw,Pw,Qw	darkGray	0
85d9e5440f68da1f2b319db317f9a5d2	3455	Pw,Rw,Pb,Qb,Bw,Rb,Pw,Pb,Kb,,,,,,,Nb,Rb,,,,,,,Rw,Nb,,,,,,,Kw,Qw,,,,,,,Qb,Kw,,,,,,,Nw,Rw,,,,,,,Pb,Kw,Nb,Bw,Kb,Pb,Nw,Bb,Qb	darkGray	0
85db1443ef8355eec7d26739d58038fa	1054	Kw,Pb,Rw,Bb,Qw,Pw,Rb,Bw,Bw,,,,,,,Nb,Qb,,,,,,,Bw,Pw,,,,,,,Kw,Rb,,,,,,,Pw,Bb,,,,,,,Nw,Qw,,,,,,,Bb,Kb,Rw,Kw,Qw,Nb,Rb,Pw,Pw	lightRed	0
85dd1105f513f6b94ebe9241e3627d50	3535	Pb,Bb,Kw,Pb,Nw,Bw,Kb,Qw,Pb,,,,,,,Pb,Nw,,,,,,,Rw,Bw,,,,,,,Bb,Kb,,,,,,,Qw,Pw,,,,,,,Pw,Nb,,,,,,,Rb,Qb,Pw,Kw,Qb,Nw,Rb,Kb,Bw	lightGray	0
85f5bc759d67be8e13b13c5d2032f3f5	1932	Rw,Rb,Bw,Qw,Pw,Nw,Bb,Kw,Rw,,,,,,,Qw,Rw,,,,,,,Bb,Rw,,,,,,,Rw,Rw,,,,,,,Pb,Rw,,,,,,,Qb,Rw,,,,,,,Bw,Rw,Pw,Nb,Bw,Kb,Pb,Nw,Bb	lightRed	0
85f721dd217b1943552ffceab5924fb2	4040	Nb,Kw,Pw,Rw,Bb,Qb,Pb,Nw,Nw,,,,,,,Kw,Bb,,,,,,,Qb,Qw,,,,,,,Nw,Pw,,,,,,,Rb,Rb,,,,,,,Kb,Bw,,,,,,,Bw,Rb,Bw,Nb,Pw,Kw,Bb,Nw,Rw	lightRed	0
85fbebf0bf1182d652adb4aeb14e461f	3459	Nb,Pw,Rb,Bw,Qb,Pb,Rw,Nb,Nw,,,,,,,Qw,Bb,,,,,,,Kb,Kb,,,,,,,Rb,Pb,,,,,,,Nw,Nb,,,,,,,Qb,Bw,,,,,,,Kw,Kw,Bb,Kw,Pw,Nb,Bw,Kb,Bw	lightRed	0
85ffeb516a53db03c218c7df5a673255	637	Kb,Nw,Rb,Kb,Qw,Nb,Rw,Rb,Kw,,,,,,,Rb,Qb,,,,,,,Nw,Nw,,,Qb,Qb,,,Qw,Rb,,,Qb,Qb,,,Kb,Kb,,,,,,,Rw,Qw,,,,,,,Nb,Rw,Rw,Rw,Rw,Rw,Rw,Rw,Rw	lightRed	0
8609ec6373b32e8e5b172eb22271a440	479	Bb,Qb,Kw,Rw,Nb,Qw,Kb,Rb,Bw,,,,,,,Nb,Rb,,,,,,,Pw,Pw,,,Pb,Pb,,,Kb,Qw,,,Pb,Pb,,,Bw,Bb,,,,,,,Rw,Rw,,,,,,,Pb,Kw,Rw,Bb,Qw,Pw,Rb,Bw,Nw	lightGray	0
8612cb0cf1acf6f2c7bf57a0be051c88	2551	Pw,Qw,Bb,Rb,Pw,Qb,Bw,Rw,Pw,,,,,,,Kb,Bb,,,,,,,Pb,Kw,,,Pw,Pw,,,Nb,Pw,,,Pw,Pw,,,Bw,Nb,,,,,,,Kw,Bw,,,,,,,Rw,Qb,Bb,Kw,Rb,Nw,Bw,Kb,Rw	lightRed	0
8614f48c07b9f42320c02f363927f3a2	2581	Rw,Rw,Rw,Rw,Rw,Rw,Rw,Rw,Bw,,,,,,,Kw,Nb,,,,,,,Qb,Pw,,,Pb,Pb,,,Nb,Kw,,,Pb,Pb,,,Rw,Bb,,,,,,,Kb,Nw,,,,,,,Kw,Qb,Kb,Rb,Nw,Qb,Kw,Rw,Bb	darkRed	0
861c2f11507cd9e8615c5678f9af36f4	2400	Kb,Pw,Nb,Qb,Kw,Rb,Nw,Pb,Nb,,,,,,,Bb,Qw,,,,,,,Rw,Kb,,,,,,,Pw,Rb,,,,,,,Qw,Nw,,,,,,,Bw,Qb,,,,,,,Rb,Pw,Pw,Nb,Bb,Kw,Pb,Nw,Pw	lightRed	0
86285582b91daddb2f09fecb17e66b1d	2685	Nw,Rw,Kw,Qw,Nb,Rb,Kb,Kb,Bw,,,,,,,Qb,Qb,,,,,,,Bw,Pb,,,,,,,Rb,Rw,,,,,,,Pw,Bb,,,,,,,Qw,Qw,,,,,,,Bb,Pb,Pw,Kw,Bb,Nw,Pb,Kb,Bb	darkRed	0
863c62f496897a64ed17b0e99d8463eb	3455	Nw,Kb,Rb,Nb,Qw,Kw,Rw,Kb,Nw,,,,,,,Rw,Rb,,,,,,,Nb,Kw,,,,,,,Qb,Qb,,,,,,,Kw,Nb,,,,,,,Rb,Pw,,,,,,,Nw,Bw,Rw,Nb,Qw,Kb,Rb,Nw,Bw	darkGray	0
8645ff088e1889d6443dc1038f46de75	1272	Kb,Nb,Bw,Kw,Pw,Rw,Bb,Rw,Bw,,,,,,,Pw,Kb,,,,,,,Rb,Pw,,,,,,,Bb,Nb,,,,,,,Qw,Bb,,,,,,,Pb,Kw,,,,,,,Rw,Pb,Kw,Pw,Nw,Bb,Kb,Pb,Bw	lightGray	0
8649c91031926d69f385ab989be387d2	2125	Rw,Qb,Kw,Rb,Bw,Qw,Pw,Kb,Qb,,,,,,,Nw,Kw,,,,,,,Pb,Rb,,,,,,,Kb,Nw,,,,,,,Bw,Qw,,,,,,,Nb,Kb,,,,,,,Pw,Rb,Nb,Rw,Kw,Qb,Nw,Rb,Nb	darkGray	0
8651ba9e51f741d35e4cfd513b19e68e	3791	Qw,Bb,Nw,Pb,Kb,Bw,Nb,Rw,Nb,,,,,,,Kw,Bw,,,,,,,Qb,Kb,,,,,,,Nb,Pb,,,,,,,Rw,Nw,,,,,,,Kb,Bb,,,,,,,Qw,Rb,Qb,Kw,Rw,Nb,Qw,Pw,Kw	lightGray	0
8666e4a462e5018c31c61fcfe3c40cd1	44	Kb,Rb,Kb,Qw,Nb,Rw,Pb,Qb,Nw,,,,,,,Nw,Bb,,,,,,,Pb,Kb,,,Pw,Pw,,,Kb,Pb,,,Pw,Pw,,,Qw,Nb,,,,,,,Nb,Bw,,,,,,,Rw,Kb,Rb,Kb,Qw,Nb,Rw,Kw,Nb	darkGray	0
868447e8218284f0205ea003529a3abf	3543	Bw,Kb,Bw,Nb,Pw,Kw,Bb,Bw,Pb,,,,,,,Bb,Nw,,,,,,,Qw,Bb,,,Qb,Qb,,,Pb,Qw,,,Qb,Qb,,,Nw,Pw,,,,,,,Bw,Nb,,,,,,,Kb,Kw,Rb,Nw,Qb,Rw,Rw,Nb,Bw	darkRed	0
86855c2aa58ebd9fdcf1ed19bbdce898	3663	Qb,Kw,Rw,Nb,Qw,Kb,Rb,Nw,Nb,,,,,,,Kw,Pw,,,,,,,Qb,Kb,,,,,,,Nb,Bw,,,,,,,Pw,Nw,,,,,,,Kb,Pb,,,,,,,Qw,Nb,Bb,Qw,Pb,Rw,Nw,Qb,Rw	lightGray	0
868a33e6e3ec21feabb86212d7744561	1322	Rb,Pw,Rb,Nw,Qb,Kw,Rw,Rw,Rw,,,,,,,Nw,Kw,,,,,,,Pb,Qw,,,Bb,Bb,,,Kw,Nb,,,Bb,Bb,,,Bb,Rb,,,,,,,Rb,Pw,,,,,,,Pw,Rb,Bb,Qw,Pw,Rb,Bw,Qb,Rb	lightGray	0
868cd188a747256bf04b33ca53087860	99	Bw,Pb,Kb,Bb,Nw,Pw,Kw,Nb,Pw,,,,,,,Qw,Rb,,,,,,,Bb,Bb,,,Nb,Nb,,,Rw,Qw,,,Nb,Nb,,,Pb,Pb,,,,,,,Qb,Rw,,,,,,,Bw,Nb,Rb,Nw,Qw,Kb,Rw,Nb,Rw	darkGray	0
869f64f9a4454200adceb5b8943fbfe6	34	Pw,Pb,Kb,Qw,Nb,Rw,Kw,Bw,Qw,,,,,,,Pw,Pw,,,,,,,Rb,Rb,,,,,,,Bb,Bw,,,,,,,Qw,Qb,,,,,,,Pb,Pb,,,,,,,Rw,Pb,Bb,Pw,Pb,Kb,Bw,Nb,Nb	lightGray	0
869fef77e36aed4b2638d84130628913	527	Pw,Kb,Qw,Nw,Rb,Kw,Qb,Bb,Pw,,,,,,,Nw,Nb,,,,,,,Pb,Bb,,,Qb,Qb,,,Qw,Kw,,,Qb,Qb,,,Bb,Pb,,,,,,,Nb,Nw,,,,,,,Pw,Kw,Kw,Bb,Nb,Pw,Kb,Bw,Kw	lightRed	0
86b0ccbe10f473a7880947198c594b5b	1008	Pb,Qb,Bw,Rw,Pb,Qw,Bb,Kw,Pw,,,,,,,Pb,Nb,,,,,,,Kb,Bb,,,Pw,Pw,,,Bb,Kw,,,Pw,Pw,,,Nw,Pb,,,,,,,Pw,Rw,,,,,,,Kw,Pw,Kw,Qb,Nb,Rw,Kb,Qw,Rb	darkRed	0
86f923fd71c3bf5f1cb6d96a6e337e06	3537	Rb,Bb,Qw,Pb,Rw,Bw,Qb,Rb,Pw,,,,,,,Nb,Nb,,,,,,,Rw,Bw,,,,,,,Kb,Kb,,,,,,,Qw,Pb,,,,,,,Nw,Nw,,,,,,,Rb,Qb,Rw,Kw,Bw,Nb,Pb,Kb,Nw	darkRed	0
86fb84ab0bd3a98a7b03aae57cbec624	4060	Kw,Qw,Nb,Rb,Kb,Qb,Nw,Nb,Nb,,,,,,,Qb,Bw,,,,,,,Bw,Kb,,,,,,,Rb,Pb,,,,,,,Pw,Nw,,,,,,,Qw,Qb,,,,,,,Bb,Rw,Qb,Bw,Rb,Pw,Qw,Bb,Pw	darkRed	0
87016dc654e58c25cbd6e54d14d8f966	3187	Rw,Bw,Nb,Pb,Kb,Bb,Nw,Nw,Pb,,,,,,,Qw,Kb,,,,,,,Pw,Bw,,,Rw,Rw,,,Rb,Nb,,,Rw,Rw,,,Nw,Pw,,,,,,,Qb,Kw,,,,,,,Kw,Qw,Bb,Qw,Pw,Rb,Bw,Qb,Rw	lightGray	0
8717dca39a3b8938b7f64decda3c59e0	1954	Kb,Nw,Bb,Kb,Qb,Pb,Bw,Bw,Nb,,,,,,,Qw,Rw,,,,,,,Pw,Kw,,,,,,,Rw,Qb,,,,,,,Bb,Nw,,,,,,,Qb,Rb,,,,,,,Pb,Pw,Bb,Qw,Pw,Rb,Bw,Qb,Qb	darkGray	1
8725be3fad94f1f2ded50f680a6896d6	1874	Nw,Bw,Rb,Pb,Qb,Bb,Rw,Nb,Qw,,,,,,,Bb,Bb,,,,,,,Nw,Rw,,,Bb,Bb,,,Pw,Pb,,,Bb,Bb,,,Kw,Qb,,,,,,,Bw,Bw,,,,,,,Nb,Nb,Nw,Qb,Kw,Rw,Nb,Qw,Pw	darkGray	0
874d4253c4e18fad5a5ed06df221e99e	536	Rw,Pb,Kb,Bw,Nb,Pw,Kw,Nw,Kb,,,,,,,Rw,Pb,,,,,,,Nb,Nb,,,Nb,Nb,,,Qb,Bw,,,Nb,Nb,,,Kw,Kw,,,,,,,Rb,Pw,,,,,,,Nw,Pb,Qw,Nb,Rw,Pb,Qb,Nw,Bb	lightGray	0
8752c7a367335413ce8eef3401517b66	448	Qb,Pb,Kb,Bw,Nb,Pw,Qw,Pb,Kb,,,,,,,Bw,Qw,,,,,,,Rb,Nb,,,Rb,Rb,,,Pb,Rw,,,Rb,Rb,,,Qb,Kw,,,,,,,Bb,Qb,,,,,,,Rw,Pw,Qw,Nb,Rb,Kb,Qb,Bw,Nw	darkGray	0
8756f5d95eaf05673a290c8a87c20786	629	Qb,Nw,Bb,Kb,Pb,Nb,Bw,Rw,Kb,,,,,,,Pw,Bw,,,,,,,Nb,Nb,,,,,,,Bb,Pw,,,,,,,Kw,Kw,,,,,,,Pb,Bb,,,,,,,Nw,Nw,Kw,Qb,Nw,Rb,Kb,Qw,Nw	darkRed	0
8777569fdcba5b38ea8ae432a5584a93	163	Nb,Nb,Pw,Kb,Bw,Nw,Pb,Pw,Bb,,,,,,,Nb,Nw,,,,,,,Bw,Pw,,,Qw,Qw,,,Kw,Kw,,,Qw,Qw,,,Pw,Bw,,,,,,,Nw,Nb,,,,,,,Bb,Pw,Qw,Pw,Rb,Nw,Qb,Kw,Qw	lightRed	0
87815cf2a73d57729311b2bf0e626c50	2151	Nb,Qw,Bb,Nw,Pb,Kb,Bw,Rw,Pb,,,,,,,Pw,Rw,,,,,,,Rb,Bw,,,Nw,Nw,,,Bb,Qb,,,Nw,Nw,,,Kw,Pw,,,,,,,Pb,Nb,,,,,,,Rw,Rb,Pb,Kb,Bb,Nw,Pw,Kw,Bb	lightRed	0
8781931c45ab546e074c2c142e274404	2104	Bb,Nb,Qw,Kb,Pb,Nw,Bb,Rb,Nb,,,,,,,Nb,Rw,,,,,,,Bw,Pb,,,Pw,Pw,,,Kw,Qb,,,Pw,Pw,,,Pw,Bw,,,,,,,Nw,Rb,,,,,,,Bb,Pw,Qw,Nb,Rw,Kw,Qb,Nw,Pw	lightRed	0
879c21d83506a0460602b5e4d6e4dca0	3327	Bb,Nb,Pw,Kb,Bw,Nw,Pb,Rw,Bw,,,,,,,Rw,Kb,,,,,,,Rw,Pw,,,,,,,Rw,Nb,,,,,,,Rw,Bb,,,,,,,Rw,Qw,,,,,,,Rw,Kb,Qb,Kw,Rb,Nw,Qw,Kb,Rw	lightRed	0
87a6287e7779fe871be3299bd6fe3606	982	Rb,Qw,Nb,Rb,Kb,Bb,Nw,Nb,Nw,,,,,,,Nb,Qb,,,,,,,Pw,Kb,,,Rb,Rb,,,Kw,Rb,,,Rb,Rb,,,Bb,Nb,,,,,,,Nw,Qw,,,,,,,Rb,Kw,Qb,Pb,Rw,Bb,Qw,Pw,Pw	darkRed	0
87a7df1bbbb1665f8eff81f018390b3f	63	Rw,Kb,Bw,Nb,Pw,Kw,Bb,Nb,Qw,,,,,,,Pw,Kb,,,,,,,Rb,Rw,,,,,,,Bb,Nb,,,,,,,Qw,Qb,,,,,,,Pb,Kw,,,,,,,Rw,Bw,Kb,Rb,Nw,Bb,Kw,Rw,Bb	lightRed	0
87b03692fc9bfa5bff17c2827c8db509	4085	Nb,Pw,Qw,Bw,Rb,Pb,Qb,Rw,Nb,,,,,,,Pw,Bw,,,,,,,Qw,Kw,,,,,,,Bw,Pw,,,,,,,Rb,Rw,,,,,,,Pb,Bb,,,,,,,Qb,Bb,Qb,Nw,Rb,Kb,Qw,Nb,Kb	darkRed	0
87b0654117c813ce622e485580f84349	3208	Pb,Pb,Nw,Bb,Kw,Pw,Nb,Nw,Bb,,,,,,,Nb,Kw,,,,,,,Bw,Pw,,,,,,,Kw,Nb,,,,,,,Pw,Bw,,,,,,,Nw,Kb,,,,,,,Bb,Nb,Nb,Rw,Kb,Qw,Nw,Rb,Rw	lightGray	0
87b4a0d223212ab564327b5f03d8cac3	3169	Pw,Nw,Rb,Kw,Qb,Nb,Rw,Kw,Rb,,,,,,,Bb,Kb,,,,,,,Qw,Qw,,,Bb,Bb,,,Pw,Nb,,,Bb,Bb,,,Rb,Rw,,,,,,,Bw,Kw,,,,,,,Qb,Kw,Bw,Kb,Pb,Nw,Bb,Kw,Bb	darkRed	0
87b52a4b52c02703a16a2bfef659ef1f	1867	Pw,Qw,Kb,Rb,Nw,Qb,Kw,Rb,Bw,,,,,,,Nw,Nb,,,,,,,Rb,Pw,,,Rb,Rb,,,Kw,Kw,,,Rb,Rb,,,Qb,Bb,,,,,,,Nb,Nw,,,,,,,Rw,Rw,Nw,Pb,Kw,Bb,Nb,Pw,Kw	lightGray	0
87bb5b6c66927480a792159258eba602	1541	Pb,Rw,Nb,Qb,Pb,Rb,Bw,Bb,Qb,,,,,,,Rw,Nw,,,,,,,Kw,Rw,,,,,,,Qw,Kw,,,,,,,Nb,Qw,,,,,,,Rb,Nb,,,,,,,Pw,Bw,Nw,Bb,Kb,Pb,Nb,Bw,Bw	darkGray	0
87bb9a34ec4935a95e50c9a80a81fcba	1209	Kb,Rw,Kw,Qw,Nb,Rb,Pw,Qw,Pw,,,,,,,Nb,Kw,,,,,,,Bw,Qb,,,,,,,Kb,Nw,,,,,,,Pb,Rb,,,,,,,Nw,Kb,,,,,,,Qb,Kw,Qb,Kw,Rb,Nw,Qw,Qb,Qb	darkGray	0
87e3b4054accdbe07b2dab603765ac62	132	Bb,Nw,Pb,Kb,Bw,Rb,Pw,Qw,Nw,,,,,,,Pw,Rb,,,,,,,Rb,Kb,,,Pb,Pb,,,Bb,Qw,,,Pb,Pb,,,Qw,Bb,,,,,,,Pb,Rw,,,,,,,Rw,Bb,Kb,Qw,Nw,Rb,Kw,Qb,Bb	darkGray	0
87eaecce1f0e471cd6d012a19772bdc5	3629	Bw,Bw,Kb,Pb,Nw,Bb,Kw,Kb,Bw,,,,,,,Bw,Kb,,,,,,,Rb,Rw,,,Qw,Qw,,,Pb,Nb,,,Qw,Qw,,,Qb,Bb,,,,,,,Bb,Kw,,,,,,,Rw,Pb,Bw,Nb,Pb,Kb,Bb,Nw,Kw	darkRed	0
87effde550954007d1c903591a89dcc3	888	Nb,Bb,Qw,Pb,Nw,Bw,Kb,Bw,Qw,,,,,,,Bw,Kb,,,,,,,Kb,Rw,,,,,,,Pw,Nb,,,,,,,Nb,Qb,,,,,,,Bb,Kw,,,,,,,Kw,Pb,Nb,Rw,Kw,Qb,Nw,Rb,Bw	lightGray	0
8800d74d8b35c9d1921088707b62817e	1149	Nw,Pb,Nw,Bb,Kw,Pw,Nb,Pb,Nb,,,,,,,Nb,Pw,,,,,,,Pw,Kw,,,Pb,Pb,,,Kw,Bb,,,Pb,Pb,,,Bb,Nw,,,,,,,Nw,Pb,,,,,,,Pb,Rw,Pb,Nw,Bb,Kw,Pw,Nb,Qb	darkRed	1
880c71213f52026d080a1a9b73971af6	215	Bw,Kw,Bb,Nb,Pw,Kb,Bw,Bb,Nb,,,,,,,Rb,Rw,,,,,,,Nw,Kb,,,Qb,Qb,,,Qb,Qw,,,Qb,Qb,,,Kw,Nw,,,,,,,Rw,Rb,,,,,,,Nb,Bb,Kw,Rw,Nb,Qw,Kb,Rb,Kb	darkGray	0
88138aab2b475dcaeba5bc12217b3f3e	2674	Qw,Bb,Kw,Pw,Nb,Bw,Kb,Nw,Pw,,,,,,,Qw,Rb,,,,,,,Bb,Bw,,,Bw,Bw,,,Rw,Qb,,,Bw,Bw,,,Pb,Pb,,,,,,,Qb,Rw,,,,,,,Bw,Nw,Rw,Pb,Qb,Bw,Rb,Pw,Qb	darkRed	0
883e3829323d4241617fcb4a2b8f0dde	2401	Rw,Nw,Rb,Kw,Qb,Nb,Rw,Nw,Rw,,,,,,,Qw,Rw,,,,,,,Pw,Rw,,,,,,,Rb,Rw,,,,,,,Bw,Rw,,,,,,,Qb,Rw,,,,,,,Pb,Rw,Pb,Qb,Bb,Rw,Pw,Kw,Rb	darkGray	0
8847e658bf1dc7ea88fa8eda9751c87b	1220	Rw,Rb,Pw,Qw,Bb,Rw,Pb,Bb,Pw,,,,,,,Qb,Nb,,,,,,,Bw,Bb,,,,,,,Rb,Kw,,,,,,,Pw,Pb,,,,,,,Qw,Nw,,,,,,,Nb,Nw,Kb,Rb,Nb,Qw,Kw,Rw,Pb	lightRed	0
8858b44bffce1b8056868df51baf8cb3	1546	Rw,Qw,Nb,Rw,Pb,Qb,Nw,Nw,Rw,,,,,,,Pw,Rw,,,,,,,Kw,Rw,,,,,,,Bb,Rw,,,,,,,Nw,Rw,,,,,,,Rb,Rw,,,,,,,Kb,Rw,Rb,Kb,Qw,Nb,Rw,Kw,Bb	darkRed	0
88655ecdd01efca9491037b0a8d1d1cc	1996	Rw,Bw,Qb,Pw,Nb,Bb,Kw,Kb,Rw,,,,,,,Rb,Rw,,,,,,,Pw,Rw,,,,,,,Qw,Rw,,,,,,,Bb,Rw,,,,,,,Nw,Rw,,,,,,,Pb,Rw,Rw,Rw,Rw,Rw,Rw,Rw,Rw	darkRed	0
88722eea9d2b178d6233a1f72f6ae7e5	1167	Qw,Kb,Rb,Nb,Qw,Kw,Rw,Qb,Bb,,,,,,,Pw,Rw,,,,,,,Qw,Pw,,,,,,,Bw,Qw,,,,,,,Rb,Bw,,,,,,,Pb,Rb,,,,,,,Qb,Kb,Rb,Nw,Qb,Kw,Rw,Nb,Nw	darkGray	0
887c2514c839bb97063e172607fb5d7a	3677	Nw,Pb,Nw,Bw,Kb,Pw,Rb,Bb,Rw,,,,,,,Kw,Nb,,,,,,,Qb,Qb,,,Bb,Bb,,,Nw,Kw,,,Bb,Bb,,,Rb,Rb,,,,,,,Kb,Nw,,,,,,,Bw,Bb,Kb,Bw,Nw,Pb,Kw,Qb,Qw	darkGray	0
887e13b9d3975b6b54a9744a345c8acd	2864	Bb,Nw,Rb,Kb,Qw,Nb,Rw,Rb,Kb,,,,,,,Qb,Qw,,,,,,,Bw,Nw,,,,,,,Rw,Rb,,,,,,,Pb,Kw,,,,,,,Qw,Qb,,,,,,,Bb,Bw,Kw,Qb,Nb,Rw,Kb,Qw,Qw	darkGray	0
88829f50dfc5c7d22a508d6e64eea901	1642	Qb,Rw,Bb,Qw,Pw,Rb,Bw,Nw,Rb,,,,,,,Rb,Pw,,,,,,,Pw,Qb,,,Pb,Pb,,,Qb,Nw,,,Pb,Pb,,,Bw,Rw,,,,,,,Rw,Kw,,,,,,,Pb,Rw,Kb,Qw,Nw,Rb,Kw,Qb,Bb	darkRed	0
888a9bb88a6976f1d20bcd161d7c8f14	2387	Rb,Qb,Bw,Rb,Pw,Qw,Bb,Rb,Nw,,,,,,,Nw,Qb,,,,,,,Bb,Kw,,,Pb,Pb,,,Kw,Rw,,,Pb,Pb,,,Pw,Nb,,,,,,,Nb,Qw,,,,,,,Bw,Rw,Pb,Rw,Bb,Qw,Pw,Rb,Qw	lightRed	0
888d3578d3de0d754077b605333547d5	3941	Rw,Bb,Kw,Pb,Nw,Bw,Kb,Kw,Kw,,,,,,,Rw,Qb,,,,,,,Bb,Nw,,,,,,,Qw,Rb,,,,,,,Pw,Kb,,,,,,,Rb,Qw,,,,,,,Bw,Nb,Kb,Pb,Nw,Bb,Kw,Pw,Qw	darkRed	0
8898210130f31ebb434fbe59bffe86ca	1897	Kw,Kb,Qw,Nb,Rw,Kw,Qb,Rw,Bw,,,,,,,Pb,Rb,,,,,,,Rw,Pw,,,,,,,Nb,Kw,,,,,,,Qw,Bb,,,,,,,Kb,Rw,,,,,,,Rb,Bb,Pb,Rw,Bw,Qb,Pw,Rb,Kw	darkGray	0
88ba54670163732281184cb40836c4d5	514	Rb,Kb,Bw,Nw,Pb,Kw,Bb,Pw,Bw,,,,,,,Pw,Qb,,,,,,,Rb,Pw,,,Nb,Nb,,,Bb,Rb,,,Nb,Nb,,,Qw,Bb,,,,,,,Pb,Kw,,,,,,,Rw,Bw,Rb,Nw,Qw,Pw,Rw,Nb,Nw	lightGray	0
88bce2c61371ca28d83cc277eeadf4b7	2680	Nw,Qw,Nb,Rb,Kb,Qb,Nw,Pb,Bb,,,,,,,Qb,Kw,,,,,,,Nw,Pb,,,Rb,Rb,,,Rw,Nw,,,Rb,Rb,,,Kw,Bw,,,,,,,Qw,Kb,,,,,,,Nb,Kb,Qw,Pw,Rw,Bb,Qb,Pb,Rb	darkRed	1
88ee93f8de05102b61969307847ae706	251	Bw,Rb,Kb,Qw,Nb,Rw,Kw,Nb,Qw,,,,,,,Rw,Bb,,,,,,,Pb,Rb,,,,,,,Qb,Pw,,,,,,,Bw,Qb,,,,,,,Rb,Bw,,,,,,,Pw,Kb,Kb,Qw,Nw,Rb,Kw,Qb,Rb	darkGray	0
88fba235f373cf44b92a147dea0bf8b6	750	Bw,Bb,Nw,Pb,Kb,Bw,Nb,Kb,Rw,,,,,,,Kb,Nb,,,,,,,Bw,Qw,,,,,,,Nb,Kb,,,,,,,Pw,Rb,,,,,,,Kw,Nw,,,,,,,Bb,Qw,Qw,Bb,Rb,Pw,Qb,Bw,Bw	darkGray	0
8902510bab07cec1e4dfa1bc44572487	4077	Kw,Qb,Kw,Rb,Nw,Qw,Kb,Kb,Pw,,,,,,,Bw,Rb,,,,,,,Nb,Bb,,,,,,,Pw,Qw,,,,,,,Kw,Pb,,,,,,,Bb,Rw,,,,,,,Nw,Kb,Nb,Bw,Kw,Pw,Nw,Bb,Bw	lightGray	0
890f6f291611ceea53f868202ed6add3	849	Rw,Qb,Kw,Rw,Nb,Bw,Kb,Qb,Qb,,,,,,,Rw,Pb,,,,,,,Bb,Rb,,,,,,,Kw,Bw,,,,,,,Pw,Qw,,,,,,,Rb,Pw,,,,,,,Bw,Kw,Qw,Pw,Rb,Bw,Qb,Kw,Kw	darkGray	0
893bf6648bc46cfe6b607ffc2c3eef07	3288	Pw,Nw,Rb,Kb,Qw,Nb,Rw,Nw,Qw,,,,,,,Bb,Pw,,,,,,,Nw,Rw,,,,,,,Pw,Bb,,,,,,,Kw,Qb,,,,,,,Bw,Pb,,,,,,,Nb,Bb,Qw,Bb,Rw,Pb,Qb,Bw,Nb	darkGray	0
89412d7f2c68a9fcfa83e50ae99437a4	521	Pw,Pw,Qw,Bw,Rb,Pb,Qb,Pw,Pb,,,,,,,Qb,Kb,,,,,,,Pb,Bb,,,Bw,Bw,,,Rw,Rw,,,Bw,Bw,,,Bb,Pw,,,,,,,Qw,Kw,,,,,,,Pw,Rb,Qb,Kw,Rb,Nw,Qw,Kb,Bw	lightGray	0
8954ff877320f1a1db8fa710b235a55e	2480	Nw,Bb,Qw,Pb,Rw,Bw,Qb,Pb,Bw,,,,,,,Qw,Rb,,,,,,,Bb,Pb,,,,,,,Rb,Qb,,,,,,,Pw,Bb,,,,,,,Qb,Rw,,,,,,,Bw,Rw,Pb,Qb,Bb,Rw,Pw,Kw,Nb	lightGray	0
896bb7aea368c3f324701333b68e7d4f	932	Qw,Rw,Pb,Qw,Bb,Rb,Pw,Rb,Kb,,,,,,,Bb,Rb,,,,,,,Nw,Nw,,,,,,,Rb,Qb,,,,,,,Kb,Kw,,,,,,,Bw,Rw,,,,,,,Nb,Rw,Pb,Rw,Bb,Qw,Pw,Nb,Pb	lightGray	1
896dbedd6f73e01216a0acf6f0758428	2739	Kw,Rw,Pb,Qw,Bb,Rb,Pw,Pw,Qw,,,,,,,Qw,Nb,,,,,,,Pw,Rw,,,Bw,Bw,,,Rw,Kw,,,Bw,Bw,,,Bb,Qb,,,,,,,Qb,Nw,,,,,,,Kw,Rw,Kw,Bb,Nb,Pw,Kb,Bw,Kw	darkGray	0
8971af5747a2cf1315374a9ccfd7856c	3555	Pw,Rb,Bw,Qb,Pb,Rw,Bb,Pb,Rb,,,,,,,Qb,Bw,,,,,,,Bw,Qw,,,Nw,Nw,,,Rb,Pw,,,Nw,Nw,,,Pw,Rw,,,,,,,Qw,Bb,,,,,,,Bb,Rw,Qw,Pw,Rb,Bw,Qb,Pb,Qb	darkRed	0
89733bbd6ebce418d8adf63ad253ddc3	904	Nw,Kw,Pw,Nw,Bb,Kb,Pb,Pb,Nb,,,,,,,Nw,Qw,,,,,,,Rb,Kw,,,,,,,Kb,Rw,,,,,,,Qw,Nw,,,,,,,Nb,Qb,,,,,,,Rw,Nb,Kw,Qb,Nb,Pw,Kb,Qw,Kw	lightRed	0
8984f26a5de6c70d2d112b1f76e4ca45	2652	Rw,Nw,Qb,Kb,Rb,Nb,Qw,Rw,Rw,,,,,,,Nb,Kw,,,,,,,Pw,Qw,,,Pw,Pw,,,Kb,Nb,,,Pw,Pw,,,Bw,Rb,,,,,,,Nw,Kb,,,,,,,Pb,Bb,Nb,Pw,Kw,Bb,Rw,Pb,Kw	darkRed	0
8987d1d2ec3be14fd1360a9941b7c823	266	Rb,Rb,Bw,Kw,Pw,Nw,Bb,Bw,Kw,,,,,,,Pw,Rw,,,,,,,Nb,Nw,,,Bb,Bb,,,Bw,Qb,,,Bb,Bb,,,Kb,Kb,,,,,,,Rb,Rb,,,,,,,Nw,Nb,Kb,Qw,Nw,Rb,Kw,Qb,Rw	lightGray	0
899610b6819b12731dc4d7b14bc8b7de	582	Rb,Bw,Nb,Pb,Kb,Bb,Nw,Pw,Nw,,,,,,,Kw,Pb,,,,,,,Qb,Kb,,,,,,,Nb,Bw,,,,,,,Rw,Nb,,,,,,,Kb,Pw,,,,,,,Qw,Qb,Kb,Pb,Nw,Bb,Kw,Pw,Bb	lightRed	0
89993ddd0ee894abaf4eba035183bf3a	984	Qw,Rw,Bb,Qw,Pw,Rb,Bw,Bb,Pb,,,,,,,Rw,Qb,,,,,,,Bb,Bb,,,,,,,Kb,Rw,,,,,,,Pb,Pw,,,,,,,Nb,Qw,,,,,,,Bw,Rb,Qw,Nb,Rw,Kw,Qb,Nw,Kw	lightRed	0
899fa3cda3019ba5d4ea67713e81328d	333	Pw,Kw,Qb,Nb,Rw,Kb,Qw,Pw,Rb,,,,,,,Rb,Kb,,,,,,,Nw,Qw,,,,,,,Qb,Nb,,,,,,,Kw,Kw,,,,,,,Rw,Kw,,,,,,,Nb,Rw,Rb,Bw,Qw,Pw,Rw,Bb,Bb	darkGray	0
89a6655a84bc039afc6c320e60fe271e	1078	Pb,Kw,Rw,Nw,Qb,Kb,Rb,Qb,Nb,,,,,,,Kb,Bw,,,,,,,Rb,Kb,,,,,,,Nw,Pb,,,,,,,Qb,Rw,,,,,,,Kw,Bb,,,,,,,Rw,Kw,Kb,Qw,Nb,Rw,Kw,Qb,Pb	lightRed	0
89b8fa9fc10f85d5e865d05e3e0610b9	263	Pw,Pb,Rw,Bw,Qb,Pw,Rb,Qw,Bb,,,,,,,Kw,Rw,,,,,,,Rw,Pb,,,Pb,Pb,,,Nw,Kb,,,Pb,Pb,,,Qb,Bw,,,,,,,Kb,Rb,,,,,,,Rb,Bb,Qw,Bb,Rw,Pb,Qb,Bw,Bw	lightRed	0
89c42db283227164fac5b79aa746cd42	543	Qb,Bw,Nb,Pb,Kb,Bb,Nw,Qw,Nw,,,,,,,Pb,Bb,,,,,,,Kb,Kw,,,,,,,Bw,Pw,,,,,,,Nb,Nb,,,,,,,Pw,Qw,,,,,,,Kw,Rw,Kw,Rw,Nb,Qw,Kb,Rb,Rb	lightRed	0
89d92af8f2b9c342ec9793a506272e43	3606	Pw,Rw,Nb,Qb,Kw,Rb,Nw,Pb,Rw,,,,,,,Kw,Nb,,,,,,,Rw,Qw,,,,,,,Nw,Kb,,,,,,,Qb,Rb,,,,,,,Kb,Nw,,,,,,,Rb,Rw,Qb,Bw,Rw,Kw,Qw,Bb,Pb	darkGray	0
89d9dbfdedab3a7baeead62ca52bfb85	1427	Pw,Bb,Qw,Pw,Rb,Bw,Kb,Pb,Rw,,,,,,,Rw,Bb,,,,,,,Nb,Qb,,,,,,,Qw,Pb,,,,,,,Kb,Rb,,,,,,,Rb,Bw,,,,,,,Nw,Rb,Kw,Qb,Nb,Rw,Kb,Qw,Nw	darkRed	0
89dde98572163e65c44f45d351bfad30	1296	Bb,Qw,Kb,Rb,Nw,Qb,Kw,Rw,Kb,,,,,,,Bw,Pb,,,,,,,Qb,Nw,,,Nb,Nb,,,Pb,Bb,,,Nb,Nb,,,Rw,Kw,,,,,,,Bb,Pw,,,,,,,Qw,Rw,Kw,Qb,Nw,Rb,Kb,Qw,Bb	lightRed	0
89e1cbb92614c1b519ce90db236a3ba0	3922	Rw,Bw,Rb,Pw,Qw,Nb,Rw,Pb,Pb,,,,,,,Pb,Rw,,,,,,,Rw,Nb,,,Pw,Pw,,,Bw,Qw,,,Pw,Pw,,,Qb,Kb,,,,,,,Kb,Rb,,,,,,,Rb,Kw,Qb,Kw,Rw,Nb,Qw,Pw,Kw	lightGray	0
89e5a1de09605d9876c06b5d336a801a	3931	Bw,Pw,Kw,Bb,Nw,Pb,Kb,Rw,Rb,,,,,,,Pw,Pw,,,,,,,Rb,Qb,,,,,,,Bw,Bw,,,,,,,Qb,Rw,,,,,,,Kw,Pb,,,,,,,Rw,Bw,Kb,Qw,Nb,Rw,Kw,Qb,Rb	darkRed	0
89ef56d55a4d88ed4e1bdc28fcf133bc	482	Pw,Pb,Qb,Bb,Rw,Pw,Qw,Rw,Qw,,,,,,,Rw,Nb,,,,,,,Rw,Rb,,,Pb,Pb,,,Rw,Kb,,,Pb,Pb,,,Rw,Qb,,,,,,,Rw,Nw,,,,,,,Rw,Nw,Kb,Qw,Nw,Rb,Kw,Qb,Rw	lightGray	0
8a025070a0b007db281b6bf1f3187deb	2689	Nw,Nw,Qb,Kw,Rw,Bb,Qw,Bw,Nb,,,,,,,Bb,Bw,,,,,,,Qw,Kb,,,Pb,Pb,,,Pw,Pb,,,Pb,Pb,,,Rb,Nw,,,,,,,Bw,Bb,,,,,,,Qb,Bw,Qw,Nb,Rb,Kb,Bb,Nw,Kw	darkGray	0
8a0985f38abed91297c13aedde722e86	299	Pw,Bb,Rw,Kb,Qw,Nw,Rb,Pw,Rw,,,,,,,Nw,Pb,,,,,,,Pb,Qw,,,,,,,Qw,Nb,,,,,,,Bb,Rb,,,,,,,Nb,Pw,,,,,,,Pw,Qb,Pw,Rb,Bw,Qb,Pb,Rw,Bw	lightGray	0
8a14efff16fb75147bbb0d2fcb08a9b8	3981	Rw,Bb,Kw,Pb,Nw,Bw,Kb,Kw,Kw,,,,,,,Rw,Qb,,,,,,,Bb,Nw,,,,,,,Qw,Rb,,,,,,,Pw,Kb,,,,,,,Rb,Qw,,,,,,,Bw,Nb,Kb,Pb,Nw,Bb,Kw,Pw,Qw	darkRed	0
8a211a2a59f3953460246dcc4aac3d63	2414	Qw,Nb,Pw,Kb,Bw,Nw,Pb,Bb,Bb,,,,,,,Bw,Rw,,,,,,,Nb,Pb,,,Nb,Nb,,,Pb,Qb,,,Nb,Nb,,,Kb,Bw,,,,,,,Bb,Rb,,,,,,,Nw,Pb,Bb,Kw,Pb,Nw,Kw,Kb,Kw	lightGray	0
8a354c0c40c6958e3aae0cec0354fe35	3599	Pw,Qw,Nb,Rw,Kw,Qb,Nw,Pw,Bw,,,,,,,Bb,Nb,,,,,,,Rw,Rw,,,Qw,Qw,,,Pb,Kw,,,Qw,Qw,,,Qb,Bb,,,,,,,Bw,Nw,,,,,,,Rb,Kw,Pw,Qw,Bb,Nw,Pb,Kb,Qb	darkRed	0
8a374923e6cd4662e42058548f4a7f5a	2399	Rw,Rb,Nw,Qb,Kw,Rw,Nb,Bw,Kb,,,,,,,Qb,Rb,,,,,,,Kw,Nw,,,,,,,Rb,Bb,,,,,,,Nw,Kw,,,,,,,Bw,Rw,,,,,,,Kb,Nw,Bb,Qw,Pw,Rb,Bw,Qb,Rw	darkRed	0
8a5042cfcca8c2654074dbb721c57ba5	1720	Nb,Nw,Rb,Kw,Qb,Bb,Rw,Rb,Qw,,,,,,,Qb,Kb,,,,,,,Bw,Rw,,,,,,,Rb,Nb,,,,,,,Pw,Bb,,,,,,,Qw,Kw,,,,,,,Nb,Rw,Rw,Rw,Rw,Rw,Rw,Rw,Rw	darkGray	0
8a64063c29aaf977ba6ce8f475ba09e8	3614	Rw,Bw,Nb,Pb,Kb,Bb,Nw,Bb,Qw,,,,,,,Qw,Nb,,,,,,,Nb,Rw,,,,,,,Rb,Kw,,,,,,,Kb,Qb,,,,,,,Qb,Nw,,,,,,,Nw,Qw,Nb,Pw,Kw,Bb,Nw,Pb,Rb	lightRed	0
8a86c7bf7fa467ce96de13768ad5acfc	4009	Qw,Pw,Nb,Bw,Kb,Pb,Nw,Kb,Qb,,,,,,,Nb,Kw,,,,,,,Qw,Rb,,,,,,,Kw,Nw,,,,,,,Rw,Qw,,,,,,,Nw,Kb,,,,,,,Qb,Bb,Rb,Bw,Qw,Pw,Rw,Bb,Nw	darkGray	0
8a87e579c1fd493cb8da9bdd6c632d54	2841	Bw,Pb,Kb,Bb,Nw,Pw,Qw,Kb,Pw,,,,,,,Rw,Rb,,,,,,,Kw,Bb,,,Pb,Pb,,,Qw,Qw,,,Pb,Pb,,,Nb,Pb,,,,,,,Rb,Rw,,,,,,,Kb,Kw,Rb,Bw,Qw,Pw,Rw,Bb,Pw	darkRed	0
8a99c025ce31d44b6368870efb19c0fb	2701	Rb,Rb,Bw,Qw,Pw,Rw,Bb,Qb,Kw,,,,,,,Bw,Pw,,,,,,,Rb,Nb,,,,,,,Pb,Bw,,,,,,,Qb,Kb,,,,,,,Bb,Pb,,,,,,,Rw,Bb,Nw,Pb,Kb,Bw,Nb,Pw,Bw	darkRed	0
8ac1eef1b5078fd898c9e8918f3e397d	1690	Rw,Bw,Qb,Pw,Rb,Bb,Qw,Rw,Kb,,,,,,,Rb,Rb,,,,,,,Nw,Nb,,,,,,,Qb,Qw,,,,,,,Kw,Kw,,,,,,,Rw,Rw,,,,,,,Nb,Kb,Nw,Qb,Kb,Rb,Nb,Qw,Rw	darkRed	0
8ac608b586534509c08b32d9adee7df8	3119	Kb,Nw,Qb,Kb,Rb,Bb,Qw,Bb,Bb,,,,,,,Qw,Qw,,,,,,,Bb,Pb,,,Qw,Qw,,,Rb,Rw,,,Qw,Qw,,,Kb,Bw,,,,,,,Qb,Qb,,,,,,,Bw,Qw,Bb,Rw,Kb,Qw,Nw,Rb,Kw	darkRed	0
8acf6f0b64d295db46da4fa5f2e51d8f	3994	Kw,Rw,Bb,Qw,Pw,Rb,Bw,Qb,Rw,,,,,,,Kw,Bb,,,,,,,Pw,Qw,,,,,,,Nw,Pw,,,,,,,Bb,Rb,,,,,,,Kb,Bw,,,,,,,Pb,Qw,Nb,Bw,Kb,Pb,Nw,Bb,Kb	lightRed	0
8ad0ea7aabb57fcac8bb7c9448f2dbc4	1182	Nw,Nw,Bb,Kb,Pb,Nb,Bw,Nw,Bb,,,,,,,Kb,Kw,,,,,,,Rb,Pb,,,,,,,Nw,Nw,,,,,,,Bb,Bw,,,,,,,Kw,Kb,,,,,,,Pw,Pb,Kw,Bb,Nw,Pb,Kb,Bw,Nw	lightRed	0
8adbabee3d7b1be623787a4ecaad2a3b	1379	Rw,Pw,Rb,Bb,Qw,Pb,Rw,Bb,Pw,,,,,,,Nb,Nb,,,,,,,Bw,Bb,,,Nw,Nw,,,Kw,Kw,,,Nw,Nw,,,Pw,Pb,,,,,,,Nw,Rw,,,,,,,Bb,Bb,Pw,Kw,Bb,Nw,Pb,Kb,Pw	lightRed	0
8adcc6284853c5a722976f05ca4c5c1f	410	Pb,Bb,Nw,Pb,Kb,Bw,Nb,Kb,Qw,,,,,,,Kb,Nb,,,,,,,Rb,Rb,,,Rw,Rw,,,Bb,Kb,,,Rw,Rw,,,Qw,Qb,,,,,,,Kw,Nw,,,,,,,Rw,Kw,Rw,Nb,Qb,Kw,Rb,Nw,Nb	darkGray	0
8b077c97ceecc2caa4fe11ac4fa72960	3087	Pw,Nw,Bb,Kb,Pb,Nb,Qw,Nw,Bw,,,,,,,Rw,Nb,,,,,,,Pb,Pb,,,Qw,Qw,,,Qb,Kb,,,Qw,Qw,,,Bw,Bb,,,,,,,Rb,Nw,,,,,,,Pw,Pb,Rw,Nb,Qb,Pb,Rb,Bw,Bb	lightGray	0
8b171e62d87b3ddc3b2f52d702ddafe1	311	Qw,Qb,Bw,Rw,Pb,Qw,Bb,Rw,Kb,,,,,,,Rw,Rb,,,,,,,Rw,Nw,,,,,,,Rw,Qb,,,,,,,Rw,Kw,,,,,,,Rw,Rw,,,,,,,Rw,Rw,Rw,Rw,Rw,Rw,Rw,Rw,Rw	lightGray	0
8b1d2607df702e44f722cdee6012cf0f	2364	Qw,Nw,Bb,Kb,Pb,Nb,Bw,Pb,Pw,,,,,,,Rb,Rb,,,,,,,Pw,Bw,,,Qb,Qb,,,Qw,Qb,,,Qb,Qb,,,Bb,Pb,,,,,,,Rw,Nw,,,,,,,Pb,Nw,Nb,Bw,Kb,Pb,Nw,Bb,Kb	darkGray	0
8b22087b7ea6f83c696b981dfe0d6aaa	433	Qb,Bw,Qb,Pw,Rb,Bb,Qw,Pw,Bb,,,,,,,Bb,Nw,,,,,,,Rw,Pb,,,,,,,Kb,Kb,,,,,,,Qw,Bw,,,,,,,Bw,Nb,,,,,,,Rb,Pb,Pb,Nw,Qw,Kb,Rw,Nb,Qw	lightGray	0
8b22996805f46bb25986d4175487affe	2836	Rw,Pw,Qw,Bw,Rb,Pb,Qb,Rw,Pw,,,,,,,Rb,Qw,,,,,,,Bw,Nw,,,,,,,Qw,Rb,,,,,,,Pw,Kw,,,,,,,Rw,Qb,,,,,,,Bb,Kw,Bw,Nb,Rw,Kw,Bb,Nw,Rb	lightRed	0
8b38b463c2e8c5d5d53778aa78490256	2285	Qb,Kb,Qw,Nw,Rb,Kw,Qb,Rw,Pw,,,,,,,Pw,Rb,,,,,,,Kw,Bb,,,Rb,Rb,,,Bb,Qw,,,Rb,Rb,,,Nw,Kw,,,,,,,Pb,Rw,,,,,,,Kb,Bb,Nb,Bw,Kw,Pw,Nw,Bb,Rw	lightGray	0
8b4a970b0afcbaa21e9529e62df6e546	3506	Nb,Pb,Qb,Bb,Rw,Pw,Qw,Nw,Bw,,,,,,,Bb,Rb,,,,,,,Kw,Pw,,,,,,,Pb,Qw,,,,,,,Nw,Bb,,,,,,,Bw,Rw,,,,,,,Kb,Qb,Kw,Pw,Nb,Bw,Kb,Pb,Bb	darkGray	0
8b57d66e8e07447b495c1cb503c91cd6	21	Kb,Pb,Rw,Bw,Qb,Pw,Nb,Kw,Kb,,,,,,,Rw,Bw,,,,,,,Pb,Nw,,,Bb,Bb,,,Qb,Pb,,,Bb,Bb,,,Bw,Kw,,,,,,,Rb,Bb,,,,,,,Pw,Pb,Kw,Bb,Nw,Pb,Kb,Bw,Bb	lightRed	0
8b5b7174c43c92f4147c43ad3dd9c9b1	3294	Qb,Qb,Kw,Rb,Bw,Qw,Pw,Qb,Bb,,,,,,,Qb,Qw,,,,,,,Pb,Pw,,,,,,,Rw,Rb,,,,,,,Bb,Bw,,,,,,,Qw,Kb,,,,,,,Pw,Rw,Nb,Qw,Kb,Rb,Nw,Qb,Rb	darkGray	0
8b5f4ad02af52d1e51eb2e3b7118ad50	2579	Qw,Qb,Bw,Rb,Pw,Qw,Bb,Qw,Kb,,,,,,,Rb,Pb,,,,,,,Kb,Nb,,,Qb,Qb,,,Qw,Bw,,,Qb,Qb,,,Nb,Kw,,,,,,,Rw,Pw,,,,,,,Kw,Bw,Bb,Qw,Pw,Rb,Bw,Kb,Kw	lightRed	0
8b69da573d7d3a01e142cfb5d9c8b5b5	581	Rw,Nb,Bw,Kb,Pb,Nw,Bb,Nb,Rw,,,,,,,Rb,Rw,,,,,,,Pw,Rw,,,,,,,Qw,Rw,,,,,,,Bb,Rw,,,,,,,Rw,Rw,,,,,,,Pb,Rw,Rw,Bb,Qb,Pb,Rb,Bw,Pw	darkRed	0
8b7397d8b81b13b77e887ad9f2f3b59f	2061	Rb,Bw,Rb,Pw,Qw,Bb,Nw,Qw,Bw,,,,,,,Bw,Rb,,,,,,,Qb,Pw,,,Bb,Bb,,,Pw,Qw,,,Bb,Bb,,,Nb,Bb,,,,,,,Bb,Rw,,,,,,,Qw,Bb,Pb,Qb,Bb,Nw,Pw,Qw,Qw	lightGray	0
8b8ef58f597b91bef47c89cb36dddf7f	1492	Bb,Nw,Pb,Kb,Bw,Nb,Pw,Bw,Rw,,,,,,,Kb,Nb,,,,,,,Bw,Qw,,,Pb,Pb,,,Nb,Kb,,,Pb,Pb,,,Pw,Pb,,,,,,,Qw,Nw,,,,,,,Bb,Rw,Rw,Rw,Rw,Rw,Rw,Rw,Rw	lightRed	0
8b9edf672d6272e3225a7e1e9895c8c1	3119	Kb,Nw,Qb,Kb,Rb,Bb,Qw,Bb,Bb,,,,,,,Qw,Qw,,,,,,,Bb,Pb,,,Qw,Qw,,,Rb,Rw,,,Qw,Qw,,,Kb,Bw,,,,,,,Qb,Qb,,,,,,,Bw,Qw,Bb,Rw,Kb,Qw,Nw,Rb,Kw	darkRed	0
8ba8f5e9149cdc8c38e48981cf1d6d8d	3935	Qw,Pw,Rb,Bw,Qb,Pb,Rw,Rw,Nw,,,,,,,Kb,Bb,,,,,,,Pb,Kb,,,,,,,Nb,Pb,,,,,,,Bw,Nb,,,,,,,Kw,Bw,,,,,,,Pw,Rb,Pb,Qb,Bb,Rw,Pw,Qw,Bw	darkRed	1
8ba97faab9433ef7e397f9c33cc0a040	2988	Rw,Nw,Bb,Kb,Pb,Nb,Bw,Nb,Qb,,,,,,,Qb,Pb,,,,,,,Bw,Rb,,,Pw,Pw,,,Rw,Bw,,,Pw,Pw,,,Kw,Qw,,,,,,,Qw,Pw,,,,,,,Nb,Bb,Kb,Pb,Nb,Bw,Kw,Pw,Nb	lightGray	0
8baa7abae62266a03d75c672ba9ad9b9	863	Rw,Pw,Kw,Bw,Nb,Pb,Qb,Qb,Rw,,,,,,,Qb,Rw,,,,,,,Pb,Rw,,,,,,,Nw,Rw,,,,,,,Bb,Rw,,,,,,,Kw,Rw,,,,,,,Pw,Rw,Pb,Kb,Bb,Nw,Pw,Kw,Qb	darkRed	0
8baf7d5775111b5ea7a3c8ef22dddb30	245	Pw,Rb,Nw,Qb,Kw,Rw,Nb,Nw,Nw,,,,,,,Nw,Pb,,,,,,,Rb,Kb,,,,,,,Kw,Bw,,,,,,,Bb,Nb,,,,,,,Nb,Pw,,,,,,,Pw,Qb,Rb,Nw,Qw,Kb,Rw,Nb,Kw	lightGray	0
8bb0e484dec8ce98935e3bd3018eb9e2	1798	Pw,Nb,Rw,Kw,Qb,Nw,Rb,Qw,Rw,,,,,,,Bb,Bb,,,,,,,Qw,Qw,,,Bw,Bw,,,Pb,Pw,,,Bw,Bw,,,Rw,Rb,,,,,,,Bw,Bw,,,,,,,Qb,Bw,Bb,Nw,Pb,Kb,Bw,Nb,Kb	lightGray	0
8bbd338c469c64e020eafe3b60257cf6	2694	Bb,Nb,Bw,Kw,Pw,Nw,Bb,Bb,Qb,,,,,,,Nw,Pb,,,,,,,Rb,Rw,,,Rb,Rb,,,Kb,Bb,,,Rb,Rb,,,Qw,Qw,,,,,,,Nb,Pw,,,,,,,Rw,Kw,Pb,Rw,Bw,Qb,Pw,Rb,Kw	darkGray	0
8bf524503654a64d56902c49ad206825	3613	Kb,Kb,Pb,Nw,Bb,Qw,Pw,Qb,Nw,,,,,,,Bb,Bb,,,,,,,Nw,Kb,,,Pb,Pb,,,Rb,Pb,,,Pb,Pb,,,Kb,Nb,,,,,,,Bw,Bw,,,,,,,Nb,Pb,Rb,Pw,Qb,Bw,Rw,Pb,Rb	darkRed	0
8c1d2eced1f39bbd37d12c5dd50dcf7e	2338	Nb,Pb,Qb,Bb,Rw,Pw,Qw,Qb,Rb,,,,,,,Bw,Kb,,,,,,,Kb,Bb,,,Nb,Nb,,,Pb,Nw,,,Nb,Nb,,,Nw,Pw,,,,,,,Qb,Kw,,,,,,,Kw,Kb,Pw,Qw,Bb,Nw,Pb,Qb,Qb	lightRed	0
8c382616bb32308a3a793e031c07970e	1753	Pw,Bw,Kb,Pw,Nb,Bb,Kw,Bb,Kw,,,,,,,Rw,Qb,,,,,,,Nb,Nb,,,Bb,Bb,,,Qb,Rw,,,Bb,Bb,,,Kw,Kb,,,,,,,Rb,Qw,,,,,,,Nw,Rb,Kw,Bb,Nb,Pw,Qb,Bw,Qb	lightRed	0
8c469a5913fd075408fd1b35d81cb96d	151	Qw,Kw,Qb,Nb,Rw,Kb,Qw,Kw,Rw,,,,,,,Rw,Pb,,,,,,,Nb,Qb,,,Nb,Nb,,,Qb,Bw,,,Nb,Nb,,,Kw,Nb,,,,,,,Rb,Pw,,,,,,,Nw,Rw,Nw,Rb,Kw,Qb,Nb,Rw,Rw	darkGray	0
8c5df461005cfea27ab6bf2ea59a06bc	874	Pw,Qb,Kw,Rw,Nb,Qw,Kb,Pw,Nb,,,,,,,Rb,Rw,,,,,,,Bw,Kb,,,,,,,Qb,Qw,,,,,,,Pb,Nw,,,,,,,Rw,Rb,,,,,,,Bb,Qw,Qw,Nb,Rw,Kw,Qb,Nw,Pb	darkGray	0
8c615560a2258e8baf650e77a6710556	1	Bb,Rb,Nw,Qw,Kb,Rw,Nb,Pw,Rb,,,,,,,Rb,Nw,,,,,,,Pw,Qb,,,Pw,Pw,,,Qb,Kw,,,Pw,Pw,,,Bw,Rw,,,,,,,Rw,Bb,,,,,,,Pb,Bw,Bb,Nw,Pb,Kb,Bw,Rb,Pw	darkGray	0
8c659c8350484a5db53fc8bb5943e916	1488	Nb,Pb,Nw,Bw,Kb,Pw,Nb,Rb,Pb,,,,,,,Rb,Qb,,,,,,,Bw,Bb,,,Pw,Pw,,,Qb,Rw,,,Pw,Pw,,,Pb,Pw,,,,,,,Rw,Qw,,,,,,,Bb,Bb,Qw,Pw,Nw,Bb,Kb,Pb,Qb	lightGray	0
8c75927846ee0eb6352e41e6af9cb7b0	3963	Rw,Nb,Pw,Kw,Bb,Nw,Pb,Kb,Pw,,,,,,,Pb,Rb,,,,,,,Kb,Bb,,,Pb,Pb,,,Bw,Qw,,,Pb,Pb,,,Nb,Pb,,,,,,,Pw,Rw,,,,,,,Kw,Rw,Bw,Kb,Pb,Nw,Bb,Kw,Nw	darkRed	0
8c8707cb699a5ad69a348b08d66ea859	390	Nw,Nw,Qb,Kb,Rb,Nb,Bw,Rb,Qb,,,,,,,Kw,Nw,,,,,,,Rw,Rb,,,Nw,Nw,,,Nb,Pw,,,Nw,Nw,,,Qw,Qw,,,,,,,Kb,Bb,,,,,,,Rb,Qb,Bb,Kw,Pb,Nw,Bw,Kb,Qw	darkRed	0
8c939b2f6d2dad0284be70b3990c03f3	2531	Pw,Pw,Rb,Bb,Kw,Pb,Nw,Rw,Qb,,,,,,,Rw,Bw,,,,,,,Rw,Rw,,,Nb,Nb,,,Rw,Pb,,,Nb,Nb,,,Rw,Qw,,,,,,,Rw,Bb,,,,,,,Rw,Nw,Rw,Kw,Qb,Nw,Rb,Kb,Rw	lightRed	0
8c94c6b2ea4fde2fbf4883afc8ae29ed	479	Bb,Qb,Kw,Rw,Nb,Qw,Kb,Rb,Bw,,,,,,,Nb,Rb,,,,,,,Pw,Pw,,,Pb,Pb,,,Kb,Qw,,,Pb,Pb,,,Bw,Bb,,,,,,,Rw,Rw,,,,,,,Pb,Kw,Rw,Bb,Qw,Pw,Rb,Bw,Nw	lightGray	0
8c990a279e36575f85f0c9b1bdf8e9b6	3032	Kw,Pb,Kb,Qw,Nb,Pw,Kw,Pw,Kw,,,,,,,Bb,Pw,,,,,,,Kw,Rw,,,Nb,Nb,,,Pb,Bb,,,Nb,Nb,,,Rw,Kb,,,,,,,Bw,Pw,,,,,,,Kb,Nw,Nb,Rw,Kb,Kw,Nw,Rb,Nb	darkRed	0
8cbda3f480092b0e6f5d8fc801d6d076	2849	Pb,Nb,Bw,Kw,Pw,Nw,Bb,Rw,Rb,,,,,,,Rw,Nw,,,,,,,Pb,Bb,,,,,,,Qw,Kw,,,,,,,Bb,Rw,,,,,,,Rb,Nb,,,,,,,Pw,Rb,Pw,Kw,Bw,Nb,Pb,Kb,Rb	lightGray	0
8cd93540c97be57c49ba9d56e1f78ed2	2552	Bb,Nb,Qw,Kw,Rw,Nw,Bb,Nb,Pw,,,,,,,Kw,Nb,,,,,,,Bb,Bw,,,Rb,Rb,,,Nb,Kb,,,Rb,Rb,,,Pw,Pb,,,,,,,Kb,Nw,,,,,,,Bw,Qw,Bw,Kb,Pb,Nw,Qb,Kw,Bw	darkRed	0
8cdd3d5dc7a14302cb22b180063e8371	1171	Kb,Kb,Bw,Nw,Pb,Kw,Bb,Kw,Qb,,,,,,,Bb,Bw,,,,,,,Nw,Rw,,,,,,,Pb,Pb,,,,,,,Kb,Qw,,,,,,,Bw,Bb,,,,,,,Nb,Rw,Rw,Rw,Rw,Rw,Rw,Rw,Rw	darkGray	0
8ce5697a06713a76ec6dfdca34561849	874	Pw,Qb,Kw,Rw,Nb,Qw,Kb,Pw,Nb,,,,,,,Rb,Rw,,,,,,,Bw,Kb,,,Pb,Pb,,,Qb,Qw,,,Pb,Pb,,,Pb,Nw,,,,,,,Rw,Rb,,,,,,,Bb,Qw,Qw,Nb,Rw,Kw,Qb,Nw,Pb	lightGray	0
8cea3318cd8bc7b4d4b544510c4ed385	2415	Qb,Rw,Bb,Qw,Pw,Rb,Bw,Qb,Pb,,,,,,,Qb,Nw,,,,,,,Pb,Bb,,,,,,,Rb,Kw,,,,,,,Bw,Rw,,,,,,,Qw,Nb,,,,,,,Pw,Pw,Pw,Nb,Bw,Kb,Pb,Nw,Nw	lightRed	0
8d29fa26af5fe716353eee58432a0d38	3538	Nw,Nw,Pb,Qw,Bb,Nb,Pw,Rw,Qw,,,,,,,Qw,Bb,,,,,,,Bb,Rb,,,Pw,Pw,,,Rb,Pw,,,Pw,Pw,,,Pw,Qb,,,,,,,Qb,Bw,,,,,,,Bw,Nw,Qw,Bb,Rw,Pb,Qb,Bw,Rw	lightGray	0
8d5a55ca7a49310f1c37729bff3436ff	3791	Qw,Bb,Nw,Pb,Kb,Bw,Nb,Rw,Nb,,,,,,,Kw,Bw,,,,,,,Qb,Kb,,,,,,,Nb,Pb,,,,,,,Rw,Nw,,,,,,,Kb,Bb,,,,,,,Qw,Rb,Qb,Kw,Rw,Nb,Qw,Pw,Kw	lightGray	0
8d63fcfe1ce46b7c849dae9baff1190c	3022	Nw,Kw,Rw,Nb,Qw,Kb,Rb,Bw,Kb,,,,,,,Bb,Rb,,,,,,,Rw,Nw,,,,,,,Pw,Qb,,,,,,,Qw,Pb,,,,,,,Bw,Rw,,,,,,,Rb,Nb,Qb,Kw,Rb,Nw,Qw,Kb,Bb	darkRed	0
8d69d927bbfadbd05a68668165e4ebea	2222	Rw,Bb,Kw,Pw,Nb,Bw,Kb,Nw,Rw,,,,,,,Pb,Rw,,,,,,,Qb,Rw,,,Pb,Pb,,,Bw,Rw,,,Pb,Pb,,,Rb,Rw,,,,,,,Pw,Rw,,,,,,,Qw,Rw,Nw,Rb,Kw,Qw,Nb,Rw,Kw	darkGray	0
8d70844efa599c6b27cfb542ff8c3fc8	46	Qb,Nw,Bb,Kb,Pb,Rb,Bw,Kw,Rw,,,,,,,Nw,Kw,,,,,,,Rb,Qw,,,,,,,Kb,Nb,,,,,,,Qw,Rb,,,,,,,Nb,Kb,,,,,,,Rw,Pw,Qw,Nb,Pb,Kb,Bb,Nw,Kw	lightGray	0
8d83b171576c0320acbaf52397d40578	3778	Bw,Rw,Kw,Qw,Nb,Rb,Kb,Qb,Kb,,,,,,,Bw,Pb,,,,,,,Kb,Nb,,,Rb,Rb,,,Pw,Bw,,,Rb,Rb,,,Nb,Kw,,,,,,,Bb,Pw,,,,,,,Kw,Kb,Rw,Nb,Bw,Kb,Pb,Nw,Nw	lightRed	0
8d88489862692765e2ce16f82c902dba	755	Qw,Bb,Rw,Pb,Qb,Bw,Rb,Qw,Nw,,,,,,,Pb,Bb,,,,,,,Nw,Kw,,,Pb,Pb,,,Bb,Pw,,,Pb,Pb,,,Kw,Nb,,,,,,,Pw,Bw,,,,,,,Nb,Pw,Rw,Pb,Qw,Bb,Rb,Pw,Rw	lightGray	0
8d9de3df170f8df03d390f4a5b5da6d3	3418	Nb,Rb,Kb,Qb,Nw,Rw,Kw,Nw,Pb,,,,,,,Rw,Kb,,,,,,,Pb,Bw,,,,,,,Qb,Nb,,,,,,,Bw,Pw,,,,,,,Rb,Kw,,,,,,,Pw,Qb,Pw,Rb,Bw,Qb,Pb,Rw,Rb	darkRed	0
8d9e38fc969d5bb3bc23fbc6131784a6	3703	Rw,Pw,Kw,Bb,Nw,Pb,Kb,Nw,Nw,,,,,,,Bw,Rb,,,,,,,Qb,Kb,,,,,,,Pw,Qw,,,,,,,Rb,Nb,,,,,,,Bb,Pw,,,,,,,Qw,Nw,Qb,Bw,Rw,Pb,Qw,Bb,Bb	darkRed	0
8dc9c861997967eaf98ffbdd5152476f	33	Qb,Nw,Qb,Kw,Rw,Nb,Qw,Kw,Qw,,,,,,,Nb,Bb,,,,,,,Pw,Rb,,,Nb,Nb,,,Kw,Pw,,,Nb,Nb,,,Bb,Kb,,,,,,,Nw,Bw,,,,,,,Pb,Pw,Qb,Pb,Rb,Bw,Qw,Kb,Bw	lightGray	0
8de6f26d53885c1e20b4ddea5ff73b23	3400	Nb,Kb,Bw,Rw,Pb,Kw,Bb,Rw,Nw,,,,,,,Rw,Rb,,,,,,,Bb,Kw,,,Bb,Bb,,,Qw,Qb,,,Bb,Bb,,,Pw,Nb,,,,,,,Rb,Rw,,,,,,,Bw,Kb,Kb,Bw,Nw,Pb,Kw,Bb,Kw	lightGray	0
8dfc1e0387e2d4ae789b6d6baaf20402	596	Qb,Kb,Rb,Nw,Qb,Kw,Rw,Bb,Kw,,,,,,,Rw,Pw,,,,,,,Bb,Nb,,,Qb,Qb,,,Qw,Bw,,,Qb,Qb,,,Pw,Kb,,,,,,,Rb,Pb,,,,,,,Bw,Bw,Pw,Nb,Bb,Kw,Pb,Nw,Bb	lightRed	0
8e01d3a9dd736947f8f3e16824adabc9	2042	Kw,Pb,Rw,Bw,Qb,Pw,Rb,Rb,Qb,,,,,,,Rw,Bw,,,,,,,Bb,Rb,,,,,,,Qb,Pw,,,,,,,Pb,Qw,,,,,,,Rb,Bb,,,,,,,Bw,Nw,Nb,Qw,Kb,Rb,Nw,Qb,Rb	lightRed	0
8e133dd71896806358e4a245c8b8a715	2268	Bb,Nb,Rw,Kw,Qb,Nw,Pb,Pw,Kw,,,,,,,Nb,Qb,,,,,,,Pw,Nw,,,,,,,Kb,Rb,,,,,,,Bw,Kb,,,,,,,Rw,Qw,,,,,,,Pb,Qb,Kb,Qw,Nw,Rb,Kw,Qb,Kw	lightRed	0
8e29d120a27d8a62052adaf9e3d4c055	746	Rb,Bb,Rw,Pb,Qb,Bw,Rb,Kb,Pw,,,,,,,Rw,Kw,,,,,,,Pb,Bw,,,Nw,Nw,,,Qw,Rb,,,Nw,Nw,,,Bb,Pb,,,,,,,Rb,Kb,,,,,,,Pw,Pb,Pw,Rb,Bb,Qw,Pb,Rw,Kw	lightRed	0
8e2a92729ee9dc89c99df47fdca0fd4b	3562	Pb,Qb,Pb,Rb,Bw,Kw,Pw,Nw,Rw,,,,,,,Bw,Bb,,,,,,,Kb,Qw,,,,,,,Pb,Pw,,,,,,,Nw,Rb,,,,,,,Bb,Nw,,,,,,,Kw,Kb,Nw,Rb,Kb,Qw,Nb,Rw,Kb	darkGray	0
8e54a9460455ab4eca0edf363ebe41bd	1996	Rw,Bw,Qb,Pw,Nb,Bb,Kw,Kb,Rw,,,,,,,Rb,Rw,,,,,,,Pw,Rw,,,,,,,Qw,Rw,,,,,,,Bb,Rw,,,,,,,Nw,Rw,,,,,,,Pb,Rw,Rw,Rw,Rw,Rw,Rw,Rw,Rw	darkRed	0
8e58d1c8a143df7777f0fc36fed48c1b	7	Qw,Bb,Nw,Pb,Kb,Bw,Nb,Rw,Kw,,,,,,,Bb,Bb,,,,,,,Kw,Nb,,,Pb,Pb,,,Pw,Pw,,,Pb,Pb,,,Nb,Kb,,,,,,,Bw,Bw,,,,,,,Kb,Rb,Bw,Rb,Pw,Kw,Bb,Nw,Qw	darkGray	0
8e7abc07783b61d9ba9e2bd7be092c90	3430	Qw,Qb,Bw,Rw,Pb,Qw,Bb,Pw,Qw,,,,,,,Rb,Nb,,,,,,,Bw,Rw,,,Pb,Pb,,,Qb,Kw,,,Pb,Pb,,,Pb,Qb,,,,,,,Rw,Nw,,,,,,,Nb,Rb,Rw,Nb,Qb,Pb,Rb,Bw,Rw	lightGray	0
8e98f5658c2242dc732e79d7f1ddd19f	3310	Bb,Rb,Kb,Qw,Nb,Rw,Kw,Rb,Rw,,,,,,,Kw,Kw,,,,,,,Bb,Qw,,,Pb,Pb,,,Nb,Nb,,,Pb,Pb,,,Pw,Rb,,,,,,,Kb,Pw,,,,,,,Bw,Bw,Nb,Rw,Kw,Qb,Nw,Rb,Kb	lightRed	0
8e9d4521f0524ce0bf5dc3c3017461cf	2503	Bw,Kb,Pb,Nb,Bw,Kw,Pw,Rb,Rb,,,,,,,Qw,Bw,,,,,,,Bb,Qw,,,,,,,Nw,Pw,,,,,,,Pb,Rw,,,,,,,Kb,Nb,,,,,,,Bw,Bb,Rb,Nw,Qb,Kw,Rw,Nb,Kb	darkGray	0
8eac2adeda29ba1476944072bad6842a	3418	Nb,Rb,Kb,Qb,Nw,Rw,Kw,Nw,Pb,,,,,,,Rw,Kb,,,,,,,Pb,Bw,,,,,,,Qb,Nb,,,,,,,Bw,Pw,,,,,,,Rb,Kw,,,,,,,Pw,Qb,Pw,Rb,Bw,Qb,Pb,Rw,Rb	darkRed	0
8eadff0a3f80a6da7fce6597aed4f438	3517	Rb,Nb,Bw,Kb,Pb,Nw,Bb,Rw,Pb,,,,,,,Pb,Kb,,,,,,,Qb,Qw,,,,,,,Bw,Nb,,,,,,,Nb,Pw,,,,,,,Pw,Kw,,,,,,,Qw,Qb,Rw,Kw,Qw,Nb,Rb,Pw,Kw	lightRed	0
8eb89b23efabf7fb7c5ea5a2035fc5b0	2456	Nw,Kw,Qb,Nb,Rw,Kb,Qw,Bw,Nw,,,,,,,Qb,Qb,,,,,,,Bw,Kw,,,Bb,Bb,,,Rw,Pw,,,Bb,Bb,,,Pb,Nb,,,,,,,Qw,Bw,,,,,,,Bb,Rw,Rw,Rw,Rw,Rw,Rw,Rw,Rw	lightRed	0
8ebc5d551f9e3a5282e44e518ff81174	969	Kb,Bb,Kw,Pw,Nb,Qw,Kb,Rb,Rb,,,,,,,Kw,Bw,,,,,,,Qb,Qb,,,Pw,Pw,,,Nw,Pb,,,Pw,Pw,,,Rb,Rw,,,,,,,Kb,Bb,,,,,,,Qw,Kb,Kw,Bb,Nb,Pw,Kb,Bw,Kb	darkRed	0
8ebdb26443b8d9f350815f6825c39a19	2787	Nw,Bw,Nb,Pb,Kb,Bb,Nw,Kb,Bw,,,,,,,Rw,Rb,,,,,,,Kw,Pw,,,,,,,Qw,Qw,,,,,,,Nb,Bb,,,,,,,Pb,Rw,,,,,,,Kb,Rw,Pb,Nw,Bb,Kw,Pw,Nb,Qw	darkRed	0
8ecaf309faefb25adfd2ec394a74dd62	4049	Qw,Bw,Qb,Pb,Rw,Bb,Kw,Pw,Bb,,,,,,,Nw,Qw,,,,,,,Pb,Pw,,,,,,,Kb,Rb,,,,,,,Bw,Bw,,,,,,,Nb,Qb,,,,,,,Pw,Rb,Pw,Kw,Bw,Nb,Pb,Kb,Kw	darkRed	0
8ed04f9a85d33eaa07b03b9df8cf4886	841	Nw,Kb,Rb,Nw,Qb,Kw,Rw,Qb,Nw,,,,,,,Kb,Pb,,,,,,,Pb,Kw,,,,,,,Nb,Bb,,,,,,,Bw,Nb,,,,,,,Kw,Pw,,,,,,,Pw,Nb,Kw,Rw,Nw,Qb,Kb,Rb,Pw	lightGray	0
8edaf75d1aa2f48f72e781cc52fa658a	1163	Kb,Bb,Nw,Pw,Kw,Bw,Nb,Kb,Kw,,,,,,,Rb,Bb,,,,,,,Nw,Nw,,,,,,,Qw,Pb,,,,,,,Kb,Kb,,,,,,,Rw,Qw,,,,,,,Nb,Nb,Rb,Kb,Qw,Nb,Rw,Kw,Qw	lightGray	0
8edfa512d528a2f1b15d5180a567851c	2935	Rw,Bb,Kw,Pb,Nw,Bw,Kb,Nw,Qw,,,,,,,Kb,Kb,,,,,,,Qw,Rw,,,Rb,Rb,,,Nw,Bb,,,Rb,Rb,,,Rb,Qb,,,,,,,Kw,Pb,,,,,,,Qb,Kb,Pb,Rw,Bb,Qw,Pw,Rb,Bb	darkRed	0
8ee9d49f5c8f6f376d2e61f7648f54c2	2116	Rw,Qb,Bw,Rw,Pb,Qw,Bb,Rw,Pw,,,,,,,Bb,Rb,,,,,,,Rw,Bb,,,Pb,Pb,,,Pb,Qw,,,Pb,Pb,,,Qb,Pb,,,,,,,Bw,Nw,,,,,,,Rb,Bb,Pb,Nw,Bb,Qw,Pw,Nb,Pw	darkRed	0
8effdc790c3b6bfcc1e45c994f65d7fc	4060	Kw,Qw,Nb,Rb,Kb,Qb,Nw,Nb,Nb,,,,,,,Qb,Bw,,,,,,,Bw,Kb,,,,,,,Rb,Pb,,,,,,,Pw,Nw,,,,,,,Qw,Qb,,,,,,,Bb,Rw,Qb,Bw,Rb,Pw,Qw,Bb,Pw	darkRed	0
8f02f98f52231b2a03258ca40250da5f	369	Bb,Qw,Nb,Rw,Kw,Qb,Nw,Rb,Nw,,,,,,,Qw,Rb,,,,,,,Kb,Kw,,,,,,,Rw,Qb,,,,,,,Nb,Nb,,,,,,,Bb,Rw,,,,,,,Kw,Pw,Pw,Kw,Bb,Nw,Pb,Qb,Kw	darkGray	0
8f0ad178fb6721424b87d594c3e6885f	2590	Bw,Bw,Rb,Pb,Qb,Bb,Nw,Qb,Kb,,,,,,,Pb,Qw,,,,,,,Nw,Nb,,,Pw,Pw,,,Bb,Rw,,,Pw,Pw,,,Kw,Pb,,,,,,,Pw,Qb,,,,,,,Nb,Pb,Rb,Kb,Bb,Nw,Rw,Kw,Kb	lightGray	0
8f2ea235f73de8aa384b29dc7d413db0	2180	Qb,Nb,Pw,Kw,Bb,Nw,Pb,Bb,Pb,,,,,,,Nb,Nw,,,,,,,Bw,Qw,,,Nb,Nb,,,Kb,Kb,,,Nb,Nb,,,Pb,Rw,,,,,,,Rw,Nb,,,,,,,Bb,Bw,Rw,Nb,Bw,Kb,Pb,Nw,Kw	darkGray	0
8f371879c2efdac560683af00f2dfa68	225	Qw,Qb,Kw,Rb,Nw,Bw,Kb,Rb,Kb,,,,,,,Kb,Qw,,,,,,,Pb,Nb,,,Nb,Nb,,,Nb,Rw,,,Nb,Nb,,,Bw,Kw,,,,,,,Kw,Qb,,,,,,,Pw,Qb,Kw,Rw,Nb,Bw,Kb,Rb,Bw	lightRed	0
8f424a69502b3a677040518b7538279c	2013	Kw,Nb,Rw,Kw,Qb,Nw,Rb,Nb,Qb,,,,,,,Kw,Bw,,,,,,,Rw,Rw,,,,,,,Nw,Pb,,,,,,,Qb,Qw,,,,,,,Kb,Bb,,,,,,,Rb,Nw,Nw,Qb,Kb,Rb,Nb,Kw,Kw	darkRed	0
8f441b9428d2e2b6bbcae3573d8bf8d7	1424	Qb,Pb,Nw,Bw,Kb,Pw,Nb,Qw,Nw,,,,,,,Pb,Qb,,,,,,,Nw,Kw,,,Pb,Pb,,,Bb,Rw,,,Pb,Pb,,,Kw,Nb,,,,,,,Pw,Qw,,,,,,,Nb,Qw,Bb,Rw,Pb,Qb,Bw,Rb,Rb	lightRed	0
8f4d3f5a4e09d1f4a30ca0cbda156854	3456	Rb,Rb,Nw,Qw,Pw,Rw,Bb,Bb,Nb,,,,,,,Rb,Qw,,,,,,,Bw,Kb,,,Bb,Bb,,,Qb,Pb,,,Bb,Bb,,,Pb,Nw,,,,,,,Rw,Bb,,,,,,,Bb,Qb,Qw,Pw,Rb,Bw,Qb,Pb,Qw	darkRed	0
8f5224ab1288b1277ad8ef3939dd7767	2893	Rb,Pb,Kb,Bw,Nb,Pw,Kw,Rb,Bb,,,,,,,Nb,Rw,,,,,,,Bw,Pb,,,Nw,Nw,,,Kb,Qb,,,Nw,Nw,,,Pb,Bw,,,,,,,Nw,Rb,,,,,,,Qb,Bw,Pb,Nw,Bb,Kw,Pw,Nb,Qb	darkGray	0
8f5c6d4940cef204d906b1c9ff88cff6	3342	Kb,Qw,Bb,Rb,Pw,Qb,Bw,Qb,Nw,,,,,,,Rb,Rb,,,,,,,Nw,Pw,,,,,,,Qw,Qw,,,,,,,Kb,Bb,,,,,,,Rw,Rw,,,,,,,Nb,Bw,Bb,Nw,Pb,Kb,Bw,Rb,Bw	lightGray	0
8f5f38ed1cb7c60cf3b87bcbf55c6aa6	1494	Qb,Bb,Nw,Pw,Kw,Bw,Nb,Kw,Nb,,,,,,,Nw,Bw,,,,,,,Bb,Kb,,,,,,,Qw,Pb,,,,,,,Pw,Rw,,,,,,,Rb,Bb,,,,,,,Bw,Bw,Qb,Nw,Rb,Kb,Qw,Bb,Rb	darkGray	0
8f763fa130d05c971d44bd333bc189ab	444	Kw,Pw,Nb,Bw,Kb,Pb,Nw,Rb,Rw,,,,,,,Kw,Kw,,,,,,,Pw,Qw,,,Nw,Nw,,,Nb,Nb,,,Nw,Nw,,,Bw,Rb,,,,,,,Qb,Kb,,,,,,,Rb,Nw,Qw,Kb,Rb,Nw,Qb,Kw,Bw	darkRed	0
8f78920c5a205fafb7c379c758df89d0	195	Rw,Bb,Kw,Pw,Nb,Bw,Kb,Kb,Rw,,,,,,,Qw,Rw,,,,,,,Pw,Rw,,,Nb,Nb,,,Rb,Rw,,,Nb,Nb,,,Bw,Rw,,,,,,,Qb,Rw,,,,,,,Pb,Rw,Nb,Rw,Kw,Qb,Nw,Rb,Pb	lightGray	0
8f80327380094ab80bfe3042393f40ac	1529	Pb,Qw,Pw,Rw,Bb,Qb,Pb,Rw,Nb,,,,,,,Rw,Pw,,,,,,,Rw,Kb,,,,,,,Rw,Bw,,,,,,,Rw,Nw,,,,,,,Rw,Pb,,,,,,,Rw,Pw,Pw,Rb,Bb,Kw,Pb,Nw,Rw	darkRed	0
8f9de8284d624defa6d1aa0b54127ac1	2699	Nw,Pw,Nb,Bw,Kb,Pb,Nw,Rb,Nw,,,,,,,Rb,Rb,,,,,,,Bw,Kw,,,Rb,Rb,,,Kw,Qb,,,Rb,Rb,,,Pw,Nb,,,,,,,Rw,Rw,,,,,,,Bb,Pw,Kw,Pw,Nw,Bb,Qb,Pb,Rw	darkRed	0
8fbb0acc94888f15960cfc918b0f0257	970	Qb,Qb,Bw,Rw,Pb,Qw,Bb,Bw,Pw,,,,,,,Kw,Nb,,,,,,,Rw,Bb,,,,,,,Nw,Kw,,,,,,,Qb,Pb,,,,,,,Kb,Nw,,,,,,,Rb,Qb,Pw,Rb,Bw,Qb,Pb,Rw,Pw	lightGray	0
8fbf8d53238a43fb23c6dce78dc8b6cc	1946	Rw,Pw,Qw,Bw,Rb,Pb,Qb,Qb,Rw,,,,,,,Pw,Rw,,,,,,,Rb,Rw,,,Rb,Rb,,,Bw,Rw,,,Rb,Rb,,,Qb,Rw,,,,,,,Pb,Rw,,,,,,,Rw,Rw,Nw,Rb,Kw,Qb,Nb,Rw,Bb	lightRed	0
8fc6134cda606ae41f9328df68a4fcb7	574	Rw,Rw,Bb,Qw,Pw,Nb,Bw,Kw,Pb,,,,,,,Kb,Nw,,,,,,,Qw,Bb,,,Nw,Nw,,,Nb,Qw,,,Nw,Nw,,,Rw,Pw,,,,,,,Kw,Nb,,,,,,,Qb,Kw,Kw,Bb,Nw,Pb,Kb,Bw,Kb	lightRed	0
8fcdacdc8720e1fd7bc6c91baab41295	26	Nw,Rw,Kw,Qw,Nb,Rb,Kb,Nw,Pb,,,,,,,Bb,Nw,,,,,,,Rw,Bb,,,Pb,Pb,,,Pb,Kw,,,Pb,Pb,,,Kb,Pw,,,,,,,Bw,Nb,,,,,,,Nb,Rb,Pw,Nb,Bw,Qb,Pb,Rw,Pb	lightGray	0
8fcf553803139a3348dc0333fe41aa97	3478	Qb,Kb,Qw,Nw,Rb,Kw,Qb,Rw,Nb,,,,,,,Bb,Rw,,,,,,,Rw,Kw,,,Nw,Nw,,,Pw,Qb,,,Nw,Nw,,,Qw,Nw,,,,,,,Bw,Pb,,,,,,,Rb,Nw,Bw,Nb,Pw,Kw,Bb,Nw,Pb	darkGray	0
8fd8384ee7f43b34dbbfc7155c132f93	3907	Rw,Bb,Kw,Pb,Nw,Bw,Kb,Bb,Qw,,,,,,,Rb,Bb,,,,,,,Nw,Rb,,,,,,,Qw,Pw,,,,,,,Kb,Qb,,,,,,,Rw,Bw,,,,,,,Nb,Rw,Rb,Nw,Qw,Kb,Rw,Nb,Pw	darkRed	0
8fdc5c5698faf7ab580fa8e5468b8f8e	1645	Bw,Bb,Rw,Pb,Qb,Bw,Rb,Nw,Rb,,,,,,,Kw,Bw,,,,,,,Bb,Qb,,,,,,,Nw,Pb,,,,,,,Pb,Rw,,,,,,,Kb,Bb,,,,,,,Bw,Bb,Pw,Kw,Bb,Nw,Pb,Kb,Rb	lightGray	0
8ff016ef800e2d1135de2bbe1a1445ef	2079	Qb,Pw,Kw,Bb,Nw,Pb,Kb,Bw,Nb,,,,,,,Qw,Bw,,,,,,,Bb,Kb,,,,,,,Rb,Pb,,,,,,,Pw,Nw,,,,,,,Qb,Bb,,,,,,,Bw,Nb,Bb,Nw,Pw,Kw,Bw,Nb,Nb	lightRed	1
9010ac38d8e87614a9c2f05379968cdb	2957	Pw,Nw,Pb,Kb,Bw,Nb,Pw,Kw,Nw,,,,,,,Bw,Qb,,,,,,,Qb,Kw,,,Bw,Bw,,,Pw,Rw,,,Bw,Bw,,,Rb,Nb,,,,,,,Bb,Qw,,,,,,,Qw,Pb,Rb,Nw,Qb,Kw,Rw,Bb,Bw	lightGray	1
9025d64c5a6059fa6a72fced68c53131	3191	Pw,Kw,Pw,Nb,Bw,Kb,Pb,Pw,Nb,,,,,,,Qb,Qw,,,,,,,Nw,Kb,,,,,,,Rb,Pb,,,,,,,Kb,Nw,,,,,,,Bw,Qb,,,,,,,Nb,Kb,Kb,Pb,Nw,Bb,Kw,Pw,Qw	lightGray	0
903254c503bbdd254a7771d4638d7ce3	3320	Kb,Nb,Pw,Kb,Bw,Nw,Pb,Rw,Bb,,,,,,,Kb,Nw,,,,,,,Rb,Pw,,,Bw,Bw,,,Nw,Qw,,,Bw,Bw,,,Qb,Bw,,,,,,,Kw,Nb,,,,,,,Rw,Rw,Bb,Kw,Pw,Nb,Bw,Kb,Pb	darkRed	0
90334c3d09360b25d1992a4956e64f64	1034	Kb,Pb,Nw,Bb,Kw,Pw,Nb,Nb,Nw,,,,,,,Kb,Bb,,,,,,,Bw,Kb,,,,,,,Nb,Pb,,,,,,,Pw,Nb,,,,,,,Qw,Qw,,,,,,,Bb,Qw,Qb,Nw,Rb,Kb,Bw,Nb,Kw	darkRed	0
90397be2c8d7f4a6f94e9c6c6b6b721f	1347	Nw,Nb,Rw,Kb,Qw,Nw,Rb,Qb,Pb,,,,,,,Bw,Kb,,,,,,,Qb,Bw,,,Nw,Nw,,,Pw,Nb,,,Nw,Nw,,,Nb,Pw,,,,,,,Bb,Kw,,,,,,,Qw,Bw,Nb,Qw,Kw,Rw,Nw,Qb,Pb	lightGray	0
904edfcf223597abf470acd9cc33c40e	2355	Bb,Qb,Nw,Rb,Pw,Qw,Nb,Rb,Kw,,,,,,,Nb,Pw,,,,,,,Bw,Nw,,,,,,,Kw,Bb,,,,,,,Pw,Kb,,,,,,,Nw,Pb,,,,,,,Bb,Rb,Pw,Qw,Bw,Rb,Pb,Qb,Rw	darkRed	0
9056ae97e2a687c49bd219fdc5960773	1778	Bb,Bb,Nw,Pb,Kb,Bw,Rb,Rw,Bw,,,,,,,Nw,Rb,,,,,,,Rb,Pw,,,,,,,Kb,Qw,,,,,,,Qw,Bb,,,,,,,Nb,Rw,,,,,,,Pw,Kw,Pb,Rw,Bw,Kb,Pw,Nb,Nw	lightRed	0
90614b22660878d3258304abc44eed45	956	Rb,Qb,Bw,Nw,Pb,Qw,Kb,Rw,Pw,,,,,,,Qb,Rb,,,,,,,Qw,Bw,,,Pw,Pw,,,Nb,Qb,,,Pw,Pw,,,Rw,Pb,,,,,,,Qw,Rw,,,,,,,Kb,Qb,Nw,Qb,Qb,Rb,Nb,Kw,Kb	darkRed	0
9061ca2c23fff4b2d6eac4cf25661ddf	1402	Rw,Pw,Nb,Bb,Kw,Pb,Nw,Bw,Rw,,,,,,,Qb,Rw,,,,,,,Bw,Rw,,,Bb,Bb,,,Rw,Rw,,,Bb,Bb,,,Pb,Rw,,,,,,,Qw,Rw,,,,,,,Bb,Rw,Pw,Qw,Bw,Rb,Pb,Qb,Qb	darkRed	0
906445266ff1ec6b733d25198aaac9d6	1161	Nw,Kb,Bw,Nb,Pw,Qw,Bb,Pb,Nb,,,,,,,Pw,Rw,,,,,,,Rb,Pb,,,,,,,Bb,Qb,,,,,,,Qw,Nw,,,,,,,Pb,Rb,,,,,,,Rw,Pb,Qb,Pb,Rw,Bb,Qw,Pw,Nb	darkGray	0
9064a769a344848c99a6de8ac85a9a7d	324	Pb,Rb,Kb,Bb,Nw,Rw,Kw,Kb,Qb,,,,,,,Rw,Bw,,,,,,,Bb,Rb,,,Pb,Pb,,,Qb,Pw,,,Pb,Pb,,,Pb,Qw,,,,,,,Rb,Bb,,,,,,,Bw,Rb,Rb,Nw,Qb,Kw,Rw,Nb,Pb	darkGray	0
906631c05a6321d30492d5a4393539e7	1525	Bw,Kw,Pw,Nw,Bb,Kb,Pb,Qw,Bw,,,,,,,Bb,Kb,,,,,,,Rw,Pb,,,,,,,Pb,Nw,,,,,,,Qb,Bb,,,,,,,Bw,Qw,,,,,,,Rb,Bb,Rw,Nb,Qw,Kb,Rb,Nw,Nb	darkRed	0
9071e11b7d1e57fdc8745bfe430326f3	850	Kw,Qw,Bb,Rw,Pb,Qb,Bw,Qb,Pb,,,,,,,Nb,Kb,,,,,,,Kw,Bb,,,,,,,Kb,Pw,,,,,,,Rb,Pw,,,,,,,Nw,Kw,,,,,,,Kb,Kb,Nw,Bb,Kw,Pw,Nb,Bw,Nb	darkRed	0
9072a533a99dfebeeca5b77f1f55e170	2403	Kb,Nw,Bb,Kb,Pb,Nb,Bw,Qb,Bb,,,,,,,Bb,Rw,,,,,,,Rw,Kb,,,Bb,Bb,,,Pw,Qw,,,Bb,Bb,,,Qw,Bw,,,,,,,Bw,Rb,,,,,,,Rb,Pb,Qw,Pw,Rb,Bw,Kb,Pb,Bw	darkRed	0
9080c5deff43a7b4213d72aa9844d200	1241	Bb,Pb,Kb,Bb,Nw,Pw,Kw,Rw,Bw,,,,,,,Kb,Rb,,,,,,,Pb,Pb,,,Nw,Nw,,,Nb,Qb,,,Nw,Nw,,,Bw,Bb,,,,,,,Qw,Rw,,,,,,,Pw,Kb,Nw,Rb,Kw,Qb,Bb,Rw,Qb	lightGray	0
908643b92e3cf89046a42fc81cb5a683	2016	Kb,Qb,Bw,Rw,Pb,Qw,Nb,Pb,Rb,,,,,,,Kw,Pw,,,,,,,Rw,Qw,,,Nw,Nw,,,Nb,Bb,,,Nw,Nw,,,Bw,Nw,,,,,,,Kb,Pb,,,,,,,Pb,Rw,Rw,Rw,Rw,Rw,Rw,Rw,Rw	lightRed	0
90a2e7809fb4a4339e8889e77b93fd8f	3193	Qb,Bb,Nw,Pw,Qw,Bw,Rb,Bw,Qb,,,,,,,Bw,Nw,,,,,,,Qb,Rw,,,Pw,Pw,,,Pw,Kw,,,Pw,Pw,,,Rb,Qw,,,,,,,Bb,Nb,,,,,,,Qw,Pw,Pb,Kb,Bb,Rw,Kb,Qw,Rb	lightRed	0
90a30a95330fed504c1e1eab9b9d8b82	2568	Pw,Pb,Kb,Bb,Nw,Pw,Kw,Pw,Rw,,,,,,,Bb,Pb,,,,,,,Qw,Qb,,,Pw,Pw,,,Pw,Bw,,,Pw,Pw,,,Rb,Rb,,,,,,,Bw,Pw,,,,,,,Qb,Pw,Kw,Pw,Nb,Bw,Kb,Pb,Pw	darkGray	0
90a6e306980bd3820bfd12ab75eaceaf	4040	Nb,Qw,Pw,Rw,Bb,Qb,Pb,Nw,Nw,,,,,,,Kw,Bb,,,,,,,Qb,Qw,,,,,,,Nw,Pw,,,,,,,Rb,Rb,,,,,,,Kb,Bw,,,,,,,Bw,Rb,Bw,Nb,Pw,Kw,Bb,Nw,Rw	lightRed	0
90abc5877f2273a36d4bb8ba882b993a	20	Qw,Nw,Qb,Kb,Rb,Nb,Qw,Pb,Kw,,,,,,,Kw,Pw,,,,,,,Rw,Nw,,,Bb,Bb,,,Bw,Bb,,,Bb,Bb,,,Qb,Kb,,,,,,,Pw,Pb,,,,,,,Rb,Bb,Kw,Rw,Nw,Qb,Kb,Rb,Nw	lightRed	0
90b925736028f9fe34a49c89fe139319	2557	Bb,Qb,Kw,Rb,Nw,Qw,Kb,Rb,Kw,,,,,,,Bw,Qb,,,,,,,Qb,Nw,,,,,,,Pw,Rb,,,,,,,Rb,Kb,,,,,,,Bb,Qw,,,,,,,Kw,Nw,Bb,Qw,Pb,Rw,Nw,Qb,Bw	darkGray	0
90d43ca7ee19ae3a7c93f7af0f5ed9b4	2872	Bw,Kb,Bw,Nw,Pb,Kw,Bb,Rw,Pw,,,,,,,Qb,Kw,,,,,,,Bw,Bb,,,Bb,Bb,,,Rw,Nw,,,Bb,Bb,,,Pb,Pb,,,,,,,Qw,Kb,,,,,,,Bb,Qw,Pw,Qw,Bb,Rw,Pb,Qb,Kb	darkGray	0
90e2f6e3aa1ef44fd44760a5001b1a46	836	Bw,Pb,Rw,Bw,Qb,Pw,Rb,Rb,Kw,,,,,,,Nw,Qb,,,,,,,Pb,Nb,,,Pb,Pb,,,Kb,Rw,,,Pb,Pb,,,Bw,Kb,,,,,,,Nb,Qw,,,,,,,Rw,Bb,Bw,Kb,Pw,Nb,Bb,Kw,Nb	lightGray	0
90ec350437c0ea38dd67d123f54486e8	3736	Rw,Rb,Nw,Qb,Kw,Rw,Bb,Qb,Rw,,,,,,,Nw,Rw,,,,,,,Bb,Rw,,,Pb,Pb,,,Kb,Rw,,,Pb,Pb,,,Pb,Rw,,,,,,,Nb,Rw,,,,,,,Bw,Rw,Pw,Kw,Bw,Nb,Pb,Qb,Qb	lightRed	0
912bd082893bdcb86a4a5915623514e5	3664	Bw,Nw,Bb,Kb,Pb,Nb,Bw,Nw,Rb,,,,,,,Kw,Nw,,,,,,,Bb,Qb,,,Nw,Nw,,,Nw,Kw,,,Nw,Nw,,,Pb,Rw,,,,,,,Kb,Nb,,,,,,,Qw,Pb,Nw,Bb,Kb,Pb,Nb,Bw,Bw	darkRed	0
912ddadee660b37247e82a1201084869	1615	Kw,Nb,Rw,Kb,Qw,Nw,Rb,Kw,Nw,,,,,,,Bb,Rb,,,,,,,Rw,Kb,,,Bw,Bw,,,Pw,Qw,,,Bw,Bw,,,Qw,Nb,,,,,,,Bw,Rw,,,,,,,Rb,Kw,Pb,Kb,Bw,Nb,Pw,Qw,Bb	darkGray	0
9138204b9fb7e32eec7e1cef489243a8	2572	Qw,Kb,Qw,Nw,Rb,Kw,Qb,Bw,Kw,,,,,,,Bw,Rw,,,,,,,Kb,Nw,,,Pw,Pw,,,Rw,Qb,,,Pw,Pw,,,Nb,Kb,,,,,,,Qb,Rb,,,,,,,Kw,Nw,Nw,Rb,Kb,Qw,Nb,Rw,Nw	lightGray	0
914ef8c1002902cfd8249aa997b5fd4c	607	Kb,Bw,Nb,Pb,Kb,Bb,Nw,Pb,Pw,,,,,,,Bw,Rb,,,,,,,Kb,Bw,,,Rw,Rw,,,Pw,Qb,,,Rw,Rw,,,Nb,Pb,,,,,,,Bb,Rw,,,,,,,Kw,Rw,Kw,Rw,Nb,Bw,Kb,Pb,Qw	lightGray	0
91578ac4b6eaf79213cb6f0c47dedca6	1612	Pw,Pw,Kw,Bw,Nb,Pb,Kb,Pb,Nb,,,,,,,Bb,Bw,,,,,,,Kw,Kb,,,,,,,Pw,Pb,,,,,,,Nb,Nw,,,,,,,Bw,Bb,,,,,,,Kb,Nb,Bw,Kb,Rw,Nb,Bb,Kw,Rw	darkRed	0
915d5d25a1c8d72ad7a1f2ecb387da4d	2693	Nb,Pb,Rw,Bb,Qw,Pw,Rb,Bb,Nw,,,,,,,Nw,Bb,,,,,,,Bb,Kb,,,Nw,Nw,,,Kw,Rb,,,Nw,Nw,,,Pw,Nb,,,,,,,Nb,Bw,,,,,,,Qw,Nw,Nb,Bw,Kw,Pw,Nw,Bb,Rw	lightGray	0
915e5f36f61b8624f584031439e4acc2	2002	Qb,Kw,Pw,Nw,Bb,Qb,Pb,Bw,Bb,,,,,,,Nw,Qw,,,,,,,Bb,Pw,,,,,,,Kb,Rb,,,,,,,Pb,Bw,,,,,,,Nb,Qb,,,,,,,Bw,Kw,Nb,Pw,Kw,Bb,Rw,Pb,Kw	darkRed	0
91810807eccfe355a37e07ea16fd380a	2260	Pb,Kw,Pw,Nw,Bb,Kb,Pb,Nb,Rw,,,,,,,Rw,Kw,,,,,,,Bb,Bw,,,,,,,Qb,Nb,,,,,,,Pb,Rb,,,,,,,Rb,Kb,,,,,,,Bw,Kw,Bw,Nb,Pw,Kw,Bb,Nw,Nw	darkGray	0
9197ab37878f9957af8351e9424c20f4	1891	Bb,Kw,Bb,Nb,Pw,Kb,Bw,Kw,Qb,,,,,,,Kb,Qw,,,,,,,Rb,Rw,,,Pb,Pb,,,Nw,Nb,,,Pb,Pb,,,Bb,Qw,,,,,,,Kw,Kb,,,,,,,Rw,Pb,Nb,Bw,Kb,Pb,Nw,Bb,Rb	lightRed	0
91a24bd64160d168f81d1387f181c3d6	3122	Qb,Bb,Kw,Pw,Rb,Bw,Qb,Qw,Kb,,,,,,,Qb,Rb,,,,,,,Qw,Nw,,,,,,,Bb,Qb,,,,,,,Rw,Kw,,,,,,,Pb,Rw,,,,,,,Qb,Pb,Bw,Qb,Pw,Nb,Bb,Qw,Nb	darkRed	0
91af1c337b3f1fa938e4f90045a826cb	2984	Rw,Nw,Bb,Kb,Pb,Nb,Bw,Kb,Nb,,,,,,,Pw,Qw,,,,,,,Kw,Kw,,,Rw,Rw,,,Bw,Rw,,,Rw,Rw,,,Nb,Nw,,,,,,,Pb,Qb,,,,,,,Kb,Kb,Kb,Bw,Nw,Pb,Kw,Bb,Qw	darkRed	0
91c1e94d002f9fd766eec68246d5afe7	431	Pb,Qb,Nw,Rb,Kb,Qw,Nb,Rw,Kw,,,,,,,Qw,Qb,,,,,,,Bb,Nb,,,Pw,Pw,,,Rw,Rw,,,Pw,Pw,,,Pb,Kb,,,,,,,Qb,Qw,,,,,,,Bw,Pb,Nw,Rb,Kb,Qw,Nb,Rw,Nb	darkGray	0
91d1dd319a1c225f59d0c5ca22032364	3943	Qw,Qb,Qw,Nb,Rw,Qw,Qb,Qb,Pw,,,,,,,Rw,Nb,,,,,,,Qw,Bw,,,Rb,Rb,,,Qw,Qb,,,Rb,Rb,,,Nb,Rb,,,,,,,Pb,Nw,,,,,,,Qb,Rw,Pw,Qw,Bb,Nw,Pb,Qb,Nw	lightRed	0
91d78bd219093bd8f1957a7e7e4c60e1	759	Rw,Rw,Rw,Rw,Rw,Rw,Rw,Rw,Bb,,,,,,,Kw,Rw,,,,,,,Qb,Pb,,,,,,,Nw,Qb,,,,,,,Rb,Bw,,,,,,,Pw,Rb,,,,,,,Qw,Qb,Qw,Pw,Rb,Bw,Qb,Pb,Kw	darkRed	0
91ec545e1c20c59d7c1e37d61ddac7c7	2480	Nw,Bb,Kw,Pb,Rw,Bw,Qb,Pb,Bw,,,,,,,Kw,Rb,,,,,,,Bb,Pb,,,,,,,Rb,Qb,,,,,,,Pw,Bb,,,,,,,Qb,Rw,,,,,,,Bw,Rw,Pb,Qb,Bb,Rw,Pw,Kw,Nb	lightGray	0
91ee25faefb306e432b21a96a169626e	202	Rw,Nw,Qb,Kb,Rb,Nb,Qw,Rw,Rb,,,,,,,Nb,Bw,,,,,,,Rw,Qw,,,Nb,Nb,,,Kw,Pw,,,Nb,Nb,,,Qb,Rw,,,,,,,Nw,Bb,,,,,,,Rb,Kb,Rb,Nw,Qb,Kw,Rw,Nb,Rw	darkRed	0
91fbc1ffc46dc5e768f6b154bb548e37	1378	Bw,Pw,Rb,Bw,Qb,Pb,Nw,Bb,Pw,,,,,,,Qw,Rb,,,,,,,Nb,Bw,,,Nw,Nw,,,Rb,Qb,,,Nw,Nw,,,Kb,Pb,,,,,,,Bb,Nw,,,,,,,Nw,Qw,Qb,Bw,Rb,Pw,Qw,Bb,Qw	darkRed	0
92096d79e874610365b6db5eed52f2ac	3452	Kw,Kb,Rb,Nb,Qw,Kw,Rw,Qb,Nb,,,,,,,Nb,Pw,,,,,,,Bw,Kb,,,,,,,Kw,Bw,,,,,,,Pw,Nw,,,,,,,Rw,Pb,,,,,,,Bb,Bb,Kw,Rw,Nb,Qw,Kb,Rb,Nw	darkRed	0
922b831dff8401eb13e4283d544c1a6a	2778	Qb,Nw,Rb,Kb,Qw,Nb,Rw,Bb,Rw,,,,,,,Nw,Kw,,,,,,,Qb,Bw,,,Pb,Pb,,,Pw,Nb,,,Pb,Pb,,,Rb,Rb,,,,,,,Nb,Kb,,,,,,,Qw,Kw,Qb,Pb,Rw,Bb,Qw,Pw,Pw	lightGray	0
922daf02184929040e0c578d6be1fabd	1834	Rw,Nw,Rb,Kb,Qw,Nb,Rw,Qw,Pw,,,,,,,Kb,Rb,,,,,,,Pb,Bb,,,Nw,Nw,,,Nb,Qw,,,Nw,Nw,,,Bw,Pb,,,,,,,Kw,Rw,,,,,,,Pw,Bw,Pw,Rb,Bw,Qb,Pb,Rw,Pw	darkGray	0
923112f4bc9eab73ac3945b97111dbec	1627	Pw,Nb,Pw,Kw,Bb,Rw,Pb,Rw,Bb,,,,,,,Qb,Qw,,,,,,,Bw,Pb,,,Bb,Bb,,,Rw,Rw,,,Bb,Bb,,,Pb,Bw,,,,,,,Qw,Qb,,,,,,,Bb,Nb,Bw,Nb,Pb,Kb,Bb,Nw,Nw	lightRed	0
92358910a07fe174fac0c1d82917ed87	213	Rb,Qw,Pw,Rw,Bb,Qb,Kw,Pb,Kb,,,,,,,Pb,Rb,,,,,,,Qb,Nw,,,,,,,Bb,Qb,,,,,,,Rw,Kw,,,,,,,Pw,Rw,,,,,,,Qw,Pw,Nb,Rw,Kw,Qb,Nw,Rb,Bw	lightGray	0
923a41c4943beaa6eac77af81c021563	3026	Pb,Bw,Qb,Pb,Rw,Bb,Qw,Pw,Bb,,,,,,,Bw,Nw,,,,,,,Qb,Pb,,,,,,,Pw,Kb,,,,,,,Rb,Bw,,,,,,,Bb,Nb,,,,,,,Qw,Pb,Qw,Bb,Rb,Pw,Qb,Bw,Qb	lightRed	0
9245efdc27cae2409571e324e8f84e8a	3635	Qb,Nb,Bw,Kw,Pw,Rw,Bb,Rw,Bw,,,,,,,Qb,Kb,,,,,,,Kw,Pb,,,Bb,Bb,,,Rb,Nw,,,Bb,Bb,,,Nw,Qb,,,,,,,Qw,Kw,,,,,,,Kb,Qb,Bb,Rw,Pb,Qb,Bw,Rb,Kw	darkRed	0
92469984bb715ed9828bbd5bd13638f1	2152	Pw,Bw,Nb,Pb,Kb,Qb,Nw,Nw,Bb,,,,,,,Rb,Nw,,,,,,,Nw,Pw,,,,,,,Qb,Kw,,,,,,,Kw,Bw,,,,,,,Rw,Nb,,,,,,,Bb,Nb,Nb,Bw,Kb,Pb,Nw,Bb,Bw	lightRed	0
924c618e42dade4c3a38cc00924f7bec	624	Kw,Rw,Bb,Qw,Pw,Rb,Bw,Qb,Pb,,,,,,,Qw,Qb,,,,,,,Kb,Bb,,,Pb,Pb,,,Rb,Rw,,,Pb,Pb,,,Nw,Pw,,,,,,,Bb,Qw,,,,,,,Kw,Pw,Rw,Bb,Qb,Pb,Rb,Bw,Qb	darkRed	0
924da044b8ce525587a59210353f93aa	2175	Pw,Pb,Qb,Bw,Rb,Pw,Qw,Bw,Qb,,,,,,,Qb,Kw,,,,,,,Nw,Rb,,,Pb,Pb,,,Rw,Nw,,,Pb,Pb,,,Kw,Qw,,,,,,,Qw,Kb,,,,,,,Nb,Nw,Qw,Pw,Rw,Bb,Qb,Kw,Kw	darkRed	0
9262d72ca001f1767779a5e129302709	3544	Nw,Rw,Nb,Qw,Kb,Rb,Nw,Nb,Nw,,,,,,,Bb,Pb,,,,,,,Qw,Kb,,,Pb,Pb,,,Pb,Bw,,,Pb,Pb,,,Rw,Nb,,,,,,,Nw,Rw,,,,,,,Qb,Kw,Rb,Pw,Qw,Bb,Rw,Pb,Qw	lightGray	0
92641c6ae57f34aacd2d625050dc89c0	212	Pw,Pw,Rb,Nw,Qb,Kw,Rw,Rb,Qw,,,,,,,Pb,Nb,,,,,,,Kb,Rw,,,Rb,Rb,,,Bb,Kw,,,Rb,Rb,,,Nw,Qb,,,,,,,Rw,Nw,,,,,,,Kw,Rb,Rw,Kw,Qw,Nb,Rb,Kb,Kw	darkRed	0
92663677025e3888f9db611fd5042ad9	2391	Bb,Nw,Pb,Kw,Bb,Nb,Pw,Nb,Qb,,,,,,,Rw,Pb,,,,,,,Nb,Rb,,,,,,,Qw,Bw,,,,,,,Kb,Qw,,,,,,,Rb,Pw,,,,,,,Nw,Nw,Nw,Qb,Kw,Rw,Bb,Qw,Kw	lightGray	0
926ae52bb13b5949f59afbe2df0871f6	1021	Rw,Qb,Kw,Rw,Pb,Qw,Bb,Bw,Bw,,,,,,,Nw,Kb,,,,,,,Bb,Pw,,,,,,,Kb,Nb,,,,,,,Pb,Bb,,,,,,,Nb,Kw,,,,,,,Bw,Kw,Nb,Pw,Kw,Bb,Nw,Pb,Nw	darkGray	0
928761e769b99401dfc4939c364c3a45	1217	Nw,Rw,Bb,Qw,Pw,Rb,Bw,Qb,Qw,,,,,,,Bb,Nb,,,,,,,Kw,Rw,,,Nw,Nw,,,Pb,Kw,,,Nw,Nw,,,Nw,Qb,,,,,,,Qw,Nw,,,,,,,Kb,Kw,Rb,Pw,Qb,Bw,Rw,Pb,Bw	lightGray	0
92aadfe4615e32a4b87ef9aa6b05b7eb	2389	Nb,Bw,Kb,Pw,Nb,Bb,Qw,Bb,Rw,,,,,,,Kw,Bb,,,,,,,Qb,Qw,,,Pb,Pb,,,Nw,Pw,,,Pb,Pb,,,Rb,Rb,,,,,,,Kb,Bw,,,,,,,Qw,Pw,Bb,Nw,Pb,Kb,Bw,Nb,Bw	lightGray	0
92c39cfdb945c2fa11be45b0a337ce98	1778	Bb,Bb,Nw,Pb,Kb,Bw,Rb,Rw,Bw,,,,,,,Nw,Rb,,,,,,,Rb,Pw,,,,,,,Kb,Qw,,,,,,,Qw,Bb,,,,,,,Nb,Rw,,,,,,,Pw,Kw,Pb,Rw,Bw,Kb,Pw,Nb,Nw	lightRed	0
92df76cfd44e05eabac01f803b741853	2858	Kw,Qw,Bb,Rw,Pb,Qb,Bw,Kb,Kw,,,,,,,Nb,Pw,,,,,,,Qw,Nw,,,,,,,Kw,Bb,,,,,,,Rw,Kb,,,,,,,Nw,Pb,,,,,,,Qb,Rw,Qb,Kw,Pw,Nb,Qw,Kb,Bb	lightRed	1
92e2ad8d94073f88ad1762578d42e827	3066	Pb,Rb,Bw,Qb,Pb,Rw,Bb,Nb,Kw,,,,,,,Bb,Qb,,,,,,,Rw,Nb,,,,,,,Pw,Rw,,,,,,,Qw,Kb,,,,,,,Bw,Qw,,,,,,,Rb,Qb,Nw,Pb,Kb,Bw,Nb,Pw,Nb	lightRed	0
92f1e2604178e4d40a409532e2afa3b8	1520	Bb,Nb,Bw,Kw,Pw,Nw,Bb,Nw,Bw,,,,,,,Rw,Qb,,,,,,,Kw,Pb,,,,,,,Qw,Rw,,,,,,,Nb,Bb,,,,,,,Rb,Qw,,,,,,,Kb,Nb,Bw,Rb,Pb,Qb,Bb,Rw,Kw	darkRed	0
92fd87a77febc3122437fee21ea48479	2228	Bb,Kb,Pb,Rw,Bb,Qw,Kb,Nw,Kw,,,,,,,Qb,Pw,,,,,,,Kw,Rb,,,,,,,Rw,Bw,,,,,,,Nb,Kb,,,,,,,Qw,Pb,,,,,,,Kb,Rw,Rw,Rw,Rw,Rw,Rw,Rw,Rw	darkGray	0
93034f7ce1357ef419491cfde7e36eba	3145	Pb,Rb,Pw,Qw,Bb,Rw,Pb,Pb,Nb,,,,,,,Rb,Qw,,,,,,,Pw,Kw,,,Rb,Rb,,,Kw,Rw,,,Rb,Rb,,,Bb,Nw,,,,,,,Nw,Qb,,,,,,,Pb,Qb,Nw,Pb,Kw,Bb,Nb,Pw,Pw	darkGray	0
931e2b1e8cde477a53e2e520b0e6c0ae	102	Pb,Nw,Pb,Kb,Bw,Nb,Pw,Pb,Bw,,,,,,,Kb,Nb,,,,,,,Pb,Pw,,,Kb,Kb,,,Rw,Kw,,,Kb,Kb,,,Bb,Bb,,,,,,,Kw,Nw,,,,,,,Pw,Bb,Bb,Nw,Pw,Kw,Bw,Nb,Kw	lightGray	0
9323c4157114cad518d4493f9ef078f7	3083	Kb,Bb,Kw,Pw,Nb,Bw,Kb,Bb,Nb,,,,,,,Bb,Qw,,,,,,,Qw,Kw,,,Pb,Pb,,,Pw,Rw,,,Pb,Pb,,,Rb,Nw,,,,,,,Bw,Qb,,,,,,,Qb,Bb,Rb,Kb,Qb,Nw,Rw,Pb,Rw	darkGray	0
933b9faaa2600f2e780327e5ea7b0487	1423	Pb,Pw,Qw,Bb,Rw,Pb,Qb,Kb,Rb,,,,,,,Pw,Bw,,,,,,,Kw,Qb,,,,,,,Qb,Pb,,,,,,,Nw,Rw,,,,,,,Rb,Bb,,,,,,,Kb,Kb,Kb,Qw,Nb,Rw,Kw,Qb,Kw	lightGray	0
933c68c6f3a44f1704b4a162c68859bc	121	Bb,Bb,Nw,Pw,Kw,Bw,Nb,Kw,Pw,,,,,,,Kw,Kw,,,,,,,Rw,Bw,,,,,,,Nb,Nb,,,,,,,Kw,Pb,,,,,,,Kb,Kb,,,,,,,Rb,Pw,Nb,Rw,Kw,Qb,Nw,Rw,Qw	lightGray	0
9343bd78e3eb45233c7937f79585db11	2394	Rw,Bb,Qw,Pw,Rb,Bw,Qb,Qb,Bw,,,,,,,Kb,Kb,,,,,,,Qw,Pb,,,,,,,Nb,Nw,,,,,,,Rw,Bb,,,,,,,Kw,Kw,,,,,,,Qb,Nw,Nw,Qb,Kb,Rb,Nb,Qw,Kb	lightGray	0
9365dc9f83635d5d02e72c925521a135	95	Nb,Bw,Qb,Pw,Rb,Bb,Qw,Rw,Nb,,,,,,,Rw,Pw,,,,,,,Rw,Kw,,,,,,,Rw,Bb,,,,,,,Rw,Nw,,,,,,,Rw,Pb,,,,,,,Rw,Pw,Qb,Bw,Rw,Pb,Qw,Bb,Rw	darkRed	0
938aaf8c76abc9631323399648cae9ae	2482	Bb,Qw,Bb,Rb,Kb,Qb,Bw,Kb,Rb,,,,,,,Bb,Nw,,,,,,,Kw,Qb,,,Rb,Rb,,,Pb,Kw,,,Rb,Rb,,,Nw,Rw,,,,,,,Bw,Nb,,,,,,,Kb,Kb,Pb,Nw,Bb,Kw,Pw,Nb,Nb	lightGray	0
93a6a5844749708e7538e5ce5be949db	1368	Nb,Kw,Bb,Nb,Pw,Kb,Qw,Nw,Bw,,,,,,,Rw,Rb,,,,,,,Kw,Pb,,,Pw,Pw,,,Qb,Qb,,,Pw,Pw,,,Nw,Bb,,,,,,,Rb,Rw,,,,,,,Kb,Qw,Nb,Pw,Kb,Bw,Rw,Pb,Pb	lightRed	0
93a7807a8d23b01d000680117abc91ee	3454	Rw,Pw,Qw,Bw,Rb,Pb,Qb,Qb,Rw,,,,,,,Kw,Rw,,,,,,,Rw,Rw,,,,,,,Nb,Rw,,,,,,,Qw,Rw,,,,,,,Kb,Rw,,,,,,,Rb,Rw,Kb,Pb,Nb,Qw,Kw,Pw,Bb	lightRed	0
93b6a1bdebcd11051f5f3426d82e6c58	902	Nw,Pw,Nb,Bw,Qb,Pb,Rw,Nw,Qw,,,,,,,Qb,Kb,,,,,,,Bw,Rw,,,,,,,Rb,Nb,,,,,,,Pw,Qb,,,,,,,Qw,Kw,,,,,,,Bb,Rw,Bb,Nw,Pw,Kw,Bw,Nb,Kb	darkRed	0
93bc06bdd02fa39e90d5e6fa6fad3057	419	Rw,Rw,Rw,Rw,Rw,Rw,Rw,Rw,Kw,,,,,,,Kw,Qb,,,,,,,Qb,Nw,,,,,,,Pw,Rb,,,,,,,Rb,Pw,,,,,,,Bb,Qw,,,,,,,Qw,Kw,Nw,Rb,Kw,Bb,Nb,Rw,Qb	lightRed	0
93c8984003f96ede3bfe6976fe0c5371	2514	Rw,Kb,Qw,Nw,Pb,Kw,Qb,Rb,Nw,,,,,,,Bb,Pb,,,,,,,Nw,Kb,,,Pb,Pb,,,Pb,Bw,,,Pb,Pb,,,Kb,Rb,,,,,,,Bw,Pw,,,,,,,Nb,Qb,Qw,Pw,Rw,Bb,Qb,Pb,Rw	darkRed	0
93cbe8103d9b0e70e4cf17b044ccedbe	2605	Bb,Rb,Kb,Qw,Nb,Pw,Kw,Kw,Bb,,,,,,,Nw,Kw,,,,,,,Bb,Pw,,,,,,,Kb,Nb,,,,,,,Pb,Bw,,,,,,,Nb,Kb,,,,,,,Bw,Pb,Rw,Bb,Qw,Pw,Nb,Bw,Rw	lightRed	0
93ccc3bc6c8b03dc3f72e68fc1bd5947	3177	Pw,Kb,Pb,Nb,Bw,Kw,Pw,Bw,Pw,,,,,,,Kw,Rb,,,,,,,Bb,Bb,,,Pw,Pw,,,Nw,Qw,,,Pw,Pw,,,Pb,Pb,,,,,,,Kb,Rw,,,,,,,Bw,Nw,Qb,Kw,Rw,Nb,Qw,Kb,Bw	darkGray	0
93d83918bbb794e7c212093897d32d8d	2338	Nb,Pb,Qb,Bb,Rw,Pw,Qw,Qb,Rb,,,,,,,Bw,Kb,,,,,,,Kb,Bb,,,Nb,Nb,,,Pb,Nw,,,Nb,Nb,,,Nw,Pw,,,,,,,Qb,Kw,,,,,,,Kw,Kb,Pw,Qw,Bb,Nw,Pb,Qb,Qb	lightRed	0
93ec5febc267e3a1f90e3ef2dc111d9b	3057	Rw,Bw,Rb,Pw,Qw,Bb,Rw,Nw,Nb,,,,,,,Kb,Qw,,,,,,,Bw,Kw,,,Kb,Kb,,,Nw,Rw,,,Kb,Kb,,,Pb,Nw,,,,,,,Kw,Qb,,,,,,,Bb,Rw,Nb,Bw,Kw,Pw,Nw,Bb,Qb	darkRed	0
93f83e9d2f9230f9a1194f93f409fe5a	1847	Kw,Nb,Pw,Kw,Bb,Rw,Pb,Kw,Qb,,,,,,,Qw,Nw,,,,,,,Kb,Rw,,,Qb,Qb,,,Rw,Kw,,,Qb,Qb,,,Nb,Qw,,,,,,,Qb,Nb,,,,,,,Kw,Rw,Rw,Rw,Rw,Rw,Rw,Rw,Rw	lightRed	0
9402160d0d7d40599f896128584c289b	800	Kb,Pb,Qb,Bw,Rb,Pw,Qw,Pb,Rw,,,,,,,Pb,Nb,,,,,,,Rw,Kw,,,Pb,Pb,,,Bb,Kb,,,Pb,Pb,,,Qw,Rb,,,,,,,Pw,Nw,,,,,,,Nb,Rb,Bb,Rw,Pw,Qw,Bw,Rb,Nb	darkGray	0
9412cd6c6bb012d2a1aa4d7bfa9dcbbd	2715	Nb,Qb,Kw,Rb,Nw,Qw,Kb,Bw,Qb,,,,,,,Bb,Bw,,,,,,,Kw,Rb,,,Qb,Qb,,,Pw,Pw,,,Qb,Qb,,,Nb,Qw,,,,,,,Bw,Bb,,,,,,,Kb,Qb,Qb,Bw,Rb,Pw,Qw,Bb,Rw	lightGray	0
943fb959f986c396c061163a77211f9e	2508	Nb,Pb,Nw,Bw,Kb,Pw,Nb,Rw,Qw,,,,,,,Rw,Bb,,,,,,,Rw,Rw,,,,,,,Rw,Pb,,,,,,,Rw,Qb,,,,,,,Rw,Bw,,,,,,,Rw,Rw,Pb,Rw,Bb,Qw,Pw,Rb,Rw	lightGray	0
94403381bf1e47c1d8b293f9c1decf66	3834	Nw,Nb,Bw,Kw,Pw,Nw,Bb,Rw,Bb,,,,,,,Bb,Qw,,,,,,,Rw,Pw,,,,,,,Pb,Rb,,,,,,,Qb,Bw,,,,,,,Bw,Qb,,,,,,,Rb,Bw,Bb,Qw,Pw,Rb,Bw,Qb,Bw	darkGray	0
94477cc31b4d1c0730cd495817efa932	1705	Qw,Qw,Pw,Rb,Bw,Kb,Pb,Rw,Kb,,,,,,,Qb,Rb,,,,,,,Pb,Nb,,,,,,,Rb,Qw,,,,,,,Bw,Kw,,,,,,,Qw,Rw,,,,,,,Pw,Pw,Nb,Rw,Kb,Bw,Nw,Pb,Bb	darkGray	0
944cc0fd48e14173ac5c29151adfc2bc	2650	Kw,Qb,Nw,Rb,Kb,Qw,Nb,Kb,Qw,,,,,,,Nw,Bb,,,,,,,Rb,Rw,,,,,,,Kb,Pb,,,,,,,Qw,Qb,,,,,,,Bb,Bw,,,,,,,Rw,Bb,Qw,Kb,Rw,Nb,Bb,Kw,Nw	lightRed	0
945248ecad75e55e86b15700a624f688	998	Qw,Bw,Qb,Pw,Nb,Bb,Qw,Pw,Kw,,,,,,,Kw,Pw,,,,,,,Pw,Nb,,,,,,,Nb,Bw,,,,,,,Bw,Kb,,,,,,,Qb,Pb,,,,,,,Pb,Qw,Kw,Rw,Nw,Qb,Kb,Rb,Rw	lightRed	0
9457d6d4f9e6121a65415366c840f0ff	1971	Nb,Bw,Qb,Pw,Rb,Bb,Qw,Pb,Kw,,,,,,,Qb,Pw,,,,,,,Nw,Nb,,,,,,,Rw,Bw,,,,,,,Kw,Kb,,,,,,,Bw,Pb,,,,,,,Nb,Qb,Kw,Rw,Nb,Qw,Kb,Rb,Rw	darkRed	0
94821705a539a10ebe914d11308032c4	2129	Pb,Bb,Qw,Pb,Rw,Bw,Qb,Bw,Rw,,,,,,,Qw,Pb,,,,,,,Nb,Qw,,,,,,,Rw,Bb,,,,,,,Kw,Rb,,,,,,,Qb,Pw,,,,,,,Nw,Bw,Nb,Bw,Kb,Pb,Nw,Bb,Rb	darkRed	0
94875a06113ecd464ab31f2dec5db022	2604	Rw,Pb,Qb,Bw,Rb,Pw,Qw,Nb,Rw,,,,,,,Qw,Rw,,,,,,,Bb,Rw,,,Pb,Pb,,,Rb,Rw,,,Pb,Pb,,,Pw,Rw,,,,,,,Qb,Rw,,,,,,,Bw,Rw,Bw,Qb,Pb,Rw,Bb,Qw,Qb	darkGray	0
948bc2b80fe9ce6750f5f93817a62621	43	Kb,Pw,Qw,Bb,Rw,Pb,Kb,Rb,Bw,,,,,,,Bb,Kb,,,,,,,Nw,Pw,,,,,,,Rb,Nb,,,,,,,Kb,Bb,,,,,,,Qw,Kw,,,,,,,Nb,Qb,Bb,Nw,Pb,Kb,Bw,Nb,Nw	lightRed	0
94a0a74fc7e0da9ca6f8e383990cc535	2241	Bb,Pb,Nw,Qw,Kb,Pw,Nb,Nb,Qb,,,,,,,Nb,Kw,,,,,,,Pw,Rb,,,,,,,Kw,Nw,,,,,,,Bb,Qw,,,,,,,Nw,Pw,,,,,,,Pb,Bw,Pw,Rb,Bw,Qb,Pb,Rw,Kw	lightRed	0
94a230704996e1cc592b222bc9afe6bc	2206	Qb,Kw,Pw,Nw,Qb,Kb,Rb,Nb,Qb,,,,,,,Qb,Bw,,,,,,,Kw,Rw,,,Pb,Pb,,,Rb,Pb,,,Pb,Pb,,,Nw,Qw,,,,,,,Qw,Bb,,,,,,,Kb,Rb,Rb,Nw,Qw,Kb,Rw,Nb,Rb	darkGray	0
94a84b1cd2b339f6f53650509aa59dcf	588	Nb,Rb,Kb,Qw,Nb,Rw,Kw,Qw,Pb,,,,,,,Rb,Nw,,,,,,,Bw,Bw,,,,,,,Qw,Kb,,,,,,,Pw,Pw,,,,,,,Rw,Nb,,,,,,,Bb,Qw,Nb,Rw,Kb,Qw,Nw,Rb,Kw	darkRed	0
94b1e37d3fba757b8307969d2fb0a40e	843	Pw,Kw,Rw,Nw,Qb,Kb,Rb,Bw,Qw,,,,,,,Pb,Kb,,,,,,,Kb,Pb,,,,,,,Bb,Nw,,,,,,,Nw,Bb,,,,,,,Pw,Kw,,,,,,,Kw,Bw,Qb,Nw,Rb,Kb,Qw,Nb,Bw	darkRed	0
94b887c6599cfda71c68955063144fc8	536	Rw,Pb,Kb,Bw,Nb,Pw,Kw,Nw,Kb,,,,,,,Rw,Pb,,,,,,,Nb,Nb,,,Nb,Nb,,,Qb,Bw,,,Nb,Nb,,,Kw,Kw,,,,,,,Rb,Pw,,,,,,,Nw,Pb,Qw,Nb,Rw,Pb,Qb,Nw,Bb	lightGray	0
94ba30617e94e0f467fac000bbeb4438	2751	Rw,Rb,Pw,Qb,Bw,Rw,Pb,Kb,Rb,,,,,,,Pw,Kb,,,,,,,Nb,Qb,,,Nw,Nw,,,Bw,Nw,,,Nw,Nw,,,Kb,Rw,,,,,,,Pb,Kw,,,,,,,Nw,Qw,Rb,Bw,Qw,Pw,Rw,Bb,Kw	darkGray	0
94c6fac0955ae4044aa034b2e18e88ca	3152	Bb,Nb,Bw,Kb,Pb,Nw,Bb,Kb,Rb,,,,,,,Nw,Bw,,,,,,,Pb,Qb,,,Nw,Nw,,,Kw,Pb,,,Nw,Nw,,,Bb,Rw,,,,,,,Nb,Bb,,,,,,,Rw,Qw,Qw,Nb,Rb,Kb,Qb,Nw,Rb	lightRed	0
94cb06543c940ea85a96be274d6135bf	3880	Pb,Qw,Nb,Pb,Kb,Bb,Nw,Bw,Bw,,,,,,,Qb,Nb,,,,,,,Kw,Pw,,,Rb,Rb,,,Rb,Kw,,,Rb,Rb,,,Nw,Bb,,,,,,,Qw,Nw,,,,,,,Kb,Rw,Nb,Bw,Kw,Pw,Nw,Bb,Rw	lightGray	0
94cc20d9a57121fc09e95ef6f9a96513	3537	Rb,Bb,Qw,Pb,Rw,Bw,Qb,Rb,Pw,,,,,,,Nb,Nb,,,,,,,Rw,Bw,,,,,,,Kb,Kb,,,,,,,Kw,Pb,,,,,,,Nw,Nw,,,,,,,Rb,Qb,Rw,Kw,Bw,Nb,Pb,Kb,Nw	darkRed	0
94d425de9a0595372bcffe3e2c6eb5d8	1111	Rw,Bw,Nb,Pb,Kb,Bb,Nw,Nw,Pb,,,,,,,Qw,Kb,,,,,,,Pw,Bw,,,Rw,Rw,,,Rb,Nb,,,Rw,Rw,,,Nw,Pw,,,,,,,Qb,Kw,,,,,,,Kw,Qw,Bb,Qw,Pw,Rb,Bw,Qb,Rw	darkGray	0
94e1bb7536b90ab32fd959d91a0c4354	205	Rb,Kb,Qw,Nw,Rb,Kw,Qb,Qb,Nw,,,,,,,Bb,Qb,,,,,,,Qw,Kb,,,,,,,Pw,Rb,,,,,,,Rb,Nb,,,,,,,Bw,Qw,,,,,,,Qb,Qw,Qb,Nw,Rw,Kw,Qw,Nb,Kw	lightRed	0
950355653ba2aab4c11bdab6779f82ac	35	Kb,Kb,Qw,Nw,Pb,Kw,Bb,Pw,Bw,,,,,,,Nw,Nb,,,,,,,Pb,Pw,,,,,,,Kb,Kw,,,,,,,Bw,Bb,,,,,,,Nb,Nw,,,,,,,Pw,Bw,Bw,Rb,Pb,Qb,Bb,Nw,Qb	darkGray	0
950b999809be02c7c687c86943fd2159	473	Rb,Bb,Kw,Pw,Rb,Bw,Qb,Rb,Pw,,,,,,,Bb,Nb,,,,,,,Kw,Bb,,,Pb,Pb,,,Pb,Kw,,,Pb,Pb,,,Nw,Pb,,,,,,,Bw,Nw,,,,,,,Kb,Nb,Qb,Nw,Rw,Kw,Qw,Bb,Qb	darkGray	0
950dc47adb0a8ec27070902f4cb56fed	1009	Pb,Bw,Nb,Pb,Kb,Bb,Nw,Kb,Qw,,,,,,,Rw,Kb,,,,,,,Nb,Rw,,,,,,,Qw,Nb,,,,,,,Kb,Qb,,,,,,,Rb,Kw,,,,,,,Nw,Rw,Kb,Pb,Nb,Bw,Kw,Pw,Rb	lightGray	0
951756b828f8576b61102ccc2145d149	2084	Kb,Pb,Rw,Bw,Qb,Pw,Rb,Kw,Kb,,,,,,,Qw,Nw,,,,,,,Nb,Pb,,,,,,,Pb,Kb,,,,,,,Kb,Bw,,,,,,,Qb,Nb,,,,,,,Nw,Kb,Qw,Nb,Rw,Kw,Qb,Nw,Qw	darkGray	1
95259a1f7871be0b604fd9fb448f0385	2608	Qb,Nw,Rb,Kw,Qb,Nb,Rw,Kb,Nw,,,,,,,Pb,Qb,,,,,,,Rw,Kb,,,Qb,Qb,,,Bb,Rb,,,Qb,Qb,,,Qw,Nb,,,,,,,Pw,Qw,,,,,,,Rb,Nb,Qw,Pw,Rb,Bw,Qb,Pb,Pw	lightGray	0
9526cd3eda2061c86baa64375fe8905a	2994	Rb,Nb,Pw,Kb,Bw,Nw,Rb,Qb,Qw,,,,,,,Bb,Pw,,,,,,,Kw,Rb,,,Pw,Pw,,,Pw,Bw,,,Pw,Pw,,,Nb,Qb,,,,,,,Qw,Pb,,,,,,,Kb,Kw,Pb,Rw,Bb,Qw,Pw,Rb,Bw	darkRed	0
952b098a2970ef6eecf3d799a89383b4	129	Pw,Nw,Bb,Kw,Pw,Nb,Bw,Pb,Nb,,,,,,,Rw,Rw,,,,,,,Kw,Pb,,,Bw,Bw,,,Qw,Qb,,,Bw,Bw,,,Nb,Nw,,,,,,,Rb,Rb,,,,,,,Pw,Bw,Rb,Pw,Qw,Bb,Rw,Pb,Kw	darkRed	0
9537bd9b11084ec075fd44981409f2d6	34	Pw,Pb,Kb,Qw,Nb,Rw,Kw,Bw,Qw,,,,,,,Pw,Pw,,,,,,,Rb,Rb,,,,,,,Bb,Bw,,,,,,,Qw,Qb,,,,,,,Pb,Pb,,,,,,,Rw,Pb,Bb,Nw,Pb,Kb,Bw,Nb,Nb	lightGray	0
953cd1477739425bbc694661889f39ad	3830	Bb,Qb,Bw,Rw,Pb,Qw,Bb,Kb,Pb,,,,,,,Bw,Rw,,,,,,,Rb,Bw,,,Nb,Nb,,,Pb,Qb,,,Nb,Nb,,,Qb,Pw,,,,,,,Bb,Rb,,,,,,,Rw,Qw,Qb,Pb,Rw,Bb,Qw,Pw,Rb	lightGray	0
9565030f45dfc249139acd61f88e0a21	3235	Pw,Nb,Bw,Kw,Pw,Rw,Bb,Pb,Qb,,,,,,,Kb,Pb,,,,,,,Pb,Rw,,,,,,,Nw,Bb,,,,,,,Bb,Qw,,,,,,,Kw,Kb,,,,,,,Pw,Kb,Nb,Bw,Kw,Pb,Nw,Bb,Rb	darkRed	0
957be5a1f1068df408379588904d1581	708	Rw,Bb,Rw,Pw,Qw,Bw,Rb,Qb,Pb,,,,,,,Kb,Kb,,,,,,,Qw,Bb,,,,,,,Nb,Nw,,,,,,,Rw,Pw,,,,,,,Kw,Kw,,,,,,,Qb,Bb,Qb,Bw,Rw,Pb,Qw,Bb,Kb	darkGray	0
957d6804d045de221fff4b3c2d30bf5a	2562	Nb,Qb,Pb,Rw,Bb,Qw,Kb,Rb,Kw,,,,,,,Kw,Bb,,,,,,,Pw,Nb,,,,,,,Nb,Pw,,,,,,,Bw,Kb,,,,,,,Kb,Bw,,,,,,,Pb,Kb,Nb,Rw,Kb,Qw,Nw,Rb,Bb	lightRed	0
959cbfee21472e575cf96c45f2800949	946	Rb,Pw,Qw,Bw,Rb,Pb,Qb,Rw,Pw,,,,,,,Pb,Nb,,,,,,,Kb,Bw,,,Pb,Pb,,,Bb,Kb,,,Pb,Pb,,,Nw,Pb,,,,,,,Pw,Nw,,,,,,,Kw,Kb,Rb,Nw,Qw,Kb,Rw,Nb,Bb	lightRed	0
95aad6bd3f711488a7cde6ef4e93b0fa	1304	Rw,Kb,Qw,Nb,Rw,Kw,Qb,Bw,Qb,,,,,,,Bw,Pb,,,,,,,Nb,Rb,,,Rw,Rw,,,Pw,Bw,,,Rw,Rw,,,Kw,Qw,,,,,,,Bb,Pw,,,,,,,Nw,Pw,Rw,Pb,Qb,Bw,Rb,Pw,Pw	darkGray	0
95b3cffd2ffb812508cfb27274be032e	358	Kb,Bb,Kw,Pw,Nb,Bw,Kb,Kw,Pw,,,,,,,Bb,Qw,,,,,,,Rw,Bb,,,,,,,Pw,Rw,,,,,,,Qw,Pb,,,,,,,Bw,Qb,,,,,,,Rb,Bb,Rw,Bb,Qb,Pb,Rb,Bw,Nw	lightGray	0
95b5d80eb67e11a4407e69be09aa2c02	2473	Qb,Pw,Nb,Bw,Qb,Pb,Nw,Qw,Nb,,,,,,,Qw,Bw,,,,,,,Qb,Qb,,,Pb,Pb,,,Pb,Pb,,,Pb,Pb,,,Nw,Rw,,,,,,,Bb,Bb,,,,,,,Qw,Bb,Bb,Rw,Pb,Qb,Bw,Rb,Qw	darkRed	0
95bbf38411ad5c26eeeddaf84ea11f1e	1230	Bb,Qb,Kw,Rw,Nb,Qw,Kb,Kb,Qw,,,,,,,Kw,Nb,,,,,,,Bb,Rb,,,Nb,Nb,,,Nw,Kb,,,Nb,Nb,,,Pb,Qb,,,,,,,Kb,Nw,,,,,,,Bw,Qb,Rw,Nb,Qb,Kw,Rb,Nw,Kw	darkRed	0
95c570fb6bb474d82c48cd8dafc4f9d2	3583	Nw,Nw,Pb,Qw,Bb,Nb,Pw,Rw,Qw,,,,,,,Qw,Bb,,,,,,,Bb,Rb,,,Pw,Pw,,,Rb,Pw,,,Pw,Pw,,,Pw,Qb,,,,,,,Qb,Bw,,,,,,,Bw,Nw,Qw,Bb,Rw,Pb,Qb,Bw,Rw	lightGray	0
95d13ac7cc237f2342e35b8287539ea5	338	Pw,Rb,Nw,Qw,Kb,Rw,Nb,Pw,Pb,,,,,,,Pw,Rw,,,,,,,Nb,Nb,,,,,,,Bb,Qw,,,,,,,Kw,Pw,,,,,,,Pb,Rb,,,,,,,Nw,Rb,Qb,Pb,Rb,Bw,Qw,Pw,Kw	darkGray	0
95e07fedd5e754887ff7e64872e9d173	1035	Bw,Pb,Nw,Bw,Kb,Pw,Nb,Rb,Kb,,,,,,,Rb,Qw,,,,,,,Kb,Nb,,,Pb,Pb,,,Qb,Rw,,,Pb,Pb,,,Nw,Kb,,,,,,,Rw,Qb,,,,,,,Kw,Nw,Nb,Qw,Kb,Rb,Nw,Qb,Nb	lightGray	0
95e9bb6dc8d71029c3f643146c7f1e6b	2029	Pb,Bw,Qb,Pw,Rb,Bb,Qw,Rb,Rb,,,,,,,Bw,Bw,,,,,,,Qb,Qw,,,,,,,Pb,Pw,,,,,,,Rw,Rw,,,,,,,Bb,Bb,,,,,,,Qw,Nb,Bw,Qb,Pb,Rw,Bb,Qw,Bb	lightRed	0
95f16d374f97767e1d4e9d109a49fea1	1405	Pb,Kw,Rw,Nb,Qw,Pw,Rb,Rb,Pw,,,,,,,Kb,Nb,,,,,,,Rb,Bw,,,Pb,Pb,,,Nb,Kb,,,Pb,Pb,,,Qw,Pb,,,,,,,Kw,Nw,,,,,,,Rw,Kb,Bb,Nw,Pb,Kb,Bw,Nb,Rw	lightRed	0
95fd80a7c86263cc0fbcd3478b071ee5	520	Qw,Nb,Rw,Kb,Qw,Bw,Rb,Nw,Qb,,,,,,,Bw,Bw,,,,,,,Nb,Rw,,,,,,,Pb,Pb,,,,,,,Kb,Qw,,,,,,,Bb,Bb,,,,,,,Nw,Qw,Pw,Nb,Bb,Kw,Pb,Nw,Rw	darkRed	0
960b9c91cd58433bcfcfa6213d64a887	69	Bw,Nb,Pw,Kb,Bw,Nw,Pb,Bw,Nw,,,,,,,Nb,Pb,,,,,,,Qw,Kb,,,Nw,Nw,,,Kw,Bw,,,Nw,Nw,,,Rw,Nb,,,,,,,Nw,Pw,,,,,,,Qb,Nw,Bb,Rw,Kb,Qw,Nw,Rb,Nb	darkGray	0
960d02548dd922aa9fd53eec774ab9a1	1821	Bw,Bb,Rw,Pb,Qb,Bw,Rb,Bb,Qb,,,,,,,Pw,Bw,,,,,,,Rb,Rw,,,,,,,Bb,Pb,,,,,,,Qw,Kw,,,,,,,Pb,Bb,,,,,,,Rw,Kw,Nb,Bw,Kw,Pw,Nw,Bb,Nw	darkRed	0
963f71582334107d49bf782e4b5c8b9b	3155	Bb,Nw,Rb,Kw,Qb,Nb,Rw,Kb,Qw,,,,,,,Kb,Bb,,,,,,,Qw,Rb,,,,,,,Nw,Pw,,,,,,,Rb,Kb,,,,,,,Pb,Bw,,,,,,,Qb,Pw,Nb,Qw,Kw,Rw,Nw,Qb,Bb	darkRed	0
9652b36ddfc5b39a9caf830645514d6c	3388	Rw,Pb,Rw,Bw,Qb,Pw,Rb,Qw,Rw,,,,,,,Rw,Rw,,,,,,,Bb,Rw,,,Rb,Rb,,,Qw,Rw,,,Rb,Rb,,,Pw,Rw,,,,,,,Rb,Rw,,,,,,,Bw,Rw,Rb,Nw,Qb,Kw,Rw,Nb,Nw	lightGray	0
968d0eaa97132988dbd16e04ce7e8c5b	2613	Nb,Nw,Pb,Kw,Bb,Nb,Pw,Rw,Kw,,,,,,,Rw,Bb,,,,,,,Nb,Nw,,,Pb,Pb,,,Qb,Pb,,,Pb,Pb,,,Kw,Kb,,,,,,,Rb,Bw,,,,,,,Nw,Kw,Bb,Rw,Pb,Qb,Bw,Rb,Qw	lightGray	0
969a6874050c58d986c610d5c15dc19d	2959	Nb,Pw,Qw,Bw,Rb,Pb,Qb,Qb,Nw,,,,,,,Pw,Qb,,,,,,,Rb,Kw,,,Bb,Bb,,,Bb,Rw,,,Bb,Bb,,,Qw,Nb,,,,,,,Pb,Kw,,,,,,,Rw,Pw,Kb,Pb,Nb,Bw,Kw,Pw,Pw	darkRed	0
96a14c608f31574499b63fecf97e0d71	1278	Bw,Pb,Qb,Bw,Rb,Pw,Kw,Nb,Qb,,,,,,,Nw,Bw,,,,,,,Pb,Rw,,,Rw,Rw,,,Kb,Pb,,,Rw,Rw,,,Bw,Qw,,,,,,,Nb,Bb,,,,,,,Pw,Rw,Rw,Rw,Rw,Rw,Rw,Rw,Rw	darkGray	0
96a893036ced7e9f61f5a20948012c51	2309	Bw,Pb,Qb,Bw,Rb,Kb,Qw,Qw,Pw,,,,,,,Kw,Kw,,,,,,,Rw,Bw,,,,,,,Nw,Nb,,,,,,,Qb,Pb,,,,,,,Kb,Kb,,,,,,,Pb,Nb,Kw,Bb,Nb,Pw,Kb,Bw,Rw	lightRed	0
96b5853f174a2bee4686b9707613b48f	1817	Rw,Nb,Qw,Kw,Rw,Bw,Qb,Kw,Bb,,,,,,,Kw,Rw,,,,,,,Qb,Pw,,,,,,,Nb,Qw,,,,,,,Rw,Bw,,,,,,,Kb,Rb,,,,,,,Qw,Nw,Nw,Rb,Kb,Qw,Nb,Rw,Pw	lightRed	0
96bb75f8f68a5e52f8d279d55887be5b	3520	Bb,Bw,Nb,Pw,Kw,Bb,Nw,Bb,Kb,,,,,,,Pb,Pb,,,,,,,Rw,Nw,,,,,,,Bw,Bb,,,,,,,Qb,Kw,,,,,,,Pw,Pw,,,,,,,Rb,Pw,Rb,Bw,Qw,Pw,Rw,Bb,Bb	lightGray	0
96cc3a90a87e2be6a388cae74564112c	2745	Nb,Rb,Nw,Qb,Kw,Rw,Nb,Qw,Rb,,,,,,,Nb,Kb,,,,,,,Rw,Qb,,,Nb,Nb,,,Kw,Nw,,,Nb,Nb,,,Qb,Rw,,,,,,,Nw,Kw,,,,,,,Rb,Rw,Rw,Nb,Qb,Kw,Rb,Nw,Nw	lightRed	0
96d9d78883e05e764916ab7ba6d0ce0f	3292	Pb,Pb,Rw,Bb,Qw,Pw,Rb,Nb,Kb,,,,,,,Nb,Qw,,,,,,,Pw,Nb,,,,,,,Kb,Rw,,,,,,,Bw,Kw,,,,,,,Nw,Qb,,,,,,,Pb,Rw,Pw,Nb,Bw,Kb,Rb,Nw,Kw	darkRed	0
96dd9154ba54c23e9463d3e4748852a7	1404	Kw,Rw,Pb,Qb,Bw,Rb,Pw,Qb,Rb,,,,,,,Qb,Pw,,,,,,,Qw,Qb,,,,,,,Nw,Bw,,,,,,,Rb,Rw,,,,,,,Kw,Pb,,,,,,,Qb,Kw,Bb,Qw,Pw,Nb,Bw,Kb,Qw	darkRed	0
970b5385a0c8a890669086d564b34be3	3411	Rb,Kw,Bb,Nb,Pw,Kb,Bw,Nw,Nb,,,,,,,Kb,Bw,,,,,,,Bw,Kw,,,,,,,Nw,Pw,,,,,,,Pb,Nw,,,,,,,Kw,Bb,,,,,,,Qb,Pw,Qb,Bw,Rw,Kw,Qw,Nb,Nb	darkRed	0
970c39bd418c8d68849b4796f8b2bbae	111	Rw,Nb,Qw,Qb,Rb,Nw,Qb,Nw,Kw,,,,,,,Pb,Rw,,,,,,,Rw,Nw,,,Kb,Kb,,,Bw,Qb,,,Kb,Kb,,,Qb,Kb,,,,,,,Pw,Rb,,,,,,,Rb,Rb,Kw,Pw,Nw,Bb,Kb,Pb,Bb	darkGray	0
970dbdba1f1f4cf2c110ce79d7557a3e	598	Kb,Pb,Nw,Qw,Kb,Rw,Nb,Pw,Bw,,,,,,,Qb,Rb,,,,,,,Pb,Pw,,,,,,,Rb,Qw,,,,,,,Bw,Bb,,,,,,,Qw,Rw,,,,,,,Pw,Qw,Qw,Kb,Rb,Nw,Qb,Kw,Pw	lightRed	0
97219644fcec1fd9f12a568d886c102b	2222	Rw,Bb,Kw,Pw,Nb,Bw,Kb,Nw,Rw,,,,,,,Pb,Rw,,,,,,,Qb,Rw,,,Pb,Pb,,,Bw,Rw,,,Pb,Pb,,,Rb,Rw,,,,,,,Pw,Rw,,,,,,,Qw,Rw,Nw,Rb,Kw,Qb,Nb,Rw,Kw	darkGray	0
97222620cfc7b28377390b0bb0668ed9	598	Qb,Pb,Nw,Qw,Qb,Rw,Nb,Pw,Bw,,,,,,,Qb,Rb,,,,,,,Pb,Pw,,,,,,,Rb,Qw,,,,,,,Bw,Bb,,,,,,,Qw,Rw,,,,,,,Pw,Qw,Qw,Kb,Rb,Nw,Qb,Kw,Pw	lightRed	1
97451deab994475a727974085df09073	2279	Rw,Rb,Nw,Qw,Kb,Rw,Nb,Pw,Rb,,,,,,,Nw,Bw,,,,,,,Qb,Qw,,,,,,,Kw,Pw,,,,,,,Rw,Rw,,,,,,,Nb,Bb,,,,,,,Qw,Bw,Nb,Bw,Kw,Pw,Nw,Bb,Rw	darkGray	0
974aeca35f9737f6907c4669c938557a	1234	Kb,Nw,Rb,Kb,Qw,Nb,Rw,Rb,Kw,,,,,,,Rb,Qb,,,,,,,Nw,Nw,,,Qb,Qb,,,Qw,Rb,,,Qb,Qb,,,Kb,Kb,,,,,,,Rw,Qw,,,,,,,Nb,Rw,Rw,Rw,Rw,Rw,Rw,Rw,Rw	lightRed	1
9752cfbbaadd51779cbe8ae1e35a2f26	3010	Pw,Pb,Kb,Bw,Nb,Pw,Kw,Rb,Rb,,,,,,,Rb,Nw,,,,,,,Nw,Qb,,,Nb,Nb,,,Qb,Kw,,,Nb,Nb,,,Kw,Rw,,,,,,,Rw,Nb,,,,,,,Nb,Qw,Qb,Pb,Rw,Nb,Qw,Kb,Qw	lightRed	0
9753fdbb5f94cd1c9534b02f98520461	855	Qb,Kb,Bw,Nb,Pw,Kw,Bb,Kw,Nw,,,,,,,Rw,Bb,,,,,,,Bb,Kb,,,,,,,Qb,Pb,,,,,,,Pb,Nb,,,,,,,Rb,Bw,,,,,,,Nw,Nw,Kw,Pw,Nb,Bw,Kb,Pb,Bb	lightGray	0
97551982ca42886bfc196de927e8f030	2403	Kb,Nw,Bb,Kb,Pb,Nb,Bw,Qb,Bb,,,,,,,Bb,Rw,,,,,,,Rw,Kb,,,Bb,Bb,,,Pw,Qw,,,Bb,Bb,,,Qw,Bw,,,,,,,Bw,Rb,,,,,,,Rb,Pb,Qw,Pw,Rb,Bw,Kb,Pb,Bw	darkRed	0
977e8ad9c4ee09c506e129c720c0581c	2949	Nw,Nw,Pb,Kb,Bb,Nb,Pw,Rw,Kw,,,,,,,Qw,Bw,,,,,,,Kb,Nw,,,,,,,Rb,Pb,,,,,,,Nb,Kb,,,,,,,Qb,Bb,,,,,,,Kw,Rw,Kw,Rb,Nb,Qw,Kb,Rw,Kb	darkRed	0
97a3c3ac1316853221684e53af754e57	2111	Kb,Nb,Bw,Kw,Pw,Nw,Bb,Kw,Bw,,,,,,,Pb,Qb,,,,,,,Kb,Pw,,,,,,,Bb,Nb,,,,,,,Nw,Bb,,,,,,,Rw,Qw,,,,,,,Kw,Kw,Rw,Pb,Qb,Bw,Rb,Pw,Pb	lightGray	0
97a94a6f517b75e546310d056f3a3f62	446	Kb,Nw,Bb,Kb,Pb,Nb,Bw,Bb,Rb,,,,,,,Nb,Nw,,,,,,,Rw,Qb,,,Nb,Nb,,,Pb,Kw,,,Nb,Nb,,,Qb,Rw,,,,,,,Bw,Nb,,,,,,,Rb,Rw,Nw,Qb,Kw,Rw,Nb,Qw,Pw	darkRed	0
97abcfaf98413fe0cceec6740704477c	3614	Rw,Bw,Nb,Pb,Kb,Bb,Nw,Bb,Qw,,,,,,,Qw,Nb,,,,,,,Nb,Rw,,,,,,,Rb,Kw,,,,,,,Kb,Qb,,,,,,,Qb,Nw,,,,,,,Nw,Qw,Nb,Pw,Kw,Bb,Nw,Pb,Rb	lightRed	1
97bc762c621d641f00df02202924207f	3102	Nb,Pb,Kb,Bb,Nw,Rw,Kw,Kb,Rb,,,,,,,Rw,Nb,,,,,,,Bb,Qw,,,,,,,Kw,Kb,,,,,,,Pw,Rb,,,,,,,Rb,Nw,,,,,,,Bw,Kw,Bb,Qw,Pw,Rb,Bw,Qb,Rb	lightGray	0
97e77f1374d33465d8139a217a8c6979	54	Rb,Bw,Nb,Pb,Kb,Bb,Nw,Pb,Pw,,,,,,,Qb,Qw,,,,,,,Bw,Bb,,,Bb,Bb,,,Rw,Rw,,,Bb,Bb,,,Pb,Pb,,,,,,,Kw,Qb,,,,,,,Bb,Nb,Kb,Bw,Nb,Pw,Kw,Bb,Rw	lightGray	0
9816f073cefa0e5d54d3485e2500a19e	3549	Nb,Pw,Rb,Bw,Qb,Pb,Rw,Nb,Nw,,,,,,,Qw,Bb,,,,,,,Qb,Qb,,,,,,,Rb,Pb,,,,,,,Nw,Nb,,,,,,,Qb,Bw,,,,,,,Kw,Kw,Bb,Kw,Pw,Nb,Bw,Qb,Bw	lightRed	0
982934feb777796b73b26e6916389712	1776	Qw,Nw,Bb,Kb,Pb,Nb,Bw,Rb,Nw,,,,,,,Rw,Rb,,,,,,,Pb,Kw,,,,,,,Qb,Qb,,,,,,,Bw,Nb,,,,,,,Rb,Rw,,,,,,,Pw,Kb,Rb,Pw,Qb,Nw,Rw,Kw,Pw	lightRed	0
982a083d0cbb18c38a35f8bbd61e38ad	492	Qb,Nw,Bb,Kb,Pb,Nb,Bw,Qw,Rb,,,,,,,Pw,Pw,,,,,,,Rb,Qb,,,,,,,Bb,Bw,,,,,,,Qw,Rw,,,,,,,Pb,Pb,,,,,,,Rw,Bw,Nb,Rw,Pb,Qb,Nw,Rb,Bb	darkGray	0
98326ae3dfb90acf1dc1bca3f63b8850	3196	Kb,Nw,Rb,Kb,Qw,Bb,Rw,Nw,Nw,,,,,,,Pw,Pb,,,,,,,Qw,Kb,,,,,,,Bb,Bw,,,,,,,Rw,Nb,,,,,,,Pb,Pw,,,,,,,Qb,Bw,Rw,Pb,Qb,Bw,Rb,Pw,Pb	darkRed	0
983860d3fc0eb4f8ea59c66c8c5ddbc9	3368	Pw,Qw,Bb,Rb,Pw,Qb,Bw,Kw,Rw,,,,,,,Kb,Nb,,,,,,,Bw,Bw,,,,,,,Nb,Kb,,,,,,,Rw,Rb,,,,,,,Kw,Nw,,,,,,,Bb,Bb,Pb,Qb,Bb,Rw,Kb,Qw,Nb	lightGray	0
984298aeca8bca6465ecd7ebaf5cf9f6	2646	Rb,Qw,Pw,Rw,Bb,Qb,Pb,Rw,Kb,,,,,,,Nb,Qw,,,,,,,Pw,Nw,,,Pb,Pb,,,Kb,Rb,,,Pb,Pb,,,Bw,Kw,,,,,,,Nw,Qb,,,,,,,Pb,Pb,Qw,Nb,Rw,Kw,Qb,Nw,Kw	lightGray	0
98436185343e1d121925512990fed884	2284	Qw,Kb,Qw,Nb,Rw,Kw,Qb,Nb,Nb,,,,,,,Nb,Rw,,,,,,,Pw,Kb,,,,,,,Kw,Qw,,,,,,,Bb,Nw,,,,,,,Nw,Rb,,,,,,,Pb,Nw,Kb,Qw,Nb,Rw,Kw,Qb,Pw	lightRed	0
9843a01499ba44a93f67e8e7dd22c7cc	474	Qb,Kw,Pw,Nw,Bb,Kb,Pb,Bb,Qw,,,,,,,Pb,Kb,,,,,,,Nw,Rb,,,Nw,Nw,,,Bb,Nw,,,Nw,Nw,,,Kw,Qb,,,,,,,Pw,Kw,,,,,,,Nb,Bb,Rw,Nb,Qb,Kw,Rb,Bw,Pw	lightRed	0
9867da4e30680b9963c9f84092c3a4b2	2607	Kw,Bb,Kw,Pw,Nb,Bw,Kb,Qw,Bb,,,,,,,Pb,Rw,,,,,,,Kb,Pb,,,,,,,Bw,Qb,,,,,,,Nb,Bw,,,,,,,Pw,Rb,,,,,,,Kw,Pb,Qb,Pb,Rw,Bb,Qw,Pw,Qw	lightRed	0
9869213b498f5a941fdfe44ce700191a	2538	Nb,Bb,Nw,Pw,Kw,Bw,Nb,Bb,Bw,,,,,,,Bw,Kb,,,,,,,Nb,Pw,,,,,,,Pw,Nb,,,,,,,Kw,Bb,,,,,,,Bb,Kw,,,,,,,Nw,Qb,Qw,Kb,Rw,Pb,Qb,Bw,Bb	darkRed	0
986da96b6117d7aa95bdfe840a0d498c	2768	Pw,Qw,Bb,Rw,Pb,Qb,Bw,Pb,Rb,,,,,,,Nw,Pw,,,,,,,Rb,Qb,,,,,,,Kw,Bw,,,,,,,Qb,Rw,,,,,,,Nb,Pb,,,,,,,Rw,Kb,Nb,Bw,Kb,Pb,Nw,Bb,Qb	darkGray	0
987328fb180eaa2ee44df451f96b0745	811	Kb,Kw,Pw,Rb,Bw,Qb,Pb,Rb,Pw,,,,,,,Pb,Kw,,,,,,,Qb,Bb,,,,,,,Bw,Nw,,,,,,,Rb,Pb,,,,,,,Pw,Kb,,,,,,,Qw,Rb,Bb,Kw,Pw,Nb,Bw,Kb,Nw	darkRed	0
989dde5facdc67c1c57ad8b12a72f091	1333	Pw,Qw,Bb,Rb,Pw,Qb,Bw,Qw,Rw,,,,,,,Kw,Nb,,,,,,,Pw,Qw,,,Nb,Nb,,,Nw,Kb,,,Nb,Nb,,,Bb,Rb,,,,,,,Kb,Bw,,,,,,,Pb,Nb,Kb,Rb,Nb,Qw,Kw,Rw,Rb	lightRed	0
98aba10a4f44d66313a28ce522e50bd8	3168	Qb,Qw,Pw,Rb,Bw,Qb,Pb,Qw,Bw,,,,,,,Qb,Rb,,,,,,,Pb,Pw,,,,,,,Rb,Qw,,,,,,,Bw,Bb,,,,,,,Qw,Rw,,,,,,,Pw,Qw,Rw,Nb,Qb,Pb,Rb,Bw,Rb	lightRed	0
98bd4e2885907c59c5316c50b1908a21	1446	Pw,Nb,Qw,Kb,Rb,Nw,Qb,Bw,Qw,,,,,,,Kw,Nb,,,,,,,Qb,Rw,,,,,,,Nw,Kw,,,,,,,Rb,Qb,,,,,,,Kb,Nw,,,,,,,Qw,Pw,Bw,Rb,Pw,Qw,Bb,Rw,Pw	lightGray	0
98c6bed32aade152ce107968cdf47a3e	1780	Pb,Bw,Rb,Pw,Qw,Nb,Rw,Qb,Qb,,,,,,,Rw,Bw,,,,,,,Bb,Rb,,,Bb,Bb,,,Qb,Pw,,,Bb,Bb,,,Pb,Qw,,,,,,,Rb,Bb,,,,,,,Bw,Qb,Nw,Qb,Kw,Pw,Nb,Bw,Bb	lightRed	0
98cbc97cc63ae4b71d417c02add243aa	3853	Rw,Pw,Kw,Qb,Nw,Rb,Kb,Nb,Nb,,,,,,,Nw,Qw,,,,,,,Rb,Kw,,,,,,,Kw,Rw,,,,,,,Qb,Nw,,,,,,,Nb,Bb,,,,,,,Rw,Qw,Kb,Bw,Nw,Pb,Kw,Bb,Bb	darkGray	0
98dd8e0570e93536b2c3ecd47447e5a2	1282	Kw,Bb,Qw,Pb,Rw,Bw,Qb,Qb,Qb,,,,,,,Qb,Bw,,,,,,,Pb,Rb,,,,,,,Rb,Pw,,,,,,,Bw,Qw,,,,,,,Qw,Bb,,,,,,,Pw,Kw,Kw,Pw,Nb,Bw,Kb,Pb,Nb	lightGray	0
98e30aab8939c122fc87cbcc521db061	544	Rw,Rw,Rw,Rw,Rw,Rw,Rw,Rw,Nw,,,,,,,Rw,Pb,,,,,,,Pb,Kb,,,,,,,Qw,Bw,,,,,,,Bb,Nb,,,,,,,Rb,Pw,,,,,,,Pw,Bw,Kb,Pb,Nw,Bb,Kw,Pw,Qb	lightRed	0
98f2c58aef423f657aa080f09140045e	1163	Kb,Bb,Nw,Pw,Kw,Bw,Nb,Kb,Kw,,,,,,,Rb,Bb,,,,,,,Nw,Nw,,,,,,,Qw,Pb,,,,,,,Kb,Kb,,,,,,,Rw,Qw,,,,,,,Nb,Nb,Rb,Kb,Qw,Nb,Rw,Kw,Qw	lightGray	0
98f7f3f81a547b9d0d7cc9f1fa9c8925	4034	Pb,Bb,Rw,Pw,Qw,Bw,Nb,Rw,Qw,,,,,,,Rw,Bb,,,,,,,Rw,Rb,,,,,,,Rw,Pw,,,,,,,Rw,Kb,,,,,,,Rw,Bw,,,,,,,Rw,Nb,Bw,Qb,Pw,Rb,Bb,Kw,Rw	lightGray	0
98fa738a2dd85a338b4a751056671e71	3445	Kb,Kw,Nb,Rb,Kb,Qb,Nw,Nw,Nw,,,,,,,Rw,Rb,,,,,,,Pb,Kb,,,Nw,Nw,,,Qb,Qw,,,Nw,Nw,,,Bw,Nb,,,,,,,Rb,Rw,,,,,,,Pw,Nw,Nw,Qb,Kb,Rb,Nb,Qw,Nb	lightGray	0
99040be4e7f81581015f8e20f62efcf0	2447	Bw,Kb,Bw,Nb,Pw,Kw,Bb,Nw,Nw,,,,,,,Nw,Bb,,,,,,,Qb,Kb,,,,,,,Kw,Pb,,,,,,,Pw,Nb,,,,,,,Nb,Bw,,,,,,,Bw,Rw,Rw,Rw,Rw,Rw,Rw,Rw,Rw	darkRed	0
99052d32262e6868311747580aa3a550	1926	Rw,Qw,Nb,Rw,Kw,Qb,Nw,Kb,Nb,,,,,,,Kb,Pw,,,,,,,Qw,Kb,,,,,,,Nb,Bw,,,,,,,Rw,Nw,,,,,,,Kw,Pb,,,,,,,Qb,Kw,Bb,Qw,Pb,Rw,Bw,Qb,Qb	darkGray	0
9906e384a79d06a06a12b7b24d3398c5	1503	Kb,Qb,Nw,Rb,Kb,Qw,Nb,Bw,Rw,,,,,,,Kw,Nb,,,,,,,Qb,Qb,,,,,,,Nb,Kw,,,,,,,Rw,Rb,,,,,,,Kb,Nw,,,,,,,Qw,Kb,Kw,Qb,Nb,Rw,Kb,Qw,Bb	lightGray	0
991412a5f9dd2919aaf28f5d26114357	2259	Kb,Qb,Kw,Rb,Nw,Qw,Kb,Rw,Qw,,,,,,,Rw,Bb,,,,,,,Rw,Rb,,,,,,,Rw,Pw,,,,,,,Rw,Kb,,,,,,,Rw,Bw,,,,,,,Rw,Nw,Nw,Rb,Kb,Qw,Nb,Rw,Rw	lightRed	0
9916bd4088210b57ae53b62daa58eca5	349	Nb,Qb,Nw,Rw,Kw,Qw,Bb,Rb,Nb,,,,,,,Nw,Pw,,,,,,,Bb,Kw,,,Nb,Nb,,,Kw,Bb,,,Nb,Nb,,,Pw,Nw,,,,,,,Rb,Rb,,,,,,,Bw,Pw,Nw,Qb,Kb,Rb,Nb,Qw,Nb	lightRed	0
992159b5b20491f14f09f1524ea11ffb	477	Rw,Kw,Qb,Nw,Rb,Kb,Qw,Bb,Kb,,,,,,,Bw,Rb,,,,,,,Qb,Nw,,,Rb,Rb,,,Pw,Qb,,,Rb,Rb,,,Rb,Kw,,,,,,,Bb,Rw,,,,,,,Qw,Pb,Kb,Qw,Nw,Pb,Kw,Bb,Nw	darkRed	0
9925086df4305a6155731f893e469e1b	3311	Pw,Rb,Nw,Qw,Kb,Rw,Nb,Rb,Bb,,,,,,,Pw,Qw,,,,,,,Nb,Pw,,,Nw,Nw,,,Bw,Rb,,,Nw,Nw,,,Qb,Bw,,,,,,,Pb,Qb,,,,,,,Nw,Qw,Bb,Qw,Kb,Rb,Nw,Qb,Pb	darkRed	0
9928f95201ebe4d026b5feeb3a204f5b	3428	Qw,Bw,Rb,Pw,Qw,Bb,Rw,Rb,Bb,,,,,,,Nw,Kw,,,,,,,Bb,Pb,,,,,,,Kw,Nw,,,,,,,Pw,Qw,,,,,,,Nb,Kb,,,,,,,Bw,Kw,Rb,Kb,Qb,Nw,Rw,Pb,Pw	darkRed	0
9932ab895037904e3b0d98037dae5b20	379	Bb,Nw,Rb,Kb,Qw,Nb,Rw,Nb,Nw,,,,,,,Rb,Qb,,,,,,,Kb,Pw,,,,,,,Qb,Rb,,,,,,,Nw,Nb,,,,,,,Rw,Qw,,,,,,,Kw,Pw,Rw,Pb,Qw,Bb,Nb,Pw,Pw	darkGray	0
994f4f4b006efee41d9bfe1552e263ab	2860	Pb,Bw,Qb,Pw,Rb,Bb,Qw,Qw,Kb,,,,,,,Bb,Rb,,,,,,,Rw,Nb,,,,,,,Kb,Qw,,,,,,,Qw,Kw,,,,,,,Nw,Rw,,,,,,,Rb,Nb,Rw,Nb,Qb,Kw,Rb,Nw,Qw	darkGray	0
996611ff83192f1815712dd4fad7c4b1	2578	Pw,Kb,Pb,Nb,Bw,Kw,Pw,Nw,Rw,,,,,,,Kw,Pb,,,,,,,Pw,Qb,,,,,,,Nw,Bw,,,,,,,Bb,Rb,,,,,,,Kb,Pw,,,,,,,Pb,Rw,Rw,Rw,Rw,Rw,Rw,Rw,Rw	darkGray	0
9987a75a53eaf349447f77b2ac4a37c9	1168	Nw,Kb,Rb,Nb,Qw,Kw,Rw,Pw,Bw,,,,,,,Qb,Kb,,,,,,,Bw,Pb,,,Pw,Pw,,,Rw,Nw,,,Pw,Pw,,,Pb,Qb,,,,,,,Qw,Kw,,,,,,,Bb,Nb,Kb,Bw,Nw,Pb,Kw,Bb,Nw	darkRed	0
9989492f7076c7df6197d53ae4d6eb0f	2679	Kw,Rw,Bb,Qw,Pw,Nb,Bw,Qw,Nw,,,,,,,Rw,Bb,,,,,,,Kw,Kw,,,,,,,Qb,Pw,,,,,,,Nw,Nb,,,,,,,Rb,Bw,,,,,,,Kb,Nw,Kb,Rb,Nb,Qw,Kw,Pw,Nw	lightGray	0
998a9bf3d409771e0d6c7a584951c65f	2766	Rw,Nb,Bw,Qb,Pb,Rw,Bb,Nb,Bb,,,,,,,Rw,Rw,,,,,,,Nb,Pw,,,Nb,Nb,,,Qb,Qw,,,Nb,Nb,,,Kw,Bw,,,,,,,Rb,Rb,,,,,,,Nw,Pb,Qb,Pb,Rw,Bb,Kw,Pw,Bw	lightGray	0
9996e0b22ff2dcc5c4684129eff92f39	458	Rw,Qb,Bw,Rb,Pw,Qw,Bb,Pw,Pb,,,,,,,Nb,Qb,,,,,,,Qw,Bw,,,,,,,Kw,Rb,,,,,,,Rw,Pw,,,,,,,Nw,Qw,,,,,,,Qb,Nw,Qw,Bb,Rb,Pw,Kb,Bw,Kw	lightRed	0
9999cb82adfcdfbd0427462b787c2fd8	93	Bb,Pb,Nw,Bb,Kw,Pw,Nb,Rb,Qw,,,,,,,Qb,Nb,,,,,,,Kw,Rw,,,Nb,Nb,,,Rb,Pb,,,Nb,Nb,,,Nw,Qb,,,,,,,Qw,Nw,,,,,,,Kb,Kb,Nb,Bw,Kw,Pw,Rw,Bb,Rw	darkGray	0
99af6f545b4fa29c08d9b2aa539e51f5	2417	Bb,Bw,Nb,Pw,Kw,Bb,Nw,Qw,Kw,,,,,,,Nw,Pw,,,,,,,Bb,Nw,,,Nb,Nb,,,Kb,Bb,,,Nb,Nb,,,Pb,Kb,,,,,,,Nb,Pb,,,,,,,Bw,Rb,Nb,Rw,Kb,Qw,Nw,Rb,Rb	lightRed	0
99b9a24cfa2dc944124cf0a1ee6896ae	533	Rb,Nw,Qb,Kw,Pw,Nb,Qw,Kb,Kb,,,,,,,Kw,Rb,,,,,,,Pw,Nb,,,,,,,Nb,Qw,,,,,,,Bw,Kw,,,,,,,Kb,Rw,,,,,,,Pb,Rw,Pb,Rw,Bb,Qw,Pw,Rb,Pb	darkRed	0
99be16fa959eb6b2ba32a1200138f974	4072	Bb,Pw,Kw,Bb,Nw,Pb,Kb,Nw,Nb,,,,,,,Qb,Bw,,,,,,,Pb,Kb,,,,,,,Rw,Pb,,,,,,,Bb,Rw,,,,,,,Qw,Bb,,,,,,,Kb,Kw,Qw,Nb,Rb,Kb,Qb,Bw,Bw	lightGray	0
99d03c1c519236ea0f84e89f3302d70f	121	Bb,Bb,Nw,Pw,Kw,Bw,Nb,Kw,Pw,,,,,,,Kw,Kw,,,,,,,Rw,Bw,,,,,,,Nb,Nb,,,,,,,Qw,Pb,,,,,,,Kb,Kb,,,,,,,Rb,Pw,Nb,Rw,Kw,Qb,Nw,Rb,Qw	darkGray	0
99d882a440bda87d892b61166c7b9a85	418	Qw,Rw,Kw,Qw,Nw,Rb,Kb,Pb,Qb,,,,,,,Nw,Bw,,,,,,,Pb,Rw,,,,,,,Kb,Pw,,,,,,,Bw,Qw,,,,,,,Nb,Bb,,,,,,,Pw,Nb,Kw,Bb,Nb,Pw,Kb,Bw,Bb	lightGray	1
99d8becda79c55b46639edcff2b1da59	630	Kb,Pb,Nw,Bb,Kw,Pw,Nb,Pb,Rw,,,,,,,Kw,Pb,,,,,,,Qb,Qw,,,,,,,Nw,Bb,,,,,,,Rb,Rb,,,,,,,Kb,Pw,,,,,,,Qw,Nw,Kw,Bb,Nw,Pb,Kb,Bw,Pw	darkGray	0
99d8e79f7299bb1e410efabefd884c63	3888	Qb,Kb,Qw,Nw,Rb,Kw,Qb,Qw,Kw,,,,,,,Pb,Rw,,,,,,,Qb,Nw,,,,,,,Bw,Qb,,,,,,,Nb,Kb,,,,,,,Pw,Rb,,,,,,,Qw,Qw,Nb,Qw,Kw,Rw,Nw,Bb,Kb	lightGray	0
99dfca70ddfaba69effa492ae7e58dbf	700	Qb,Qw,Bb,Rb,Pw,Qb,Bw,Qb,Pb,,,,,,,Pw,Rw,,,,,,,Kw,Bb,,,,,,,Bw,Qw,,,,,,,Nb,Pw,,,,,,,Pb,Rb,,,,,,,Kb,Bb,Pb,Rw,Bb,Qw,Pw,Nb,Qb	lightGray	0
99e08a19b7acffe3cbcff41f3d2d916b	3703	Rw,Pw,Kw,Bb,Nw,Pb,Kb,Nw,Nw,,,,,,,Bw,Rb,,,,,,,Qb,Kb,,,,,,,Pw,Qw,,,,,,,Rb,Nb,,,,,,,Bb,Pw,,,,,,,Qw,Nw,Qb,Bw,Rw,Pb,Kw,Bb,Bb	darkRed	0
99feff5f96a437b168c234b2166af63a	83	Nw,Bb,Qw,Pb,Rw,Nw,Qb,Bw,Bb,,,,,,,Kw,Qw,,,,,,,Qb,Pw,,,,,,,Nb,Rb,,,,,,,Rw,Bw,,,,,,,Kb,Qb,,,,,,,Qw,Nw,Nw,Rb,Kb,Qw,Nb,Rw,Pb	lightGray	0
9a0874b0abc19a09dc20c4f49f5753e5	3821	Nw,Bb,Qw,Pb,Rw,Bw,Qb,Rw,Nb,,,,,,,Nb,Pw,,,,,,,Pw,Kb,,,Pw,Pw,,,Qw,Bw,,,Pw,Pw,,,Bb,Nw,,,,,,,Nw,Rb,,,,,,,Pb,Rb,Rw,Kw,Qw,Nb,Rb,Kb,Kb	darkGray	0
9a13d9ab424f8c131265402b15e130cd	2915	Qb,Qb,Nw,Rb,Kb,Qw,Nb,Kw,Kb,,,,,,,Qw,Pb,,,,,,,Nb,Nb,,,Nw,Nw,,,Rb,Bw,,,Nw,Nw,,,Kb,Kw,,,,,,,Qb,Pw,,,,,,,Nw,Kw,Rw,Pb,Kb,Bw,Rb,Pw,Bb	lightGray	0
9a25e6b5f78bf4cd19cbda22b238e985	2353	Nw,Kb,Pb,Nb,Bw,Kw,Pw,Qw,Kw,,,,,,,Bb,Rw,,,,,,,Rw,Nb,,,Nw,Nw,,,Pw,Qw,,,Nw,Nw,,,Qw,Kb,,,,,,,Bw,Rb,,,,,,,Rb,Qw,Pw,Rb,Bw,Qb,Pb,Rw,Rb	lightGray	0
9a2b4b47d0998dfb7b6dedfa9a8b24cf	2350	Rw,Rw,Rw,Rw,Rw,Rw,Rw,Rw,Kb,,,,,,,Pw,Qw,,,,,,,Rb,Bb,,,Kb,Kb,,,Bw,Rw,,,Kb,Kb,,,Qb,Kw,,,,,,,Pb,Qb,,,,,,,Rw,Qw,Rb,Bw,Qb,Pb,Rw,Bb,Kw	darkRed	0
9a360ac1f0d19b74e0d205f83bba0e9a	2882	Nw,Qb,Bw,Rw,Pb,Qw,Bb,Bb,Nb,,,,,,,Bb,Rw,,,,,,,Nw,Kb,,,Pb,Pb,,,Pw,Qw,,,Pb,Pb,,,Kw,Nw,,,,,,,Bw,Rb,,,,,,,Nb,Bw,Bb,Qw,Pw,Rb,Bw,Kb,Bw	lightRed	0
9a64166735a937876ac7c381e20855c5	1891	Bb,Kw,Bb,Nb,Pw,Kb,Bw,Kw,Qb,,,,,,,Kb,Kw,,,,,,,Rb,Rw,,,Pb,Pb,,,Nw,Nb,,,Pb,Pb,,,Bb,Qw,,,,,,,Kw,Kb,,,,,,,Rw,Pb,Nb,Bw,Kb,Pb,Nw,Bb,Rb	lightRed	0
9a7119be2126b5093b93b837f9972723	2329	Pw,Nb,Qw,Kb,Rb,Nw,Qb,Qb,Bw,,,,,,,Pw,Kb,,,,,,,Kw,Pw,,,Pb,Pb,,,Bw,Nb,,,Pb,Pb,,,Nb,Bb,,,,,,,Pb,Kw,,,,,,,Kb,Rb,Pb,Kb,Bb,Nw,Pw,Kw,Pb	darkRed	0
9a7e2efc058d3b41ac034abe08d20d14	845	Nb,Rb,Kb,Qb,Nw,Rw,Kw,Pb,Nw,,,,,,,Kb,Bb,,,,,,,Bw,Kw,,,,,,,Nw,Pw,,,,,,,Pb,Nb,,,,,,,Kw,Bw,,,,,,,Bb,Pb,Rb,Bw,Qb,Pb,Rw,Bb,Qb	lightRed	0
9a8a5ccddcf09354db635a52e9b7ea26	3790	Kw,Nb,Bw,Kw,Pw,Nw,Bb,Nw,Kb,,,,,,,Nw,Pb,,,,,,,Qb,Nb,,,Qb,Qb,,,Kw,Bw,,,Qb,Qb,,,Rw,Kw,,,,,,,Nb,Pw,,,,,,,Qw,Rb,Pw,Rb,Bb,Qw,Pb,Rw,Bb	lightRed	0
9a8edbc128df551ab9e71a5756af6c88	252	Rw,Bw,Qb,Pw,Rb,Bb,Qw,Nb,Rw,,,,,,,Kb,Rw,,,,,,,Rb,Rw,,,,,,,Nb,Rw,,,,,,,Qw,Rw,,,,,,,Kw,Rw,,,,,,,Rw,Rw,Rb,Nw,Bb,Kw,Pw,Nb,Kb	lightRed	0
9a9b159679d207ea2aaa982d52bc4797	2144	Pw,Qb,Bw,Rw,Pb,Qw,Bb,Rw,Bb,,,,,,,Rw,Kw,,,,,,,Rw,Pb,,,Nb,Nb,,,Rw,Nw,,,Nb,Nb,,,Rw,Bw,,,,,,,Rw,Qb,,,,,,,Rw,Rw,Kw,Rw,Nb,Qw,Pw,Rb,Rw	lightRed	0
9ab0b71e5864577af5b987de58889c6f	3935	Qw,Pw,Rb,Bw,Qb,Pb,Rw,Rw,Nw,,,,,,,Kb,Bb,,,,,,,Pb,Kb,,,,,,,Nb,Pb,,,,,,,Bw,Nb,,,,,,,Kw,Bw,,,,,,,Pw,Rb,Pb,Qb,Bb,Rw,Pw,Qw,Bw	darkRed	1
9abc5823ed588fdbfbbcc1c55caf3dd7	3238	Kb,Pw,Nb,Bb,Kw,Pb,Nw,Rw,Rw,,,,,,,Rb,Nb,,,,,,,Kb,Qb,,,,,,,Qw,Kw,,,,,,,Nb,Rb,,,,,,,Rw,Nw,,,,,,,Pb,Bw,Bb,Qw,Pw,Rb,Bw,Qb,Nw	lightGray	0
9abe7d07761e1bbb39c01859170c8826	2981	Rw,Nb,Bw,Kw,Pw,Nw,Bb,Rw,Bw,,,,,,,Kb,Rb,,,,,,,Qw,Kw,,,,,,,Nw,Qb,,,,,,,Rb,Nb,,,,,,,Kw,Rw,,,,,,,Qb,Qb,Pw,Nb,Bw,Kb,Pb,Nw,Rw	darkGray	0
9ad050bcddaefe309f63ccb2f920b3d5	1872	Bb,Nw,Qb,Kw,Rw,Nb,Qw,Nb,Qw,,,,,,,Bb,Nb,,,,,,,Kw,Rb,,,Nb,Nb,,,Pb,Kb,,,Nb,Nb,,,Nw,Qb,,,,,,,Bw,Nw,,,,,,,Kb,Kb,Pw,Rb,Bb,Kw,Pb,Rw,Pb	darkRed	0
9ad61fcc06e028c631b6ad212438d2c8	1696	Rw,Kb,Bw,Nb,Pw,Kw,Bb,Nb,Qw,,,,,,,Nw,Bb,,,,,,,Rb,Rw,,,Bb,Bb,,,Kw,Pb,,,Bb,Bb,,,Qb,Qb,,,,,,,Nb,Bw,,,,,,,Rw,Nw,Bw,Qb,Pw,Rb,Bb,Kw,Kb	darkGray	0
9adaebd9716522b5d2d7f1cba3970313	3019	Pb,Kw,Rw,Nw,Qb,Kb,Rb,Rw,Nb,,,,,,,Pb,Rw,,,,,,,Nw,Kb,,,Pb,Pb,,,Bb,Qw,,,Pb,Pb,,,Kw,Bw,,,,,,,Pw,Rb,,,,,,,Nb,Bw,Kb,Pb,Nb,Bw,Kw,Pw,Kw	darkGray	0
9ae2a1eac75c2a219664006ac4c63e20	700	Qb,Qw,Kb,Rb,Pw,Qb,Kw,Qb,Pb,,,,,,,Pw,Rw,,,,,,,Bw,Kb,,,,,,,Kw,Qw,,,,,,,Nb,Pw,,,,,,,Pb,Rb,,,,,,,Bb,Kb,Pb,Rw,Kb,Bw,Pw,Nb,Qb	lightGray	0
9aec10fd3a8ba8d834cf948affca4d84	1576	Bb,Rw,Bb,Qw,Pw,Rb,Bw,Pb,Pw,,,,,,,Rb,Qw,,,,,,,Nw,Bw,,,Nb,Nb,,,Qb,Rb,,,Nb,Nb,,,Kw,Kw,,,,,,,Rw,Qb,,,,,,,Bb,Kb,Rb,Nw,Qw,Kb,Rw,Nb,Qw	lightGray	0
9b050720f9efd3e5cd47beb501c8a3bd	1084	Kw,Qw,Kb,Rb,Nw,Qb,Kw,Qb,Qw,,,,,,,Bb,Kb,,,,,,,Qw,Rb,,,Rb,Rb,,,Pb,Nw,,,Rb,Rb,,,Rw,Qb,,,,,,,Bw,Kw,,,,,,,Qb,Pw,Qb,Nw,Rw,Kw,Qw,Nb,Pw	darkRed	0
9b09c58a856cf4b8f0d3763d44f703b9	3938	Qb,Rw,Nb,Bw,Kb,Pb,Nw,Kw,Bw,,,,,,,Bb,Rb,,,,,,,Rw,Pw,,,,,,,Pb,Qw,,,,,,,Qb,Bb,,,,,,,Bw,Rw,,,,,,,Rb,Pw,Nb,Pw,Kw,Bb,Nw,Pb,Pb	lightRed	0
9b1064307786c08f1bef358702cf0454	1317	Nb,Pb,Qb,Bw,Rb,Pw,Qw,Nw,Pw,,,,,,,Bb,Nb,,,,,,,Qw,Bb,,,Nw,Nw,,,Pb,Kw,,,Nw,Nw,,,Nw,Pb,,,,,,,Bw,Nw,,,,,,,Qb,Nw,Nw,Bb,Kw,Pw,Nb,Bw,Nb	lightGray	0
9b1a36e1e04427fd1411960c40259b1f	135	Kb,Rb,Nw,Qw,Kb,Rw,Nb,Bb,Kw,,,,,,,Pb,Bb,,,,,,,Rw,Nw,,,,,,,Bw,Pb,,,,,,,Qb,Kb,,,,,,,Pw,Bw,,,,,,,Rb,Nb,Rw,Pb,Qw,Bb,Rb,Pw,Qw	darkRed	0
9b1b408d553c86e4510859f7cdc6c40a	2980	Nb,Bw,Qb,Pb,Rw,Bb,Qw,Bw,Bb,,,,,,,Nw,Nw,,,,,,,Bb,Pw,,,Rb,Rb,,,Kw,Kw,,,Rb,Rb,,,Pw,Bw,,,,,,,Nb,Nb,,,,,,,Bw,Bw,Pw,Qw,Bb,Rw,Pb,Qb,Bw	lightRed	0
9b26397fe34e56526ef465dfb1c027c9	2024	Pb,Qb,Pb,Rb,Bw,Qw,Pw,Pb,Qw,,,,,,,Nb,Pw,,,,,,,Bw,Rb,,,Pw,Pw,,,Kw,Bw,,,Pw,Pw,,,Pw,Qb,,,,,,,Nw,Pb,,,,,,,Bb,Rb,Nw,Pb,Kw,Bb,Nb,Rw,Bb	lightGray	0
9b45ced3f12f33ae4c2cd1283dcc304c	2844	Rw,Pb,Rw,Bb,Qw,Pw,Nb,Pb,Rb,,,,,,,Kw,Nw,,,,,,,Rb,Bb,,,Qw,Qw,,,Pb,Kw,,,Qw,Qw,,,Qb,Pw,,,,,,,Bb,Nb,,,,,,,Rw,Kb,Kb,Qw,Nw,Rb,Kw,Qb,Rw	darkGray	0
9b4ac19e871de42e13a61ba1d788be5e	2931	Qw,Qb,Kw,Rb,Nw,Qw,Kb,Rw,Nw,,,,,,,Rw,Rb,,,,,,,Rw,Kw,,,,,,,Rw,Bb,,,,,,,Rw,Nb,,,,,,,Rw,Pw,,,,,,,Rw,Nw,Qb,Bw,Rw,Pb,Qw,Bb,Rw	lightRed	0
9b521fedf8169c4350d9fa3ba64d3925	2087	Kb,Pb,Qb,Bb,Rw,Pw,Kw,Rw,Pw,,,,,,,Pb,Nb,,,,,,,Kb,Bw,,,Pb,Pb,,,Bw,Kb,,,Pb,Pb,,,Nb,Rb,,,,,,,Pw,Nw,,,,,,,Kw,Rw,Bb,Kw,Pb,Nw,Bw,Qb,Rb	darkGray	0
9b6052eb634768a60c00d277dc69f635	1176	Kw,Pb,Kb,Bb,Nw,Pw,Kw,Nb,Qw,,,,,,,Nw,Nb,,,,,,,Pb,Rw,,,,,,,Kb,Kw,,,,,,,Bw,Qb,,,,,,,Nb,Bw,,,,,,,Pw,Kb,Qb,Pb,Rb,Bw,Qw,Pw,Qw	lightRed	0
9b6151e02b8212b8d823bb1e77b69c8c	1885	Rw,Pb,Kb,Bb,Nw,Pw,Kw,Pw,Qw,,,,,,,Nw,Bb,,,,,,,Pb,Rb,,,,,,,Kw,Pw,,,,,,,Bb,Qb,,,,,,,Nb,Bw,,,,,,,Pw,Qb,Pw,Rb,Bb,Qw,Pb,Rw,Kw	lightGray	0
9b6951ca19d133410b3e4dbf6fb5d46c	3246	Rb,Nb,Qw,Kb,Rb,Nw,Qb,Pw,Qw,,,,,,,Pw,Nb,,,,,,,Qw,Pb,,,,,,,Bb,Kb,,,,,,,Rw,Bb,,,,,,,Pb,Nw,,,,,,,Qb,Kb,Pb,Rw,Bw,Qb,Pw,Rb,Nw	darkGray	0
9b6be6ec39475f0c36f8b3762d6c9a33	348	Qw,Qw,Nb,Rb,Kb,Qb,Nw,Pw,Pw,,,,,,,Bb,Nb,,,,,,,Rw,Bb,,,Bw,Bw,,,Pb,Kw,,,Bw,Bw,,,Kb,Pb,,,,,,,Bw,Nw,,,,,,,Rb,Pw,Kb,Qw,Nw,Rb,Pb,Qb,Bb	darkRed	0
9b72b7b82b88f01b2af3a80612fb4ec0	1306	Qw,Bw,Kb,Pw,Nb,Bb,Kw,Qb,Rb,,,,,,,Rw,Bw,,,,,,,Bb,Qw,,,,,,,Qw,Pw,,,,,,,Pw,Rw,,,,,,,Rb,Bb,,,,,,,Bw,Kw,Bb,Rw,Pb,Qb,Bw,Rb,Nw	lightGray	0
9b88e432b1323059f692b4fe92df2c1f	3910	Bb,Pw,Kw,Bw,Nb,Pb,Kb,Rw,Kb,,,,,,,Rw,Kw,,,,,,,Rw,Nb,,,Nw,Nw,,,Rw,Rw,,,Nw,Nw,,,Rw,Kw,,,,,,,Rw,Qb,,,,,,,Rw,Nb,Rb,Pw,Qw,Bb,Rw,Pb,Rw	lightGray	0
9b897401f0225ec1daa18f1090c7f4f3	26	Rw,Rb,Kb,Qb,Nw,Rw,Kw,Qb,Qb,,,,,,,Rw,Kw,,,,,,,Pb,Rw,,,,,,,Qw,Nb,,,,,,,Bb,Qw,,,,,,,Rb,Pw,,,,,,,Pw,Bb,Nb,Bw,Kb,Pb,Nw,Bb,Pw	lightRed	0
9b923d8a6acf8295cfc2a47c92ad0879	1138	Nw,Nw,Qb,Kb,Rb,Nb,Qw,Qw,Nw,,,,,,,Kb,Qb,,,,,,,Rb,Kb,,,,,,,Nb,Rb,,,,,,,Qw,Nb,,,,,,,Kw,Qw,,,,,,,Rw,Pw,Kw,Pw,Nw,Bb,Kb,Pb,Bb	lightRed	0
9b9426776bc2e3e80ca3459f3c95eb64	4060	Kw,Qw,Nb,Rb,Kb,Qb,Nw,Nb,Nb,,,,,,,Qb,Bw,,,,,,,Bw,Kb,,,,,,,Rb,Pb,,,,,,,Pw,Nw,,,,,,,Qw,Qb,,,,,,,Bb,Rw,Qb,Bw,Rb,Pw,Qw,Bb,Pw	darkRed	0
9ba26f82b4898fcf27dc19c6645cbd99	2012	Qb,Kw,Bb,Nw,Pb,Qb,Bw,Kw,Nw,,,,,,,Bw,Qb,,,,,,,Rb,Kb,,,Qb,Qb,,,Pw,Rb,,,Qb,Qb,,,Qw,Nb,,,,,,,Bb,Bw,,,,,,,Rw,Rw,Rb,Pw,Qw,Bb,Rw,Pb,Nw	lightRed	0
9ba60abf644084e868d75845baff4bcb	3324	Qw,Nb,Bw,Kw,Pw,Nw,Bb,Kb,Rw,,,,,,,Qw,Kw,,,,,,,Kb,Qb,,,Rb,Rb,,,Rb,Nw,,,Rb,Rb,,,Nw,Rb,,,,,,,Qb,Kb,,,,,,,Kw,Nb,Pw,Nb,Bb,Kw,Pb,Nw,Qb	lightRed	1
9bb48805c333cd8649ba46592b687c81	833	Nw,Kb,Pb,Nb,Bw,Kw,Pw,Nb,Pw,,,,,,,Pw,Qw,,,,,,,Kw,Bw,,,,,,,Bw,Rb,,,,,,,Rb,Pb,,,,,,,Pb,Kb,,,,,,,Qb,Pb,Bb,Rw,Pb,Qb,Bw,Rb,Bw	darkGray	0
9bb6e41f540eb28995845ae7a2024139	3474	Bw,Bw,Nb,Pw,Kw,Bb,Nw,Qw,Kb,,,,,,,Bw,Pb,,,,,,,Rb,Nb,,,Nb,Nb,,,Pw,Bw,,,Nb,Nb,,,Qw,Kw,,,,,,,Bb,Pw,,,,,,,Rw,Pb,Qb,Pb,Rb,Bw,Qw,Kb,Bb	darkRed	0
9bc24801c0b99f0f5b06a4a778d4b802	611	Pb,Rb,Nw,Qb,Kw,Rw,Bb,Bw,Nb,,,,,,,Qw,Pw,,,,,,,Kb,Kb,,,,,,,Rb,Bw,,,,,,,Nw,Nw,,,,,,,Qb,Pb,,,,,,,Kw,Bw,Nb,Bw,Kw,Pw,Nw,Bb,Bw	darkGray	1
9be9a2568c2f4955132c70b31372c551	2266	Kw,Pb,Kb,Bb,Nw,Pw,Kw,Rw,Bb,,,,,,,Kb,Kw,,,,,,,Rb,Pw,,,,,,,Nb,Nb,,,,,,,Qw,Bw,,,,,,,Kw,Kb,,,,,,,Rw,Qb,Qb,Kw,Rb,Nw,Qw,Kb,Kb	lightRed	0
9bebe80226b403849b8a893e06d80144	3147	Nw,Pw,Nb,Bw,Qb,Pb,Rw,Pw,Pb,,,,,,,Rw,Kb,,,,,,,Nb,Bb,,,,,,,Qb,Nw,,,,,,,Kw,Pw,,,,,,,Rb,Qw,,,,,,,Nw,Rw,Bb,Nw,Pb,Kb,Bw,Nb,Pb	lightGray	0
9beda0384846a3c53ba21375f0a3642d	2060	Kb,Nw,Bb,Kw,Pw,Nb,Bw,Nb,Kw,,,,,,,Bw,Rw,,,,,,,Qb,Nb,,,Rb,Rb,,,Pw,Qw,,,Rb,Rb,,,Rb,Kb,,,,,,,Bb,Rb,,,,,,,Qw,Kw,Nw,Qb,Pw,Rb,Bb,Qw,Kb	lightRed	0
9bf02131e135e63dc3daab3e157db848	350	Bw,Rb,Kb,Qw,Nb,Rw,Kw,Bb,Kw,,,,,,,Pw,Bb,,,,,,,Nb,Nw,,,Bb,Bb,,,Bb,Pb,,,Bb,Bb,,,Kw,Kb,,,,,,,Rb,Qw,,,,,,,Nw,Pb,Bw,Qb,Pb,Rw,Bb,Qw,Pw	darkRed	0
9bf0d03f965904f7fb0d6ac37be559e4	3624	Kb,Rw,Pb,Qw,Bb,Rb,Pw,Pb,Qw,,,,,,,Pb,Bw,,,,,,,Qb,Rb,,,,,,,Bb,Pw,,,,,,,Rw,Qw,,,,,,,Pw,Bb,,,,,,,Qw,Bb,Pb,Qb,Bb,Rw,Pw,Qw,Kb	lightGray	0
9c0e654e92758c51299debfc99c4d52a	3144	Qb,Pw,Kw,Bw,Nb,Pb,Kb,Kw,Kw,,,,,,,Rb,Bb,,,,,,,Bw,Nw,,,Nw,Nw,,,Qw,Pb,,,Nw,Nw,,,Pw,Kb,,,,,,,Rw,Bw,,,,,,,Bb,Kb,Nw,Qb,Kw,Rw,Nb,Qw,Pw	lightRed	0
9c1a12b53e865b58c41d5a8052d93fdc	1633	Pw,Bb,Rw,Pb,Qb,Bw,Rb,Rw,Rw,,,,,,,Pw,Kw,,,,,,,Kw,Qw,,,,,,,Bw,Nb,,,,,,,Nb,Pb,,,,,,,Pb,Kb,,,,,,,Kb,Qw,Rw,Kw,Qw,Nb,Pb,Kb,Bb	lightGray	0
9c2a0d5c4ef593953d537223fa18a207	2216	Rw,Rw,Rw,Rw,Rw,Rw,Rw,Rw,Qw,,,,,,,Nw,Pw,,,,,,,Qb,Rb,,,,,,,Kb,Bw,,,,,,,Rb,Qb,,,,,,,Nb,Pb,,,,,,,Qw,Qb,Rw,Kw,Qw,Nb,Rb,Kb,Kb	lightGray	0
9c33abbf394c01955250497f96cf9dbf	420	Rw,Kw,Pw,Nb,Bw,Kb,Pb,Pw,Bb,,,,,,,Pb,Qw,,,,,,,Kb,Pw,,,Bb,Bb,,,Bw,Rb,,,Bb,Bb,,,Nb,Bw,,,,,,,Pw,Qb,,,,,,,Qw,Qw,Nb,Qw,Kw,Rw,Nw,Qb,Bb	darkRed	1
9c4a3cda00897acf5f6eb9c153afa845	4040	Nb,Qw,Pw,Rw,Bb,Qb,Pb,Nw,Nw,,,,,,,Kw,Bb,,,,,,,Qb,Qw,,,,,,,Nw,Pw,,,,,,,Rb,Rb,,,,,,,Kb,Bw,,,,,,,Bw,Rb,Bw,Nb,Pw,Kw,Bb,Nw,Rw	lightRed	0
9c4adc639f878f86b3d0bb7d013b2a4b	3547	Nb,Bw,Qb,Pw,Rb,Nb,Qw,Bw,Kw,,,,,,,Pw,Pw,,,,,,,Rb,Nw,,,,,,,Bw,Bb,,,,,,,Qb,Qb,,,,,,,Pb,Pb,,,,,,,Rw,Kw,Bw,Kb,Pb,Nw,Qb,Kw,Kb	darkGray	0
9c4f7372dd8e59dc4f218fad616af0f3	1370	Rb,Pb,Kb,Bb,Rw,Pw,Kw,Bb,Nw,,,,,,,Nw,Bb,,,,,,,Rb,Qw,,,Bb,Bb,,,Kw,Pw,,,Bb,Bb,,,Bb,Rb,,,,,,,Nb,Bw,,,,,,,Rw,Rw,Bw,Nb,Pw,Kw,Bb,Nw,Pb	lightGray	0
9c5af8dd2f42d20792043c5161d70c01	750	Bw,Bb,Nw,Pb,Kb,Bw,Nb,Kb,Rb,,,,,,,Kb,Nb,,,,,,,Bw,Qw,,,,,,,Nb,Kb,,,,,,,Pw,Rb,,,,,,,Kw,Nw,,,,,,,Bb,Qw,Qw,Bb,Rb,Pw,Qb,Bw,Bw	darkGray	0
9c5f60a919c8770208dff7de116cd343	1397	Kw,Pw,Qw,Bw,Rb,Pb,Qb,Qb,Nb,,,,,,,Rb,Bw,,,,,,,Pw,Kw,,,,,,,Qb,Pw,,,,,,,Bw,Nw,,,,,,,Rw,Bb,,,,,,,Pb,Qb,Kw,Qb,Nw,Rb,Kb,Qw,Pw	darkGray	0
9c67e9fc7121d4aede2c0aab78e69742	630	Kb,Pb,Nw,Bb,Kw,Pw,Nb,Pb,Rw,,,,,,,Kw,Pb,,,,,,,Qb,Qw,,,,,,,Nw,Bb,,,,,,,Rb,Rb,,,,,,,Kb,Pw,,,,,,,Qw,Nw,Kw,Bb,Nw,Pb,Kb,Bw,Pw	darkGray	0
9c6bb709e1b5b7c84a8182850fa66f22	1499	Qb,Kw,Qb,Nb,Rw,Kb,Qw,Pw,Bb,,,,,,,Kw,Nw,,,,,,,Pw,Rb,,,Pb,Pb,,,Nb,Kb,,,Pb,Pb,,,Bw,Bw,,,,,,,Kb,Nb,,,,,,,Pb,Rb,Qw,Kb,Rb,Nw,Qb,Kw,Pb	lightRed	0
9c7e332dcee1b1b1e8b23048ec0f9680	462	Qw,Pb,Kb,Bw,Nb,Pw,Kw,Bb,Kb,,,,,,,Pw,Pb,,,,,,,Kw,Nw,,,Rw,Rw,,,Bw,Bb,,,Rw,Rw,,,Nb,Kw,,,,,,,Pb,Pw,,,,,,,Kb,Kb,Kb,Bw,Nw,Pb,Kw,Bb,Kb	lightGray	0
9ca153bdc160ec16cb54a414c3b573e2	2083	Bw,Rb,Bw,Qw,Pw,Rw,Nb,Bw,Kb,,,,,,,Kw,Pb,,,,,,,Pw,Nb,,,,,,,Nw,Bw,,,,,,,Bb,Kw,,,,,,,Kb,Pw,,,,,,,Pb,Pb,Bw,Qb,Pb,Rw,Bb,Qw,Bb	darkRed	0
9cba802666c092a2c3eeba5176c4d509	1661	Rw,Rb,Kb,Qw,Nb,Rw,Kw,Bw,Qb,,,,,,,Kb,Pb,,,,,,,Qw,Rw,,,Pb,Pb,,,Nw,Bb,,,Pb,Pb,,,Rb,Kw,,,,,,,Pb,Pw,,,,,,,Qb,Nb,Qw,Pw,Rb,Bw,Qb,Pb,Nb	lightRed	0
9cbc53d2ffc1443a82abef9d99ac87b2	1181	Rw,Nw,Pb,Kb,Bw,Nb,Pw,Nb,Bb,,,,,,,Pb,Qw,,,,,,,Nw,Pb,,,,,,,Qw,Rw,,,,,,,Kb,Bw,,,,,,,Pw,Qb,,,,,,,Nb,Rb,Kw,Qb,Nb,Rw,Kb,Qw,Rb	darkRed	1
9cbf53584e88bfaa080cf8ddfd677dac	1141	Kb,Qb,Pb,Rw,Bb,Qw,Pw,Bb,Pb,,,,,,,Rw,Kb,,,,,,,Kw,Bw,,,,,,,Qb,Nb,,,,,,,Nw,Pw,,,,,,,Rb,Kw,,,,,,,Kb,Nw,Pb,Nw,Bw,Kb,Pw,Nb,Pb	lightRed	0
9cd441f6c709f5135004c3a388e33a8f	791	Bw,Qb,Pb,Rw,Bb,Qw,Pw,Bb,Rw,,,,,,,Qb,Kw,,,,,,,Pb,Qw,,,Pb,Pb,,,Rb,Nb,,,Pb,Pb,,,Bw,Rb,,,,,,,Qw,Kb,,,,,,,Kb,Qw,Rb,Nw,Qw,Kb,Pw,Nb,Rb	darkGray	0
9ce19ae8df478334ed6d5a5323f71067	168	Kw,Kb,Pb,Nw,Bb,Kw,Pw,Qw,Kw,,,,,,,Rb,Pw,,,,,,,Bw,Nw,,,Rb,Rb,,,Qw,Bb,,,Rb,Rb,,,Pw,Qb,,,,,,,Rw,Pb,,,,,,,Bb,Rb,Qw,Kb,Rw,Nb,Qb,Kw,Kw	darkRed	0
9ce382a8cd75f76d24cc69ccb8e13e3e	3267	Nw,Pb,Kb,Bw,Nb,Pw,Kw,Nb,Nw,,,,,,,Nw,Pb,,,,,,,Bb,Kw,,,Pb,Pb,,,Kb,Bb,,,Pb,Pb,,,Pb,Nb,,,,,,,Nb,Pw,,,,,,,Bw,Kb,Nw,Bb,Kb,Pb,Nb,Bw,Bw	lightGray	0
9ce7b75a5c3e2d89acc261bae417005a	1822	Nw,Qw,Bb,Rb,Pw,Qb,Bw,Qb,Bw,,,,,,,Pb,Nb,,,,,,,Kb,Pb,,,Nw,Nw,,,Bb,Kb,,,Nw,Nw,,,Nw,Bb,,,,,,,Pw,Nw,,,,,,,Kw,Nw,Rb,Bw,Qb,Pb,Rw,Bb,Bw	darkGray	0
9cf0a4b09d5a7e4139bdc8b46e7e6fb8	2374	Pw,Qb,Nw,Rw,Kw,Qw,Nb,Kb,Rw,,,,,,,Bb,Pb,,,,,,,Rw,Qb,,,,,,,Pw,Bw,,,,,,,Qw,Rb,,,,,,,Bw,Pw,,,,,,,Rb,Nw,Pw,Kw,Bw,Nb,Pb,Kb,Rb	darkRed	0
9d0f22c72faf024b9231ba83ad0cd332	906	Rw,Rb,Nw,Qb,Kw,Rw,Nb,Nw,Rw,,,,,,,Bw,Rw,,,,,,,Nb,Rw,,,Bb,Bb,,,Pb,Rw,,,Bb,Bb,,,Kb,Rw,,,,,,,Bb,Rw,,,,,,,Nw,Rw,Pw,Qw,Bw,Rb,Pb,Qb,Qb	darkGray	0
9d135f6eca4c8113ad2e98f205da50fc	1892	Nb,Kb,Bw,Nb,Pw,Kw,Bb,Pw,Rw,,,,,,,Rw,Pb,,,,,,,Bb,Qw,,,Pb,Pb,,,Qb,Bb,,,Pb,Pb,,,Pb,Rb,,,,,,,Rb,Kb,,,,,,,Bw,Rb,Bb,Qw,Pb,Rw,Bw,Qb,Rb	lightRed	0
9d3125db067537182cd8ece5c471970b	3800	Pb,Rb,Bw,Qb,Pb,Rw,Bb,Qb,Rw,,,,,,,Nb,Bb,,,,,,,Rw,Qw,,,,,,,Pb,Pw,,,,,,,Qb,Rb,,,,,,,Bw,Bw,,,,,,,Rb,Nb,Bw,Qb,Pb,Rw,Bb,Qw,Bw	darkRed	0
9d3326931b3e008767d16495c135090e	2538	Nb,Bb,Nw,Pw,Kw,Bw,Nb,Bb,Bw,,,,,,,Bw,Kb,,,,,,,Nb,Pw,,,,,,,Pw,Nb,,,,,,,Kw,Bb,,,,,,,Bb,Kw,,,,,,,Nw,Qb,Qw,Bb,Rw,Pb,Qb,Bw,Bb	darkRed	0
9d37e22b09f5166050911862dfab1c4a	1305	Qb,Pb,Nw,Bw,Kb,Pw,Nb,Qb,Rw,,,,,,,Nb,Bb,,,,,,,Pw,Qw,,,,,,,Kw,Pw,,,,,,,Bb,Rb,,,,,,,Nw,Bw,,,,,,,Pb,Rb,Qb,Kw,Rb,Nw,Qw,Kb,Kb	darkGray	0
9d5135e4d1737fd37a91950235956864	3068	Nb,Bw,Nb,Pw,Kw,Bb,Nw,Kb,Kw,,,,,,,Qw,Kb,,,,,,,Nb,Nb,,,,,,,Rb,Pw,,,,,,,Kb,Kb,,,,,,,Qb,Bw,,,,,,,Nw,Bb,Qw,Bb,Rw,Pb,Qb,Bw,Pb	lightRed	0
9d6183ac239a9d8b923f033cbf057e9e	2034	Qw,Nb,Qw,Kw,Rw,Nw,Qb,Bb,Pb,,,,,,,Qb,Qb,,,,,,,Kw,Bw,,,Pw,Pw,,,Rb,Rb,,,Pw,Pw,,,Nw,Pw,,,,,,,Qw,Qw,,,,,,,Kb,Bb,Nw,Pb,Kb,Bw,Nb,Pw,Pw	darkRed	0
9d71b8ae48e1e4b1da90410427300fbe	2759	Qb,Bw,Nb,Pb,Kb,Bb,Nw,Pb,Rw,,,,,,,Pw,Bb,,,,,,,Kw,Qw,,,,,,,Bb,Pw,,,,,,,Nw,Rb,,,,,,,Pb,Bw,,,,,,,Kb,Pb,Pw,Kw,Bb,Nw,Pb,Qb,Pw	lightGray	0
9d7551634fad3712352a7721b7159cc3	925	Rw,Pb,Qb,Bw,Rb,Pw,Qw,Nw,Rw,,,,,,,Nw,Rw,,,,,,,Pb,Rw,,,,,,,Kb,Rw,,,,,,,Bw,Rw,,,,,,,Nb,Rw,,,,,,,Rw,Rw,Rw,Nb,Qw,Kb,Rb,Nw,Kw	darkGray	0
9d79b849d891c6850f0ec70ab5e11bcc	631	Pb,Pb,Qb,Bb,Rw,Pw,Qw,Rw,Kb,,,,,,,Pb,Bw,,,,,,,Kb,Nb,,,Rb,Rb,,,Bw,Pw,,,Rb,Rb,,,Nb,Kw,,,,,,,Pw,Bb,,,,,,,Kw,Rw,Qw,Pw,Rw,Bb,Qb,Kw,Qw	lightRed	0
9d82b8e6c2d5121c0bfc80d80295eda8	2006	Qb,Bb,Rw,Pw,Qw,Bw,Rb,Bw,Bb,,,,,,,Bw,Kw,,,,,,,Kb,Pw,,,,,,,Pb,Nb,,,,,,,Nw,Qw,,,,,,,Bb,Kb,,,,,,,Qw,Bw,Qb,Bw,Rw,Pb,Qw,Bb,Bb	lightRed	0
9d885e0a93ad7a38b880a216730bb46f	2413	Rw,Pb,Kb,Bw,Nb,Pw,Kw,Bb,Kw,,,,,,,Rw,Pw,,,,,,,Nb,Nb,,,Qb,Qb,,,Qw,Bw,,,Qb,Qb,,,Kb,Kb,,,,,,,Rb,Pb,,,,,,,Nw,Bw,Qb,Nw,Rb,Kb,Bw,Nb,Qb	lightGray	0
9d96adf92be94bbdea1b06f0c348470b	547	Kw,Qb,Pb,Nw,Bb,Kw,Pw,Rw,Pw,,,,,,,Qb,Qw,,,,,,,Bw,Bb,,,,,,,Nb,Rw,,,,,,,Pw,Pb,,,,,,,Kw,Qb,,,,,,,Bb,Bw,Qb,Pb,Rb,Bw,Qw,Pw,Qw	darkGray	0
9dcb12a586d426466f0c1117e060a900	1499	Qb,Kw,Qb,Nb,Rw,Kb,Qw,Pw,Bb,,,,,,,Kw,Nw,,,,,,,Pw,Rb,,,Pb,Pb,,,Nb,Kb,,,Pb,Pb,,,Bw,Bw,,,,,,,Kb,Nb,,,,,,,Pb,Rb,Qw,Kb,Rb,Nw,Qb,Kw,Pb	lightRed	0
9dcd4ee22151a5ec55d45f4324369a0b	750	Bw,Bb,Nw,Pb,Kb,Bw,Nb,Kb,Rw,,,,,,,Kb,Nb,,,,,,,Bw,Qw,,,,,,,Nb,Kb,,,,,,,Pw,Rb,,,,,,,Kw,Nw,,,,,,,Bb,Qw,Qw,Bb,Rb,Pw,Qb,Bw,Bw	darkGray	0
9dcd987ec563c52adedcbbcd04e6d2e6	1734	Nw,Rb,Bw,Qb,Pb,Rw,Bb,Bw,Kb,,,,,,,Kb,Pb,,,,,,,Bw,Nb,,,,,,,Nb,Bw,,,,,,,Rw,Qw,,,,,,,Kw,Pw,,,,,,,Bb,Qb,Rw,Nb,Qb,Kw,Rb,Nw,Qw	lightGray	0
9dd3d566e2550abf871c241c365cc7dc	251	Bw,Rb,Kb,Qw,Nb,Rw,Kw,Nb,Qw,,,,,,,Rw,Bb,,,,,,,Pb,Rb,,,,,,,Qb,Pw,,,,,,,Bw,Qb,,,,,,,Rb,Bw,,,,,,,Pw,Kb,Kb,Qw,Nw,Rb,Kw,Qb,Rb	lightGray	0
9dd994dfdd05706a8a2e6f2e7786adcd	1591	Rw,Pb,Kb,Bw,Nb,Pw,Kw,Kb,Pw,,,,,,,Kw,Kw,,,,,,,Bb,Bw,,,Nb,Nb,,,Nw,Nb,,,Nb,Nb,,,Pb,Pb,,,,,,,Kb,Qb,,,,,,,Qw,Pb,Bw,Rb,Pb,Qb,Bb,Rw,Nb	darkGray	0
9df5aeb7f5cbeefdace3499510b82c96	1818	Nw,Pw,Nb,Bw,Kb,Pb,Nw,Bb,Bw,,,,,,,Kw,Kb,,,,,,,Qb,Pb,,,,,,,Nw,Nw,,,,,,,Rb,Bb,,,,,,,Kb,Kw,,,,,,,Qw,Kb,Pb,Qb,Bb,Rw,Pw,Qw,Pb	lightGray	0
9e00e9a37034960a9eb06d7640cd8c29	1039	Bw,Bw,Kb,Pb,Nw,Bb,Kw,Pb,Bb,,,,,,,Qw,Nw,,,,,,,Kb,Pw,,,Pb,Pb,,,Rb,Kw,,,Pb,Pb,,,Nw,Bw,,,,,,,Qb,Nb,,,,,,,Pb,Nw,Nw,Pb,Kw,Bb,Nb,Pw,Rw	lightGray	0
9e254c22d700aece020895b76965e101	3795	Bw,Bb,Nw,Pw,Kw,Bw,Nb,Nb,Rw,,,,,,,Rb,Pb,,,,,,,Bw,Qw,,,Rb,Rb,,,Qb,Bb,,,Rb,Rb,,,Kw,Rb,,,,,,,Rw,Pw,,,,,,,Nb,Bb,Qb,Nw,Rb,Kb,Qw,Nb,Rw	lightRed	1
9e3469067fb5012608956a0a7e5ae23e	1396	Qb,Kb,Rb,Nb,Qw,Kw,Rw,Qw,Pb,,,,,,,Pb,Rw,,,,,,,Qb,Bw,,,,,,,Bw,Qb,,,,,,,Rb,Pw,,,,,,,Pw,Rb,,,,,,,Qw,Rw,Pw,Rb,Bb,Qw,Pb,Rw,Bb	darkRed	1
9e4dcc54911540d5829101895ea228ec	638	Nw,Qw,Pw,Rw,Bb,Qb,Kw,Kw,Nb,,,,,,,Kw,Rw,,,,,,,Nb,Kb,,,,,,,Rw,Qw,,,,,,,Kw,Nw,,,,,,,Qb,Rb,,,,,,,Nw,Kb,Bw,Rb,Pw,Qw,Bb,Rw,Qb	lightRed	0
9e50c9ae8213e226acf7704daa5f6542	61	Bb,Qb,Bw,Rw,Pb,Qw,Bb,Rw,Qw,,,,,,,Rw,Bb,,,,,,,Rw,Rw,,,Rw,Rw,,,Rw,Pb,,,Rw,Rw,,,Rw,Qb,,,,,,,Rw,Nw,,,,,,,Rw,Pw,Pb,Rw,Bw,Qb,Pw,Rb,Rw	lightGray	0
9e551b23af3a86ca80c7311f33b3e65c	2999	Rb,Pw,Rb,Bb,Qw,Pb,Rw,Bb,Qw,,,,,,,Pb,Pw,,,,,,,Rw,Rb,,,,,,,Bw,Bw,,,,,,,Qb,Qb,,,,,,,Pw,Pb,,,,,,,Rb,Pw,Nb,Rw,Kw,Qb,Nw,Rb,Kw	darkRed	0
9e5da8a367103b79a2bee1776e436a64	1209	Kb,Rw,Kw,Qw,Nb,Rb,Pw,Qw,Pw,,,,,,,Nb,Kw,,,,,,,Bw,Qb,,,,,,,Kb,Nw,,,,,,,Pb,Rb,,,,,,,Nw,Kb,,,,,,,Qb,Kw,Qb,Kw,Rb,Nw,Qw,Kb,Kb	darkGray	0
9e6324d8f7a67376dc5b08332a4888ac	1481	Qb,Rw,Bb,Qw,Kb,Rb,Bw,Kb,Kb,,,,,,,Qw,Qw,,,,,,,Kb,Nb,,,,,,,Rw,Rw,,,,,,,Nb,Kw,,,,,,,Qb,Qb,,,,,,,Kw,Kw,Pw,Qw,Bw,Rb,Pb,Qb,Qb	lightGray	0
9e6ccb65511195d132ae0ea859d42cdb	3363	Bb,Pw,Nb,Bb,Kw,Pb,Nw,Qw,Rw,,,,,,,Rw,Nb,,,,,,,Kw,Qb,,,Nb,Nb,,,Qb,Kw,,,Nb,Nb,,,Nw,Pb,,,,,,,Rb,Nw,,,,,,,Kb,Kb,Bb,Nw,Pw,Kw,Bw,Nb,Kb	darkGray	0
9e73225de158827b998007e8eb9b6d19	3619	Qb,Kw,Qb,Nb,Rw,Kb,Qw,Nw,Bw,,,,,,,Kw,Nb,,,,,,,Pw,Pb,,,Qw,Qw,,,Nw,Kb,,,Qw,Qw,,,Bb,Bb,,,,,,,Kb,Nw,,,,,,,Pb,Qw,Kw,Pw,Nb,Bw,Kb,Pb,Qw	darkRed	1
9e7c1d55a2b09c1f90fb9cf2a025ccd4	3891	Kw,Rw,Kw,Qw,Nb,Rb,Kb,Nw,Pw,,,,,,,Qw,Kw,,,,,,,Pw,Bw,,,,,,,Rb,Rb,,,,,,,Bw,Pb,,,,,,,Qb,Qb,,,,,,,Pb,Pw,Bw,Kb,Pw,Nb,Bb,Kw,Rb	lightRed	0
9e869b8409a3389f8c8692ce2f647c86	2715	Nb,Qb,Kw,Rb,Nw,Qw,Kb,Bw,Qb,,,,,,,Bb,Bw,,,,,,,Kw,Rb,,,Qb,Qb,,,Pw,Pw,,,Qb,Qb,,,Nb,Qw,,,,,,,Bw,Bb,,,,,,,Kb,Qb,Qb,Bw,Rb,Pw,Qw,Bb,Rw	lightGray	0
9e8a3a0c9fe1578f011a1556dbeee41c	4036	Rw,Rw,Rw,Rw,Rw,Rw,Rw,Rw,Rw,,,,,,,Qw,Nb,,,,,,,Kb,Qb,,,,,,,Rw,Kw,,,,,,,Nb,Rb,,,,,,,Bb,Nw,,,,,,,Kw,Pw,Qw,Kb,Rb,Nw,Qb,Kw,Pw	lightRed	0
9e8f4c39239da2aeca32815ae324c999	2375	Kw,Bw,Nb,Pb,Kb,Bb,Nw,Nw,Bw,,,,,,,Kb,Qb,,,,,,,Rb,Pb,,,Qb,Qb,,,Nw,Rw,,,Qb,Qb,,,Bb,Bb,,,,,,,Kw,Qw,,,,,,,Pw,Rw,Kw,Bb,Nb,Pw,Kb,Bw,Rw	lightRed	0
9e95881fe1b4501e5b7a2bfc2430f8be	3135	Kb,Rw,Nb,Qb,Kw,Rb,Nw,Bw,Rw,,,,,,,Bw,Kw,,,,,,,Rb,Bw,,,,,,,Pb,Nb,,,,,,,Qb,Rb,,,,,,,Bb,Kb,,,,,,,Rw,Bb,Nw,Rb,Kb,Qw,Nb,Rw,Nw	darkGray	0
9e98ac5fea426ed8902094bcdec99a4c	3604	Pw,Bb,Rw,Pb,Qb,Bw,Rb,Qb,Bw,,,,,,,Bb,Kb,,,,,,,Nw,Pb,,,,,,,Pb,Nw,,,,,,,Kb,Bb,,,,,,,Bw,Qw,,,,,,,Rb,Kb,Nw,Qb,Kb,Rb,Nb,Qw,Rw	lightRed	0
9ea5edba3adc100fa297dc800f6feb83	1223	Rb,Pw,Qw,Bb,Rw,Pb,Qb,Bw,Rw,,,,,,,Qw,Nb,,,,,,,Nb,Bw,,,Pb,Pb,,,Rb,Kb,,,Pb,Pb,,,Kb,Pb,,,,,,,Qb,Nw,,,,,,,Nw,Kw,Bb,Rw,Pb,Qb,Bw,Rb,Qw	darkGray	0
9ea6f43feeb033e11f4771765ec2b31c	1265	Rw,Nw,Bb,Kb,Pb,Nb,Bw,Qw,Qb,,,,,,,Pb,Pb,,,,,,,Qb,Rb,,,,,,,Bw,Bw,,,,,,,Rb,Qw,,,,,,,Pw,Pw,,,,,,,Qw,Pb,Pb,Rw,Bb,Qw,Pw,Nb,Bb	darkGray	0
9eb154073e5f6642eeb9d9a0708e080b	2553	Rw,Pw,Nb,Bw,Kb,Pb,Nw,Bb,Rw,,,,,,,Qb,Rw,,,,,,,Kw,Rw,,,,,,,Rb,Rw,,,,,,,Nw,Rw,,,,,,,Qw,Rw,,,,,,,Pw,Rw,Kw,Pw,Nw,Bb,Kb,Pb,Bw	darkRed	0
9ed9b8f723f7a891391ddd2e169b6206	3554	Kw,Rw,Nb,Qw,Kb,Rb,Nw,Rw,Nb,,,,,,,Kw,Rw,,,,,,,Pw,Kb,,,Pw,Pw,,,Nb,Qw,,,Pw,Pw,,,Bw,Nw,,,,,,,Kb,Rb,,,,,,,Rb,Kb,Qb,Bw,Rw,Pb,Qw,Nb,Pb	lightRed	0
9edb5d344386b65c6c618cd4f21f6921	2026	Kb,Bw,Rb,Pw,Qw,Bb,Rw,Kb,Rb,,,,,,,Pb,Bw,,,,,,,Rw,Qb,,,,,,,Bw,Pb,,,,,,,Qb,Rw,,,,,,,Pw,Bb,,,,,,,Rb,Bb,Qw,Nb,Rw,Kw,Bb,Nw,Qb	lightRed	0
9ee0d2b59a1f9384b962d231428ec84d	379	Bb,Nw,Rb,Kb,Qw,Nb,Rw,Nb,Nw,,,,,,,Rb,Qb,,,,,,,Kb,Pw,,,,,,,Qb,Rb,,,,,,,Nw,Nb,,,,,,,Rw,Qw,,,,,,,Kw,Pw,Rw,Pb,Qw,Bb,Nb,Pw,Pw	darkGray	0
9eefa469ce5da456f82a54e93dbad87a	182	Nw,Nb,Pw,Kw,Bb,Nw,Pb,Bw,Qw,,,,,,,Rb,Kb,,,,,,,Kb,Rw,,,,,,,Qb,Bb,,,,,,,Nw,Qb,,,,,,,Rw,Pb,,,,,,,Kw,Qw,Nw,Rb,Kw,Qb,Nb,Pw,Rb	lightGray	0
9f0c2efad8709462431b485d3ea73ae3	1655	Rb,Rb,Pw,Qw,Bb,Rw,Kw,Qb,Bw,,,,,,,Bw,Qb,,,,,,,Nb,Pb,,,,,,,Pb,Rw,,,,,,,Kb,Bb,,,,,,,Bb,Qw,,,,,,,Nw,Bb,Qw,Kb,Rb,Nw,Qb,Kw,Nb	darkRed	0
9f0d33a00d3d330252592afc0f1d07f3	3943	Kw,Kb,Qw,Nb,Rw,Kw,Qb,Qb,Pw,,,,,,,Rw,Nb,,,,,,,Kw,Bw,,,Rw,Rw,,,Qw,Kb,,,Rw,Rw,,,Nb,Rb,,,,,,,Pb,Nw,,,,,,,Kb,Rw,Pw,Kw,Bb,Nw,Pb,Kb,Nw	lightRed	0
9f219a4491bc6bee2a2c4f8834da98cf	2094	Bb,Nb,Bw,Kb,Pb,Nw,Bb,Kw,Pb,,,,,,,Qw,Nw,,,,,,,Bb,Bb,,,,,,,Rw,Kw,,,,,,,Pb,Pw,,,,,,,Qb,Nb,,,,,,,Bw,Pw,Kw,Qb,Nw,Rb,Kb,Bw,Bb	darkRed	0
9f24ee55082ab53e784d8e3cd33c4523	3310	Bb,Rb,Kb,Qw,Nb,Rw,Kw,Rb,Rw,,,,,,,Kw,Kw,,,,,,,Bb,Qw,,,Pb,Pb,,,Nb,Nb,,,Pb,Pb,,,Pw,Rb,,,,,,,Kb,Pw,,,,,,,Bw,Bw,Nb,Rw,Kw,Qb,Nw,Rb,Kb	lightRed	0
9f2cd8952547eb8042d39ae89bea3151	176	Rw,Rw,Rw,Rw,Rw,Rw,Rw,Rw,Kw,,,,,,,Bb,Qb,,,,,,,Qw,Nw,,,,,,,Pb,Rb,,,,,,,Rw,Kb,,,,,,,Bw,Qw,,,,,,,Qb,Pb,Pb,Qb,Bb,Rw,Pw,Qw,Bb	lightGray	0
9f2e0fee66d4c4eb722abc44c2b25f35	191	Kw,Rb,Nw,Kw,Kb,Pw,Nb,Rb,Rb,,,,,,,Kw,Bw,,,,,,,Bb,Qb,,,,,,,Nb,Pb,,,,,,,Pw,Rw,,,,,,,Kb,Bb,,,,,,,Bw,Rw,Kb,Pb,Nb,Bw,Kw,Pw,Qb	lightGray	0
9f3ba0ce969ba989d6154e0a7857408b	538	Qw,Pw,Qw,Bw,Rb,Pb,Qb,Pb,Rw,,,,,,,Qw,Bb,,,,,,,Nb,Qw,,,,,,,Rb,Pw,,,,,,,Kb,Nb,,,,,,,Qb,Bw,,,,,,,Nw,Qb,Kw,Qw,Nw,Rb,Kw,Qb,Kw	darkRed	0
9f5094ccc3a7b96c07d823570bcc7a26	2537	Rb,Rw,Nb,Qb,Kw,Rb,Nw,Pw,Rb,,,,,,,Pb,Kb,,,,,,,Rw,Qw,,,Rb,Rb,,,Bb,Nb,,,Rb,Rb,,,Qw,Rw,,,,,,,Pw,Kw,,,,,,,Rb,Nb,Pw,Rb,Bb,Qw,Pb,Rw,Rw	darkRed	0
9f516c28e2196abcc88a28c15666af60	2083	Bw,Rb,Bw,Qw,Pw,Rw,Nb,Bw,Kb,,,,,,,Kw,Pb,,,,,,,Pw,Nb,,,Bw,Bw,,,Nw,Bw,,,Bw,Bw,,,Bb,Kw,,,,,,,Kb,Pw,,,,,,,Pb,Pb,Bw,Qb,Pb,Rw,Bb,Qw,Bb	darkRed	0
9f5555818af4811af6c2977d35531d67	3187	Rw,Bw,Nb,Pb,Kb,Bb,Nw,Nw,Pb,,,,,,,Qw,Kb,,,,,,,Pw,Bw,,,Rw,Rw,,,Rb,Nb,,,Rw,Rw,,,Nw,Pw,,,,,,,Qb,Kw,,,,,,,Kw,Qw,Bb,Qw,Pw,Rb,Bw,Qb,Rw	darkGray	0
9f7206d4954cd5cb0b18a8f2ab1d6587	2901	Kb,Bb,Qw,Pb,Rw,Bw,Kb,Nw,Qw,,,,,,,Kw,Nb,,,,,,,Rw,Rb,,,,,,,Nw,Kb,,,,,,,Qb,Qb,,,,,,,Kb,Nw,,,,,,,Rb,Pb,Kb,Rb,Nb,Qw,Kw,Rw,Bw	darkRed	0
9f7618e3becc8902604d4178eca84685	3074	Nw,Qw,Kb,Rw,Nb,Qb,Kw,Nw,Rb,,,,,,,Bb,Pw,,,,,,,Nw,Qw,,,,,,,Pb,Bb,,,,,,,Kb,Rw,,,,,,,Bw,Pb,,,,,,,Nb,Rw,Kw,Rw,Nw,Qb,Kb,Rb,Qb	darkRed	0
9f7883854d84e201c06e5e746fcfd798	2955	Nw,Kw,Bb,Nw,Pb,Kb,Bw,Pb,Kw,,,,,,,Kw,Rw,,,,,,,Rw,Nw,,,,,,,Nb,Kb,,,,,,,Qw,Kb,,,,,,,Kb,Rb,,,,,,,Rb,Bw,Bw,Nb,Pw,Kw,Bb,Nw,Kw	lightGray	0
9f7bd0a050becf5bc93686184af431db	2420	Qw,Nw,Rb,Qb,Qw,Nb,Rw,Qw,Pw,,,,,,,Nw,Rb,,,,,,,Pb,Bb,,,Bb,Bb,,,Kb,Qw,,,Bb,Bb,,,Bw,Pb,,,,,,,Nb,Rw,,,,,,,Pw,Bb,Bw,Nb,Pw,Kw,Bb,Nw,Bw	lightGray	0
9fa701174a70cebae08672689d2ade0a	289	Nb,Kw,Qb,Nb,Pw,Kb,Qw,Kw,Bw,,,,,,,Qb,Nb,,,,,,,Bw,Pb,,,,,,,Rw,Kb,,,,,,,Kw,Bb,,,,,,,Qw,Nw,,,,,,,Nb,Qw,Nb,Bw,Kw,Pw,Nw,Bb,Kb	darkRed	0
9faaef99d06c1f37c6b21bf9f5f737f0	2682	Nw,Rb,Pw,Qb,Nw,Rw,Kw,Rw,Nb,,,,,,,Bw,Rw,,,,,,,Rb,Kw,,,Rw,Rw,,,Pw,Qb,,,Rw,Rw,,,Qw,Nw,,,,,,,Bb,Rb,,,,,,,Rw,Rb,Pw,Qw,Bb,Rw,Pb,Qb,Qb	darkGray	0
9fbee2edfa4321b8e8d20540a905a2a2	1804	Bb,Rw,Kw,Qb,Nw,Pb,Kb,Rw,Nw,,,,,,,Bb,Qb,,,,,,,Qw,Kw,,,Pb,Pb,,,Pb,Rw,,,Pb,Pb,,,Rw,Nb,,,,,,,Bw,Qw,,,,,,,Qb,Bw,Nw,Pb,Kw,Bb,Nb,Pw,Kb	lightRed	0
9fc2a2fe1c02121b8e50b067eb43d31a	2712	Kb,Pb,Nw,Qw,Kb,Rw,Nb,Rw,Nb,,,,,,,Nw,Qw,,,,,,,Qb,Kb,,,,,,,Kb,Rb,,,,,,,Rb,Nw,,,,,,,Nb,Qb,,,,,,,Bw,Kb,Rw,Bb,Qw,Pw,Rb,Bw,Qb	lightRed	0
9fcac5ab5ea83ced61b0deb375dde280	1066	Pb,Pw,Rb,Bw,Qb,Pb,Nw,Bw,Pw,,,,,,,Qb,Rb,,,,,,,Kw,Nw,,,,,,,Rw,Qb,,,,,,,Nb,Kw,,,,,,,Qw,Rw,,,,,,,Pw,Kb,Pb,Nw,Bb,Kw,Pw,Nb,Nw	darkGray	0
9fde0622393e88ef6d513783aacf6a0b	1250	Qb,Nw,Pb,Kw,Bb,Nb,Pw,Nb,Bw,,,,,,,Nb,Nb,,,,,,,Rw,Pw,,,,,,,Kb,Kw,,,,,,,Qw,Bb,,,,,,,Nw,Nw,,,,,,,Rb,Qw,Bb,Nw,Pw,Kw,Bw,Nb,Nw	lightRed	0
9ff2aaa2498a17d1a56e4b43b9e9852c	2557	Bb,Qb,Kw,Rb,Nw,Qw,Kb,Rb,Kw,,,,,,,Bw,Qb,,,,,,,Qb,Nw,,,,,,,Pw,Rb,,,,,,,Rb,Kb,,,,,,,Bb,Qw,,,,,,,Kw,Nw,Bb,Qw,Pb,Rw,Nw,Qb,Bw	darkGray	0
a0116ccfef267d92e1bdc8295b4f235d	2147	Nb,Qw,Pw,Rb,Bw,Qb,Pb,Pw,Kw,,,,,,,Kw,Qb,,,,,,,Pw,Nw,,,,,,,Nw,Rb,,,,,,,Bb,Pw,,,,,,,Kb,Qw,,,,,,,Pb,Qb,Kb,Bw,Nw,Pb,Kw,Bb,Bw	darkGray	0
a01c1e38b63f8c85a2a68fa609c1384b	349	Nb,Qb,Nw,Rw,Kw,Qw,Bb,Rb,Nb,,,,,,,Nw,Pw,,,,,,,Bb,Kw,,,Nb,Nb,,,Kw,Bb,,,Nb,Nb,,,Pw,Nw,,,,,,,Rb,Rb,,,,,,,Bw,Pw,Nw,Qb,Kb,Rb,Nb,Qw,Nb	lightRed	0
a01cdd4ebff12a67fb2b7d9d847ab988	2109	Rw,Kw,Bb,Nb,Pw,Kb,Bw,Rw,Kw,,,,,,,Nb,Pw,,,,,,,Pw,Nw,,,Rw,Rw,,,Kw,Bb,,,Rw,Rw,,,Bb,Kb,,,,,,,Nw,Pb,,,,,,,Pb,Rb,Kw,Pw,Rw,Bb,Qb,Pb,Kb	darkRed	0
a01fba5d2b807ab93f9ea9cf754ba2f4	2017	Qb,Qb,Pb,Rb,Bw,Qw,Pw,Qw,Pw,,,,,,,Bw,Qw,,,,,,,Rb,Bb,,,,,,,Pw,Rw,,,,,,,Qw,Pb,,,,,,,Bb,Kb,,,,,,,Rw,Kb,Bw,Nb,Pb,Kb,Bb,Nw,Qw	darkGray	0
a0318a90ca6235a09c4e026e25d94955	1035	Bw,Pb,Nw,Bw,Kb,Pw,Nb,Rb,Kb,,,,,,,Rb,Qw,,,,,,,Kb,Nb,,,Pb,Pb,,,Qb,Rw,,,Pb,Pb,,,Nw,Kw,,,,,,,Rw,Qb,,,,,,,Kw,Nw,Nb,Qw,Kb,Rb,Nw,Qb,Nb	darkGray	0
a037a9d3519144c33d6cc9e073f375a7	2086	Nb,Nb,Qw,Kb,Rb,Nw,Qb,Nb,Nb,,,,,,,Kb,Rw,,,,,,,Pb,Kw,,,,,,,Nw,Qb,,,,,,,Bb,Nw,,,,,,,Kw,Rb,,,,,,,Pw,Rb,Kw,Rw,Nw,Qb,Kb,Rb,Bb	lightGray	0
a039b3d3a9ab4bda1b5d8b220ff87c11	2820	Rw,Kb,Qw,Nw,Rb,Kw,Qb,Bb,Kb,,,,,,,Pb,Rb,,,,,,,Nw,Nb,,,,,,,Bw,Qw,,,,,,,Kb,Kw,,,,,,,Pw,Rw,,,,,,,Nb,Nw,Qw,Pw,Rb,Bw,Qb,Pb,Nw	lightRed	0
a044c13e283e9e24fe91fff0c6e430b0	540	Qw,Pb,Kb,Bw,Nb,Pw,Kw,Qb,Nw,,,,,,,Kb,Rb,,,,,,,Bw,Kw,,,Pw,Pw,,,Nb,Qb,,,Pw,Pw,,,Pw,Nb,,,,,,,Kw,Rw,,,,,,,Bb,Rw,Kw,Rw,Nb,Qw,Kb,Rb,Kw	darkRed	0
a04902b5187b43c8bbd228ecb49e5162	1628	Rw,Nb,Pw,Kb,Bw,Nw,Pb,Pb,Pb,,,,,,,Nb,Rw,,,,,,,Pw,Bw,,,Nb,Nb,,,Kb,Qb,,,Nb,Nb,,,Bw,Pw,,,,,,,Nw,Rb,,,,,,,Pb,Bw,Nb,Bw,Kw,Pw,Nw,Bb,Rw	darkGray	0
a056440ee575f4d7552d3c79d29742ef	2907	Qw,Qw,Kb,Rw,Nb,Qb,Kw,Qb,Bb,,,,,,,Pw,Nw,,,,,,,Rb,Pw,,,Nb,Nb,,,Bb,Kw,,,Nb,Nb,,,Qw,Bw,,,,,,,Pb,Nb,,,,,,,Rw,Nb,Nw,Bb,Kw,Pw,Nb,Bw,Rb	lightRed	0
a05853ad0756f0232506560f8f72cdf6	538	Qw,Pw,Qw,Bw,Rb,Pb,Qb,Pb,Rw,,,,,,,Qw,Bb,,,,,,,Nb,Qw,,,,,,,Rb,Pw,,,,,,,Kb,Nb,,,,,,,Qb,Bw,,,,,,,Nw,Qb,Kb,Qw,Nw,Rb,Kw,Qb,Kw	darkRed	0
a06371e91a589f462a06e95d5109a2b0	291	Rw,Rw,Rw,Rw,Rw,Rw,Rw,Rw,Rb,,,,,,,Bw,Pw,,,,,,,Kb,Qw,,,,,,,Pw,Bb,,,,,,,Nb,Rw,,,,,,,Bb,Pb,,,,,,,Kw,Kw,Rb,Kb,Qw,Nb,Rw,Kw,Nw	lightGray	0
a06b226688f8eea367c8b7c51cc5ef4f	61	Bb,Qb,Bw,Rw,Pb,Qw,Bb,Rw,Qw,,,,,,,Rw,Bb,,,,,,,Rw,Rw,,,Rw,Rw,,,Rw,Pb,,,Rw,Rw,,,Rw,Qb,,,,,,,Rw,Nw,,,,,,,Rw,Pw,Pb,Rw,Bw,Qb,Pw,Rb,Rw	darkGray	0
a06f6542b309d4ce54cab7b443c1e7de	958	Bb,Qw,Bb,Rw,Pb,Qb,Nw,Nb,Pw,,,,,,,Bw,Kw,,,,,,,Rb,Bb,,,,,,,Pb,Nw,,,,,,,Qb,Pb,,,,,,,Bb,Kb,,,,,,,Rw,Qb,Qb,Nw,Rw,Kw,Qw,Nb,Nw	darkRed	0
a0713894c1667885af31d80d540da005	1295	Qw,Kw,Pw,Nw,Bb,Kb,Pb,Pb,Rw,,,,,,,Rw,Nb,,,,,,,Kw,Qb,,,Pb,Pb,,,Qw,Kw,,,Pb,Pb,,,Nb,Rb,,,,,,,Rb,Nw,,,,,,,Pw,Qw,Rw,Bb,Qw,Pw,Rb,Bw,Qw	lightRed	0
a071dd66792f7a7bd4c7c06f0d32fcd1	2587	Kb,Pw,Kw,Bw,Nb,Pb,Kb,Nw,Pw,,,,,,,Bw,Kw,,,,,,,Rb,Bw,,,,,,,Pb,Nb,,,,,,,Qb,Pb,,,,,,,Bb,Kb,,,,,,,Nw,Kw,Nw,Pb,Kb,Bw,Nb,Pw,Nb	lightRed	0
a073bc0f4d27be11a3b6e1e1adc01701	1673	Bw,Pw,Rb,Bw,Qb,Pb,Rw,Kw,Qb,,,,,,,Kw,Kw,,,,,,,Bb,Rb,,,,,,,Rb,Nw,,,,,,,Pw,Qw,,,,,,,Kb,Kb,,,,,,,Bw,Nw,Pb,Nw,Bb,Kw,Pw,Rb,Kw	darkRed	0
a093d914763a5e7951e8b0d63268eec9	3498	Bw,Qb,Kw,Rb,Nw,Bw,Kb,Kb,Bw,,,,,,,Nb,Nb,,,,,,,Qw,Pb,,,Rb,Rb,,,Kb,Kb,,,Rb,Rb,,,Rb,Bb,,,,,,,Nw,Nw,,,,,,,Qb,Rw,Nb,Qw,Kw,Rw,Nw,Qb,Pw	darkGray	0
a0989c628dff9a9b5ed01079428ded45	3801	Nb,Rw,Pb,Qw,Bb,Nb,Pw,Qw,Pw,,,,,,,Pw,Qw,,,,,,,Nb,Bw,,,,,,,Bb,Rb,,,,,,,Qw,Pb,,,,,,,Pb,Kb,,,,,,,Nw,Pb,Rw,Bb,Qb,Pb,Rb,Bw,Bb	lightGray	0
a0b4acf37d91b67339001938df8e7cbf	1138	Nw,Nw,Qb,Kb,Rb,Nb,Qw,Qw,Nw,,,,,,,Kb,Qb,,,,,,,Rb,Kb,,,,,,,Nb,Rb,,,,,,,Qw,Nb,,,,,,,Kw,Qw,,,,,,,Rw,Pw,Kw,Pw,Nw,Bb,Kb,Pb,Bb	lightRed	0
a0d8a3b052b4da361c2f4ce2a854e2dd	2911	Nb,Pw,Kw,Qb,Nw,Pb,Kb,Bb,Nb,,,,,,,Nb,Pw,,,,,,,Rw,Kb,,,Bw,Bw,,,Kb,Bw,,,Bw,Bw,,,Qw,Nw,,,,,,,Nw,Pb,,,,,,,Rb,Bb,Bb,Qw,Pw,Rb,Bw,Qb,Kw	darkGray	0
a101e74fe5d00e183dff783993edf15e	3801	Nb,Rw,Pb,Qw,Bb,Nb,Pw,Qw,Pw,,,,,,,Pw,Qw,,,,,,,Nb,Bw,,,,,,,Bb,Rb,,,,,,,Kw,Pb,,,,,,,Pb,Kb,,,,,,,Nw,Pb,Rw,Bb,Qb,Pb,Rb,Bw,Bb	lightGray	0
a1089a79880cf8e77ac86e6bf5c3bafb	1586	Bw,Kb,Rb,Nw,Bb,Kw,Rw,Bb,Kw,,,,,,,Qw,Rw,,,,,,,Bb,Nb,,,Rb,Rb,,,Nw,Qw,,,Rb,Rb,,,Pb,Kb,,,,,,,Kb,Rb,,,,,,,Bw,Rb,Qb,Bw,Rb,Pw,Qw,Bb,Rb	darkRed	1
a115319f6067650a0e1784eba18609dc	2553	Rw,Pw,Nb,Bw,Kb,Pb,Nw,Bb,Rw,,,,,,,Qb,Rw,,,,,,,Kw,Rw,,,,,,,Rb,Rw,,,,,,,Nw,Rw,,,,,,,Qw,Rw,,,,,,,Pw,Rw,Kw,Pw,Nw,Bb,Kb,Pb,Bw	darkRed	0
a11c4b565a3b3b8c7ed3aa67edc2c8e1	3145	Bb,Nb,Kw,Kw,Rw,Nw,Bb,Nb,Pw,,,,,,,Kw,Nb,,,,,,,Bb,Bw,,,Rb,Rb,,,Nb,Kb,,,Rb,Rb,,,Pw,Pb,,,,,,,Qb,Nw,,,,,,,Bw,Qw,Bw,Kb,Pb,Nw,Qb,Kw,Bw	darkRed	0
a11e0debad46020e986fbc6aaf3c5c54	1460	Pw,Nb,Pw,Kw,Bb,Rw,Pb,Pw,Bw,,,,,,,Rb,Qb,,,,,,,Pw,Pw,,,,,,,Qw,Rb,,,,,,,Bb,Bb,,,,,,,Rw,Qw,,,,,,,Pb,Qb,Qw,Nb,Rb,Kb,Qb,Nw,Qw	darkRed	0
a12d9c34a3240ea6ec0352c26fd6e51e	3489	Bw,Kw,Rw,Nb,Bw,Kb,Pb,Qw,Kw,,,,,,,Nw,Pw,,,,,,,Bb,Nb,,,Nw,Nw,,,Kb,Bw,,,Nw,Nw,,,Pb,Qb,,,,,,,Nb,Pb,,,,,,,Bw,Pw,Bw,Qb,Pw,Nb,Bb,Kw,Nb	lightGray	0
a13673e6abf48a36ce23f80f3c36667d	2803	Qb,Qw,Bb,Rw,Pb,Qb,Bw,Bb,Qw,,,,,,,Qw,Pw,,,,,,,Bb,Rb,,,,,,,Rb,Bw,,,,,,,Pw,Qb,,,,,,,Qb,Pb,,,,,,,Bw,Qb,Nw,Bb,Kb,Pb,Nb,Bw,Rw	lightRed	0
a139f2223b461be09d748cd36cce540d	1509	Rw,Bw,Kb,Pb,Nw,Bb,Kw,Rw,Qw,,,,,,,Rw,Pw,,,,,,,Rw,Rw,,,Rb,Rb,,,Rw,Bb,,,Rb,Rb,,,Rw,Qb,,,,,,,Rw,Pb,,,,,,,Rw,Pb,Nb,Qw,Kb,Rb,Nw,Qb,Rw	lightGray	0
a1404802bb1c5ff5c12b5b56ba1d39a0	2118	Rw,Rw,Rw,Rw,Rw,Rw,Rw,Rw,Rw,,,,,,,Pb,Pb,,,,,,,Nw,Qw,,,Pw,Pw,,,Bw,Bb,,,Pw,Pw,,,Kb,Nb,,,,,,,Pw,Pw,,,,,,,Nb,Rb,Rw,Kw,Qb,Nw,Rb,Kb,Qw	darkRed	0
a167b987db5948dde8998d39ad59ef2b	1258	Kb,Pw,Kw,Bw,Nb,Pb,Kb,Nw,Bw,,,,,,,Rb,Qb,,,,,,,Pw,Pb,,,Qb,Qb,,,Qw,Rw,,,Qb,Qb,,,Bb,Bb,,,,,,,Rw,Qw,,,,,,,Kw,Bw,Kb,Bw,Nw,Pb,Kw,Bb,Rw	lightGray	0
a1757c65b0cb9813ded1cbd696ec55e4	3252	Qw,Pb,Qb,Bb,Rw,Pw,Qw,Kb,Bb,,,,,,,Bb,Qw,,,,,,,Rw,Pb,,,Pb,Pb,,,Pb,Rw,,,Pb,Pb,,,Kb,Bw,,,,,,,Bw,Qb,,,,,,,Rb,Kw,Nb,Bw,Kw,Pw,Rw,Bb,Bb	lightRed	0
a1804abd4f5f400615c95ccf9c5ed6b7	714	Nw,Rw,Nb,Qb,Pb,Rb,Nw,Nw,Rw,,,,,,,Bw,Pb,,,,,,,Qb,Qb,,,Rb,Rb,,,Pb,Bw,,,Rb,Rb,,,Rw,Rb,,,,,,,Bb,Pw,,,,,,,Qw,Qw,Qw,Kb,Rw,Nb,Qb,Kw,Nw	darkRed	0
a188b839311b8647db134002c786784e	1338	Pw,Kb,Rb,Nb,Qw,Kw,Rw,Rw,Nw,,,,,,,Qw,Rb,,,,,,,Bb,Kb,,,Bw,Bw,,,Rw,Qw,,,Bw,Bw,,,Pb,Nb,,,,,,,Qb,Rw,,,,,,,Bw,Nb,Pw,Qw,Bb,Rw,Pb,Qb,Qb	lightRed	1
a193047dfa9bef61d3305282c96bf8ed	4031	Pw,Nw,Bb,Kw,Pw,Nb,Qw,Rb,Qb,,,,,,,Kb,Pb,,,,,,,Qw,Rb,,,Qw,Qw,,,Nb,Bw,,,Qw,Qw,,,Rw,Qw,,,,,,,Kw,Pw,,,,,,,Qb,Pw,Bb,Rw,Pw,Qw,Bw,Rb,Kb	darkGray	1
a19e824d132f39f1f9efe716b9f54ae0	2933	Rw,Rb,Nw,Qb,Kw,Rw,Nb,Bw,Kb,,,,,,,Qb,Rb,,,,,,,Kw,Nw,,,,,,,Rb,Bb,,,,,,,Nw,Kw,,,,,,,Bw,Rw,,,,,,,Kb,Nw,Bb,Qw,Pw,Rb,Bw,Qb,Rw	darkRed	0
a1a210ae9c9c4a8648d8d6b8f677428c	3852	Kb,Qw,Pw,Rw,Bb,Qb,Pb,Qw,Qw,,,,,,,Rb,Bb,,,,,,,Bw,Rb,,,Nb,Nb,,,Qb,Pw,,,Nb,Nb,,,Pb,Qb,,,,,,,Rw,Bw,,,,,,,Bb,Kw,Kb,Pb,Rw,Bb,Qw,Pw,Rw	darkGray	0
a1ad01d6a6c9390bcd4a0c2cc2d6e7fd	49	Bw,Nb,Bw,Bb,Pb,Nw,Bb,Rb,Rb,,,,,,,Bb,Nw,,,,,,,Qw,Qw,,,,,,,Nb,Kb,,,,,,,Rw,Rw,,,,,,,Kw,Nb,,,,,,,Qb,Kw,Qb,Kw,Rb,Nw,Qw,Kb,Kb	lightRed	0
a1bac397c4dedb1f70c50e72309598f6	53	Kw,Pw,Rb,Bb,Qw,Kw,Rw,Kb,Rw,,,,,,,Rb,Kw,,,,,,,Kb,Qw,,,,,,,Qb,Nb,,,,,,,Nw,Rb,,,,,,,Rw,Kb,,,,,,,Pb,Rb,Rw,Bb,Qb,Pb,Rb,Bw,Rw	lightRed	0
a1cc988faecffec020b13cfa6f7e4694	291	Rw,Rw,Rw,Rw,Rw,Rw,Rw,Rw,Rb,,,,,,,Bw,Pw,,,,,,,Kb,Qw,,,,,,,Pw,Bb,,,,,,,Nb,Rw,,,,,,,Bb,Pb,,,,,,,Kw,Kw,Rb,Kb,Qw,Nb,Rw,Kw,Nw	lightGray	0
a1cd83f647d436726362714451770607	141	Rw,Bb,Qw,Pw,Rb,Bw,Qb,Qb,Kb,,,,,,,Bw,Pb,,,,,,,Rb,Nb,,,,,,,Pb,Bw,,,,,,,Qb,Qw,,,,,,,Bb,Pw,,,,,,,Rw,Qb,Bb,Nw,Pw,Qw,Bw,Rb,Bw	darkRed	0
a1d48d638bc91ccd5741e4b1eeb202ac	16	Pw,Rw,Pb,Qb,Bw,Nb,Pw,Nb,Nw,,,,,,,Kb,Rb,,,,,,,Qw,Kb,,,,,,,Nb,Qw,,,,,,,Rw,Nb,,,,,,,Kw,Rw,,,,,,,Bb,Rw,Rw,Rw,Rw,Rw,Rw,Rw,Rw	darkGray	0
a1e00d99e9c696717b150d821fb44c97	723	Qw,Qb,Bw,Rb,Pw,Kw,Bb,Bw,Bb,,,,,,,Qb,Qw,,,,,,,Nw,Pb,,,,,,,Rw,Rw,,,,,,,Kw,Bw,,,,,,,Qw,Qb,,,,,,,Nb,Kb,Rb,Kb,Qw,Nb,Rw,Kw,Rb	darkGray	0
a1f0bb652291716f531389eed2a6c97d	381	Rw,Rw,Rw,Rw,Rw,Rw,Rw,Rw,Bb,,,,,,,Pw,Qw,,,,,,,Kw,Pw,,,,,,,Bb,Rb,,,,,,,Nw,Bw,,,,,,,Rb,Qb,,,,,,,Kb,Rb,Bw,Nb,Pb,Kb,Bb,Nw,Pw	darkRed	0
a1fe018132e03ab1eaa23d3741836d08	1156	Rw,Kb,Kw,Nb,Rw,Kw,Qb,Qb,Kb,,,,,,,Nb,Qw,,,,,,,Bw,Nb,,,,,,,Qb,Rw,,,,,,,Pb,Kw,,,,,,,Rw,Bb,,,,,,,Bb,Kw,Bb,Qw,Pb,Rw,Bw,Kb,Bw	lightGray	0
a202617617ea96c268663b6bf6752477	600	Qb,Rw,Bb,Qb,Pb,Rb,Bw,Qw,Rb,,,,,,,Rw,Nw,,,,,,,Nb,Qw,,,Bw,Bw,,,Qb,Kb,,,Bw,Bw,,,Kw,Rw,,,,,,,Rb,Nb,,,,,,,Nw,Bw,Nw,Rb,Kw,Qb,Nb,Rw,Nw	lightGray	0
a22669bdcc0a81b96b166fe9bf0e1804	2600	Nb,Nb,Pw,Kb,Bw,Nw,Pb,Nw,Bw,,,,,,,Pb,Nb,,,,,,,Rw,Pb,,,,,,,Nb,Kb,,,,,,,Qw,Bb,,,,,,,Kb,Nw,,,,,,,Rb,Kb,Qb,Pb,Rw,Bb,Qw,Pw,Qb	lightGray	0
a2396ee05ae44b8ff95d4c1eb71a6101	1602	Qb,Nb,Rw,Kb,Qw,Nw,Rb,Rw,Rw,,,,,,,Bb,Bb,,,,,,,Nw,Qb,,,,,,,Pb,Pb,,,,,,,Kb,Rb,,,,,,,Bw,Bw,,,,,,,Nb,Bb,Bb,Kw,Pb,Nw,Bw,Kb,Bb	darkRed	0
a2403bdf5620bb9565fc99f636ca1d0e	1643	Qw,Qw,Nb,Rw,Kw,Qb,Nw,Pw,Pw,,,,,,,Bb,Rb,,,,,,,Rw,Bb,,,,,,,Pb,Kw,,,,,,,Kb,Pb,,,,,,,Bw,Rw,,,,,,,Rb,Rw,Qb,Bw,Rw,Pb,Qw,Bb,Bw	lightGray	0
a24a80d43fc571a4991bd9d9ba48e1ab	2238	Bb,Qb,Bw,Rb,Pw,Qw,Bb,Bb,Bb,,,,,,,Rw,Nw,,,,,,,Kw,Pb,,,Nb,Nb,,,Qb,Kb,,,Nb,Nb,,,Nw,Qw,,,,,,,Rb,Nb,,,,,,,Kb,Bb,Qw,Nb,Rb,Kb,Qb,Nw,Kb	lightRed	0
a24c5c338c498c028dd18ca3ca999b26	748	Pb,Rw,Bb,Qb,Pb,Rb,Bw,Bw,Qw,,,,,,,Kw,Kb,,,,,,,Bb,Rw,,,,,,,Nb,Nb,,,,,,,Pw,Qb,,,,,,,Kb,Kw,,,,,,,Bw,Bb,Nw,Qb,Kb,Rb,Nb,Qw,Pb	darkRed	0
a24e19d990edd609e57b924cd49d723b	3682	Nw,Nw,Pb,Kb,Qw,Nb,Pw,Pw,Kw,,,,,,,Qb,Qb,,,,,,,Bw,Nw,,,,,,,Rb,Rb,,,,,,,Pw,Kb,,,,,,,Qw,Qw,,,,,,,Bb,Rb,Qw,Nb,Rb,Kb,Bb,Nw,Nb	lightRed	0
a24f19ba09069f31c6a1081365559620	1986	Rb,Bw,Qb,Pb,Rw,Bb,Qw,Kw,Bb,,,,,,,Pb,Nw,,,,,,,Rw,Rb,,,,,,,Bw,Kb,,,,,,,Qb,Qw,,,,,,,Kb,Nb,,,,,,,Rb,Nw,Rb,Kb,Qw,Nb,Rw,Kw,Qw	darkRed	0
a26504d077e0e8cf784d40c53013fefe	2137	Bw,Nb,Bw,Kb,Pb,Nw,Bb,Qw,Pb,,,,,,,Nw,Nw,,,,,,,Rb,Bw,,,,,,,Kb,Kb,,,,,,,Qw,Pw,,,,,,,Nb,Nb,,,,,,,Rw,Bw,Qw,Pw,Rb,Bw,Qb,Pb,Qw	darkRed	0
a26b3af823a40c338daf828e50145329	545	Pw,Nw,Rb,Kw,Qb,Bb,Rw,Rb,Rw,,,,,,,Pb,Bb,,,,,,,Kb,Qb,,,,,,,Qw,Pb,,,,,,,Nb,Rb,,,,,,,Pw,Bw,,,,,,,Kw,Pw,Kw,Bb,Nw,Pb,Kb,Qw,Qb	darkRed	0
a26cd27367fa9b21abddf2257b5326e5	1215	Kw,Pw,Rb,Bb,Qw,Pb,Rw,Bb,Bw,,,,,,,Nw,Nb,,,,,,,Bb,Pw,,,Nb,Nb,,,Kb,Kw,,,Nb,Nb,,,Pb,Bb,,,,,,,Nb,Nw,,,,,,,Bw,Bb,Bw,Kb,Pw,Nb,Kb,Kw,Pb	darkRed	0
a2791455c5e844be92591475f8ed2768	557	Nb,Nb,Qw,Kw,Rw,Nw,Bb,Qw,Bw,,,,,,,Pw,Qb,,,,,,,Rb,Pw,,,,,,,Bw,Rb,,,,,,,Qb,Bb,,,,,,,Pb,Qw,,,,,,,Nw,Qw,Pw,Kw,Bb,Nw,Rb,Kb,Rb	lightGray	0
a2791d399116ea70a753023ab7cbf5bd	825	Pb,Nw,Pb,Kb,Bw,Nb,Pw,Qw,Nw,,,,,,,Pw,Pb,,,,,,,Rb,Kb,,,,,,,Nw,Bw,,,,,,,Qb,Nb,,,,,,,Pb,Pw,,,,,,,Rw,Qb,Bw,Rb,Pw,Qw,Bb,Rw,Kw	darkRed	0
a27d7db34eb502c5a0a0d4633c0617ae	868	Qw,Bw,Kb,Pb,Nw,Bb,Kw,Bb,Qb,,,,,,,Nb,Pb,,,,,,,Rw,Rw,,,,,,,Kb,Bb,,,,,,,Qw,Qw,,,,,,,Bw,Pw,,,,,,,Rb,Bw,Bw,Rb,Pb,Qb,Bb,Rw,Pw	darkGray	0
a28e46ddc6e8dc123ab34382765fecc3	1731	Kb,Bb,Qw,Pb,Rw,Bw,Qb,Rb,Rb,,,,,,,Rw,Kb,,,,,,,Kw,Qb,,,Rb,Rb,,,Qb,Nw,,,Rb,Rb,,,Nw,Rw,,,,,,,Rb,Pb,,,,,,,Kb,Rw,Bb,Qw,Pw,Rb,Bw,Qb,Pb	darkRed	0
a29b6f03824b5d59f942520e9df363ff	701	Qw,Bw,Qb,Pw,Rb,Bb,Qw,Kb,Qw,,,,,,,Nb,Kb,,,,,,,Rw,Rb,,,Bb,Bb,,,Kb,Nw,,,Bb,Bb,,,Qw,Bb,,,,,,,Nw,Kw,,,,,,,Rb,Qb,Qw,Nb,Rw,Kw,Qb,Nw,Pb	darkGray	1
a2a32fa7be4f8bad663e1d1fd2963254	856	Pw,Nw,Qb,Kb,Rb,Nb,Qw,Bw,Qb,,,,,,,Qw,Pb,,,,,,,Nb,Rw,,,,,,,Pb,Bb,,,,,,,Kb,Qw,,,,,,,Bb,Pw,,,,,,,Nw,Bw,Qw,Nb,Rb,Kb,Qb,Bw,Pw	lightGray	0
a2a68a159feeb68ff1693c7560693969	1399	Rb,Bw,Qb,Pb,Rw,Bb,Qw,Kw,Bb,,,,,,,Pb,Nw,,,,,,,Rw,Rb,,,,,,,Bw,Kb,,,,,,,Qb,Qw,,,,,,,Kb,Nb,,,,,,,Rb,Nw,Rb,Kb,Qw,Nb,Rw,Kw,Qw	darkRed	0
a2b3d8496c15cc1f06fb3a47f0c64325	3817	Rw,Rw,Rw,Rw,Rw,Rw,Rw,Rw,Bw,,,,,,,Pb,Nb,,,,,,,Rw,Pw,,,Pw,Pw,,,Bw,Kw,,,Pw,Pw,,,Qb,Bb,,,,,,,Pw,Nw,,,,,,,Rb,Kw,Kb,Qw,Nb,Rw,Kw,Qb,Pb	lightGray	0
a2b5913ab6c89f19d6a1530f2a500a2d	3354	Pw,Pw,Qw,Nw,Rb,Pb,Qb,Qw,Pw,,,,,,,Nw,Nb,,,,,,,Bb,Bw,,,,,,,Kw,Kb,,,,,,,Pw,Pb,,,,,,,Nb,Nw,,,,,,,Qw,Kw,Bb,Nw,Pw,Kw,Bw,Nb,Qw	lightRed	0
a2b62fadd305a39b35a97147c159670e	2952	Bw,Qb,Kw,Rw,Nb,Qw,Kb,Kb,Bb,,,,,,,Qb,Qw,,,,,,,Kw,Pw,,,Nb,Nb,,,Rb,Rb,,,Nb,Nb,,,Nw,Bw,,,,,,,Qw,Qb,,,,,,,Kb,Kw,Kb,Pb,Nw,Bb,Kw,Pw,Nw	lightGray	1
a2c2ef9ce2c3e53fa73c2dc531e38fa3	2112	Nw,Nb,Qw,Kw,Rw,Nw,Qb,Qb,Rb,,,,,,,Bw,Pw,,,,,,,Qb,Qb,,,Bw,Bw,,,Pb,Bw,,,Bw,Bw,,,Rw,Rw,,,,,,,Bb,Pb,,,,,,,Kw,Nb,Kb,Pb,Nw,Bb,Kw,Pw,Bw	darkRed	0
a2cba7b1bdca501798749180b17aa180	265	Kb,Qb,Nw,Rb,Pw,Qw,Bb,Bb,Bb,,,,,,,Bw,Qw,,,,,,,Qb,Pw,,,,,,,Pb,Rb,,,,,,,Rw,Bw,,,,,,,Bb,Qb,,,,,,,Qw,Nb,Nw,Pb,Kb,Qw,Nb,Pw,Rw	lightGray	0
a2ccadedcb632adc16a81eaea3c327f6	1333	Pw,Qw,Bb,Rb,Pw,Qb,Bw,Qw,Rw,,,,,,,Kw,Nb,,,,,,,Pw,Qw,,,Nb,Nb,,,Nw,Kb,,,Nb,Nb,,,Bb,Rb,,,,,,,Kb,Bw,,,,,,,Pb,Nb,Kb,Rb,Nb,Qw,Kw,Rw,Rb	lightRed	0
a2dfdc795e0fb1cd6e1f9d4842f4f733	3049	Qw,Kb,Qw,Nw,Rb,Kw,Qb,Qw,Kw,,,,,,,Rw,Rw,,,,,,,Bb,Nw,,,Pb,Pb,,,Qb,Qb,,,Pb,Pb,,,Pb,Kb,,,,,,,Rb,Rb,,,,,,,Bw,Rw,Pw,Kw,Bw,Nb,Pb,Kb,Nw	lightGray	0
a2f1833f80d5b4d94659ab4b1080a8f7	2546	Rb,Kw,Qb,Nb,Rw,Kb,Qw,Kb,Kb,,,,,,,Pw,Pb,,,,,,,Nb,Nb,,,Nw,Nw,,,Bw,Bw,,,Nw,Nw,,,Kb,Kw,,,,,,,Rb,Pw,,,,,,,Nw,Kw,Qb,Kw,Rw,Nb,Bw,Kb,Rw	lightGray	0
a30885a36b4bb5762563a120324ca386	16	Pw,Rw,Pb,Qb,Bw,Nb,Pw,Nb,Nw,,,,,,,Kb,Rb,,,,,,,Qw,Kb,,,,,,,Nb,Qw,,,,,,,Rw,Nb,,,,,,,Kw,Rw,,,,,,,Bb,Rw,Rw,Rw,Rw,Rw,Rw,Rw,Rw	darkGray	0
a30c742bcad9041518389380177266fe	2752	Qw,Rb,Pw,Qw,Bb,Rw,Pb,Rb,Bw,,,,,,,Qb,Nb,,,,,,,Bw,Pw,,,,,,,Rb,Kw,,,,,,,Pw,Bb,,,,,,,Qw,Nw,,,,,,,Bb,Bb,Pb,Qb,Bb,Rw,Pw,Qw,Pw	darkGray	0
a31de6f5c68e76a65fcaaa523beb638b	1455	Nb,Kb,Qw,Nw,Rb,Kw,Qb,Rw,Qb,,,,,,,Rw,Bw,,,,,,,Kw,Rb,,,Pb,Pb,,,Qb,Pw,,,Pb,Pb,,,Nw,Kw,,,,,,,Rb,Bb,,,,,,,Kb,Bb,Kw,Rw,Nb,Bw,Kb,Rb,Qb	darkGray	0
a31fa4f2f0efaed4fa768ba8ad1ca894	1408	Rw,Rw,Rw,Rw,Rw,Rw,Rw,Rw,Qw,,,,,,,Nw,Kb,,,,,,,Qb,Rw,,,,,,,Kb,Nb,,,,,,,Rb,Bb,,,,,,,Nb,Kw,,,,,,,Qw,Pw,Kw,Qb,Nb,Rw,Pw,Qw,Nw	darkRed	0
a329231cc76940383930e49170d4c9cc	569	Bb,Kw,Rw,Nw,Qb,Kb,Rb,Qw,Bw,,,,,,,Nw,Qb,,,,,,,Rb,Pw,,,,,,,Kw,Rb,,,,,,,Qb,Bb,,,,,,,Nb,Qw,,,,,,,Rw,Kb,Bb,Rw,Pw,Qw,Bw,Rb,Rw	lightGray	0
a32cc14550ff86b574837e3dfe940fe3	294	Rb,Nw,Bb,Kw,Pw,Nb,Bw,Pb,Qw,,,,,,,Pb,Nb,,,,,,,Kb,Rb,,,,,,,Bw,Kb,,,,,,,Nb,Qb,,,,,,,Pw,Nw,,,,,,,Kw,Qw,Qw,Bb,Rb,Pw,Qb,Bw,Kw	lightGray	0
a34b9b91292d66b3bce55c82b8d9f134	1201	Rb,Rw,Nb,Qw,Kb,Rb,Nw,Kb,Rw,,,,,,,Nb,Nb,,,,,,,Qw,Qw,,,Nw,Nw,,,Kb,Kb,,,Nw,Nw,,,Rb,Rb,,,,,,,Nw,Nw,,,,,,,Qb,Pw,Kw,Bb,Nw,Pb,Kb,Bw,Qw	lightGray	0
a3555b33f528f705198d9f0f771c7d5f	3789	Pw,Qw,Kb,Rw,Nb,Qb,Kw,Nw,Bb,,,,,,,Qb,Rw,,,,,,,Pb,Kb,,,,,,,Rw,Qw,,,,,,,Bb,Bw,,,,,,,Qw,Rb,,,,,,,Pw,Qw,Bw,Rb,Pb,Qb,Bb,Rw,Nb	darkGray	0
a355b59b0fe6095c0d40895381ab9206	1159	Bw,Bw,Qb,Pw,Rb,Nb,Qw,Pw,Pb,,,,,,,Nb,Nw,,,,,,,Pw,Bb,,,,,,,Kb,Kw,,,,,,,Bw,Pw,,,,,,,Nw,Nb,,,,,,,Pb,Qb,Qb,Pb,Rw,Bb,Qw,Pw,Qb	darkRed	0
a35da9af32e05dcbc9e31c950678e8b9	718	Qw,Rw,Nb,Qb,Pb,Rb,Bw,Rb,Pb,,,,,,,Bw,Kb,,,,,,,Kb,Bw,,,,,,,Pw,Nb,,,,,,,Nb,Pw,,,,,,,Kb,Kw,,,,,,,Kw,Rb,Pb,Kb,Qw,Nb,Rw,Kw,Bw	darkRed	0
a36d41998ea3ad170e657a196d8546f6	1628	Rw,Nb,Pw,Kb,Bw,Nw,Pb,Pb,Pb,,,,,,,Nb,Rw,,,,,,,Pw,Bw,,,Nb,Nb,,,Kb,Qb,,,Nb,Nb,,,Bw,Pw,,,,,,,Nw,Rb,,,,,,,Pb,Bw,Nb,Bw,Kw,Pw,Nw,Bb,Rw	darkGray	0
a372d8da895274db941c8ffaef43aa5f	3483	Kw,Bb,Kw,Pw,Nb,Bw,Kb,Pw,Bb,,,,,,,Rw,Nw,,,,,,,Pb,Pw,,,,,,,Qw,Kw,,,,,,,Nb,Bw,,,,,,,Rb,Nb,,,,,,,Pw,Rb,Nw,Qb,Kb,Rb,Nb,Qw,Qb	darkRed	0
a37a5c6babdcfb75c196eece6f9eea1f	2897	Bw,Kw,Rw,Nb,Qw,Pw,Rb,Nb,Bw,,,,,,,Qb,Rb,,,,,,,Kw,Pw,,,Qb,Qb,,,Rw,Qw,,,Qb,Qb,,,Nb,Bb,,,,,,,Qw,Rw,,,,,,,Kb,Kw,Qb,Bw,Rw,Pb,Qw,Bb,Qb	lightRed	0
a37f437e47ed5bb134e5e06c65a384c6	3828	Rw,Nb,Qw,Kw,Rw,Nw,Qb,Pw,Bb,,,,,,,Nw,Qw,,,,,,,Rb,Pb,,,Nw,Nw,,,Kw,Rw,,,Nw,Nw,,,Qb,Bw,,,,,,,Nb,Qb,,,,,,,Rw,Qw,Nb,Qw,Kw,Rw,Nw,Qb,Qb	lightGray	0
a38190ce43baac55949dbccb38e04417	1935	Pb,Nb,Rw,Kb,Qw,Nw,Rb,Pb,Rw,,,,,,,Pb,Pb,,,,,,,Kb,Qw,,,Nw,Nw,,,Bw,Nb,,,Nw,Nw,,,Nb,Rb,,,,,,,Pw,Pw,,,,,,,Kw,Kb,Nw,Bb,Kw,Pw,Nb,Bw,Rb	lightGray	0
a395083fd52c6984a5d7772c1d0bd061	797	Qw,Rb,Bw,Qb,Pb,Rw,Bb,Kw,Pw,,,,,,,Qb,Kw,,,,,,,Bw,Bb,,,Rw,Rw,,,Rw,Nw,,,Rw,Rw,,,Pb,Pb,,,,,,,Qw,Kb,,,,,,,Bb,Nw,Kw,Bb,Nw,Pb,Kb,Bw,Nw	lightRed	0
a396bd0f3cf388fc5c87903b1d7847ec	606	Qb,Pw,Kw,Bb,Nw,Pb,Kb,Qw,Rb,,,,,,,Bw,Nw,,,,,,,Nb,Qw,,,Nb,Nb,,,Pb,Kb,,,Nb,Nb,,,Kb,Rw,,,,,,,Bb,Nb,,,,,,,Nw,Nw,Bb,Kw,Pw,Nb,Bw,Kb,Qb	lightGray	0
a396f0629bfd6cd2b35681767492a12a	890	Bb,Qb,Pb,Rb,Bw,Qw,Pw,Pb,Nb,,,,,,,Rw,Bw,,,,,,,Pb,Kw,,,,,,,Qb,Pw,,,,,,,Bw,Nw,,,,,,,Rb,Bb,,,,,,,Pw,Rw,Pw,Rb,Bw,Qb,Kw,Rw,Kw	lightGray	0
a397e2b9987061f1ce7923b1890b4de2	3128	Rw,Kw,Rw,Nb,Qw,Kb,Rb,Pw,Qb,,,,,,,Kw,Kw,,,,,,,Rw,Rb,,,,,,,Nw,Nw,,,,,,,Qb,Qw,,,,,,,Kb,Kb,,,,,,,Rb,Kw,Rw,Pb,Qb,Bw,Rb,Pw,Qb	lightRed	0
a39b8825a760dab75e92a3cccd65f8a0	2178	Nw,Kb,Pb,Nb,Bw,Kw,Pw,Bw,Rw,,,,,,,Kb,Kw,,,,,,,Qw,Qw,,,Rb,Rb,,,Nb,Nb,,,Rb,Rb,,,Rw,Rb,,,,,,,Kw,Kb,,,,,,,Qb,Qb,Bb,Nw,Pb,Kb,Qw,Nb,Pb	lightRed	0
a39d3de9fe8dfe11b05edcec3bf2e78f	2930	Nb,Rw,Nb,Qw,Kb,Rb,Nw,Qb,Qw,,,,,,,Nb,Nb,,,,,,,Rw,Rw,,,Nb,Nb,,,Kw,Kw,,,Nb,Nb,,,Qb,Qb,,,,,,,Nw,Nw,,,,,,,Pb,Rw,Rb,Nw,Qw,Kb,Rw,Nb,Nw	lightRed	0
a3a96e9cc42032cb048e78508d141978	1012	Bw,Kb,Pb,Nw,Bb,Kw,Pw,Qb,Kw,,,,,,,Bb,Qb,,,,,,,Qw,Nw,,,Pb,Pb,,,Pw,Rb,,,Pb,Pb,,,Rb,Kb,,,,,,,Bw,Qw,,,,,,,Qb,Pw,Rb,Bw,Qb,Pb,Rw,Bb,Nb	darkRed	0
a3aa3f50516c6904c12a8aeda9efd897	1736	Rw,Nw,Qb,Kb,Rb,Nb,Qw,Nb,Nw,,,,,,,Bb,Qb,,,,,,,Rw,Kw,,,,,,,Pb,Rw,,,,,,,Qb,Nb,,,,,,,Bw,Qw,,,,,,,Rb,Rw,Bb,Rw,Pb,Kb,Bw,Rb,Pb	lightGray	0
a3ab40ac5ada18e05fb3db5f8349042c	3601	Bw,Rw,Nb,Bw,Qb,Pb,Nw,Qw,Bw,,,,,,,Qw,Qb,,,,,,,Pw,Pw,,,Nw,Nw,,,Nw,Nb,,,Nw,Nw,,,Bb,Bb,,,,,,,Qb,Qw,,,,,,,Pb,Bw,Rb,Bw,Qb,Pb,Rw,Bb,Bw	lightGray	0
a3b6bb1eeafbebfbeee9e1a69e910a61	1679	Qb,Bw,Rb,Pw,Qw,Bb,Rw,Rw,Bw,,,,,,,Rb,Qb,,,,,,,Bw,Pw,,,Qb,Qb,,,Qw,Rb,,,Qb,Qb,,,Pw,Bb,,,,,,,Rw,Qw,,,,,,,Bb,Pw,Qb,Pb,Rw,Bb,Qw,Pw,Bw	lightGray	0
a3b8e34b514de2bd0c3f878bc5009a2c	2658	Qw,Pw,Kw,Bw,Nb,Pb,Kb,Qb,Kw,,,,,,,Nw,Qb,,,,,,,Bb,Bw,,,Bb,Bb,,,Kw,Rb,,,Bb,Bb,,,Pw,Pw,,,,,,,Nb,Qw,,,,,,,Bw,Pw,Qw,Bb,Rb,Pw,Qb,Bw,Kw	darkGray	0
a3bbc0cc7b29afe2f0c5c4c0457616e1	1980	Rb,Bw,Rb,Pb,Qb,Bb,Kw,Bb,Nb,,,,,,,Qb,Bw,,,,,,,Kw,Kb,,,,,,,Rb,Pb,,,,,,,Bw,Nw,,,,,,,Qw,Qb,,,,,,,Kb,Nw,Kw,Bb,Nb,Pw,Kb,Bw,Kw	lightRed	0
a3d6f69371fe50927c9c431c48abe349	1562	Pw,Nb,Bw,Kw,Pw,Nw,Bb,Bw,Pb,,,,,,,Rw,Rw,,,,,,,Pb,Bb,,,,,,,Qw,Qw,,,,,,,Bb,Pw,,,,,,,Rb,Rb,,,,,,,Pw,Rw,Qw,Nb,Rb,Kb,Qb,Nw,Kb	darkRed	0
a3de31c07edd7d37b67f05ef7c638da8	921	Bw,Nb,Bw,Kw,Pw,Nw,Bb,Bw,Bw,,,,,,,Nw,Rb,,,,,,,Pb,Pb,,,,,,,Kb,Qb,,,,,,,Qw,Bb,,,,,,,Nb,Rw,,,,,,,Pw,Pw,Kb,Qw,Nb,Rw,Kw,Qb,Pw	lightGray	0
a3e3bd2ffb6f8241ba7c00ccd0d142c1	3821	Nw,Bb,Qw,Pb,Rw,Bw,Qb,Rw,Nb,,,,,,,Nb,Pw,,,,,,,Pw,Kb,,,Pw,Pw,,,Kw,Bw,,,Pw,Pw,,,Bb,Nw,,,,,,,Nw,Rb,,,,,,,Pb,Rb,Rw,Kw,Qw,Nb,Rb,Kb,Kb	darkGray	0
a3ed8814b09889b3e5c41e5465860506	645	Rw,Kb,Qw,Nb,Rw,Kw,Qb,Nw,Bb,,,,,,,Pw,Rw,,,,,,,Qw,Pb,,,,,,,Bw,Qb,,,,,,,Rb,Bw,,,,,,,Pb,Rb,,,,,,,Kb,Pw,Nw,Bb,Kw,Pw,Nb,Bw,Pb	lightRed	0
a3f2d07fd3444b1c332659ea06dc9355	1817	Rw,Nb,Qw,Kw,Rw,Bw,Qb,Kw,Bb,,,,,,,Kw,Rw,,,,,,,Qb,Pw,,,,,,,Nb,Qw,,,,,,,Rw,Bw,,,,,,,Kb,Rb,,,,,,,Qw,Nw,Nw,Rb,Kb,Qw,Nb,Rw,Pw	lightRed	0
a3fdbdd73f7ddd3619b7b3c15e53035d	3610	Nb,Qb,Kw,Rb,Nw,Qw,Kb,Qw,Nw,,,,,,,Bb,Pb,,,,,,,Qw,Kb,,,Nw,Nw,,,Pw,Bw,,,Nw,Nw,,,Rb,Nb,,,,,,,Bw,Pw,,,,,,,Qb,Pw,Bw,Rb,Pb,Qb,Bb,Rw,Kb	lightGray	0
a40219e6d13c872b1f6b5483a40d1786	3124	Kb,Nb,Pw,Qb,Bw,Rw,Pb,Qw,Nw,,,,,,,Pw,Rb,,,,,,,Kw,Kw,,,,,,,Bb,Qb,,,,,,,Nw,Nb,,,,,,,Pb,Rw,,,,,,,Kb,Rw,Rw,Nb,Qb,Kw,Rb,Nw,Nw	darkRed	0
a420082bd370f984b3d42cf777da8a76	3803	Qb,Pb,Rw,Bb,Qw,Pw,Rb,Pw,Pw,,,,,,,Pw,Kw,,,,,,,Nb,Bw,,,,,,,Qb,Nb,,,,,,,Kw,Pb,,,,,,,Pb,Kb,,,,,,,Nw,Bb,Nw,Rb,Kw,Qb,Nb,Rw,Qb	darkGray	0
a4291548bed0c256e36a4b9deeb072e7	954	Rw,Kb,Pb,Nb,Qw,Kw,Pw,Bb,Rw,,,,,,,Rw,Rw,,,,,,,Bb,Rw,,,Nb,Nb,,,Qb,Rw,,,Nb,Nb,,,Pb,Rw,,,,,,,Rb,Rw,,,,,,,Bw,Rw,Pb,Qb,Bb,Rw,Pw,Qw,Qb	darkRed	0
a42bcc7365c0a0a41ba3bd50b48c4dff	1853	Kb,Pw,Qw,Bb,Nw,Pb,Qb,Qb,Bb,,,,,,,Rw,Rw,,,,,,,Kw,Pb,,,,,,,Qw,Kb,,,,,,,Nb,Bw,,,,,,,Rb,Rb,,,,,,,Kb,Bb,Kw,Bb,Nb,Pw,Kb,Bw,Rw	darkRed	0
a42daaf8382c1559a0752ab1a9004e11	3440	Pw,Nb,Rw,Kb,Qw,Nw,Rb,Nb,Qw,,,,,,,Kb,Bb,,,,,,,Qw,Rb,,,,,,,Nw,Pw,,,,,,,Rb,Qb,,,,,,,Kw,Bw,,,,,,,Qb,Bb,Nb,Bw,Kb,Pb,Nw,Bb,Nw	darkGray	1
a4450dd6e41394ab373a828a44ff38b4	1110	Nb,Kb,Pb,Nb,Bw,Kw,Pw,Qb,Pb,,,,,,,Bb,Rw,,,,,,,Rw,Bw,,,Pb,Pb,,,Pw,Qb,,,Pb,Pb,,,Qw,Pw,,,,,,,Bw,Rb,,,,,,,Rb,Nw,Kb,Rb,Nb,Qw,Kw,Rw,Pw	darkRed	0
a4478fe92d068c7d61ff2dd0bfe479a9	2175	Pw,Pb,Qb,Bw,Rb,Pw,Qw,Bw,Qb,,,,,,,Qb,Kw,,,,,,,Nw,Rb,,,Pb,Pb,,,Rw,Nw,,,Pb,Pb,,,Kw,Qw,,,,,,,Qw,Kb,,,,,,,Nb,Nw,Qw,Pw,Rw,Bb,Qb,Kw,Kw	darkRed	0
a4535da8dbfa38f12edea6b1cc2057d1	3796	Bw,Rb,Pw,Qw,Bb,Rw,Pb,Pb,Qw,,,,,,,Rb,Nb,,,,,,,Kb,Rw,,,Bb,Bb,,,Qb,Kw,,,Bb,Bb,,,Nw,Qb,,,,,,,Rw,Nw,,,,,,,Kw,Qw,Kw,Bb,Nb,Pw,Kb,Bw,Rb	darkRed	0
a457ea71c729b68dafe81f7a96cb2c88	1775	Nb,Qb,Kw,Rb,Nw,Qw,Kb,Kw,Rw,,,,,,,Nw,Pb,,,,,,,Qb,Qb,,,Nw,Nw,,,Kw,Bw,,,Nw,Nw,,,Rw,Rb,,,,,,,Nb,Pw,,,,,,,Qw,Rb,Qw,Pw,Rw,Bb,Qb,Pb,Qb	lightGray	0
a472c2491fdb7cc73bf018a2decced38	286	Qw,Bb,Rw,Pb,Qb,Nw,Rb,Nb,Kw,,,,,,,Rb,Bb,,,,,,,Kb,Nw,,,,,,,Bb,Pb,,,,,,,Nw,Kb,,,,,,,Pw,Bw,,,,,,,Kw,Qw,Pb,Qb,Bb,Rw,Pw,Qw,Kb	darkRed	0
a47952e5347b5322737d74f2e0e0d59e	3040	Rw,Kb,Bw,Nb,Pw,Kw,Bb,Pw,Bb,,,,,,,Bb,Kw,,,,,,,Rw,Pw,,,Nb,Nb,,,Pb,Nb,,,Nb,Nb,,,Qb,Bw,,,,,,,Bw,Kb,,,,,,,Qb,Nw,Kw,Bb,Nw,Rb,Kb,Bw,Pb	lightGray	0
a48e675eede8f0d9969b3e0a3797bd7a	1767	Rw,Pw,Nb,Bb,Kw,Pb,Nw,Pw,Rw,,,,,,,Rb,Rw,,,,,,,Nw,Rw,,,Nb,Nb,,,Qw,Rw,,,Nb,Nb,,,Kb,Rw,,,,,,,Rw,Rw,,,,,,,Nb,Rw,Qw,Kb,Rb,Nw,Qb,Kw,Bw	lightGray	0
a498abc6ffac1a94fa67e8c385f1991d	3500	Nb,Qb,Pb,Rb,Bw,Qw,Kb,Rb,Kb,,,,,,,Bb,Bw,,,,,,,Kw,Nb,,,,,,,Pb,Rw,,,,,,,Rw,Kw,,,,,,,Bw,Qb,,,,,,,Qb,Pw,Qb,Kw,Rw,Nb,Qw,Kb,Pw	lightGray	0
a49f8e7f75a207b0cbe9b512e69b291e	794	Rw,Kb,Qw,Nb,Rw,Kw,Qb,Pw,Nb,,,,,,,Kw,Pw,,,,,,,Qb,Kb,,,Qw,Qw,,,Nb,Bw,,,Qw,Qw,,,Rw,Nw,,,,,,,Kb,Pb,,,,,,,Qw,Nw,Rb,Nw,Qw,Kb,Rw,Nb,Qw	lightGray	0
a4a04fe9862d27dc6906c37c3980144c	794	Rw,Kb,Qw,Nb,Rw,Kw,Qb,Pw,Nb,,,,,,,Kw,Pw,,,,,,,Qb,Kb,,,Qw,Qw,,,Nb,Bw,,,Qw,Qw,,,Rw,Nw,,,,,,,Kb,Pb,,,,,,,Qw,Nw,Rb,Nw,Qw,Kb,Rw,Nb,Qw	lightGray	0
a4af3d294e21684696c1c3571fe1affc	176	Rw,Rw,Rw,Rw,Rw,Rw,Rw,Rw,Kw,,,,,,,Bb,Qb,,,,,,,Kw,Nw,,,,,,,Pb,Rb,,,,,,,Rw,Kb,,,,,,,Bw,Kw,,,,,,,Qb,Pb,Pb,Qb,Bb,Rw,Pw,Qw,Bb	lightGray	0
a4bc7756e2cee9c93b8f628c6412d653	3327	Bb,Nb,Pw,Kb,Bw,Nw,Pb,Rw,Bw,,,,,,,Rw,Kb,,,,,,,Rw,Pw,,,,,,,Rw,Nb,,,,,,,Rw,Bb,,,,,,,Rw,Qw,,,,,,,Rw,Kb,Qb,Kw,Rb,Nw,Qw,Kb,Rw	lightRed	0
a4e3745d2a629474918cc9f25204396f	501	Rw,Nw,Qb,Kb,Rb,Nb,Qw,Pw,Nb,,,,,,,Rw,Pw,,,,,,,Pb,Kb,,,,,,,Qw,Bw,,,,,,,Bb,Nw,,,,,,,Rb,Pb,,,,,,,Pw,Kw,Bb,Kw,Pb,Nw,Bw,Kb,Kb	lightRed	0
a4fe747970d7a63713c7e1b067ac0b49	3116	Bw,Nb,Bw,Kb,Pb,Nw,Bb,Kw,Nb,,,,,,,Rb,Rw,,,,,,,Bw,Kb,,,,,,,Qw,Qw,,,,,,,Pw,Bw,,,,,,,Rw,Rb,,,,,,,Nb,Nw,Pw,Rb,Bw,Qb,Pb,Rw,Nw	lightRed	0
a500304a6178e4a593e261cf84495564	2184	Pb,Nb,Bw,Kb,Pb,Nw,Bb,Rb,Qw,,,,,,,Kb,Nb,,,,,,,Pb,Rb,,,,,,,Nw,Kb,,,,,,,Bb,Qb,,,,,,,Kw,Nw,,,,,,,Pw,Bw,Kb,Qw,Nb,Rw,Kw,Qb,Pw	darkRed	0
a5020163c2e93608e5b331f021bf885f	1430	Bb,Pw,Nb,Bw,Kb,Rb,Nw,Kb,Bw,,,,,,,Bb,Nb,,,,,,,Nw,Pw,,,,,,,Pw,Kw,,,,,,,Kw,Bb,,,,,,,Bw,Nw,,,,,,,Nb,Qb,Rw,Bb,Qw,Pw,Rb,Bw,Pw	lightGray	0
a502ae377e8ca4fbc77acdbb92cb995f	3579	Bw,Qw,Pw,Rw,Bb,Qb,Pb,Qb,Rw,,,,,,,Rw,Pb,,,,,,,Pb,Qw,,,Pb,Pb,,,Qw,Bb,,,Pb,Pb,,,Bb,Rb,,,,,,,Rb,Pw,,,,,,,Pw,Qb,Rb,Bw,Qw,Pw,Rw,Bb,Bw	lightGray	0
a5149184d593d51d4731dc22d2272e3f	2160	Nb,Kb,Bw,Nw,Pb,Kw,Bb,Nb,Qb,,,,,,,Bw,Nw,,,,,,,Kb,Rb,,,Bb,Bb,,,Pw,Kb,,,Bb,Bb,,,Nb,Qw,,,,,,,Bb,Nb,,,,,,,Kw,Pw,Bw,Nb,Pb,Kb,Bb,Nw,Qb	darkRed	0
a51caa21b867db72ae4d603007291f83	1589	Rw,Bb,Qw,Pb,Rw,Bw,Qb,Rw,Kb,,,,,,,Qw,Rb,,,,,,,Nb,Nb,,,Pb,Pb,,,Rb,Qw,,,Pb,Pb,,,Kb,Kw,,,,,,,Qb,Rw,,,,,,,Nw,Rw,Bw,Nb,Pb,Kb,Bb,Nw,Bb	darkRed	1
a529a3295de2eb3b69486576954d272e	406	Pb,Bw,Qb,Pw,Rb,Bb,Qw,Bb,Kw,,,,,,,Nw,Pw,,,,,,,Qb,Nw,,,,,,,Kw,Bb,,,,,,,Rw,Kb,,,,,,,Nb,Pb,,,,,,,Qw,Rw,Qw,Nb,Rb,Kb,Qb,Nw,Pb	lightRed	0
a52a378469a792dc5183579e9eacb100	2266	Kw,Pb,Kb,Bb,Nw,Pw,Kw,Rw,Bb,,,,,,,Kb,Kw,,,,,,,Rb,Pw,,,,,,,Nb,Nb,,,,,,,Qw,Bw,,,,,,,Kw,Kb,,,,,,,Rw,Qb,Qb,Kw,Rb,Nw,Qw,Kb,Kb	lightRed	1
a53a1b8e782be79ea12e93e16ffa7258	3662	Rw,Rw,Rw,Rw,Rw,Rw,Rw,Rw,Rb,,,,,,,Kw,Pw,,,,,,,Pw,Qb,,,Nb,Nb,,,Nb,Bw,,,Nb,Nb,,,Bw,Rw,,,,,,,Kb,Pb,,,,,,,Pb,Qb,Bb,Rw,Pw,Qw,Bw,Rb,Bw	darkRed	0
a546704ac70f843f46de2577b22fb462	2031	Kw,Pb,Qb,Bw,Nb,Pw,Qw,Pw,Nw,,,,,,,Pw,Rb,,,,,,,Kw,Kw,,,Pw,Pw,,,Bw,Qb,,,Pw,Pw,,,Nb,Nb,,,,,,,Pb,Rw,,,,,,,Kb,Nb,Kw,Qb,Nb,Rw,Kb,Qw,Pw	darkGray	1
a54a78e3336d90fb05ec33cba577c22c	593	Pb,Qb,Nw,Rb,Kb,Qw,Nb,Nw,Nb,,,,,,,Bb,Pw,,,,,,,Kw,Kb,,,Pw,Pw,,,Pw,Bw,,,Pw,Pw,,,Nb,Nw,,,,,,,Kw,Rb,,,,,,,Kb,Kw,Pb,Kb,Bw,Nb,Pw,Kw,Nb	darkGray	0
a5517ee1a93a0c54e7b2faba1fd3c321	2638	Qb,Nb,Qw,Kb,Rb,Nw,Qb,Kw,Rw,,,,,,,Nb,Bb,,,,,,,Rw,Qw,,,Qb,Qb,,,Kw,Pw,,,Qb,Qb,,,Qb,Rb,,,,,,,Nw,Bw,,,,,,,Rb,Nw,Nb,Qw,Kw,Rw,Nw,Qb,Nb	darkGray	0
a55ca4865f6ab2eb31d763bab31fd7af	3935	Qw,Pw,Rb,Bw,Qb,Pb,Rw,Rw,Nw,,,,,,,Kb,Bb,,,,,,,Pb,Kb,,,,,,,Nb,Pb,,,,,,,Bw,Nb,,,,,,,Kw,Bw,,,,,,,Pw,Rb,Pb,Qb,Bb,Rw,Pw,Qw,Bw	darkRed	0
a56103d6b7b11f77f2e8e12201b41a48	1497	Pb,Nw,Bb,Kb,Pb,Nb,Bw,Qw,Kb,,,,,,,Kb,Qw,,,,,,,Rb,Bb,,,Rb,Rb,,,Nw,Rw,,,Rb,Rb,,,Qb,Pb,,,,,,,Kw,Qb,,,,,,,Rw,Rw,Rw,Rw,Rw,Rw,Rw,Rw,Rw	darkGray	0
a5630313aed25e2cfd5d588704370994	1174	Nw,Nw,Bb,Kw,Pw,Nb,Bw,Kb,Pw,,,,,,,Pw,Nb,,,,,,,Qw,Bb,,,Nw,Nw,,,Bb,Kw,,,Nw,Nw,,,Rw,Pb,,,,,,,Pb,Nw,,,,,,,Kb,Rb,Kb,Qw,Nw,Rb,Kw,Qb,Bb	lightRed	0
a57661450f627772ac74abe11721b5af	227	Qb,Qb,Nw,Rw,Kw,Qw,Nb,Nw,Nw,,,,,,,Nb,Pb,,,,,,,Pw,Kb,,,,,,,Qw,Bw,,,,,,,Bb,Rb,,,,,,,Nw,Pw,,,,,,,Pb,Kw,Bw,Nb,Pb,Kb,Bb,Nw,Rw	lightRed	0
a5891c67192ed33d0c40e500c02a797a	876	Nb,Pw,Kw,Bw,Nb,Pb,Kb,Rw,Pw,,,,,,,Kb,Nb,,,,,,,Qw,Bw,,,,,,,Nb,Kb,,,,,,,Rw,Pb,,,,,,,Kw,Nw,,,,,,,Qb,Rb,Bb,Qw,Pb,Rw,Bw,Qb,Nb	darkGray	0
a589ade92e2d6954f804f2b51e782b11	869	Nw,Rw,Kb,Qb,Nw,Rw,Kw,Pw,Nw,,,,,,,Qw,Rb,,,,,,,Nb,Kb,,,,,,,Rw,Qw,,,,,,,Kw,Nb,,,,,,,Qb,Rw,,,,,,,Nw,Bw,Bw,Kb,Pw,Nb,Bb,Kw,Pw	lightGray	0
a58fcf59f94c41b994f33614f773dae7	1794	Pw,Pw,Nb,Bw,Qb,Pb,Nw,Nw,Bw,,,,,,,Rb,Rb,,,,,,,Nw,Kw,,,Nb,Nb,,,Qw,Qb,,,Nb,Nb,,,Kb,Bb,,,,,,,Rw,Rw,,,,,,,Nb,Pw,Nw,Bb,Kb,Pb,Nb,Bw,Rw	darkRed	0
a59a706c30243a95493ebced99b52309	3000	Nw,Bb,Rw,Pb,Kb,Bw,Rb,Qw,Bb,,,,,,,Bw,Nw,,,,,,,Rb,Rb,,,,,,,Pw,Kb,,,,,,,Qw,Bw,,,,,,,Bb,Nb,,,,,,,Rw,Bw,Kw,Qb,Nb,Rw,Kb,Qw,Bw	lightGray	0
a5b26ea19289e5b7b9f2446e8692d234	1196	Pw,Qb,Bw,Rb,Pw,Kw,Bb,Bw,Bb,,,,,,,Kb,Nw,,,,,,,Kw,Pw,,,Bw,Bw,,,Nb,Kw,,,Bw,Bw,,,Rw,Bw,,,,,,,Kw,Nb,,,,,,,Kb,Kw,Kb,Bw,Nw,Pb,Kw,Bb,Nw	lightGray	0
a5b825a770c1d9cf6b39b979bacc4516	28	Qb,Nb,Qw,Kb,Rb,Nw,Qb,Rw,Bb,,,,,,,Kb,Kw,,,,,,,Pb,Pw,,,Pw,Pw,,,Nw,Nb,,,Pw,Pw,,,Bb,Bw,,,,,,,Kw,Kb,,,,,,,Pw,Nb,Qb,Pb,Rb,Bw,Qw,Pw,Pb	lightGray	0
a5c8944ed39c0347c16ef6b78098aba5	3191	Pw,Kw,Pw,Nb,Bw,Kb,Pb,Pw,Nb,,,,,,,Qb,Qw,,,,,,,Nw,Kb,,,,,,,Rb,Pb,,,,,,,Kb,Nw,,,,,,,Bw,Qb,,,,,,,Nb,Kb,Kb,Pb,Nw,Bb,Kw,Pw,Qw	lightGray	0
a5d2e608692b94e3393106881e5d964f	3201	Kw,Rw,Bb,Qb,Pb,Rb,Bw,Qw,Nb,,,,,,,Bw,Qw,,,,,,,Nb,Kb,,,,,,,Pb,Rb,,,,,,,Kb,Nw,,,,,,,Bb,Qb,,,,,,,Nw,Bw,Nb,Qw,Kw,Rw,Nw,Bb,Nw	lightRed	0
a5d68b64c07418c871723646ebda81a7	3196	Kb,Nw,Rb,Kb,Qw,Bb,Rw,Nw,Nw,,,,,,,Pw,Pb,,,,,,,Qw,Kb,,,Kb,Kb,,,Bb,Bw,,,Kb,Kb,,,Rw,Nb,,,,,,,Pb,Pw,,,,,,,Qb,Bw,Rw,Pb,Qb,Bw,Rb,Pw,Pb	darkRed	0
a5d8a99d851efdf0e9a9e559457ba8a5	3802	Qw,Rb,Kb,Qw,Nb,Rw,Kw,Kw,Rb,,,,,,,Pb,Nw,,,,,,,Kb,Qw,,,,,,,Bb,Kb,,,,,,,Nw,Rw,,,,,,,Pw,Nb,,,,,,,Kw,Rw,Nb,Rw,Kb,Qw,Nw,Rb,Kb	lightRed	0
a5e36a26d2feb7102d45be04c8e69019	95	Nb,Bw,Qb,Pw,Rb,Bb,Qw,Rw,Nb,,,,,,,Rw,Pw,,,,,,,Rw,Kw,,,,,,,Rw,Bb,,,,,,,Rw,Nw,,,,,,,Rw,Pb,,,,,,,Rw,Pw,Qb,Bw,Rw,Pb,Qw,Bb,Rw	darkRed	0
a5ef4df1e50e399b3a3701f0c795e60e	3987	Pb,Pw,Nb,Bb,Kw,Pb,Nw,Nw,Bb,,,,,,,Nw,Rw,,,,,,,Bb,Pw,,,,,,,Kb,Qw,,,,,,,Pb,Bw,,,,,,,Nb,Rb,,,,,,,Bw,Nb,Qw,Pw,Rw,Bb,Qb,Pb,Nw	darkRed	0
a6037c35ac2edd4a467f8a0ad8e40881	3294	Qb,Qb,Kw,Rb,Bw,Qw,Pw,Kb,Bb,,,,,,,Kb,Qw,,,,,,,Pb,Pw,,,,,,,Rw,Rb,,,,,,,Bb,Bw,,,,,,,Qw,Kb,,,,,,,Pw,Rw,Nb,Qw,Kb,Rb,Nw,Qb,Rb	darkGray	0
a60994fcd4b7d579fd873844c0556676	911	Qb,Qb,Bw,Rb,Pw,Qw,Bb,Bw,Pb,,,,,,,Nw,Kb,,,,,,,Qb,Qw,,,,,,,Kb,Nb,,,,,,,Rb,Pw,,,,,,,Nb,Kw,,,,,,,Qw,Rb,Rb,Nw,Qb,Kw,Rw,Nb,Kb	lightRed	0
a60a37f02d3fd2c33b44f6c9bfee2d1f	2173	Qw,Kw,Qb,Bw,Rb,Pw,Qw,Bw,Qb,,,,,,,Rw,Pb,,,,,,,Nb,Rb,,,Qb,Qb,,,Qw,Bw,,,Qb,Qb,,,Kb,Qw,,,,,,,Rb,Pw,,,,,,,Nw,Rb,Rw,Pb,Qb,Bw,Rb,Pw,Nb	darkRed	0
a623b8797da44d7a92cf605fefe3ab20	151	Qw,Kw,Qb,Nb,Rw,Kb,Qw,Kw,Rw,,,,,,,Rw,Pb,,,,,,,Nb,Qb,,,Nb,Nb,,,Qb,Bw,,,Nb,Nb,,,Kw,Nb,,,,,,,Rb,Pw,,,,,,,Nw,Rw,Nw,Rb,Kw,Qb,Nb,Rw,Rw	darkGray	0
a62959dcbb42dfdcaaadb186b4405e83	1228	Qw,Pw,Kw,Bw,Nb,Pb,Qb,Pb,Qb,,,,,,,Bw,Kw,,,,,,,Kb,Rw,,,,,,,Pb,Nb,,,,,,,Nw,Qw,,,,,,,Bb,Kb,,,,,,,Kw,Nb,Nw,Rb,Kw,Qb,Nb,Rw,Pb	lightGray	1
a629ccd54208b4f4df05e370343de6b3	1098	Rb,Rw,Kw,Qw,Nb,Rb,Kb,Bb,Kb,,,,,,,Qb,Rb,,,,,,,Kw,Nb,,,Bb,Bb,,,Rw,Qw,,,Bb,Bb,,,Nb,Kw,,,,,,,Qw,Rw,,,,,,,Kb,Kw,Nw,Pb,Kb,Bw,Rb,Pw,Nb	lightGray	0
a62c0a883eb4dd4019a10177c55ae0cb	3863	Pb,Qb,Kw,Rw,Nb,Qw,Pw,Rw,Rw,,,,,,,Kw,Pb,,,,,,,Bb,Qb,,,Bb,Bb,,,Nw,Bw,,,Bb,Bb,,,Pb,Rb,,,,,,,Qb,Pw,,,,,,,Bw,Rw,Bw,Rb,Pb,Qb,Bb,Rw,Kw	lightRed	0
a6336d30689553e6c3b549065f909a1a	1257	Rw,Qw,Kb,Rb,Nw,Qb,Kw,Kb,Rw,,,,,,,Nw,Rw,,,,,,,Rb,Rw,,,,,,,Kb,Rw,,,,,,,Qw,Rw,,,,,,,Bb,Rw,,,,,,,Rw,Rw,Pw,Qw,Nw,Rb,Kw,Qb,Pw	lightGray	0
a65013bef93e8a2bedac437794314bae	2011	Nw,Kw,Bb,Nw,Pb,Kb,Bw,Nw,Bw,,,,,,,Nw,Nb,,,,,,,Qb,Pw,,,Bw,Bw,,,Kb,Kw,,,Bw,Bw,,,Rb,Bb,,,,,,,Nb,Rw,,,,,,,Qw,Qb,Qb,Nw,Rw,Kw,Qw,Nb,Pw	darkRed	0
a65af61ed5618efaa43a489410c0cf31	2001	Nw,Bb,Qw,Pb,Rw,Bw,Qb,Pw,Nw,,,,,,,Pw,Rb,,,,,,,Kw,Kw,,,Pb,Pb,,,Bb,Bb,,,Pb,Pb,,,Nw,Nb,,,,,,,Pb,Pw,,,,,,,Kb,Kw,Qw,Nb,Rw,Kw,Qb,Nw,Bb	darkGray	0
a65c18bf6d0820b65860bca14fc35f25	1931	Bb,Nb,Rw,Kw,Qb,Nw,Rb,Qb,Qb,,,,,,,Nw,Bw,,,,,,,Qb,Nb,,,Kb,Kb,,,Kw,Pw,,,Kb,Kb,,,Rw,Kw,,,,,,,Nb,Bb,,,,,,,Qw,Pb,Kb,Bw,Nw,Pb,Qw,Bb,Kw	darkRed	0
a65c90a8806e7efeda97d715b22821e2	1946	Rw,Pw,Qw,Bw,Rb,Pb,Qb,Qb,Rw,,,,,,,Pw,Rw,,,,,,,Rb,Rw,,,Rb,Rb,,,Bw,Rw,,,Rb,Rb,,,Qb,Rw,,,,,,,Pb,Rw,,,,,,,Rw,Rw,Nw,Rb,Kw,Qb,Nb,Rw,Bb	lightRed	0
a665d95e2ed593b5f38145c8c80f145d	3064	Nw,Kb,Bw,Nb,Pw,Kw,Bb,Nb,Qw,,,,,,,Qb,Pw,,,,,,,Pb,Rb,,,,,,,Rb,Bw,,,,,,,Bw,Qb,,,,,,,Qw,Pb,,,,,,,Pw,Pb,Qw,Bb,Rb,Pw,Qb,Bw,Qw	lightRed	0
a672504220a27d6578202ddd12072580	3611	Bb,Bw,Nb,Pb,Qb,Bb,Nw,Bb,Kb,,,,,,,Nb,Qw,,,,,,,Pw,Nb,,,,,,,Qw,Rw,,,,,,,Bb,Kw,,,,,,,Nw,Qb,,,,,,,Pb,Bb,Bb,Nw,Pb,Kb,Bw,Rb,Nb	lightGray	0
a6737e7520cacf4a343d9f99d82a83a6	2363	Bw,Kw,Nb,Rb,Kb,Qb,Nw,Kb,Qb,,,,,,,Rb,Pb,,,,,,,Bw,Rb,,,Pb,Pb,,,Qb,Bw,,,Pb,Pb,,,Pb,Qw,,,,,,,Rw,Pw,,,,,,,Bb,Kw,Nw,Qb,Kb,Rb,Nb,Qw,Bb	darkRed	1
a68560e89053fcfdd55d29f1e071ec08	1778	Bb,Bb,Nw,Pb,Kb,Bw,Rb,Rw,Bw,,,,,,,Nw,Rb,,,,,,,Rb,Pw,,,,,,,Kb,Qw,,,,,,,Qw,Bb,,,,,,,Nb,Rw,,,,,,,Pw,Kw,Pb,Rw,Bw,Kb,Pw,Nb,Nw	lightRed	0
a686379cab2fd16109fdfd00219ecbfa	2068	Rw,Rw,Rw,Rw,Rw,Rw,Rw,Rw,Nw,,,,,,,Kb,Kb,,,,,,,Qw,Qb,,,,,,,Pw,Rb,,,,,,,Rb,Nb,,,,,,,Kw,Qw,,,,,,,Qb,Nw,Pw,Qw,Kb,Nw,Pb,Qb,Rb	lightRed	0
a6943be534c4a0e92b2f2bf34a08a952	580	Bw,Kb,Pb,Nb,Bw,Kw,Pw,Bb,Nb,,,,,,,Bb,Qw,,,,,,,Rw,Kw,,,,,,,Pw,Rw,,,,,,,Qw,Nw,,,,,,,Bw,Bb,,,,,,,Rb,Qw,Bw,Qb,Pw,Rb,Bb,Qw,Kb	lightGray	0
a695d4d92ccd8f3f3ff07e3cfafc961c	2071	Rb,Kw,Pw,Nw,Bb,Kb,Pb,Nb,Kb,,,,,,,Nb,Pb,,,,,,,Qw,Nb,,,Nb,Nb,,,Kb,Bw,,,Nb,Nb,,,Rb,Kw,,,,,,,Nw,Pw,,,,,,,Qb,Bb,Nw,Bb,Kw,Pw,Nb,Bw,Pw	darkRed	0
a6abb25c0af99146648d1deaf658d137	2205	Nw,Qb,Kw,Rw,Nb,Qw,Kb,Nw,Rb,,,,,,,Rw,Bw,,,,,,,Pb,Qb,,,,,,,Qb,Pb,,,,,,,Bw,Nw,,,,,,,Rb,Bb,,,,,,,Pw,Pw,Pb,Kb,Qw,Nb,Rw,Kw,Bw	darkGray	0
a6ac05223a0c304fb45fec34bf3333b7	3157	Bw,Bb,Qw,Pw,Rb,Bw,Kb,Kw,Nb,,,,,,,Qw,Pw,,,,,,,Nb,Kw,,,Kb,Kb,,,Rw,Bb,,,Kb,Kb,,,Kw,Nw,,,,,,,Qb,Pb,,,,,,,Nw,Pb,Pb,Qb,Bw,Rb,Pw,Qw,Kb	darkRed	0
a6be27ee9165d28d2208d0d9a1d941ef	2100	Rb,Qb,Kw,Rw,Nb,Qw,Pw,Nw,Bb,,,,,,,Qb,Nw,,,,,,,Pb,Pb,,,,,,,Rb,Kb,,,,,,,Bw,Bw,,,,,,,Qw,Nb,,,,,,,Pw,Kw,Rb,Pw,Qb,Bw,Rw,Kw,Qb	lightGray	0
a6be5cf2203b7d159a75b08b76de7358	3806	Bw,Nb,Rw,Kw,Qb,Nw,Rb,Qb,Pw,,,,,,,Qw,Nb,,,,,,,Kb,Bb,,,Pb,Pb,,,Rw,Kw,,,Pb,Pb,,,Nb,Pb,,,,,,,Qb,Rw,,,,,,,Kw,Qb,Qb,Nw,Rb,Kb,Qw,Nb,Kw	darkGray	0
a6c0f4b32d9e7a5e44ec54f98bf5195f	956	Rb,Kb,Bw,Nw,Pb,Kw,Bb,Rw,Pw,,,,,,,Kb,Rb,,,,,,,Qw,Bw,,,Pw,Pw,,,Nb,Qb,,,Pw,Pw,,,Rw,Pb,,,,,,,Kw,Rw,,,,,,,Qb,Qb,Nw,Qb,Kb,Rb,Nb,Qw,Kb	darkRed	0
a6c3f941cd80611c484c41195988a4e2	582	Rb,Bw,Nb,Pb,Kb,Bb,Nw,Pw,Nw,,,,,,,Kw,Pb,,,,,,,Qb,Kb,,,,,,,Nb,Bw,,,,,,,Rw,Nb,,,,,,,Kb,Pw,,,,,,,Qw,Qb,Kb,Pb,Nw,Bb,Kw,Pw,Bb	lightRed	0
a6c9644d0e5e34dc17f19089ef25aaa7	184	Pb,Nw,Bb,Kb,Pb,Nb,Bw,Qb,Pb,,,,,,,Pw,Rw,,,,,,,Kw,Bw,,,Nb,Nb,,,Bb,Qb,,,Nb,Nb,,,Nw,Pw,,,,,,,Pb,Rb,,,,,,,Kb,Pw,Pw,Rb,Nw,Qb,Kw,Rw,Rb	lightRed	0
a6d56c6dd094a0f5d1ab2d6043e005e9	1475	Kw,Pw,Kw,Bw,Nb,Pb,Kb,Pb,Kw,,,,,,,Pw,Qb,,,,,,,Kw,Nb,,,Nw,Nw,,,Bb,Rw,,,Nw,Nw,,,Nw,Kb,,,,,,,Pb,Qw,,,,,,,Qb,Pw,Nw,Rb,Pw,Qw,Nb,Rw,Bw	darkRed	0
a6e137e1adba9168bd6f1431086f9f99	919	Nw,Rw,Nb,Qb,Kw,Pb,Nw,Kb,Nw,,,,,,,Kb,Qb,,,,,,,Bw,Kb,,,,,,,Nw,Rb,,,,,,,Pb,Bb,,,,,,,Kw,Qw,,,,,,,Bb,Pb,Nb,Bw,Kw,Pw,Nw,Bb,Kb	lightGray	0
a6f0f849f02e845ffaf7a07de1e3681c	2781	Pb,Pb,Kb,Bw,Nb,Pw,Kw,Nw,Rb,,,,,,,Bw,Bw,,,,,,,Qb,Qb,,,Nb,Nb,,,Pb,Pb,,,Nb,Nb,,,Rw,Rw,,,,,,,Bb,Bb,,,,,,,Qw,Nb,Rb,Bw,Qb,Kw,Rw,Bb,Bb	lightGray	0
a6f2b512cda9934b28ada9e0553dfaf7	2995	Nw,Bw,Nb,Pw,Kw,Bb,Nw,Nb,Rb,,,,,,,Pb,Bw,,,,,,,Nw,Qw,,,Bb,Bb,,,Bw,Pw,,,Bb,Bb,,,Kb,Rw,,,,,,,Pw,Bb,,,,,,,Rb,Pw,Nw,Pb,Kw,Bb,Nb,Rw,Bw	darkRed	1
a6f4b3b2f59c60d312c3d22ff1b25d95	1574	Nw,Nb,Pw,Kb,Bw,Nw,Pb,Nb,Bb,,,,,,,Bb,Nw,,,,,,,Rw,Pb,,,,,,,Pw,Kb,,,,,,,Qw,Bw,,,,,,,Nw,Nb,,,,,,,Rb,Nw,Kb,Pb,Rw,Bb,Qw,Pw,Pb	darkGray	0
a6fadee6db1c2ed568d602dc605d7552	3951	Bb,Nb,Pw,Kb,Bw,Nw,Pb,Pb,Qb,,,,,,,Nw,Pb,,,,,,,Qb,Rb,,,,,,,Kb,Bw,,,,,,,Rb,Qw,,,,,,,Nb,Kb,,,,,,,Qw,Rb,Bb,Rw,Pw,Qw,Bw,Rb,Rb	lightGray	0
a700a2e3d9a60213587ac1381feca70c	950	Qw,Bw,Rb,Pb,Qb,Bb,Rw,Kb,Kb,,,,,,,Bw,Bw,,,,,,,Kb,Nw,,,Bb,Bb,,,Pw,Pb,,,Bb,Bb,,,Nb,Kw,,,,,,,Bb,Bb,,,,,,,Kw,Bb,Kw,Rw,Nb,Qw,Kb,Rb,Pb	darkGray	0
a70c853329ab61b3f70a81c3dbbe1af4	1699	Nb,Nb,Bw,Kw,Pw,Nw,Bb,Nw,Kw,,,,,,,Qw,Bb,,,,,,,Bb,Nw,,,Pb,Pb,,,Rw,Pb,,,Pb,Pb,,,Pb,Kb,,,,,,,Qb,Bw,,,,,,,Bw,Rw,Pb,Qb,Bw,Rb,Pw,Qw,Rb	lightRed	0
a7181bd7a199c4bdceefdc2da0e95ac0	2969	Qb,Kw,Bb,Nw,Pb,Kb,Bw,Nb,Qb,,,,,,,Nw,Kw,,,,,,,Bb,Rw,,,Rw,Rw,,,Kw,Nb,,,Rw,Rw,,,Pw,Qw,,,,,,,Nb,Kb,,,,,,,Bw,Bw,Kw,Bb,Nb,Pw,Qb,Bw,Bb	lightGray	0
a7231baa13949d31f12f8c181b412acc	1101	Qw,Pb,Kb,Bw,Nb,Pw,Kw,Pb,Rw,,,,,,,Rw,Pb,,,,,,,Bb,Qw,,,Nb,Nb,,,Qb,Bb,,,Nb,Nb,,,Pb,Rb,,,,,,,Rb,Pw,,,,,,,Bw,Pw,Pb,Qb,Bb,Rw,Pw,Qw,Rw	lightRed	0
a72e0822814a94c799f3d4884fc94035	1064	Qw,Pb,Kb,Bb,Nw,Pw,Kw,Rw,Pb,,,,,,,Bw,Rw,,,,,,,Qb,Bw,,,,,,,Pb,Qb,,,,,,,Rw,Pw,,,,,,,Bb,Rb,,,,,,,Qw,Qb,Bb,Kw,Pb,Nw,Bw,Kb,Bb	darkGray	0
a75241f0488fcbb927afcfae9b8498fd	2788	Pw,Pb,Rw,Bw,Qb,Pw,Rb,Rw,Rb,,,,,,,Rw,Pw,,,,,,,Rw,Qb,,,Qb,Qb,,,Rw,Nw,,,Qb,Qb,,,Rw,Rw,,,,,,,Rw,Pb,,,,,,,Rw,Rb,Qw,Bb,Rb,Pw,Qb,Bw,Rw	lightGray	0
a75ebdfb9b682355c1e9ca7c3f6ba6ff	906	Rw,Rb,Nw,Kb,Qw,Rw,Nb,Nw,Rw,,,,,,,Bw,Rw,,,,,,,Nb,Rw,,,Bb,Bb,,,Pb,Rw,,,Bb,Bb,,,Qb,Rw,,,,,,,Bb,Rw,,,,,,,Nw,Rw,Pw,Kw,Bw,Rb,Pb,Kb,Kb	darkGray	0
a774c16b79583bc5316296fe1edd30fa	3937	Bb,Rw,Kw,Qb,Nw,Rb,Kb,Nw,Bw,,,,,,,Qb,Qb,,,,,,,Nw,Pw,,,,,,,Rb,Nb,,,,,,,Kb,Bb,,,,,,,Qw,Qw,,,,,,,Nb,Qb,Qw,Bb,Rb,Pw,Qb,Bw,Qw	lightGray	0
a77a5884db817e365697a3bcb90f8b14	2827	Qw,Qw,Kb,Rw,Nb,Qb,Kw,Nw,Kw,,,,,,,Kw,Bb,,,,,,,Bb,Nb,,,,,,,Nw,Pw,,,,,,,Rb,Kb,,,,,,,Kb,Bw,,,,,,,Bw,Nw,Nb,Qw,Kb,Rb,Nw,Qb,Rw	lightRed	0
a783f71c7d0d543af1ecf9f73fbbd686	106	Bb,Rb,Nw,Qb,Kw,Rw,Bb,Qw,Nw,,,,,,,Kw,Pb,,,,,,,Bb,Kb,,,Nb,Nb,,,Nw,Bw,,,Nb,Nb,,,Pb,Nb,,,,,,,Kb,Pw,,,,,,,Bw,Kb,Bb,Kw,Rb,Nw,Bw,Kb,Qw	lightRed	0
a784de874614fca399dbbdd15fab95d4	646	Kb,Bb,Kw,Pw,Rb,Bw,Kb,Kw,Qb,,,,,,,Kw,Bw,,,,,,,Pw,Rw,,,,,,,Nw,Kw,,,,,,,Bb,Qw,,,,,,,Qb,Bb,,,,,,,Pb,Kw,Nb,Bw,Qb,Pb,Nw,Bb,Rb	lightRed	0
a7a7319a3aa20757479e4f4d5bb6e46f	1807	Rb,Qb,Kw,Rb,Nw,Qw,Kb,Kb,Pb,,,,,,,Pw,Rw,,,,,,,Qw,Bw,,,,,,,Bb,Qb,,,,,,,Nw,Pw,,,,,,,Pb,Rb,,,,,,,Qb,Qb,Qb,Pb,Rw,Bb,Qw,Pw,Qw	lightRed	0
a7b21a4fa46fccf1ab14f75168fdbebd	3576	Pb,Pw,Kw,Bw,Rb,Pb,Kb,Nb,Rb,,,,,,,Kw,Nw,,,,,,,Bb,Qw,,,Pw,Pw,,,Nb,Kb,,,Pw,Pw,,,Pw,Pw,,,,,,,Kb,Nb,,,,,,,Bw,Rb,Nb,Bw,Kw,Pw,Nw,Bb,Kb	darkRed	0
a7c8266a07431e3e043421a4df5af408	16	Pw,Rw,Pb,Qb,Bw,Nb,Pw,Nb,Nw,,,,,,,Kb,Rb,,,,,,,Qw,Kb,,,,,,,Nb,Qw,,,,,,,Rw,Nb,,,,,,,Kw,Rw,,,,,,,Bb,Rw,Rw,Rw,Rw,Rw,Rw,Rw,Rw	darkGray	0
a7d3cf4623261943564043cb8ffb1510	1162	Rw,Kb,Rb,Nw,Qb,Kw,Rw,Qw,Bw,,,,,,,Rb,Nb,,,,,,,Nw,Rw,,,,,,,Bb,Kw,,,,,,,Kw,Qb,,,,,,,Pw,Nw,,,,,,,Nb,Rw,Pb,Rw,Bw,Kb,Pw,Rb,Pw	darkRed	0
a7dfa245b7422e9865523aa2d90b636f	4043	Nb,Kb,Pb,Nb,Bw,Kw,Pw,Nw,Rb,,,,,,,Bb,Nw,,,,,,,Qw,Qb,,,,,,,Pb,Kw,,,,,,,Rw,Rw,,,,,,,Bw,Bb,,,,,,,Qb,Qb,Qw,Nb,Rb,Kb,Qb,Bw,Kb	darkRed	0
a7e0c42e77622da8ed4df3bee5e5ee78	2441	Pw,Kb,Pb,Nb,Bw,Kw,Pw,Rb,Qw,,,,,,,Kb,Bb,,,,,,,Pb,Nw,,,,,,,Nb,Pb,,,,,,,Bw,Qb,,,,,,,Kw,Bw,,,,,,,Rw,Bb,Qb,Nw,Rb,Pw,Qw,Nb,Rb	lightGray	0
a7ec1188a7bdb50904853d40ac6057d4	2391	Bb,Nw,Pb,Qw,Bb,Nb,Pw,Nb,Qb,,,,,,,Rw,Pb,,,,,,,Nb,Rb,,,Nw,Nw,,,Qw,Bw,,,Nw,Nw,,,Kb,Qw,,,,,,,Rb,Pw,,,,,,,Nw,Nw,Nw,Qb,Kw,Rw,Bb,Qw,Kw	lightGray	0
a7efde8097108fa6339ae1faeaf56554	1028	Bb,Nw,Pb,Kb,Bw,Nb,Pw,Pw,Nb,,,,,,,Kw,Bw,,,,,,,Rw,Kw,,,,,,,Nb,Pw,,,,,,,Qw,Nw,,,,,,,Kb,Bb,,,,,,,Rb,Pw,Rw,Pb,Qb,Bw,Rb,Pw,Nb	darkRed	0
a8034bd09234e1a4f9c101c832e7d44c	2669	Rw,Kw,Pw,Nw,Bb,Kb,Pb,Qb,Qw,,,,,,,Rb,Bb,,,,,,,Bw,Rw,,,,,,,Qw,Pb,,,,,,,Pw,Qb,,,,,,,Rw,Bw,,,,,,,Bb,Nb,Qb,Pb,Rw,Bb,Qw,Pw,Kb	lightGray	0
a804c26efec9e1706b213c10b463e10b	3461	Rb,Rw,Pb,Qb,Bw,Rb,Pw,Nb,Bw,,,,,,,Nb,Kb,,,,,,,Bw,Pw,,,Bb,Bb,,,Kw,Nb,,,Bb,Bb,,,Pw,Bb,,,,,,,Rw,Kw,,,,,,,Bb,Bw,Nw,Pb,Kb,Bw,Rb,Pw,Bb	lightRed	0
a829650e9babf26dffbc3dda66f442a1	1502	Kw,Bw,Nb,Pb,Kb,Bb,Nw,Rb,Qw,,,,,,,Bb,Kb,,,,,,,Kw,Rb,,,Rb,Rb,,,Pw,Nw,,,Rb,Rb,,,Nb,Qb,,,,,,,Bw,Kw,,,,,,,Kb,Nw,Rb,Pw,Qb,Bw,Rw,Pb,Bb	darkRed	0
a82bb5a401143b5e31fe5d427a2ea3c5	2748	Bw,Bw,Qb,Pw,Rb,Bb,Qw,Qw,Nb,,,,,,,Kb,Rw,,,,,,,Rb,Kb,,,,,,,Nw,Qw,,,,,,,Qb,Bw,,,,,,,Kw,Rb,,,,,,,Rw,Nb,Rb,Pw,Qw,Bb,Rw,Kw,Rw	darkGray	0
a842913f85651cf376ea97500e2c6d6a	1202	Bb,Nw,Rb,Kw,Qb,Nb,Rw,Bb,Kw,,,,,,,Bw,Bb,,,,,,,Kb,Nb,,,,,,,Pw,Pw,,,,,,,Nb,Kb,,,,,,,Bb,Bw,,,,,,,Qw,Kw,Bb,Rw,Pb,Qb,Bw,Rb,Kb	darkRed	0
a84aa7e4edffd7054e1a3b78f8603d65	2788	Pw,Pb,Rw,Bw,Qb,Pw,Rb,Rw,Rb,,,,,,,Rw,Pw,,,,,,,Rw,Qb,,,Qb,Qb,,,Rw,Nw,,,Qb,Qb,,,Rw,Rw,,,,,,,Rw,Pb,,,,,,,Rw,Rb,Qw,Bb,Rb,Pw,Qb,Bw,Rw	lightGray	0
a84b7515e5b8ace5c277b7662f0c5b7d	1224	Bw,Kb,Pb,Nb,Bw,Kw,Pw,Bw,Pw,,,,,,,Nw,Kw,,,,,,,Qb,Bw,,,Pb,Pb,,,Kb,Nb,,,Pb,Pb,,,Rb,Pb,,,,,,,Nb,Kb,,,,,,,Qw,Rw,Kw,Qb,Nb,Pw,Kb,Qw,Qb	darkRed	0
a84e63588048335b0c181e4a428ac244	28	Qb,Nb,Qw,Kb,Rb,Nw,Qb,Rw,Bb,,,,,,,Kb,Kw,,,,,,,Pb,Pw,,,Pw,Pw,,,Nw,Nb,,,Pw,Pw,,,Bb,Bw,,,,,,,Kw,Kb,,,,,,,Pw,Nb,Qb,Pb,Rb,Bw,Qw,Pw,Pb	lightGray	0
a8519b10bb170bcdf42ae86344417ce4	753	Qw,Nb,Pw,Kw,Bb,Nw,Pb,Nb,Pw,,,,,,,Rw,Rb,,,,,,,Bb,Bw,,,,,,,Qw,Qb,,,,,,,Pw,Pb,,,,,,,Rb,Nw,,,,,,,Bw,Rb,Pb,Rw,Bb,Qw,Pw,Rb,Pw	darkGray	0
a854046729c627078b67b21d41675ac6	1027	Bb,Bw,Kb,Pw,Nb,Bb,Kw,Pb,Qw,,,,,,,Bb,Pw,,,,,,,Kw,Rb,,,,,,,Pb,Bw,,,,,,,Nw,Kb,,,,,,,Bw,Pb,,,,,,,Kb,Rb,Kw,Bb,Nb,Pw,Kb,Qw,Bw	lightRed	0
a8707202a9687eef1c777c435b2fad17	34	Pw,Pb,Kb,Qw,Nb,Rw,Kw,Bw,Qw,,,,,,,Pw,Pw,,,,,,,Rb,Rb,,,,,,,Bb,Bw,,,,,,,Qw,Qb,,,,,,,Pb,Pb,,,,,,,Rw,Pb,Bb,Nw,Pb,Kb,Bw,Nb,Nb	lightGray	0
a8756d340a5dc27907c3f103eee8c516	1555	Nw,Nb,Qw,Qb,Rb,Nw,Qb,Rw,Qw,,,,,,,Pb,Bb,,,,,,,Rw,Rb,,,Pb,Pb,,,Bw,Pw,,,Pb,Pb,,,Qb,Qb,,,,,,,Pw,Bw,,,,,,,Rb,Kb,Nw,Rb,Kb,Qw,Nb,Rw,Rb	darkRed	0
a885be764b788e642a4a9a6d89f98f2c	1415	Bb,Nw,Rb,Kw,Qb,Nb,Pw,Rw,Nw,,,,,,,Qb,Pb,,,,,,,Kw,Kw,,,,,,,Rw,Bb,,,,,,,Nb,Nb,,,,,,,Qw,Pw,,,,,,,Pw,Rw,Nw,Pb,Kb,Bw,Nb,Pw,Bb	darkRed	0
a8885104fc2560c0f4ef048e875bd9ba	822	Rw,Rw,Rw,Rw,Rw,Rw,Rw,Rw,Bw,,,,,,,Kw,Kb,,,,,,,Qb,Pw,,,Pb,Pb,,,Nw,Nb,,,Pb,Pb,,,Rb,Bb,,,,,,,Qb,Kw,,,,,,,Qw,Nw,Bb,Qw,Pb,Rw,Bw,Qb,Pb	darkGray	0
a8995d62089d3514cc1d3fefa2f35cba	708	Rw,Bb,Rw,Pw,Qw,Bw,Rb,Qb,Pb,,,,,,,Kb,Kb,,,,,,,Qw,Bb,,,,,,,Nb,Nw,,,,,,,Rw,Pw,,,,,,,Kw,Kw,,,,,,,Qb,Bb,Qb,Bw,Rw,Pb,Qw,Bb,Kb	darkGray	0
a89acf0a1dcb99773cf1cd97482c706a	2993	Kw,Kb,Qw,Nw,Pb,Kw,Qb,Bw,Nb,,,,,,,Pw,Rw,,,,,,,Kw,Pb,,,Pb,Pb,,,Bb,Qb,,,Pb,Pb,,,Nw,Nw,,,,,,,Pb,Rb,,,,,,,Kb,Pw,Nw,Pb,Kw,Bb,Nb,Rw,Bw	darkRed	0
a8b1b89b352417215e66067b09f834ab	3919	Bw,Kb,Pb,Nb,Bw,Kw,Rw,Rb,Kw,,,,,,,Pb,Bb,,,,,,,Kb,Nb,,,,,,,Bb,Pw,,,,,,,Nw,Kb,,,,,,,Rw,Bw,,,,,,,Kw,Pb,Qb,Bw,Rw,Pb,Qw,Bb,Kw	lightRed	0
a8b297e710853760b2f61aa4895db0c6	146	Rw,Pb,Rw,Bw,Kb,Pw,Rb,Pw,Bw,,,,,,,Qb,Nb,,,,,,,Kw,Pw,,,Bb,Bb,,,Rb,Kw,,,Bb,Bb,,,Nw,Bb,,,,,,,Qw,Nw,,,,,,,Kb,Qb,Kb,Pb,Nw,Bb,Kw,Pw,Nw	lightRed	0
a8b501259fe51b30010be99368d4bd84	121	Bb,Bb,Nw,Pw,Kw,Bw,Nb,Kw,Pw,,,,,,,Kw,Kw,,,,,,,Rw,Bw,,,,,,,Nb,Nb,,,,,,,Qw,Pb,,,,,,,Kb,Kb,,,,,,,Rb,Pw,Nb,Rw,Kw,Qb,Nw,Rb,Qw	darkGray	0
a8c6710ce7f838c3a7e3b867f65f8aec	638	Nw,Qw,Pw,Rw,Bb,Qb,Kw,Kw,Nb,,,,,,,Qw,Rw,,,,,,,Nb,Kb,,,,,,,Rw,Qw,,,,,,,Kw,Nw,,,,,,,Qb,Rb,,,,,,,Nw,Kb,Bw,Rb,Pw,Qw,Bb,Rw,Qb	lightRed	0
a8ce10caf99f32433e7a9737ae6d201e	2457	Rw,Pb,Nw,Bw,Kb,Pw,Nb,Qb,Rw,,,,,,,Rw,Kw,,,,,,,Nb,Qb,,,,,,,Qb,Nw,,,,,,,Kw,Rb,,,,,,,Rb,Kb,,,,,,,Nw,Qb,Kw,Bb,Nw,Pb,Kb,Bw,Rw	darkRed	0
a8d3b2eb8d360282572dcfc4ccc58b28	3241	Rw,Rb,Bw,Qb,Pb,Nw,Bb,Nb,Kw,,,,,,,Kb,Qb,,,,,,,Pb,Nb,,,,,,,Nb,Rw,,,,,,,Bw,Kb,,,,,,,Kw,Qw,,,,,,,Pw,Kb,Pw,Kw,Bb,Nw,Pb,Kb,Bb	darkGray	0
a8d87b8038b236bb7d7a06536e1a41ce	2211	Pb,Pw,Rb,Bw,Qb,Pb,Rw,Qb,Qw,,,,,,,Nb,Pw,,,,,,,Pw,Rb,,,,,,,Kw,Bw,,,,,,,Bb,Qb,,,,,,,Nw,Pb,,,,,,,Pb,Pb,Kw,Bb,Nb,Pw,Kb,Bw,Qw	lightGray	0
a8e718fc7b901877685d1084197b540d	1979	Bw,Rb,Nw,Qw,Qb,Rw,Nb,Rb,Qw,,,,,,,Kb,Pw,,,,,,,Rb,Rb,,,,,,,Nb,Bw,,,,,,,Qw,Qb,,,,,,,Kw,Pb,,,,,,,Rw,Bb,Rw,Pb,Qb,Bw,Rb,Pw,Nb	lightGray	0
a8f21aefaacd06324fcb96dd46df134c	3630	Rw,Bb,Nw,Pw,Kw,Bw,Nb,Bw,Rw,,,,,,,Qw,Bb,,,,,,,Nb,Qw,,,,,,,Rb,Pw,,,,,,,Kb,Rb,,,,,,,Qb,Bw,,,,,,,Nw,Kw,Nb,Pw,Qb,Bw,Rw,Pb,Pb	darkGray	0
a8f2959fdf6508c1c5b85917bf167f40	1402	Rw,Pw,Nb,Bb,Kw,Pb,Nw,Bw,Rw,,,,,,,Qb,Rw,,,,,,,Bw,Rw,,,Bb,Bb,,,Rw,Rw,,,Bb,Bb,,,Pb,Rw,,,,,,,Qw,Rw,,,,,,,Bb,Rw,Pw,Qw,Bw,Rb,Pb,Qb,Qb	darkRed	0
a8f98b052d8b0915c5d4468d408bbdae	2996	Rw,Rb,Bw,Qb,Pb,Rw,Nb,Rb,Rw,,,,,,,Rw,Rw,,,,,,,Nb,Rw,,,,,,,Qb,Rw,,,,,,,Kw,Rw,,,,,,,Rb,Rw,,,,,,,Nw,Rw,Nb,Rw,Kb,Qw,Nw,Rb,Nb	darkGray	0
a8fd8bed6ca3047fcee38a363ef7ee79	584	Rw,Rw,Rw,Rw,Rw,Rw,Rw,Rw,Pw,,,,,,,Qw,Kw,,,,,,,Bb,Bb,,,Pb,Pb,,,Rb,Nw,,,Pb,Pb,,,Pw,Pb,,,,,,,Qb,Kb,,,,,,,Bw,Pb,Qb,Nw,Rb,Kb,Bw,Nb,Bw	darkRed	0
a8ff04eeddc46f99aa1dccf984e05378	2756	Kw,Qw,Pw,Rb,Bw,Qb,Kw,Kw,Nw,,,,,,,Qw,Rb,,,,,,,Pw,Kw,,,,,,,Rw,Qb,,,,,,,Bb,Nb,,,,,,,Qb,Rw,,,,,,,Pb,Kb,Pb,Qb,Bb,Rw,Pw,Kw,Pw	lightGray	0
a92509f1251a02880d824349d7fabfc9	1404	Kw,Rw,Pb,Qb,Bw,Rb,Pw,Qb,Rb,,,,,,,Kb,Pw,,,,,,,Qw,Qb,,,,,,,Nw,Bw,,,,,,,Rb,Rw,,,,,,,Kw,Pb,,,,,,,Qb,Kw,Bb,Kw,Pw,Nb,Bw,Kb,Qw	darkRed	0
a926abd692b95e811614d0defcc59bf4	3776	Qb,Rw,Nb,Qw,Kb,Rb,Nw,Kw,Qw,,,,,,,Rw,Pw,,,,,,,Pb,Rb,,,,,,,Qb,Bw,,,,,,,Bw,Qb,,,,,,,Rb,Pb,,,,,,,Pw,Qw,Kw,Bb,Nw,Pb,Qb,Bw,Pw	lightGray	0
a927cff12323074da4f95a3188e055de	751	Bw,Kb,Qw,Nb,Rw,Kw,Qb,Bw,Rw,,,,,,,Qw,Pb,,,,,,,Pw,Qw,,,Nb,Nb,,,Rb,Nb,,,Nb,Nb,,,Bw,Rb,,,,,,,Qb,Kb,,,,,,,Pb,Kw,Pw,Kw,Bb,Nw,Pb,Kb,Bb	darkRed	0
a929b3a395fc455737f94eaa7072e53e	1374	Rw,Nb,Pw,Kb,Bw,Nw,Pb,Pb,Pb,,,,,,,Nb,Rw,,,,,,,Pw,Bw,,,Nb,Nb,,,Kb,Qb,,,Nb,Nb,,,Bw,Pw,,,,,,,Nw,Rb,,,,,,,Pb,Bw,Nb,Kw,Kw,Pw,Nw,Bb,Rw	darkGray	0
a92aa50a046d4fb405cfeacb10a13cdb	3498	Bw,Qb,Kw,Rb,Nw,Bw,Kb,Kb,Bw,,,,,,,Nb,Nb,,,,,,,Qw,Pb,,,Rb,Rb,,,Kb,Kb,,,Rb,Rb,,,Rb,Bb,,,,,,,Nw,Nw,,,,,,,Qb,Rw,Nb,Qw,Kw,Rw,Nw,Qb,Pw	darkGray	0
a93e8b859b09545b5f06f1fe12d6034a	1287	Bb,Bb,Nw,Pw,Kw,Qw,Nb,Pb,Nb,,,,,,,Qw,Bw,,,,,,,Bb,Kb,,,Pb,Pb,,,Rw,Pb,,,Pb,Pb,,,Pb,Nw,,,,,,,Qb,Qb,,,,,,,Bw,Nb,Qb,Kw,Rb,Nw,Qw,Kb,Qw	darkGray	0
a94bb3795e4ce538ec36f12672c88673	1512	Nw,Qb,Pb,Rb,Bw,Qw,Pw,Nw,Kw,,,,,,,Rb,Bb,,,,,,,Bw,Nw,,,Qw,Qw,,,Qb,Pb,,,Qw,Qw,,,Pb,Kb,,,,,,,Rw,Qw,,,,,,,Bb,Rw,Bw,Rb,Pw,Qw,Nb,Rw,Pb	darkGray	1
a961b9e2d6bc56b62eacad117eabff44	1075	Kw,Rb,Pw,Qb,Bw,Rw,Pb,Bw,Nb,,,,,,,Bb,Rw,,,,,,,Rw,Kw,,,Pb,Pb,,,Pw,Qb,,,Pb,Pb,,,Qw,Nw,,,,,,,Bw,Rb,,,,,,,Rb,Kb,Qb,Pb,Rw,Bb,Qw,Pw,Qw	darkGray	0
a96e0a7ebc811ae241aec73cc36a853a	18	Qw,Kw,Bb,Nb,Pw,Kb,Bw,Rw,Qw,,,,,,,Bw,Pw,,,,,,,Nb,Rw,,,,,,,Rw,Bb,,,,,,,Kw,Qb,,,,,,,Bb,Pb,,,,,,,Nw,Qw,Qw,Nb,Rb,Kb,Qb,Nw,Pw	lightRed	0
a9a01550b329bbb2ea94b1974d74e766	57	Pb,Kb,Rb,Nb,Qw,Kw,Rw,Pb,Qb,,,,,,,Rb,Nw,,,,,,,Pw,Rw,,,,,,,Qw,Kw,,,,,,,Bb,Qw,,,,,,,Rw,Nb,,,,,,,Pb,Qw,Qb,Bw,Rw,Kw,Qw,Nb,Nb	darkRed	0
a9a91801f82573e48392e51916d04924	3036	Kw,Bb,Kw,Pw,Rb,Bw,Kb,Rb,Bb,,,,,,,Kb,Kw,,,,,,,Bw,Pw,,,,,,,Rw,Nb,,,,,,,Pb,Bw,,,,,,,Kw,Kb,,,,,,,Bb,Nb,Pw,Qw,Bw,Rb,Pb,Qb,Kb	lightRed	0
a9ba307e300c514787217da6a5ad7c6d	381	Rw,Rw,Rw,Rw,Rw,Rw,Rw,Rw,Bb,,,,,,,Pw,Qw,,,,,,,Kw,Pw,,,,,,,Bb,Rb,,,,,,,Nw,Bw,,,,,,,Rb,Qb,,,,,,,Kb,Rb,Bw,Nb,Pb,Kb,Bb,Nw,Pw	darkRed	0
a9d44b98f6e4f9d6d5fa66ab3acc5bd6	2562	Nb,Qb,Pb,Rw,Bb,Qw,Kb,Rb,Kw,,,,,,,Kw,Bb,,,,,,,Pw,Nb,,,,,,,Nb,Pw,,,,,,,Bw,Kb,,,,,,,Kb,Bw,,,,,,,Pb,Kb,Nb,Rw,Kb,Qw,Nw,Rb,Bb	lightRed	0
a9d6062f0431ff5c876db0147b46f55e	2987	Bb,Kb,Qw,Nw,Rb,Kw,Qb,Bb,Rw,,,,,,,Bw,Pb,,,,,,,Qb,Qw,,,,,,,Pb,Bb,,,,,,,Rw,Rb,,,,,,,Bb,Pw,,,,,,,Qw,Qw,Rb,Bw,Qb,Pb,Rw,Bb,Kw	lightGray	0
a9dbf8243edf79fe015ef020baef0661	727	Bw,Bb,Qw,Pw,Rb,Bw,Kb,Bw,Qw,,,,,,,Rw,Pw,,,,,,,Kw,Rw,,,,,,,Qw,Bb,,,,,,,Nb,Qb,,,,,,,Rb,Pb,,,,,,,Kb,Rw,Rw,Rw,Rw,Rw,Rw,Rw,Rw	darkRed	0
a9e4f8573a94dfd15f786af9c06f6958	3786	Pb,Bb,Nw,Pb,Kb,Bw,Nb,Nb,Pw,,,,,,,Rw,Rb,,,,,,,Kw,Bb,,,Kb,Kb,,,Qb,Qw,,,Kb,Kb,,,Bw,Pb,,,,,,,Rb,Rw,,,,,,,Kb,Nw,Bw,Qb,Pb,Rw,Bb,Qw,Nb	darkGray	0
a9f71c6f503530f89396175345f7960e	1980	Rb,Bw,Rb,Pb,Qb,Bb,Rw,Bb,Nb,,,,,,,Qb,Bw,,,,,,,Kw,Kb,,,,,,,Rb,Pb,,,,,,,Bw,Nw,,,,,,,Qw,Qb,,,,,,,Kb,Nw,Kw,Bb,Nb,Pw,Kb,Bw,Kw	lightRed	0
a9fd7b37f62ca59c23461491a2417dd0	1039	Bw,Bw,Qb,Pb,Nw,Bb,Kw,Pb,Bb,,,,,,,Qw,Nw,,,,,,,Kb,Pw,,,Pb,Pb,,,Rb,Kw,,,Pb,Pb,,,Nw,Bw,,,,,,,Qb,Nb,,,,,,,Pb,Nw,Nw,Pb,Kw,Bb,Nb,Pw,Rw	lightGray	0
aa0bdf522360a49a6d01973618efb405	277	Pw,Rw,Pb,Qb,Bw,Rb,Pw,Pw,Nb,,,,,,,Nw,Qw,,,,,,,Rb,Kb,,,,,,,Pw,Rb,,,,,,,Qw,Nw,,,,,,,Nb,Qb,,,,,,,Rw,Rb,Kw,Rw,Nb,Qw,Kb,Rb,Rb	darkRed	0
aa13499c698654a17fb60ce1be2cd988	1936	Rw,Qb,Bw,Rw,Kw,Qw,Bb,Pb,Rb,,,,,,,Kw,Bw,,,,,,,Pw,Qb,,,,,,,Nb,Pb,,,,,,,Bw,Rw,,,,,,,Qb,Bb,,,,,,,Pb,Pb,Pw,Kw,Bb,Nw,Pb,Kb,Nb	darkGray	0
aa136b55f553f54f389846a9e6a241a0	406	Pb,Bw,Qb,Pw,Rb,Bb,Qw,Bb,Kw,,,,,,,Nw,Pw,,,,,,,Qb,Nw,,,,,,,Kw,Bb,,,,,,,Rw,Kb,,,,,,,Nb,Pb,,,,,,,Qw,Rw,Qw,Nb,Rb,Kb,Qb,Nw,Pb	lightRed	0
aa14c34f1385b100c70ead0bb0a72e3c	1898	Pb,Nb,Qw,Kw,Rw,Nw,Qb,Bb,Pb,,,,,,,Nb,Kb,,,,,,,Pw,Bw,,,,,,,Kw,Nb,,,,,,,Bb,Pw,,,,,,,Nw,Kw,,,,,,,Pb,Kw,Pb,Kb,Bb,Nw,Pw,Kw,Pw	darkRed	0
aa26d3afa2121c44d61d9fafdbcba839	2382	Nw,Bw,Qb,Pb,Rw,Bb,Qw,Nb,Bw,,,,,,,Qb,Qb,,,,,,,Nw,Pw,,,,,,,Rw,Rb,,,,,,,Kw,Bb,,,,,,,Qw,Qw,,,,,,,Nb,Bb,Pb,Qb,Nb,Rw,Kb,Qw,Qw	lightGray	0
aa32c2c8a70c28423b7a070c245764a0	3332	Pb,Qb,Bw,Rb,Pw,Qw,Bb,Pb,Qw,,,,,,,Bw,Nb,,,,,,,Rb,Rb,,,,,,,Pw,Kb,,,,,,,Qw,Qb,,,,,,,Bb,Nw,,,,,,,Rw,Qb,Pw,Nb,Bw,Kb,Pb,Nw,Rb	lightRed	0
aa4fb8518d4b0d1fd10a52af2bfa6be0	3707	Qw,Nw,Qb,Kb,Rb,Nb,Qw,Rb,Kw,,,,,,,Nb,Pw,,,,,,,Rw,Nw,,,Pw,Pw,,,Kw,Bb,,,Pw,Pw,,,Qb,Kb,,,,,,,Nw,Pb,,,,,,,Rb,Rb,Qb,Kw,Rb,Nw,Qw,Kb,Kb	darkRed	0
aa550b57350b9be7e3b9ed2b591b6462	1091	Pb,Nw,Qb,Kb,Rb,Nb,Qw,Bw,Bw,,,,,,,Qw,Qb,,,,,,,Kb,Pw,,,,,,,Rb,Rb,,,,,,,Nw,Nb,,,,,,,Qb,Qw,,,,,,,Kw,Rw,Nw,Bb,Kb,Pb,Nb,Bw,Nb	darkGray	0
aa8501f2410bbe31b9d02d4627e54f13	3456	Rb,Rb,Nw,Qw,Pw,Rw,Bb,Bb,Nb,,,,,,,Rb,Qw,,,,,,,Bw,Kb,,,Bb,Bb,,,Qb,Pb,,,Bb,Bb,,,Pb,Nw,,,,,,,Rw,Bb,,,,,,,Bb,Qb,Qw,Pw,Rb,Bw,Qb,Pb,Qw	darkRed	0
aa8eeb568f828b2718557db3a669001c	1311	Pw,Bb,Rw,Pw,Qw,Bw,Rb,Qb,Pw,,,,,,,Rb,Kw,,,,,,,Nw,Bw,,,,,,,Qb,Nb,,,,,,,Kw,Pb,,,,,,,Rw,Kb,,,,,,,Nb,Kb,Bb,Kw,Pw,Nb,Bw,Kb,Bb	lightGray	1
aab766ed91cf888c76386484d723e2c1	1780	Pb,Bw,Rb,Pw,Qw,Nb,Rw,Qb,Qb,,,,,,,Rw,Bw,,,,,,,Bb,Rb,,,Bb,Bb,,,Qb,Pw,,,Bb,Bb,,,Pb,Qw,,,,,,,Rb,Bb,,,,,,,Bw,Qb,Nw,Qb,Kw,Pw,Nb,Bw,Bb	lightRed	0
aabf55516edb16af005a9faefb972d8c	931	Nw,Pw,Nb,Bw,Kb,Pb,Nw,Bb,Bw,,,,,,,Kw,Kb,,,,,,,Qb,Pb,,,,,,,Nw,Nw,,,,,,,Rb,Bb,,,,,,,Kb,Kw,,,,,,,Qw,Kb,Pb,Qb,Bb,Rw,Pw,Qw,Pb	lightGray	0
aad975a2abe22c27b835cdb22bf93666	1398	Kb,Nb,Bw,Kb,Pb,Nw,Bb,Nw,Kw,,,,,,,Nb,Pw,,,,,,,Pw,Nb,,,Pw,Pw,,,Kw,Bw,,,Pw,Pw,,,Bb,Kb,,,,,,,Nw,Pb,,,,,,,Pb,Pb,Pb,Nw,Bb,Qw,Pw,Rb,Qb	lightRed	0
aaecf1bb39d150eb21b0e86602825094	2564	Rb,Pw,Rb,Bb,Qw,Pb,Rw,Nw,Pb,,,,,,,Nb,Nw,,,,,,,Qw,Bw,,,Rw,Rw,,,Kb,Kb,,,Rw,Rw,,,Rb,Pw,,,,,,,Nw,Nb,,,,,,,Qb,Pw,Qw,Pw,Rb,Bw,Kb,Pb,Qb	lightGray	0
aafdf4153da59f6a579d794278b5a9fa	2542	Kw,Kw,Rw,Nb,Qw,Kb,Pb,Kw,Qw,,,,,,,Kb,Kb,,,,,,,Bw,Rw,,,,,,,Nw,Nb,,,,,,,Pb,Qb,,,,,,,Kw,Kw,,,,,,,Bb,Rw,Rw,Rw,Rw,Rw,Rw,Rw,Rw	darkGray	0
ab023402944fc2542c63c3c22fd81f15	2621	Nb,Qb,Kw,Rw,Nb,Qw,Kb,Pb,Kw,,,,,,,Bb,Pw,,,,,,,Qw,Nb,,,,,,,Pw,Bw,,,,,,,Rb,Kb,,,,,,,Bw,Pb,,,,,,,Qb,Kb,Qw,Bb,Rw,Pb,Qb,Bw,Qw	lightGray	0
ab096efece200a3d7b0e82e69226febc	791	Bw,Qb,Pb,Rw,Bb,Qw,Pw,Bb,Rw,,,,,,,Qb,Kw,,,,,,,Pb,Qw,,,Pb,Pb,,,Rb,Nb,,,Pb,Pb,,,Bw,Rb,,,,,,,Qw,Kb,,,,,,,Kb,Qw,Rb,Nw,Qw,Kb,Pw,Nb,Rb	darkGray	0
ab0f8e39e0b7059a7d239477c3964526	50	Kb,Nw,Qb,Pw,Rb,Nb,Qw,Pw,Nw,,,,,,,Bw,Bb,,,,,,,Rb,Kw,,,,,,,Pw,Pw,,,,,,,Qw,Nb,,,,,,,Bb,Bw,,,,,,,Rw,Bw,Bb,Rw,Pw,Qw,Bw,Rb,Nw	lightGray	0
ab10b169ed58955e3093671643fe9396	2394	Rw,Bb,Qw,Pw,Rb,Bw,Qb,Qb,Bw,,,,,,,Kb,Kb,,,,,,,Qw,Pb,,,,,,,Nb,Nw,,,,,,,Rw,Bb,,,,,,,Kw,Kw,,,,,,,Qb,Nw,Nw,Qb,Kb,Rb,Nb,Qw,Kb	lightGray	0
ab335a4714bc28a1a646afea36ba07b7	2699	Nw,Pw,Nb,Bw,Kb,Pb,Nw,Rb,Nw,,,,,,,Rb,Rb,,,,,,,Bw,Kw,,,Rb,Rb,,,Kw,Qb,,,Rb,Rb,,,Pw,Nb,,,,,,,Rw,Rw,,,,,,,Bb,Pw,Kw,Pw,Nw,Bb,Qb,Pw,Rw	darkRed	0
ab346cd6eb83ec4ec8221a2bb25e20bb	1450	Nb,Bb,Nw,Pw,Kw,Bw,Nb,Nb,Bw,,,,,,,Kb,Rb,,,,,,,Pb,Pw,,,,,,,Nb,Qw,,,,,,,Bw,Bb,,,,,,,Kw,Rw,,,,,,,Pw,Kb,Nw,Bb,Kw,Pw,Nb,Bw,Rw	darkRed	0
ab3a0ef482122fb353996b41617abb6b	2926	Rw,Kb,Qw,Nb,Rw,Kw,Qb,Rb,Pw,,,,,,,Rw,Rb,,,,,,,Nb,Bw,,,,,,,Qb,Qb,,,,,,,Kw,Pb,,,,,,,Rb,Rw,,,,,,,Nw,Pb,Nb,Bw,Kb,Pb,Nw,Bb,Nw	lightGray	0
ab450d45a5e1f3cb5b715615c8c8bc15	193	Nb,Bw,Rb,Pw,Kw,Bb,Nw,Rb,Nb,,,,,,,Nb,Rw,,,,,,,Qw,Kb,,,Nb,Nb,,,Kb,Qw,,,Nb,Nb,,,Rb,Nw,,,,,,,Nw,Rb,,,,,,,Qb,Nw,Bb,Kw,Pb,Nw,Bw,Kb,Pw	darkRed	0
ab467371122b51290beb49d7ca03f2fa	2516	Rb,Qw,Bb,Rw,Pb,Qb,Bw,Bb,Nw,,,,,,,Kw,Qb,,,,,,,Pw,Kw,,,,,,,Nw,Rw,,,,,,,Bb,Nb,,,,,,,Kb,Qw,,,,,,,Pb,Bb,Qb,Kw,Rb,Bw,Qw,Pw,Nb	darkGray	0
ab47adaa3d17bda26a47b1df3cb3fea9	1586	Bw,Kb,Rb,Nw,Bb,Kw,Rw,Bb,Kw,,,,,,,Qw,Rw,,,,,,,Bb,Nb,,,Rb,Rb,,,Nw,Qw,,,Rb,Rb,,,Pb,Kb,,,,,,,Kb,Rb,,,,,,,Bw,Rb,Qb,Bw,Rb,Pw,Qw,Bb,Rb	darkRed	0
ab4f10a507f3336cde249a62176327f0	715	Nw,Nw,Bb,Kb,Pb,Nb,Bw,Rb,Kb,,,,,,,Pw,Qw,,,,,,,Qw,Nb,,,Rw,Rw,,,Bb,Rw,,,Rw,Rw,,,Rw,Kw,,,,,,,Pb,Qb,,,,,,,Qb,Qb,Kb,Rb,Nw,Qb,Kw,Rw,Rw	lightGray	0
ab5b4c1459f2e661421dcb42bde59243	744	Qb,Nb,Bw,Kw,Pw,Nw,Bb,Pb,Nb,,,,,,,Kw,Bw,,,,,,,Bb,Kw,,,Qb,Qb,,,Nb,Pw,,,Qb,Qb,,,Pw,Nw,,,,,,,Kb,Bb,,,,,,,Bw,Nw,Rw,Pb,Qw,Bb,Rb,Pw,Pw	darkRed	0
ab5cd500b3b4a33d6322a34e8eb4ced2	237	Kw,Kb,Nw,Pw,Kw,Bw,Nb,Qw,Kw,,,,,,,Pw,Rw,,,,,,,Nb,Nw,,,Pw,Pw,,,Bw,Qb,,,Pw,Pw,,,Kb,Kb,,,,,,,Pb,Rb,,,,,,,Nw,Pb,Qb,Bw,Rb,Pw,Qw,Nb,Rw	darkGray	0
ab680aba82f8bae05c38836ca1083963	2713	Qw,Bb,Qw,Pw,Rb,Bw,Qb,Rw,Nw,,,,,,,Rb,Bb,,,,,,,Kb,Kw,,,,,,,Qb,Pw,,,,,,,Nw,Nb,,,,,,,Rw,Bw,,,,,,,Kw,Qw,Pb,Nw,Bw,Kb,Pw,Nb,Qw	lightRed	0
ab69ef55fccf606e9ce94c8afddce0d5	1932	Rw,Rb,Bw,Qw,Pw,Nw,Bb,Kw,Rw,,,,,,,Qw,Rw,,,,,,,Bb,Rw,,,,,,,Rw,Rw,,,,,,,Pb,Rw,,,,,,,Qb,Rw,,,,,,,Bw,Rw,Pw,Nb,Bw,Kb,Pb,Nw,Bb	lightRed	0
ab7da3c8825516d3805f6c68566a7d08	1134	Pb,Rw,Pb,Qb,Bw,Rb,Kb,Pw,Bb,,,,,,,Rb,Rw,,,,,,,Kb,Pb,,,,,,,Qb,Qb,,,,,,,Nw,Bw,,,,,,,Rw,Rb,,,,,,,Kw,Kw,Qw,Kb,Rw,Nb,Qb,Kw,Rw	darkGray	0
ab7ea605a63508c88c2a77b6c9e4e2bb	73	Bw,Rw,Bb,Qw,Pw,Rb,Bw,Pw,Nw,,,,,,,Rb,Bb,,,,,,,Kb,Kb,,,Bw,Bw,,,Qw,Pb,,,Bw,Bw,,,Nb,Nb,,,,,,,Rw,Bw,,,,,,,Kw,Nw,Nw,Pb,Kb,Bw,Nb,Pw,Rw	lightGray	0
ab829cca3ddf2dea7a29ac7b3edb19a6	3662	Rw,Rw,Rw,Rw,Rw,Rw,Rw,Rw,Rb,,,,,,,Kw,Pw,,,,,,,Pw,Qb,,,Nb,Nb,,,Nb,Bw,,,Nb,Nb,,,Bw,Rw,,,,,,,Kb,Pb,,,,,,,Pb,Qb,Bb,Rw,Pw,Qw,Bw,Rb,Bw	darkRed	0
ab84e85480782fadc830c2476f016275	2225	Pw,Bw,Qb,Pw,Rb,Bb,Qw,Bb,Pb,,,,,,,Bw,Nw,,,,,,,Kb,Bb,,,,,,,Pw,Kw,,,,,,,Nb,Pw,,,,,,,Bb,Nb,,,,,,,Qw,Rw,Qb,Pb,Rb,Bw,Qw,Pw,Bw	darkRed	0
aba82ad69d91df1dec4e039ac097c5d2	2015	Qb,Nw,Pb,Kw,Bb,Nb,Pw,Pw,Bw,,,,,,,Nw,Nb,,,,,,,Rb,Pb,,,Rb,Rb,,,Kb,Kb,,,Rb,Rb,,,Qw,Bb,,,,,,,Nb,Nw,,,,,,,Rw,Bw,Bb,Nw,Pw,Kw,Bw,Nb,Nb	darkRed	0
abbf573f6ff335aec3672c3e6eef1e26	2566	Kb,Pb,Rw,Bw,Qb,Pw,Rb,Pw,Qw,,,,,,,Bb,Kb,,,,,,,Rw,Rb,,,,,,,Pb,Nw,,,,,,,Qb,Bb,,,,,,,Bw,Kw,,,,,,,Rb,Bb,Bb,Nw,Pw,Kw,Bw,Nb,Qb	darkGray	0
abc3d818afa64fac093650bec79e5df6	3393	Bb,Kw,Bb,Nb,Pw,Kb,Bw,Kb,Rw,,,,,,,Bb,Pb,,,,,,,Nw,Qw,,,Bb,Bb,,,Pb,Bb,,,Bb,Bb,,,Kb,Rb,,,,,,,Bw,Pw,,,,,,,Nb,Nw,Bb,Kw,Pw,Nb,Bw,Kb,Bw	lightGray	0
abce567d7ba40629410330d665492637	1778	Bb,Bb,Nw,Pb,Kb,Bw,Rb,Rw,Bw,,,,,,,Nw,Rb,,,,,,,Rb,Pw,,,,,,,Kb,Qw,,,,,,,Qw,Bb,,,,,,,Nb,Rw,,,,,,,Pw,Kw,Pb,Rw,Bw,Kb,Pw,Nb,Nw	lightRed	0
abe32830dce586bf2806dcc8b63a2eaa	2048	Rw,Kw,Bb,Rb,Pw,Qb,Bw,Pw,Nb,,,,,,,Qw,Pw,,,,,,,Pw,Kw,,,,,,,Rb,Bb,,,,,,,Bw,Nw,,,,,,,Qb,Pb,,,,,,,Pb,Kb,Nb,Bw,Kb,Pb,Nw,Bb,Nw	lightGray	0
abf702a566e81a752e51768cfd744cbf	3908	Rw,Rw,Bb,Qw,Pw,Nb,Bw,Kw,Bw,,,,,,,Kb,Kb,,,,,,,Qw,Pw,,,,,,,Nw,Nb,,,,,,,Rb,Qb,,,,,,,Kw,Kw,,,,,,,Qb,Bb,Nb,Qw,Kw,Rw,Nw,Bb,Nb	lightRed	0
ac014ae265a75aa323ef5f741f1cec09	3864	Pw,Bb,Qw,Pw,Rb,Bw,Qb,Nw,Qb,,,,,,,Kb,Kw,,,,,,,Qw,Rw,,,,,,,Nb,Nb,,,,,,,Rw,Kw,,,,,,,Kw,Kb,,,,,,,Bb,Bb,Kw,Bb,Nb,Pw,Qb,Bw,Pw	darkRed	0
ac0a1b1104f182b6393f3798776a0eab	2078	Nb,Pw,Qw,Bw,Rb,Pb,Qb,Kw,Nw,,,,,,,Pb,Bb,,,,,,,Rw,Kb,,,,,,,Bb,Pb,,,,,,,Qw,Nb,,,,,,,Pw,Bw,,,,,,,Rb,Kb,Nw,Rb,Kb,Qw,Bb,Rw,Nw	lightGray	0
ac0dad631dd489fc5d9e3a640927f251	117	Qb,Bw,Nb,Pw,Kw,Bb,Nw,Bb,Pb,,,,,,,Pw,Rw,,,,,,,Rb,Bb,,,Nb,Nb,,,Bb,Qw,,,Nb,Nb,,,Qw,Pw,,,,,,,Kw,Rb,,,,,,,Rw,Kw,Bw,Qb,Pb,Rw,Bb,Qw,Bb	lightGray	0
ac0ed1d457aa0a990cff5839c1ebbe3e	1348	Bw,Rb,Bw,Qb,Kb,Rw,Nb,Qb,Bb,,,,,,,Bb,Rw,,,,,,,Qw,Kb,,,,,,,Kb,Qb,,,,,,,Rw,Bw,,,,,,,Bw,Rb,,,,,,,Qb,Kw,Bb,Rw,Kw,Qw,Nw,Rb,Bw	darkRed	0
ac189d886e273ec2b0f69dc583128017	2275	Qb,Kb,Rb,Nw,Qb,Kw,Rw,Qw,Nw,,,,,,,Qw,Pb,,,,,,,Nb,Kb,,,Nw,Nw,,,Rw,Bw,,,Nw,Nw,,,Kw,Nb,,,,,,,Qb,Pw,,,,,,,Nw,Kb,Kb,Pb,Nb,Bw,Kw,Pw,Rb	darkGray	0
ac2097e31387c56968538a3b420bd6fe	277	Pw,Rw,Pb,Qb,Bw,Rb,Pw,Pw,Nb,,,,,,,Nw,Qw,,,,,,,Rb,Kb,,,,,,,Pw,Rb,,,,,,,Qw,Nw,,,,,,,Nb,Qb,,,,,,,Rw,Rb,Kw,Rw,Nb,Qw,Kb,Rb,Rb	darkRed	0
ac2873329b59067a431201fdd3352193	546	Pb,Kb,Pb,Nw,Bb,Kw,Pw,Nb,Nb,,,,,,,Kb,Qw,,,,,,,Qw,Kw,,,,,,,Bb,Rw,,,,,,,Rw,Nw,,,,,,,Pb,Bb,,,,,,,Qb,Pw,Qw,Pw,Rb,Bw,Qb,Kw,Qw	darkGray	0
ac2a45c4254fe83af57465efc3929b7c	144	Qb,Rb,Nw,Qb,Kw,Rw,Bb,Kw,Bw,,,,,,,Qb,Qb,,,,,,,Pb,Pw,,,Bb,Bb,,,Rb,Rb,,,Bb,Bb,,,Bw,Bb,,,,,,,Qw,Qw,,,,,,,Pw,Bb,Nw,Rb,Kb,Qw,Nb,Rw,Nb	lightGray	0
ac3dc3df7905cc4161e9260aa461d323	55	Nb,Pw,Qw,Bb,Rw,Pb,Qb,Qb,Rb,,,,,,,Bw,Bw,,,,,,,Kb,Qb,,,Pw,Pw,,,Pb,Kw,,,Pw,Pw,,,Nw,Rw,,,,,,,Bb,Nb,,,,,,,Kw,Rw,Pw,Qw,Bw,Rb,Pb,Qb,Kw	darkRed	1
ac3e11d69d68c0e760576b1d5112c1ac	3864	Pw,Bb,Qw,Pw,Rb,Bw,Qb,Nw,Qb,,,,,,,Kb,Kw,,,,,,,Qw,Rw,,,,,,,Nb,Nb,,,,,,,Rw,Qw,,,,,,,Qw,Kb,,,,,,,Bb,Bb,Kw,Bb,Nb,Pw,Kb,Bw,Pw	darkRed	0
ac481d4ce94af8b94168c5e78080185d	2172	Rw,Bw,Kb,Pb,Nw,Bb,Kw,Nw,Bb,,,,,,,Rw,Nw,,,,,,,Kw,Pb,,,,,,,Qb,Kb,,,,,,,Nw,Bw,,,,,,,Rb,Nb,,,,,,,Kb,Bb,Qw,Bb,Rw,Pb,Qb,Bw,Kb	lightRed	0
ac520e48a7a19bbb3dd1ccd637c1ebac	3366	Bb,Bw,Rb,Pb,Qb,Bb,Rw,Kw,Bb,,,,,,,Qw,Qw,,,,,,,Nb,Pw,,,,,,,Rw,Rb,,,,,,,Kw,Nw,,,,,,,Qb,Qb,,,,,,,Bw,Qw,Bb,Rw,Pb,Qb,Bw,Rb,Kb	darkRed	0
ac5c7c96d9f645d9b92fe1d063569529	2270	Rb,Qb,Kw,Rb,Nw,Qw,Kb,Bw,Nb,,,,,,,Rw,Rw,,,,,,,Kw,Kb,,,Rb,Rb,,,Qw,Qw,,,Rb,Rb,,,Nb,Nw,,,,,,,Rb,Rb,,,,,,,Kb,Qw,Nb,Qw,Kb,Rb,Nw,Bb,Rb	darkGray	0
ac61bc467bb854dddab9832176d5b488	1669	Kw,Kb,Pb,Nb,Bw,Kw,Pw,Qw,Bb,,,,,,,Bb,Qw,,,,,,,Nw,Pb,,,Nb,Nb,,,Pw,Nw,,,Nb,Nb,,,Kw,Bw,,,,,,,Bw,Qb,,,,,,,Nb,Rw,Kb,Bw,Nb,Pw,Kw,Bb,Nb	darkRed	0
ac6c0f4b4817b9076244492d5c38f2f5	3626	Rb,Rb,Pw,Qw,Bb,Rw,Kw,Bw,Bb,,,,,,,Nb,Kw,,,,,,,Bw,Pw,,,Rb,Rb,,,Kb,Nb,,,Rb,Rb,,,Pb,Bw,,,,,,,Nw,Kb,,,,,,,Bb,Nw,Nb,Bw,Kw,Pw,Nw,Bb,Bw	darkGray	1
ac6fdd184831d93107fcca7338e9153a	1678	Pw,Qb,Nw,Rb,Kb,Qw,Bb,Nb,Qw,,,,,,,Qw,Pw,,,,,,,Bb,Rw,,,Nw,Nw,,,Rb,Bb,,,Nw,Nw,,,Pw,Qb,,,,,,,Qb,Pb,,,,,,,Bw,Qb,Qw,Pw,Rw,Bb,Qb,Pb,Nw	lightRed	0
ac765b002ea0d8ade441cfdd8cf32b99	4089	Kw,Pb,Nw,Bb,Qw,Pw,Rb,Pw,Bb,,,,,,,Bb,Nw,,,,,,,Nw,Pb,,,,,,,Pw,Kb,,,,,,,Kw,Bw,,,,,,,Bw,Nb,,,,,,,Nb,Rw,Rb,Nw,Qw,Kb,Rw,Nb,Nb	darkGray	0
ac7702ed597044d35ed4a98ce55ea6c2	3560	Qb,Qw,Kb,Rb,Nw,Qb,Kw,Bb,Bw,,,,,,,Nw,Qb,,,,,,,Rb,Pb,,,,,,,Kw,Rw,,,,,,,Qb,Bb,,,,,,,Bb,Qw,,,,,,,Rw,Pw,Kb,Qw,Nb,Rw,Kw,Qb,Qw	darkRed	0
ac7ec64dd7ffe603fa035e2115931afd	1412	Rw,Qb,Kw,Rw,Nb,Qw,Kb,Rw,Kw,,,,,,,Bb,Qb,,,,,,,Kw,Nb,,,Rb,Rb,,,Pw,Rw,,,Rb,Rb,,,Nb,Kb,,,,,,,Bw,Qw,,,,,,,Kb,Nw,Nb,Bw,Kw,Pw,Nw,Bb,Bw	darkRed	0
ac92f85d647d9de2a49b003fade8d089	2384	Pb,Pb,Nw,Bb,Qw,Pw,Rb,Qb,Bb,,,,,,,Qw,Qw,,,,,,,Pw,Pw,,,Rb,Rb,,,Rb,Rb,,,Rb,Rb,,,Bw,Nw,,,,,,,Kb,Qb,,,,,,,Pb,Nw,Bw,Nb,Pw,Kw,Bb,Nw,Kb	darkGray	0
ac94b38d3b671cd27f2b9b85db97c19b	210	Bw,Qw,Bb,Rw,Pb,Qb,Bw,Qw,Kw,,,,,,,Bb,Qb,,,,,,,Kw,Nw,,,Pw,Pw,,,Pb,Rb,,,Pw,Pw,,,Nw,Kb,,,,,,,Qw,Qw,,,,,,,Kb,Bw,Rw,Nb,Qb,Kw,Rb,Nw,Kw	lightRed	0
ac98e811107f817fcb7043114cd75659	1214	Kb,Qw,Bb,Rw,Pb,Qb,Bw,Qw,Bb,,,,,,,Bb,Nw,,,,,,,Rw,Pw,,,,,,,Pb,Kw,,,,,,,Qb,Bw,,,,,,,Bw,Nb,,,,,,,Rb,Pw,Pb,Qb,Bw,Rb,Pw,Qw,Bb	darkGray	0
aca9888bb81154e42e0793d415f78a8b	3938	Qb,Rw,Nb,Bw,Kb,Pb,Nw,Kw,Bw,,,,,,,Bb,Rb,,,,,,,Rw,Pw,,,,,,,Pb,Qw,,,,,,,Qb,Bb,,,,,,,Bw,Rw,,,,,,,Rb,Pw,Nb,Pw,Kw,Bb,Nw,Pb,Pb	lightRed	0
acac73709b079fb6269062927c924476	2969	Qb,Kw,Bb,Nw,Pb,Kb,Bw,Nb,Qb,,,,,,,Nw,Kw,,,,,,,Bb,Rw,,,Rw,Rw,,,Kw,Nb,,,Rw,Rw,,,Pw,Qw,,,,,,,Nb,Kb,,,,,,,Bw,Bw,Kw,Bb,Nb,Pw,Qb,Bw,Bb	lightGray	1
acb2e2636afc15b2cf6921489330b0b0	3846	Rb,Kw,Bb,Nb,Pw,Kb,Bw,Nb,Qw,,,,,,,Qw,Bb,,,,,,,Kb,Rw,,,,,,,Rw,Pb,,,,,,,Nb,Qb,,,,,,,Qb,Bw,,,,,,,Kw,Kw,Kw,Pw,Nw,Bb,Kb,Rb,Pb	lightRed	0
acb39511f83c5feadf3575da22f9fe3a	1391	Pw,Bw,Nb,Pb,Kb,Bb,Nw,Qb,Kb,,,,,,,Pb,Rb,,,,,,,Rw,Nb,,,,,,,Nb,Qw,,,,,,,Qw,Kw,,,,,,,Pw,Rw,,,,,,,Rb,Kb,Rw,Nb,Qb,Kw,Rb,Nw,Bw	lightGray	0
acc0a39a4bca5f2317d2bbde1545d700	1349	Kw,Nb,Pw,Kw,Bb,Nw,Pb,Kw,Nb,,,,,,,Nw,Pw,,,,,,,Rb,Qb,,,Pb,Pb,,,Kw,Bw,,,Pb,Pb,,,Qb,Rw,,,,,,,Nb,Pb,,,,,,,Rw,Bw,Qw,Pw,Rw,Bb,Qb,Pb,Kb	darkGray	0
acdc53bb9b268d1a1a1800ccfe24e50f	3691	Qb,Pw,Qw,Nw,Rb,Kw,Qb,Nw,Rw,,,,,,,Pw,Nb,,,,,,,Rb,Qb,,,Rb,Rb,,,Bb,Kw,,,Rb,Rb,,,Qw,Pb,,,,,,,Pb,Nw,,,,,,,Rw,Nw,Nw,Qb,Kw,Rw,Nb,Qw,Bb	darkRed	0
ace0ed47466ff9be3583203cb33d5526	1554	Rw,Pb,Rw,Bb,Qw,Pw,Rb,Pb,Nb,,,,,,,Bb,Pw,,,,,,,Qw,Kw,,,,,,,Pw,Bb,,,,,,,Rb,Rw,,,,,,,Nw,Pb,,,,,,,Qb,Rb,Bw,Kb,Pw,Nb,Bb,Kw,Nw	lightGray	0
acecbee286def42cee2d0e667412d88d	3556	Nb,Rw,Nb,Qw,Kb,Rb,Nw,Pw,Pb,,,,,,,Bw,Kb,,,,,,,Kb,Bb,,,,,,,Pw,Nw,,,,,,,Nb,Pw,,,,,,,Bb,Kw,,,,,,,Kw,Nw,Nb,Qw,Kw,Rw,Nw,Qb,Rb	darkGray	0
acf1f27d832ab05c431abb4a7aa4d68b	1179	Qb,Pw,Rb,Bw,Qb,Pb,Rw,Qb,Pw,,,,,,,Bb,Kw,,,,,,,Kw,Bb,,,Pb,Pb,,,Pw,Nw,,,Pb,Pb,,,Nb,Pb,,,,,,,Bw,Kb,,,,,,,Kb,Pw,Bb,Qw,Pb,Rw,Bw,Qb,Nb	darkGray	0
ad079ac345ea513086dad550b9832540	271	Kb,Bb,Kw,Pb,Nw,Bw,Kb,Qb,Rb,,,,,,,Rw,Pw,,,,,,,Kw,Qb,,,Rb,Rb,,,Qb,Bw,,,Rb,Rb,,,Nw,Nw,,,,,,,Rb,Pb,,,,,,,Kb,Bw,Pb,Nw,Bb,Kw,Pw,Rb,Rw	lightGray	0
ad0b0d34fd67f544fb908eafb6e8ad28	228	Bb,Kw,Bb,Nb,Pw,Kb,Bw,Rw,Qb,,,,,,,Pb,Pb,,,,,,,Kb,Rb,,,,,,,Bb,Bw,,,,,,,Nw,Qw,,,,,,,Pw,Pw,,,,,,,Kw,Bb,Pw,Kw,Bb,Nw,Pb,Kb,Bw	lightRed	0
ad1c5b6792fa6e82dee90efaf323cb57	3696	Kb,Nw,Rb,Kw,Qb,Nb,Rw,Kb,Bw,,,,,,,Rw,Qb,,,,,,,Kw,Pb,,,,,,,Qw,Rw,,,,,,,Nb,Bb,,,,,,,Rb,Kw,,,,,,,Kb,Nw,Rw,Nb,Qb,Kw,Rb,Nw,Bw	lightGray	0
ad1f3e39652dc2219ac3a04fc42c46fc	90	Pw,Bb,Qw,Pw,Rb,Bw,Qb,Rw,Pb,,,,,,,Kb,Kb,,,,,,,Rb,Bw,,,,,,,Nb,Nb,,,,,,,Qw,Pw,,,,,,,Kw,Qw,,,,,,,Rw,Bb,Nb,Pw,Kb,Bw,Nw,Rb,Rw	lightRed	1
ad2a51fe0cf1b953dd50b7486bd50260	2642	Pw,Pw,Rb,Bb,Qw,Pb,Rw,Rw,Qb,,,,,,,Rw,Nw,,,,,,,Rw,Rb,,,Bb,Bb,,,Rw,Kb,,,Bb,Bb,,,Rw,Qw,,,,,,,Rw,Nb,,,,,,,Rw,Kb,Nw,Pb,Kw,Bb,Nb,Pw,Rw	lightGray	1
ad3ce0247cc0adc68a8764ef840217c8	264	Bw,Qb,Kw,Rb,Nw,Qw,Kb,Qw,Qb,,,,,,,Nb,Bw,,,,,,,Qw,Rw,,,,,,,Kb,Pb,,,,,,,Rb,Qw,,,,,,,Nw,Bb,,,,,,,Qb,Nw,Kb,Rb,Bb,Qw,Kw,Rw,Kw	lightGray	0
ad43f9c17c928aef9307d1046366712d	3689	Nw,Qw,Pw,Rw,Bb,Kb,Pb,Nw,Qw,,,,,,,Qw,Pw,,,,,,,Kb,Rw,,,,,,,Rw,Bb,,,,,,,Nb,Qb,,,,,,,Qb,Pb,,,,,,,Kw,Qb,Pb,Nw,Bw,Kb,Pw,Rb,Pw	darkRed	0
ad55d7fddb2805edf4823c2fde0ddd05	2216	Rw,Rw,Rw,Rw,Rw,Rw,Rw,Rw,Qw,,,,,,,Nw,Pw,,,,,,,Qb,Rb,,,,,,,Qb,Bw,,,,,,,Rb,Qb,,,,,,,Nb,Pb,,,,,,,Qw,Qb,Rw,Qw,Qw,Nb,Rb,Qb,Qb	lightGray	0
ad5de68afb8c7846b181fe24187e052e	1272	Kb,Nb,Bw,Kw,Pw,Rw,Bb,Rw,Bw,,,,,,,Pw,Kb,,,,,,,Rb,Pw,,,,,,,Bb,Nb,,,,,,,Qw,Bb,,,,,,,Pb,Kw,,,,,,,Rw,Pb,Kw,Pw,Nw,Bb,Kb,Pb,Bw	lightGray	0
ad61b5a70b01d9b713049381081f64fe	39	Nw,Nw,Qb,Kw,Rw,Nb,Qw,Kw,Rb,,,,,,,Bb,Nw,,,,,,,Nw,Qw,,,Qb,Qb,,,Pw,Kb,,,Qb,Qb,,,Kw,Rw,,,,,,,Bw,Nb,,,,,,,Nb,Rw,Kb,Qw,Nw,Pb,Kw,Qb,Rb	lightRed	0
ad6aea3642504de8524c78dea8bdb694	1612	Pw,Pw,Kw,Bw,Nb,Pb,Kb,Pb,Nb,,,,,,,Bb,Bw,,,,,,,Kw,Kb,,,,,,,Pw,Pb,,,,,,,Nb,Nw,,,,,,,Bw,Bb,,,,,,,Kb,Nb,Bw,Kb,Rw,Nb,Bb,Kw,Rw	darkRed	1
ad9a50eddf8dc066577f0d3edc6942d2	3123	Pb,Nw,Pb,Kw,Bb,Nb,Pw,Rw,Qb,,,,,,,Rw,Pb,,,,,,,Rw,Rw,,,Bb,Bb,,,Rw,Bb,,,Bb,Bb,,,Rw,Qw,,,,,,,Rw,Pw,,,,,,,Rw,Bb,Rw,Pb,Qw,Bb,Rb,Pw,Rw	darkGray	0
ad9c12899c23bef99bc3fad1ef7ff29c	73	Bw,Rw,Bb,Qw,Pw,Rb,Bw,Pw,Nw,,,,,,,Rb,Bb,,,,,,,Kb,Kb,,,Bw,Bw,,,Qw,Pb,,,Bw,Bw,,,Nb,Nb,,,,,,,Rw,Bw,,,,,,,Kw,Nw,Nw,Pb,Kb,Bw,Nb,Pw,Rw	lightGray	0
adccc160ed20acaf4cdf31df1e580ee4	1669	Kw,Kb,Pb,Nb,Bw,Kw,Pw,Qw,Bb,,,,,,,Bb,Qw,,,,,,,Nw,Pb,,,Nb,Nb,,,Pw,Nw,,,Nb,Nb,,,Kw,Bw,,,,,,,Bw,Qb,,,,,,,Nb,Rw,Kb,Bw,Nb,Pw,Kw,Bb,Nb	darkRed	0
adcfb7c15c8ffe4f66460c86871ef2a7	2270	Rb,Qb,Kw,Rb,Nw,Qw,Kb,Bw,Nb,,,,,,,Rw,Rw,,,,,,,Kw,Kb,,,Rb,Rb,,,Qw,Qw,,,Rb,Rb,,,Nb,Nw,,,,,,,Rb,Rb,,,,,,,Kb,Qw,Nb,Qw,Kb,Rb,Nw,Bb,Rb	darkGray	0
add71257b212c4503d1578f495377522	39	Rw,Bw,Rb,Pw,Qw,Bb,Rw,Nw,Nb,,,,,,,Kb,Qw,,,,,,,Bw,Kw,,,Kb,Kb,,,Nw,Rw,,,Kb,Kb,,,Pb,Nw,,,,,,,Kw,Qb,,,,,,,Bb,Rw,Nb,Bw,Kw,Pw,Nw,Bb,Qb	darkRed	0
addd9a15db128f2eff62384c6f83a46f	1768	Rw,Pw,Rb,Bw,Qb,Kw,Rw,Kw,Rb,,,,,,,Pw,Kb,,,,,,,Qw,Qw,,,Rw,Rw,,,Bw,Nb,,,Rw,Rw,,,Rb,Rw,,,,,,,Pb,Pb,,,,,,,Qb,Nw,Rw,Nb,Qb,Kw,Rb,Nw,Bb	darkGray	0
ade679cf0fb6a669e4266ff77ef5f364	23	Nb,Rw,Nb,Qb,Kw,Rb,Nw,Qw,Pb,,,,,,,Kw,Qb,,,,,,,Rw,Bb,,,Pb,Pb,,,Nw,Rw,,,Pb,Pb,,,Qb,Pw,,,,,,,Kb,Qw,,,,,,,Rb,Pw,Kb,Bw,Nw,Pb,Kw,Bb,Rb	lightGray	0
adeb494ef5854b2c44cbc542df49fd33	3615	Bb,Rw,Nb,Qb,Kw,Pb,Nw,Kb,Kb,,,,,,,Bb,Pb,,,,,,,Kw,Nw,,,,,,,Pb,Bb,,,,,,,Nw,Kw,,,,,,,Bw,Pw,,,,,,,Kb,Nw,Nb,Bw,Kw,Pw,Rw,Bb,Kw	lightRed	0
ae0c7d582cd96d377808adae328427ba	3624	Kb,Rw,Pb,Qw,Bb,Rb,Pw,Pb,Qb,,,,,,,Pb,Bw,,,,,,,Qb,Rb,,,,,,,Bb,Pw,,,,,,,Rw,Qw,,,,,,,Pw,Bb,,,,,,,Qw,Bb,Pb,Qb,Bb,Rw,Pw,Qw,Kb	lightGray	0
ae153841e155271a4e65cbe0275f9326	2205	Pw,Rw,Pb,Qb,Bw,Rb,Pw,Pw,Nb,,,,,,,Bw,Rw,,,,,,,Qb,Kb,,,,,,,Pb,Qw,,,,,,,Rw,Nw,,,,,,,Bb,Rb,,,,,,,Kw,Kw,Pw,Kw,Bw,Nb,Pb,Kb,Qw	lightRed	0
ae15c3446fc50680771847d936444d8e	1241	Bb,Pb,Kb,Bb,Nw,Pw,Kw,Rw,Bw,,,,,,,Kb,Rb,,,,,,,Pb,Pb,,,Nw,Nw,,,Nb,Qb,,,Nw,Nw,,,Bw,Bb,,,,,,,Qw,Rw,,,,,,,Pw,Kb,Nw,Rb,Kw,Qb,Bb,Rw,Qb	lightGray	0
ae28c48871a33836542f0b737116c837	1996	Rw,Bw,Qb,Pw,Nb,Bb,Kw,Kb,Rw,,,,,,,Rb,Rw,,,,,,,Pw,Rw,,,,,,,Qw,Rw,,,,,,,Bb,Rw,,,,,,,Nw,Rw,,,,,,,Pb,Rw,Rw,Rw,Rw,Rw,Rw,Rw,Rw	darkRed	0
ae29dd11bcf3f2f8bfb242da88cf5526	1892	Nw,Nb,Rw,Kb,Qw,Nw,Rb,Nb,Bw,,,,,,,Kw,Qb,,,,,,,Qb,Pw,,,,,,,Nb,Rb,,,,,,,Rw,Bb,,,,,,,Kb,Qw,,,,,,,Qw,Nw,Pw,Qw,Bb,Rw,Pb,Qb,Qb	lightRed	0
ae30651a09b02037bd59d690e6df0975	3806	Bw,Nb,Rw,Kw,Qb,Nw,Rb,Qb,Pw,,,,,,,Qw,Nb,,,,,,,Kb,Bb,,,Pb,Pb,,,Rw,Kw,,,Pb,Pb,,,Nb,Pb,,,,,,,Qb,Rw,,,,,,,Kw,Qb,Qb,Nw,Rb,Kb,Qw,Nb,Kw	darkGray	0
ae493f79811e332e73c0db5e0d5ddf13	1524	Bw,Bb,Qw,Pw,Rb,Bw,Qb,Nw,Kw,,,,,,,Rw,Bb,,,,,,,Pb,Nb,,,,,,,Qw,Pw,,,,,,,Bb,Qb,,,,,,,Rb,Bw,,,,,,,Pw,Qw,Pb,Nw,Bb,Kw,Pw,Rb,Pw	lightGray	0
ae56b2d5951a3114ce7fd08a7e0511cf	743	Rw,Rb,Bw,Qb,Pb,Rw,Bb,Qb,Bw,,,,,,,Rw,Rb,,,,,,,Bb,Pw,,,,,,,Qw,Qw,,,,,,,Pw,Bb,,,,,,,Rb,Rw,,,,,,,Bw,Qb,Nb,Bw,Kb,Pb,Nw,Bb,Pb	darkGray	0
ae56b9a72613f5c053db4d1f33c921ed	120	Rw,Rb,Pw,Qb,Nw,Rw,Pb,Nw,Qb,,,,,,,Pw,Nw,,,,,,,Nb,Rb,,,,,,,Bw,Kb,,,,,,,Kb,Qw,,,,,,,Pb,Nb,,,,,,,Nw,Bb,Rb,Kb,Qw,Nb,Rw,Kw,Kb	darkGray	0
ae600546e939aac1dba1ddca3e35c847	336	Rw,Rw,Bb,Qb,Pb,Rb,Bw,Pw,Rw,,,,,,,Pw,Rw,,,,,,,Rb,Rw,,,Pb,Pb,,,Bw,Rw,,,Pb,Pb,,,Qb,Rw,,,,,,,Pb,Rw,,,,,,,Rw,Rw,Rw,Bb,Qb,Pb,Rb,Bw,Kb	lightGray	0
ae613b5f6e864ae41d37205fe2ef93ab	853	Kw,Rw,Kw,Qb,Nw,Rb,Kb,Rw,Bb,,,,,,,Rw,Kw,,,,,,,Rw,Pw,,,Nb,Nb,,,Rw,Nb,,,Nb,Nb,,,Rw,Bw,,,,,,,Rw,Kb,,,,,,,Rw,Qw,Nb,Bw,Kw,Pw,Nw,Bb,Rw	lightGray	0
ae7893958125e00ccca240e8a8b96aca	2399	Rw,Rb,Nw,Qb,Kw,Rw,Nb,Bw,Kb,,,,,,,Qb,Rb,,,,,,,Kw,Nw,,,,,,,Rb,Bb,,,,,,,Nw,Kw,,,,,,,Bw,Rw,,,,,,,Kb,Nw,Bb,Qw,Pw,Rb,Bw,Qb,Rw	darkRed	0
ae8398e107ff0bd0b9344ffffeb64d24	3468	Kb,Qw,Bb,Rb,Kb,Qb,Bw,Pb,Pw,,,,,,,Bb,Rb,,,,,,,Kw,Bb,,,,,,,Pw,Qw,,,,,,,Nb,Pb,,,,,,,Bw,Rw,,,,,,,Qb,Pw,Qw,Bb,Rw,Pb,Qb,Bw,Rw	darkRed	0
ae840d0ee9361a76a752b9c215ccac63	3023	Pb,Pb,Qb,Bb,Rw,Pw,Qw,Rb,Rw,,,,,,,Pw,Pb,,,,,,,Qw,Qb,,,,,,,Bb,Bw,,,,,,,Rw,Rb,,,,,,,Pb,Pw,,,,,,,Qb,Qb,Nw,Pb,Kw,Bb,Nb,Pw,Kw	lightRed	0
ae8edba68bbe47ff37a5fce1e4e07591	593	Pb,Qb,Nw,Rb,Kb,Qw,Nb,Nw,Nb,,,,,,,Bb,Pw,,,,,,,Kw,Kb,,,Pw,Pw,,,Pw,Bw,,,Pw,Pw,,,Nb,Nw,,,,,,,Qw,Rb,,,,,,,Kb,Qw,Pb,Kb,Bw,Nb,Pw,Kw,Nb	darkGray	0
ae98411e01bc8677a7ad1c720407fd00	1805	Rw,Pb,Kb,Bw,Nb,Pw,Kw,Pb,Rw,,,,,,,Pb,Rw,,,,,,,Qb,Rw,,,,,,,Bb,Rw,,,,,,,Rw,Rw,,,,,,,Pw,Rw,,,,,,,Kw,Rw,Nw,Qb,Kw,Rw,Nb,Qw,Qb	lightRed	0
ae9aa3813ecbfeea0197fe986c413290	3091	Bb,Pw,Rb,Bw,Qb,Pb,Rw,Kb,Bw,,,,,,,Rw,Rb,,,,,,,Kw,Pb,,,Rb,Rb,,,Qb,Qb,,,Rb,Rb,,,Pw,Bb,,,,,,,Rb,Rw,,,,,,,Pw,Pw,Pw,Qb,Kb,Rb,Nb,Kw,Bw	darkGray	0
ae9f50fd8d87f39d5d9b59fef75b85f8	1003	Nw,Pw,Kw,Bw,Nb,Pb,Kb,Rb,Pw,,,,,,,Qw,Qw,,,,,,,Pw,Bw,,,Bb,Bb,,,Rw,Rb,,,Bb,Bb,,,Bb,Pb,,,,,,,Qb,Qb,,,,,,,Pb,Nb,Qb,Nw,Rw,Kw,Qw,Nb,Pw	lightRed	0
aeac8c7f599b0f5447180419621ad551	1645	Bw,Bb,Rw,Pb,Qb,Bw,Rb,Nw,Rb,,,,,,,Kw,Bw,,,,,,,Bb,Qb,,,,,,,Nw,Pb,,,,,,,Pb,Rw,,,,,,,Kb,Bb,,,,,,,Bw,Bb,Pw,Kw,Bb,Nw,Pb,Kb,Rb	lightGray	0
aec406bbdae8030acc084ccdf8bd0950	2475	Qw,Nb,Bw,Kb,Pb,Nw,Bb,Kb,Bw,,,,,,,Qb,Kb,,,,,,,Kw,Pb,,,,,,,Rb,Nw,,,,,,,Nw,Bb,,,,,,,Qw,Kw,,,,,,,Kb,Rb,Rw,Nb,Qw,Kb,Rb,Nw,Qw	darkGray	0
aecd1dd0254e6fae9d98ccbde1cc08db	2413	Rw,Pb,Kb,Bw,Nb,Pw,Kw,Bb,Kw,,,,,,,Rw,Pw,,,,,,,Nb,Nb,,,,,,,Qw,Bw,,,,,,,Kb,Kb,,,,,,,Rb,Pb,,,,,,,Nw,Bw,Qb,Nw,Rb,Kb,Bw,Nb,Qb	lightGray	1
aeda6b22100cf51319333a3322dc009e	2119	Pw,Pb,Qb,Bb,Rw,Pw,Qw,Bb,Pw,,,,,,,Nb,Rb,,,,,,,Qw,Bw,,,,,,,Kw,Qb,,,,,,,Rw,Pb,,,,,,,Nw,Rw,,,,,,,Qb,Kb,Pb,Kb,Bw,Nb,Pw,Kw,Qb	darkGray	0
aedabdb5dc42b568be096e2a9a152ead	3249	Rb,Rw,Nb,Qb,Pb,Rb,Nw,Bw,Qw,,,,,,,Rw,Kb,,,,,,,Kw,Rw,,,,,,,Qw,Nb,,,,,,,Nb,Qb,,,,,,,Rb,Kw,,,,,,,Kb,Kb,Qw,Pw,Rw,Bb,Qb,Pb,Qw	lightGray	0
aeebc098d12b204be8557de2f588e263	2482	Bb,Qw,Bb,Rb,Kb,Qb,Bw,Kb,Rb,,,,,,,Bb,Nw,,,,,,,Kw,Qb,,,Rb,Rb,,,Pb,Kw,,,Rb,Rb,,,Nw,Rw,,,,,,,Bw,Nb,,,,,,,Kb,Kb,Pb,Nw,Bb,Kw,Pw,Nb,Nb	lightGray	0
af02a36046746afb20f1c360c135f920	4084	Nb,Nb,Pw,Kw,Bb,Nw,Pb,Qw,Qw,,,,,,,Rw,Kb,,,,,,,Nb,Rw,,,,,,,Qb,Bb,,,,,,,Kw,Qb,,,,,,,Rb,Kw,,,,,,,Nw,Pw,Kb,Bw,Nw,Pb,Kw,Bb,Qw	darkRed	0
af0d99c3458d329ef96addc822aed888	3642	Rw,Pw,Qw,Bb,Rw,Pb,Qb,Pw,Rw,,,,,,,Rb,Rw,,,,,,,Nw,Rw,,,,,,,Qb,Rw,,,,,,,Kw,Rw,,,,,,,Rw,Rw,,,,,,,Nb,Rw,Bb,Kw,Pw,Nb,Bw,Kb,Nw	lightGray	0
af1168f8765ded148fbb2b1bd4d5c5a9	2611	Kw,Nb,Rw,Kb,Qw,Nw,Rb,Qb,Nb,,,,,,,Kw,Pw,,,,,,,Pw,Kw,,,Pb,Pb,,,Nb,Bb,,,Pb,Pb,,,Bw,Nw,,,,,,,Kb,Pb,,,,,,,Pb,Bw,Pb,Kb,Bw,Nb,Pw,Kw,Kb	darkGray	0
af1a2dd2bf87c6e71acc634314ff7047	6	Nw,Nw,Rb,Kb,Qw,Nb,Rw,Bw,Bb,,,,,,,Qb,Rw,,,,,,,Kw,Pb,,,,,,,Rw,Qb,,,,,,,Nb,Nw,,,,,,,Qw,Rb,,,,,,,Kb,Bw,Nw,Pb,Kb,Bw,Nb,Rw,Nw	darkRed	0
af32f67ceef2714344cde41f3194e1c8	952	Bw,Bw,Nb,Pw,Kw,Bb,Nw,Nw,Qw,,,,,,,Qb,Bb,,,,,,,Kw,Rb,,,,,,,Rb,Pw,,,,,,,Nw,Qb,,,,,,,Qw,Bw,,,,,,,Kb,Bb,Bb,Qw,Pw,Rb,Bw,Kb,Qb	darkRed	0
af375cf05cc72f9419c71f4d640d0b83	3378	Rb,Bw,Nb,Pb,Kb,Bb,Nw,Bw,Rw,,,,,,,Kb,Kw,,,,,,,Pb,Qb,,,Pw,Pw,,,Nw,Nw,,,Pw,Pw,,,Bb,Rb,,,,,,,Kw,Kb,,,,,,,Pw,Pb,Pw,Rb,Bw,Qb,Pb,Rw,Nw	lightRed	0
af40fa3c088d89db06c91333b03d0af8	1560	Bb,Pw,Qw,Bb,Nw,Pb,Kb,Bw,Pw,,,,,,,Kb,Kw,,,,,,,Pb,Bw,,,Bb,Bb,,,Nb,Nb,,,Bb,Bb,,,Bw,Pb,,,,,,,Kw,Qb,,,,,,,Pw,Pw,Rw,Kw,Qb,Nw,Rb,Kb,Pw	lightGray	0
af55881cd559c4257e774733b4b82a95	3488	Rb,Kb,Rb,Nb,Qw,Kw,Rw,Kb,Pb,,,,,,,Pw,Kb,,,,,,,Rb,Bw,,,Pb,Pb,,,Bb,Nb,,,Pb,Pb,,,Qw,Pw,,,,,,,Pb,Kw,,,,,,,Rw,Nw,Pw,Qw,Bw,Rb,Pb,Qb,Pw	lightRed	0
af73019adf1e59021d1349bc125ce4cf	3641	Rw,Nw,Qb,Pw,Rb,Bb,Qw,Rb,Bw,,,,,,,Kb,Qb,,,,,,,Pb,Pb,,,,,,,Nw,Rw,,,,,,,Bb,Bb,,,,,,,Kw,Qw,,,,,,,Pw,Bb,Qw,Nb,Rw,Kw,Qb,Bw,Bw	lightGray	0
af7b8f37614bff019fa8b35ae6b72cdb	1565	Bb,Nw,Bb,Kw,Pw,Nb,Bw,Pw,Rw,,,,,,,Qb,Bb,,,,,,,Nw,Qw,,,Rw,Rw,,,Rb,Pw,,,Rw,Rw,,,Kb,Rb,,,,,,,Qw,Nw,,,,,,,Nb,Nw,Kw,Rw,Nb,Qw,Pw,Rb,Qb	darkRed	1
af7f00040742c2daeac82a0f0c41ca0f	3420	Kb,Qb,Bw,Rb,Pw,Kw,Bb,Rb,Kb,,,,,,,Bb,Pb,,,,,,,Nw,Nw,,,Nb,Nb,,,Pb,Bb,,,Nb,Nb,,,Kb,Kw,,,,,,,Bw,Pw,,,,,,,Nb,Pb,Pb,Qb,Bb,Rw,Pw,Qw,Rb	darkGray	0
af8f5daa7698e96eecb109c607dd7a82	3648	Rw,Pw,Nb,Bb,Kw,Pb,Nw,Bb,Nb,,,,,,,Qw,Rw,,,,,,,Pw,Kb,,,,,,,Rw,Qw,,,,,,,Bb,Nw,,,,,,,Kb,Rb,,,,,,,Pb,Kw,Qw,Pw,Nw,Bb,Kb,Pb,Qb	lightGray	0
afbfc1be2012c3c676e9d4c24aa148ee	1475	Kw,Pw,Kw,Bw,Nb,Pb,Kb,Pb,Kw,,,,,,,Pw,Qb,,,,,,,Kw,Nb,,,Nw,Nw,,,Bb,Rw,,,Nw,Nw,,,Nw,Kb,,,,,,,Pb,Qw,,,,,,,Qb,Pw,Nw,Rb,Pw,Qw,Nb,Rw,Bw	darkRed	0
afc1ce634f859cedbdacb44a4494fce8	3803	Qb,Pb,Rw,Bb,Qw,Pw,Rb,Pw,Pw,,,,,,,Pw,Kw,,,,,,,Nb,Bw,,,,,,,Qb,Nb,,,,,,,Kw,Pb,,,,,,,Pb,Kb,,,,,,,Nw,Bb,Nw,Rb,Kw,Qb,Nb,Rw,Qb	darkGray	0
afc6e38953acc4e4bf98ded87595727a	3778	Bw,Rw,Kw,Qw,Nb,Rb,Kb,Qb,Kb,,,,,,,Bw,Pb,,,,,,,Kb,Nb,,,Rb,Rb,,,Pw,Bw,,,Rb,Rb,,,Nb,Kw,,,,,,,Bb,Pw,,,,,,,Kw,Kb,Rw,Nb,Bw,Kb,Pb,Nw,Nw	lightRed	0
afd6027e9f5369e21bc4ee516c97197e	3611	Bb,Bw,Nb,Pb,Kb,Bb,Nw,Bb,Kb,,,,,,,Nb,Qw,,,,,,,Pw,Nb,,,,,,,Kw,Rw,,,,,,,Bb,Kw,,,,,,,Nw,Qb,,,,,,,Pb,Bb,Bb,Nw,Pb,Kb,Bw,Rb,Nb	darkGray	0
afdb6a01e6cfebbedb78b705ea493251	767	Bb,Bb,Rw,Pb,Qb,Bw,Rb,Kw,Qw,,,,,,,Nb,Bb,,,,,,,Rw,Rb,,,Rb,Rb,,,Pb,Pw,,,Rb,Rb,,,Qb,Qb,,,,,,,Nw,Bw,,,,,,,Rb,Rw,Nb,Rw,Kb,Qw,Nw,Rb,Pw	lightRed	0
afe07525d8ce633dc5aaa6f89af3f626	3912	Rw,Nw,Pb,Kb,Bw,Nb,Pw,Qw,Kb,,,,,,,Bb,Pb,,,,,,,Qw,Nw,,,,,,,Pw,Bb,,,,,,,Rb,Kw,,,,,,,Bw,Pw,,,,,,,Qb,Pb,Bw,Kb,Pb,Nw,Bb,Kw,Qb	lightRed	0
aff2ad6bc1e54ad52125a7060f4abcac	2431	Pw,Nb,Qw,Kw,Rw,Nw,Qb,Bb,Pb,,,,,,,Qw,Kb,,,,,,,Nb,Bb,,,Pb,Pb,,,Pb,Nw,,,Pb,Pb,,,Kb,Rw,,,,,,,Qb,Kw,,,,,,,Nw,Qw,Pb,Kb,Bw,Nb,Pw,Kw,Rb	lightRed	0
aff52739c62451eeb7e45b315f6343a6	3532	Qb,Qb,Pb,Rb,Bw,Qw,Pw,Rb,Pb,,,,,,,Bb,Rw,,,,,,,Nw,Bw,,,Rb,Rb,,,Pw,Qb,,,Rb,Rb,,,Kw,Kb,,,,,,,Bw,Rb,,,,,,,Nb,Rb,Bb,Rw,Pb,Qb,Bw,Rb,Qw	lightRed	0
affa638cb27cab089d8876cf6b747d99	3370	Rw,Rb,Pw,Qb,Bw,Rw,Pb,Kb,Qw,,,,,,,Kb,Kb,,,,,,,Bw,Rw,,,,,,,Nb,Nb,,,,,,,Pw,Qb,,,,,,,Kw,Kw,,,,,,,Bb,Kb,Pw,Kw,Bw,Nb,Pb,Kb,Nw	darkRed	0
b015911ec54b9393fe51e63fd2cdf98d	1421	Qw,Nw,Rb,Kb,Qw,Nb,Rw,Kw,Rb,,,,,,,Kw,Pw,,,,,,,Rw,Qw,,,,,,,Nw,Bb,,,,,,,Qb,Rw,,,,,,,Kb,Pb,,,,,,,Rb,Rb,Nw,Rb,Kw,Qb,Nb,Rw,Pb	lightGray	0
b01a56aeac4e0d7ba9b39a5269b8dca1	1329	Rw,Qb,Kw,Rw,Nb,Qw,Kb,Qb,Qw,,,,,,,Kb,Nb,,,,,,,Pb,Rb,,,Rb,Rb,,,Nw,Kb,,,Rb,Rb,,,Bb,Qb,,,,,,,Kw,Nw,,,,,,,Pw,Bb,Bw,Kb,Rw,Nb,Qb,Kw,Kb	lightRed	0
b02df3d0fc67841968c181b1e098c2d8	2444	Kb,Pb,Nw,Bb,Kw,Pw,Nb,Pw,Bw,,,,,,,Bw,Qb,,,,,,,Nb,Pw,,,,,,,Pb,Rb,,,,,,,Kb,Bb,,,,,,,Bb,Qw,,,,,,,Nw,Bb,Nw,Rb,Kb,Qw,Nb,Rw,Pb	lightGray	0
b037397ece0471f72579c374a59fffbc	2125	Rw,Qb,Kw,Rb,Bw,Qw,Pw,Kb,Qb,,,,,,,Nw,Kw,,,,,,,Pb,Rb,,,,,,,Kb,Nw,,,,,,,Bw,Qw,,,,,,,Nb,Kb,,,,,,,Pw,Rb,Nb,Rw,Kw,Qb,Nw,Rb,Nb	darkGray	0
b037620abfc3a7a6a39d60f61f6304a0	3845	Qw,Kb,Qw,Nw,Rb,Kw,Qb,Bb,Bw,,,,,,,Bb,Qb,,,,,,,Kw,Pb,,,Nb,Nb,,,Pw,Rw,,,Nb,Nb,,,Nb,Bb,,,,,,,Bw,Qw,,,,,,,Kb,Qb,Qw,Pw,Rb,Bw,Qb,Pb,Kb	lightRed	0
b03b2d6ee68cc5163ca26c52e363b2d3	3576	Pb,Pw,Kw,Bw,Rb,Pb,Kb,Nb,Rb,,,,,,,Kw,Nw,,,,,,,Bb,Qw,,,,,,,Nb,Kb,,,,,,,Pw,Pw,,,,,,,Kb,Nb,,,,,,,Bw,Rb,Nb,Bw,Kw,Pw,Nw,Bb,Kb	darkRed	0
b048253d56188e3526ca1dd0d5389bac	967	Pb,Qb,Bw,Rw,Pb,Kw,Bb,Nw,Rb,,,,,,,Qw,Kb,,,,,,,Bb,Qb,,,Pw,Pw,,,Rw,Nw,,,Pw,Pw,,,Pb,Rw,,,,,,,Qb,Kw,,,,,,,Bw,Nb,Bb,Qw,Pw,Rb,Bw,Qb,Nw	lightRed	0
b0666ee6cd49b0f637ebeb414cabefc3	88	Qb,Kw,Bb,Nb,Pw,Kb,Bw,Bb,Nb,,,,,,,Pb,Qw,,,,,,,Qb,Kb,,,Nb,Nb,,,Bw,Rb,,,Nb,Nb,,,Rb,Nw,,,,,,,Pw,Qb,,,,,,,Qw,Nb,Rb,Kb,Qw,Nb,Pw,Kw,Rw	darkRed	0
b0b81e866af0a298d40941f17dc113a9	3521	Bb,Kb,Bw,Nb,Pw,Kw,Bb,Qw,Bw,,,,,,,Nb,Qb,,,,,,,Pw,Pb,,,,,,,Kb,Rw,,,,,,,Bw,Bb,,,,,,,Nw,Qw,,,,,,,Pb,Rb,Nb,Pw,Kw,Bb,Nw,Pb,Bw	darkGray	0
b0b85012e8fd31623041c6f5ab25be80	3216	Bb,Rw,Nb,Qw,Kb,Rb,Nw,Bb,Nw,,,,,,,Kw,Qb,,,,,,,Pw,Kw,,,,,,,Nw,Rw,,,,,,,Bb,Nb,,,,,,,Kb,Qw,,,,,,,Pb,Pb,Pb,Qb,Bb,Rw,Pw,Qw,Rb	darkRed	0
b0b9092339cb56846a5b1be7e917e42e	3841	Kw,Bb,Rw,Pb,Qb,Bw,Rb,Kb,Pw,,,,,,,Qw,Nb,,,,,,,Bb,Qb,,,,,,,Rb,Kw,,,,,,,Pw,Rb,,,,,,,Kb,Nw,,,,,,,Bw,Qw,Qb,Nw,Rw,Kw,Qw,Nb,Nw	lightRed	0
b0bc8efc21be258cb12eb5d99635fc28	2553	Rw,Pw,Nb,Bw,Kb,Pb,Nw,Bb,Rw,,,,,,,Qb,Rw,,,,,,,Kw,Rw,,,,,,,Rb,Rw,,,,,,,Nw,Rw,,,,,,,Qw,Rw,,,,,,,Pw,Rw,Kw,Pw,Nw,Bb,Kb,Pb,Bw	darkRed	0
b0d2f6c55405a0a8176ad4c198089d47	1042	Pw,Nb,Rw,Kb,Qw,Nw,Pb,Nb,Nb,,,,,,,Pb,Bw,,,,,,,Nw,Kw,,,Nw,Nw,,,Bb,Pw,,,Nw,Nw,,,Kw,Nw,,,,,,,Pw,Bb,,,,,,,Nb,Nw,Rw,Pb,Qb,Bw,Rb,Pw,Nb	lightGray	0
b0da5d1e27bec1ebc602ca73503d14bd	1146	Bw,Bb,Rw,Pw,Qw,Bw,Rb,Nw,Qb,,,,,,,Bw,Kw,,,,,,,Rb,Rb,,,Rb,Rb,,,Pw,Nw,,,Rb,Rb,,,Qw,Qw,,,,,,,Bb,Kb,,,,,,,Rw,Rw,Pw,Rb,Bb,Kw,Pb,Rw,Bb	darkGray	0
b0fff9198479eec5a856127fd0afacb7	2911	Nb,Pw,Kw,Qb,Nw,Pb,Kb,Bb,Nb,,,,,,,Nb,Pw,,,,,,,Rw,Kb,,,Bw,Bw,,,Kb,Bw,,,Bw,Bw,,,Qw,Nw,,,,,,,Nw,Pb,,,,,,,Rb,Bb,Bb,Qw,Pw,Rb,Bw,Qb,Kw	darkGray	0
b1047d78d5124b5ac69811824c914f21	3372	Qb,Kb,Qw,Nw,Rb,Kw,Bb,Bb,Qw,,,,,,,Kw,Pw,,,,,,,Qb,Rw,,,Rb,Rb,,,Nw,Bb,,,Rb,Rb,,,Rb,Qb,,,,,,,Kb,Pb,,,,,,,Qw,Nw,Nw,Bb,Kw,Pw,Nb,Qw,Nw	lightGray	0
b1098d53437a1a3f73a40d3490bc0ec5	1296	Bb,Qw,Kb,Rb,Nw,Qb,Kw,Rw,Kb,,,,,,,Bw,Pb,,,,,,,Qb,Nw,,,Nb,Nb,,,Pb,Bb,,,Nb,Nb,,,Rw,Kw,,,,,,,Bb,Pw,,,,,,,Qw,Rw,Kw,Qb,Nw,Rb,Kb,Qw,Bb	lightRed	0
b11601ae4eb5c14741e66f00ae35db2a	1165	Rw,Pw,Nb,Bw,Kb,Pb,Nw,Pb,Rb,,,,,,,Nw,Nw,,,,,,,Rb,Qb,,,Bw,Bw,,,Kb,Kw,,,Bw,Bw,,,Qw,Rw,,,,,,,Nb,Nb,,,,,,,Rw,Rb,Bb,Rw,Kb,Qw,Bw,Rb,Qw	darkGray	1
b11ab02d0fdbe4bec10fc457640827d2	3416	Pb,Pb,Nw,Bb,Kw,Rw,Nb,Rb,Kw,,,,,,,Rw,Qb,,,,,,,Bb,Nw,,,Nb,Nb,,,Qb,Rb,,,Nb,Nb,,,Pb,Kb,,,,,,,Rb,Qw,,,,,,,Bw,Rb,Rw,Bb,Qb,Pb,Rb,Bw,Bb	lightGray	1
b11bc2c066fe6ed3e1d29860caaf796a	859	Rb,Qw,Kb,Rb,Nw,Qb,Kw,Pb,Rw,,,,,,,Qw,Bb,,,,,,,Kb,Qb,,,,,,,Rw,Pb,,,,,,,Nb,Rb,,,,,,,Qb,Bw,,,,,,,Kw,Kb,Bw,Rb,Pw,Qw,Bb,Rw,Kb	darkRed	0
b12b806e0e2cabc5890fd9dc58c99b66	257	Rw,Pb,Nw,Bb,Kw,Pw,Nb,Rw,Pw,,,,,,,Rw,Qw,,,,,,,Rw,Bw,,,,,,,Rw,Rb,,,,,,,Rw,Pb,,,,,,,Rw,Qb,,,,,,,Rw,Kw,Rw,Kw,Qb,Nw,Rb,Kb,Rw	darkGray	0
b12e0b4d66ebb56f3703b81fb988244d	2495	Kw,Rw,Pb,Qb,Bw,Rb,Pw,Kw,Qw,,,,,,,Pw,Kb,,,,,,,Rb,Rb,,,,,,,Bb,Nw,,,,,,,Qw,Qb,,,,,,,Kw,Kw,,,,,,,Rw,Kb,Nw,Qb,Kw,Rw,Nb,Qw,Pb	lightRed	0
b12fe59adec632555c7c81d643bad54f	351	Bb,Qb,Nw,Rb,Kb,Qw,Nb,Bb,Bb,,,,,,,Kb,Nw,,,,,,,Pb,Pb,,,Pw,Pw,,,Nw,Kb,,,Pw,Pw,,,Bb,Bw,,,,,,,Kw,Nb,,,,,,,Pw,Rb,Bb,Rw,Pb,Qb,Bw,Rb,Pw	darkGray	0
b13060b15eed26f0a29eee874bdee211	12	Rw,Kb,Rb,Nw,Qb,Kw,Pw,Kw,Rw,,,,,,,Qb,Rw,,,,,,,Pb,Rw,,,Bw,Bw,,,Rb,Rw,,,Bw,Bw,,,Bw,Rw,,,,,,,Qw,Rw,,,,,,,Pw,Rw,Pw,Nb,Bb,Kw,Pb,Nw,Pw	darkGray	0
b1335c3ceaaf09a0118060c704c899d8	1094	Kw,Rb,Pw,Qw,Bb,Rw,Pb,Qw,Bb,,,,,,,Nb,Rw,,,,,,,Bw,Kb,,,,,,,Kb,Qw,,,,,,,Pb,Bw,,,,,,,Nw,Rb,,,,,,,Bb,Pw,Bw,Rb,Pw,Kw,Bb,Rw,Rb	lightGray	0
b145f2eb01d5f32ca246741f90a8b9b4	1672	Kw,Nb,Qw,Kb,Pb,Nw,Bb,Kb,Bb,,,,,,,Qb,Kw,,,,,,,Kw,Pb,,,Nw,Nw,,,Rw,Nw,,,Nw,Nw,,,Nb,Bw,,,,,,,Qw,Kb,,,,,,,Kb,Nb,Bb,Qw,Pw,Rb,Bw,Qb,Nw	lightGray	0
b16d690b6901042ad2d647febe18ee4e	110	Qw,Nb,Bw,Kw,Pw,Nw,Bb,Rw,Qw,,,,,,,Rw,Pw,,,,,,,Rw,Rb,,,Rb,Rb,,,Rw,Bw,,,Rb,Rb,,,Rw,Qb,,,,,,,Rw,Pb,,,,,,,Rw,Pb,Bb,Rw,Pw,Qw,Bw,Nb,Rw	darkGray	0
b17206c0100031f8b8d8204a4d173378	2144	Pw,Qb,Bw,Rw,Pb,Qw,Bb,Rw,Bb,,,,,,,Rw,Kw,,,,,,,Rw,Pb,,,Nb,Nb,,,Rw,Nw,,,Nb,Nb,,,Rw,Bw,,,,,,,Rw,Qb,,,,,,,Rw,Rw,Kw,Rw,Nb,Qw,Pw,Rb,Rw	lightRed	0
b17991bbc5c9d2339279932e08823f1c	3023	Pb,Pb,Qb,Bb,Rw,Pw,Qw,Rb,Rw,,,,,,,Pw,Pb,,,,,,,Qw,Qb,,,,,,,Bb,Bw,,,,,,,Rw,Rb,,,,,,,Pb,Pw,,,,,,,Qb,Qb,Nw,Pb,Kw,Bb,Nb,Pw,Kw	lightRed	1
b17b726a7fa0b8dc55f08142d4f480e6	1443	Pb,Bw,Qb,Pw,Nb,Bb,Qw,Nb,Rw,,,,,,,Pw,Kw,,,,,,,Nb,Qb,,,,,,,Bw,Nw,,,,,,,Kb,Rb,,,,,,,Pb,Pw,,,,,,,Nw,Bw,Nw,Rb,Pw,Qw,Nb,Rw,Nw	lightRed	0
b17d1afe33834104f89eccb18e8c3b5d	3663	Qb,Kw,Rw,Nb,Qw,Kb,Rb,Nw,Nb,,,,,,,Kw,Pw,,,,,,,Qb,Kb,,,,,,,Nb,Bw,,,,,,,Pw,Nw,,,,,,,Kb,Pb,,,,,,,Qw,Nb,Bb,Qw,Pb,Rw,Nw,Qb,Rw	lightGray	0
b19bc8a81ea2da94085e43543fac4eed	1001	Bw,Qw,Nb,Rw,Kw,Qb,Nw,Bb,Kw,,,,,,,Rb,Qb,,,,,,,Nw,Nw,,,Pw,Pw,,,Qb,Rb,,,Pw,Pw,,,Kw,Kb,,,,,,,Rw,Qw,,,,,,,Bb,Rb,Nw,Bb,Kw,Pw,Nb,Bw,Bw	lightGray	0
b1a18d0affc8f70357a0b8f95c80898b	2238	Bb,Qb,Bw,Rb,Pw,Qw,Bb,Bb,Bb,,,,,,,Rw,Pw,,,,,,,Kw,Pb,,,,,,,Qb,Kb,,,,,,,Nw,Qw,,,,,,,Rb,Nb,,,,,,,Kb,Bb,Qw,Nb,Rb,Kb,Qb,Nw,Kb	lightRed	0
b1b6aa03419b7f36283073224aa78643	3266	Kb,Kw,Pw,Nb,Bw,Kb,Pb,Bw,Bw,,,,,,,Pb,Rb,,,,,,,Nw,Pw,,,,,,,Bw,Qw,,,,,,,Kb,Bb,,,,,,,Pw,Rw,,,,,,,Rb,Rw,Qb,Kw,Rw,Nb,Bw,Kb,Qb	lightRed	0
b1b9bc6e1dd04ba79a25ec47d168c508	2250	Rw,Bb,Nw,Pb,Kb,Bw,Nb,Nw,Kw,,,,,,,Nw,Pw,,,,,,,Pb,Nb,,,,,,,Kw,Bw,,,,,,,Bb,Kb,,,,,,,Nb,Pb,,,,,,,Pw,Pb,Kb,Rb,Nb,Qw,Kw,Rw,Nb	darkGray	0
b1ccd4fb731d0b87d9a61ec399a81fb2	3761	Nw,Pb,Qb,Nb,Rw,Kb,Qw,Kb,Rw,,,,,,,Bw,Nb,,,,,,,Kb,Qw,,,,,,,Pw,Kw,,,,,,,Nb,Rb,,,,,,,Bb,Nw,,,,,,,Kw,Nw,Pw,Nb,Bw,Kb,Pb,Nw,Bb	darkGray	0
b1ccf33ea8758deaf7b9320231f7b78b	116	Bb,Nw,Qb,Kw,Rw,Nb,Qw,Qb,Rb,,,,,,,Qb,Nw,,,,,,,Pb,Qb,,,,,,,Rb,Kw,,,,,,,Bw,Rw,,,,,,,Qw,Nb,,,,,,,Kb,Rb,Bw,Rb,Pb,Qb,Bb,Rw,Pb	lightRed	0
b1de115c668cedfabd142f7060da0048	2561	Nw,Pw,Qw,Bw,Rb,Pb,Qb,Pb,Bb,,,,,,,Rb,Kw,,,,,,,Bw,Pb,,,,,,,Qb,Nw,,,,,,,Pb,Bw,,,,,,,Rw,Kb,,,,,,,Bb,Bb,Rb,Pw,Qb,Bw,Rw,Pb,Pb	lightGray	0
b1e228e320bb462eea148cec42afab59	2789	Kb,Pw,Qw,Bw,Rb,Pb,Qb,Rw,Pb,,,,,,,Bb,Nw,,,,,,,Kw,Bb,,,Pb,Pb,,,Pb,Kw,,,Pb,Pb,,,Nw,Pw,,,,,,,Bw,Nb,,,,,,,Kb,Kw,Nb,Qw,Kb,Rb,Nw,Qb,Qb	darkGray	0
b20c5a75bd0a95644b92800f03a67896	2902	Rw,Rw,Rw,Rw,Rw,Rw,Rw,Rw,Nw,,,,,,,Kb,Pb,,,,,,,Qw,Kw,,,,,,,Bb,Bb,,,,,,,Rw,Rb,,,,,,,Kw,Pw,,,,,,,Qb,Kb,Nb,Pw,Qb,Bw,Rw,Pb,Qw	lightRed	0
b210e12fd5f42927d748ae111c2fd2f5	3363	Rw,Qb,Pb,Rb,Bw,Qw,Pw,Rw,Kw,,,,,,,Rw,Qb,,,,,,,Kb,Nb,,,,,,,Qb,Rw,,,,,,,Nw,Kb,,,,,,,Rw,Qw,,,,,,,Pb,Rb,Kb,Qw,Nw,Rb,Kw,Qb,Rb	darkRed	0
b2179feb874b403e941ddee9d188787f	922	Kb,Nw,Bb,Kb,Pb,Nb,Bw,Pw,Bw,,,,,,,Rb,Qb,,,,,,,Bw,Pw,,,Bw,Bw,,,Qw,Nb,,,Bw,Bw,,,Pw,Bb,,,,,,,Rw,Kw,,,,,,,Bb,Qb,Kb,Rb,Nb,Qw,Kw,Rw,Qw	darkGray	0
b22eda87dbe261ff661e466cdf5b30a0	1011	Qw,Qb,Pb,Rw,Bb,Qw,Pw,Rb,Nb,,,,,,,Qb,Rw,,,,,,,Pb,Kb,,,Pb,Pb,,,Rb,Bw,,,Pb,Pb,,,Bw,Nw,,,,,,,Qw,Rb,,,,,,,Pw,Bw,Rb,Nw,Qw,Kb,Rw,Nb,Rb	darkGray	0
b2303bac8ff2bef06c3cb305d9611f91	1055	Nb,Rb,Kb,Qb,Nw,Rw,Pb,Qw,Nw,,,,,,,Bb,Bb,,,,,,,Qw,Kb,,,,,,,Pw,Pb,,,,,,,Rb,Nb,,,,,,,Bw,Bw,,,,,,,Qb,Bw,Rw,Kw,Qb,Nw,Rb,Kb,Pb	darkGray	0
b23a21dbfc9d32e40ded3ac0b5f427d7	1654	Pw,Bb,Qw,Kb,Rb,Bw,Qb,Bw,Pw,,,,,,,Bb,Rb,,,,,,,Qw,Bb,,,Bb,Bb,,,Pw,Qw,,,Bb,Bb,,,Rb,Pb,,,,,,,Bw,Rw,,,,,,,Qb,Pw,Kb,Qw,Nb,Rw,Kw,Qb,Bw	darkGray	0
b26f20e278ef3e57cf18d42ae7b3db4a	762	Pw,Pw,Kw,Bb,Nw,Pb,Kb,Pw,Qb,,,,,,,Nb,Kw,,,,,,,Pw,Rw,,,Nb,Nb,,,Kw,Nb,,,Nb,Nb,,,Bb,Qw,,,,,,,Nw,Kb,,,,,,,Pb,Kw,Pb,Qb,Bw,Rb,Pw,Qw,Qb	lightGray	0
b27584f0cfc6f3e45427a60d01d34e9e	3137	Pb,Qw,Bb,Rb,Pw,Qb,Bw,Pb,Rb,,,,,,,Rw,Bw,,,,,,,Bb,Qw,,,Pb,Pb,,,Qw,Pw,,,Pb,Pb,,,Pw,Rw,,,,,,,Nb,Bb,,,,,,,Bw,Bw,Rb,Kb,Qb,Nw,Rw,Kw,Nw	lightGray	0
b28e3b01f6ddabf641cf4f29effb37ed	2417	Bb,Bw,Nb,Pw,Kw,Bb,Nw,Qw,Kw,,,,,,,Nw,Pw,,,,,,,Bb,Nw,,,Nb,Nb,,,Kb,Bb,,,Nb,Nb,,,Pb,Kb,,,,,,,Nb,Pb,,,,,,,Bw,Rb,Nb,Rw,Kb,Qw,Nw,Rb,Rb	lightRed	0
b297d3d0cec3e9180d757de56b21192f	465	Rb,Bb,Rw,Pw,Qw,Bw,Rb,Pb,Qb,,,,,,,Qb,Bw,,,,,,,Kw,Rb,,,Qb,Qb,,,Rb,Pw,,,Qb,Qb,,,Nw,Qw,,,,,,,Qw,Nb,,,,,,,Kb,Rw,Rw,Rw,Rw,Rw,Rw,Rw,Rw	lightGray	0
b29cd33ffcb3fb5188a9f14ea0c6a265	75	Kw,Rb,Kb,Qw,Nb,Rw,Kw,Nw,Bb,,,,,,,Bw,Rw,,,,,,,Rb,Pb,,,,,,,Pb,Qb,,,,,,,Qb,Bw,,,,,,,Bb,Rb,,,,,,,Rw,Pw,Kw,Rw,Nw,Qb,Kb,Rb,Rw	lightGray	0
b2a4d18ad54c644f4428642190e6d546	3201	Kw,Rw,Bb,Qb,Pb,Rb,Bw,Qw,Nb,,,,,,,Bw,Qw,,,,,,,Nb,Kb,,,,,,,Pb,Rb,,,,,,,Kb,Nw,,,,,,,Bb,Qb,,,,,,,Nw,Bw,Nb,Qw,Kw,Rw,Nw,Bb,Nw	lightRed	0
b2b65290bf2b85b6ca411d02c186636b	62	Kw,Nb,Bw,Kw,Rw,Nw,Qb,Rb,Pb,,,,,,,Rb,Rw,,,,,,,Nw,Bb,,,Rw,Rw,,,Qw,Qw,,,Rw,Rw,,,Kb,Pw,,,,,,,Rw,Nb,,,,,,,Bb,Nb,Nb,Bw,Kb,Pb,Nw,Bb,Pw	darkGray	0
b2bab628d850167a28d957f23a18be49	2700	Kw,Pw,Qw,Nw,Rb,Pb,Qb,Qw,Bw,,,,,,,Kb,Qb,,,,,,,Pb,Pb,,,,,,,Nw,Rw,,,,,,,Bb,Nb,,,,,,,Kw,Qw,,,,,,,Pw,Pb,Qb,Pb,Rw,Nb,Qw,Kb,Kb	darkRed	0
b2e21c60473a86965e1c948ba8b5d1be	2139	Qb,Bb,Nw,Pb,Kb,Bw,Nb,Nw,Qb,,,,,,,Qb,Pb,,,,,,,Kw,Rb,,,,,,,Rb,Bw,,,,,,,Nw,Qw,,,,,,,Qw,Pw,,,,,,,Pw,Nw,Nw,Qb,Kw,Rw,Nb,Qw,Kw	darkRed	0
b2e8e9c70591f2967e2562566759367c	3635	Qb,Nb,Bw,Kw,Pw,Rw,Bb,Rw,Bw,,,,,,,Qb,Kb,,,,,,,Kw,Pb,,,Bb,Bb,,,Rb,Nw,,,Bb,Bb,,,Nw,Qb,,,,,,,Qw,Kw,,,,,,,Kb,Qb,Bb,Rw,Pb,Qb,Bw,Rb,Kw	darkRed	0
b2f0899e1fb75685525d297f8e70a66a	3196	Kb,Nw,Rb,Kb,Qw,Bb,Rw,Nw,Nw,,,,,,,Pw,Pb,,,,,,,Qw,Kb,,,Kb,Kb,,,Bb,Bw,,,Kb,Kb,,,Rw,Nb,,,,,,,Pb,Pw,,,,,,,Qb,Bw,Rw,Pb,Qb,Bw,Rb,Pw,Pb	darkRed	0
b2f23e20545a460eb1dcaccb8b005f6c	466	Bb,Kb,Pb,Nw,Bb,Kw,Pw,Qw,Nb,,,,,,,Nw,Pw,,,,,,,Qb,Kb,,,,,,,Kw,Bw,,,,,,,Rw,Nw,,,,,,,Nb,Pb,,,,,,,Qw,Bb,Nw,Rb,Kw,Qb,Nb,Rw,Kb	lightRed	0
b2fdd58b96b76fe71ee48f245c332100	291	Rw,Rw,Rw,Rw,Rw,Rw,Rw,Rw,Rb,,,,,,,Bw,Pw,,,,,,,Kb,Qw,,,,,,,Pw,Bb,,,,,,,Nb,Rw,,,,,,,Bb,Pb,,,,,,,Kw,Kw,Rb,Kb,Qw,Nb,Rw,Kw,Nw	lightGray	0
b3049a59c9145f1e2d981794d3abd035	3334	Rw,Rw,Bb,Qb,Pb,Rb,Bw,Kb,Rw,,,,,,,Qb,Rw,,,,,,,Kw,Rw,,,,,,,Rw,Rw,,,,,,,Nb,Rw,,,,,,,Qw,Rw,,,,,,,Kb,Rw,Bb,Rw,Pb,Qb,Bw,Rb,Pw	darkGray	0
b3111c1a1c5e7e62cb4a215b8dc0bb22	3630	Rw,Bb,Nw,Pw,Kw,Bw,Nb,Bw,Rw,,,,,,,Qw,Bb,,,,,,,Nb,Qw,,,,,,,Rb,Pw,,,,,,,Kb,Rb,,,,,,,Qb,Bw,,,,,,,Nw,Kw,Nb,Pw,Qb,Bw,Rw,Pb,Pb	darkGray	0
b325f9e65d4b4f49b609f36c9aa76ef9	3390	Bw,Nw,Bb,Kb,Pb,Nb,Bw,Nw,Pb,,,,,,,Kw,Kb,,,,,,,Bb,Bb,,,Pb,Pb,,,Rb,Nw,,,Pb,Pb,,,Pw,Pw,,,,,,,Qb,Kw,,,,,,,Bw,Qb,Nw,Qb,Kb,Rb,Nb,Kw,Kb	lightRed	0
b32abc593d74af869ee9df49a34c2d40	352	Pb,Qb,Pb,Rw,Bb,Qw,Pw,Nb,Bb,,,,,,,Rw,Kw,,,,,,,Pb,Pw,,,Nb,Nb,,,Qb,Nb,,,Nb,Nb,,,Bw,Bw,,,,,,,Rb,Kb,,,,,,,Pw,Rw,Pw,Nb,Bb,Kw,Pb,Nw,Rb	lightRed	0
b32bcc5a62bc44f9c4ead78909fd10c9	2513	Kw,Kw,Pw,Nb,Bw,Kb,Pb,Rw,Kw,,,,,,,Rw,Rw,,,,,,,Rw,Nw,,,,,,,Rw,Qb,,,,,,,Rw,Kb,,,,,,,Rw,Rb,,,,,,,Rw,Qw,Rb,Nw,Qw,Kb,Pw,Nb,Rw	darkRed	0
b334d1aecf2514f64b45b6cc6e4ec8ed	2517	Bb,Qw,Nb,Rw,Kw,Qb,Bw,Bw,Pb,,,,,,,Nb,Rw,,,,,,,Rw,Bw,,,Bb,Bb,,,Kw,Qb,,,Bb,Bb,,,Qb,Pw,,,,,,,Nw,Rb,,,,,,,Rb,Pw,Nb,Bw,Kw,Pw,Nw,Bb,Nw	darkGray	0
b37e594cd5b1abcaf67a04eef3f75f01	2205	Nw,Qb,Kw,Rw,Nb,Qw,Kb,Nw,Rb,,,,,,,Rw,Bw,,,,,,,Pb,Qb,,,,,,,Qb,Pb,,,,,,,Bw,Nw,,,,,,,Rb,Bb,,,,,,,Pw,Pw,Pb,Kb,Qw,Nb,Rw,Kw,Bw	darkGray	0
b387148afd1d1f1c0a1d0162a3847f0e	3166	Rw,Pw,Nb,Bb,Kw,Pb,Nw,Rb,Pb,,,,,,,Rw,Qb,,,,,,,Pb,Bb,,,Bb,Bb,,,Qb,Rw,,,Bb,Bb,,,Bw,Pw,,,,,,,Rb,Qw,,,,,,,Pw,Rb,Kw,Pw,Nw,Bb,Kb,Pb,Rw	darkGray	0
b391e51a23ce6abc915882e4bd2e1875	2350	Rw,Rw,Rw,Rw,Rw,Rw,Rw,Rw,Kb,,,,,,,Pw,Qw,,,,,,,Rb,Bb,,,Kb,Kb,,,Bw,Rw,,,Kb,Kb,,,Qb,Kw,,,,,,,Pb,Qb,,,,,,,Rw,Qw,Rb,Bw,Qb,Pb,Rw,Bb,Kw	darkRed	0
b3a42c3bea7b35fe0d659e4a38ebfbf6	2167	Pb,Qb,Pb,Rw,Nb,Qw,Kb,Kb,Kw,,,,,,,Nw,Qb,,,,,,,Bb,Nb,,,Pb,Pb,,,Kb,Rw,,,Pb,Pb,,,Pb,Pw,,,,,,,Nb,Qw,,,,,,,Bw,Qb,Nb,Qw,Kb,Rb,Nw,Qb,Qw	lightRed	0
b3aa1f43c8ac24cea661c1e379d392ec	3142	Kb,Qb,Kw,Rb,Nw,Qw,Kb,Nw,Qw,,,,,,,Nw,Kb,,,,,,,Rb,Rb,,,,,,,Kw,Nw,,,,,,,Qb,Qb,,,,,,,Bb,Kw,,,,,,,Rw,Pw,Qb,Bw,Rb,Pw,Qw,Bb,Bw	darkGray	0
b3aef821a9eae183bccc9b347761e3da	3957	Qw,Bb,Nw,Pw,Kw,Bw,Nb,Nw,Nw,,,,,,,Bb,Qb,,,,,,,Kw,Kw,,,,,,,Pw,Rw,,,,,,,Nb,Nb,,,,,,,Qw,Qw,,,,,,,Kb,Kb,Kb,Pb,Nw,Bb,Kw,Pw,Nw	darkRed	0
b3b4405afd2bd598f33016238bc0fe20	259	Rw,Pb,Nw,Bw,Kb,Pw,Nb,Kb,Pb,,,,,,,Bw,Qb,,,,,,,Qb,Bb,,,Nw,Nw,,,Pw,Rw,,,Nw,Nw,,,Nb,Pw,,,,,,,Bb,Kw,,,,,,,Kw,Kb,Bw,Qb,Pb,Rw,Bb,Qw,Qb	lightGray	0
b3bcaa39790297584bae7918ca253405	3742	Qw,Qw,Kb,Rw,Nb,Qb,Kw,Nw,Pw,,,,,,,Qb,Nb,,,,,,,Kw,Bw,,,,,,,Rw,Kb,,,,,,,Nb,Pb,,,,,,,Qw,Nw,,,,,,,Kb,Rw,Nw,Rb,Kb,Qw,Nb,Rw,Rw	lightGray	0
b3c31e1bee482fe21f33c72fb1fe1781	1197	Bb,Qw,Kb,Rw,Nb,Bb,Kw,Nw,Rw,,,,,,,Rb,Bb,,,,,,,Pw,Qb,,,,,,,Qb,Pb,,,,,,,Bw,Rb,,,,,,,Rw,Bw,,,,,,,Pb,Qb,Pw,Qw,Bw,Rb,Kw,Qb,Kw	darkRed	0
b3c8c6e40bf64a4b0a2d34eab5533a56	1077	Nb,Pw,Rb,Bb,Qw,Pb,Nw,Rb,Kb,,,,,,,Rb,Qw,,,,,,,Bw,Nw,,,,,,,Qb,Rb,,,,,,,Pb,Kw,,,,,,,Rw,Qb,,,,,,,Bb,Nw,Qb,Pb,Rb,Bw,Qw,Pw,Nw	lightGray	0
b3cbe731add0cad1ceefa226339c5130	303	Kw,Qw,Kb,Rw,Nb,Bb,Kw,Qw,Kw,,,,,,,Kw,Rw,,,,,,,Bb,Nb,,,,,,,Nb,Qw,,,,,,,Pw,Kb,,,,,,,Kb,Rb,,,,,,,Bw,Qw,Qb,Bw,Rb,Pw,Kw,Bb,Bw	lightGray	0
b3d050cde4aafacaef1260f86c360e8e	861	Bw,Pw,Kw,Qb,Nw,Rb,Kb,Rb,Pw,,,,,,,Nw,Rb,,,,,,,Qb,Bw,,,,,,,Kb,Qb,,,,,,,Rb,Pb,,,,,,,Nb,Rw,,,,,,,Qw,Qw,Pw,Nb,Bb,Kw,Pb,Nw,Qb	lightRed	0
b3d628da90eeb00876b25afcf932038f	18	Qw,Kw,Bb,Nb,Pw,Kb,Bw,Rb,Qw,,,,,,,Bw,Pw,,,,,,,Nb,Rw,,,,,,,Rw,Bb,,,,,,,Kw,Qb,,,,,,,Bb,Pb,,,,,,,Nw,Qw,Qw,Nb,Rb,Kb,Qb,Nw,Pw	darkRed	0
b3f03fa4b768bfb1b9842ce5f451d15d	1226	Pb,Pw,Kw,Bb,Nw,Pb,Qb,Pw,Bb,,,,,,,Rb,Kw,,,,,,,Bw,Pw,,,,,,,Qb,Nb,,,,,,,Pb,Bw,,,,,,,Rw,Kb,,,,,,,Bb,Kw,Pw,Nb,Bw,Kb,Pb,Nw,Nb	darkGray	0
b3fe664160b6faa7368b1fe6d94c00af	1378	Bw,Pw,Rb,Bw,Qb,Pb,Nw,Bb,Pw,,,,,,,Qw,Rb,,,,,,,Nb,Bw,,,Nw,Nw,,,Rb,Qb,,,Nw,Nw,,,Kb,Pb,,,,,,,Bb,Nw,,,,,,,Nw,Qw,Qb,Bw,Rb,Pw,Qw,Bb,Qw	darkRed	0
b4093552741484ebc1d60ded335d0eba	624	Kw,Rw,Bb,Qw,Pw,Rb,Bw,Qb,Pb,,,,,,,Qw,Qb,,,,,,,Kb,Bb,,,Pb,Pb,,,Rb,Rw,,,Pb,Pb,,,Nw,Pw,,,,,,,Bb,Qw,,,,,,,Kw,Pw,Rw,Bb,Qb,Pb,Rb,Bw,Qb	darkRed	0
b40dff47676ed9185683ce4c0c82888d	19	Pw,Bb,Rw,Pb,Qb,Bw,Rb,Nb,Pw,,,,,,,Rw,Qw,,,,,,,Pb,Bb,,,,,,,Qw,Rw,,,,,,,Bb,Pb,,,,,,,Rb,Qb,,,,,,,Pw,Nb,Bb,Rw,Pb,Qb,Bw,Rb,Bb	darkRed	0
b410ae7f1e7ae8097093dd9003607ca8	1248	Rw,Bb,Qw,Pb,Rw,Bw,Qb,Nb,Qw,,,,,,,Nb,Nb,,,,,,,Pw,Rw,,,Qb,Qb,,,Kb,Kw,,,Qb,Qb,,,Bw,Qb,,,,,,,Nw,Nw,,,,,,,Pb,Qb,Bb,Nw,Pw,Kw,Bw,Nb,Kw	lightRed	0
b43011093d83a0713623a7bb509754c1	3188	Pw,Nw,Rb,Kb,Qw,Nb,Rw,Kw,Bb,,,,,,,Pb,Kw,,,,,,,Nw,Pw,,,,,,,Bb,Nb,,,,,,,Kw,Bw,,,,,,,Pw,Kb,,,,,,,Nb,Nw,Bb,Rw,Pw,Qw,Nw,Rb,Bw	lightGray	0
b431a9b35ae51ca662bda59c926554fd	1598	Pb,Pb,Nw,Bw,Kb,Pw,Nb,Nb,Rb,,,,,,,Rb,Kb,,,,,,,Nw,Qw,,,Pb,Pb,,,Qb,Nb,,,Pb,Pb,,,Kw,Rw,,,,,,,Rw,Kw,,,,,,,Bb,Qb,Bw,Qb,Pw,Nb,Bb,Qw,Qb	lightRed	0
b43bbadb14c6481e295460327943958c	2810	Qb,Pw,Nb,Bb,Kw,Pb,Nw,Rw,Qw,,,,,,,Bb,Pw,,,,,,,Nw,Rb,,,Nb,Nb,,,Pb,Bw,,,Nb,Nb,,,Kb,Qb,,,,,,,Bw,Pb,,,,,,,Nb,Nb,Rw,Bb,Qb,Pb,Nb,Bw,Kb	lightRed	0
b44e54042ea04ae726c80d4913328146	3797	Qb,Nw,Qb,Kb,Rb,Nb,Qw,Kb,Qb,,,,,,,Kw,Kw,,,,,,,Qb,Rb,,,,,,,Nw,Nw,,,,,,,Rb,Bw,,,,,,,Kb,Kb,,,,,,,Qw,Rw,Rw,Rw,Rw,Rw,Rw,Rw,Rw	darkRed	0
b451c552e8ec19a46f4f57464584ea69	1017	Pb,Bw,Rb,Pb,Qb,Bb,Rw,Nb,Qw,,,,,,,Pb,Kb,,,,,,,Nw,Rb,,,,,,,Bw,Nw,,,,,,,Kb,Qb,,,,,,,Pw,Kw,,,,,,,Nb,Bw,Kw,Bb,Nw,Pb,Kb,Bw,Qw	lightRed	0
b45737b4ed93c4c8163ac64f6d385898	12	Rw,Kb,Rb,Nw,Qb,Kw,Pw,Kw,Rw,,,,,,,Qb,Rw,,,,,,,Pb,Rw,,,Bw,Bw,,,Rb,Rw,,,Bw,Bw,,,Bw,Rw,,,,,,,Qw,Rw,,,,,,,Pw,Rw,Pw,Nb,Bb,Kw,Pb,Nw,Pw	darkGray	0
b4591d72cc0a739127942d05d5499d29	1420	Bb,Qw,Bb,Rw,Pb,Qb,Bw,Nb,Nb,,,,,,,Rb,Pw,,,,,,,Bw,Kw,,,Pw,Pw,,,Qw,Bb,,,Pw,Pw,,,Pw,Nw,,,,,,,Rw,Pb,,,,,,,Bb,Nb,Bb,Nw,Pw,Kw,Bw,Nb,Bb	lightGray	0
b475f1d7428a98b716c9c17412f5070d	1556	Bw,Rw,Pb,Qw,Bb,Rb,Pw,Pw,Kb,,,,,,,Rw,Pb,,,,,,,Nb,Nw,,,Pw,Pw,,,Qw,Bb,,,Pw,Pw,,,Kb,Kw,,,,,,,Rb,Pw,,,,,,,Nw,Nw,Kb,Bw,Nb,Pw,Kw,Bb,Nb	darkRed	0
b4d53f2883dbc45b67d755007b1cf015	3672	Pw,Kw,Rw,Nw,Qb,Kb,Rb,Rw,Qb,,,,,,,Pb,Bw,,,,,,,Qb,Rw,,,,,,,Nb,Pb,,,,,,,Rw,Qw,,,,,,,Kb,Bb,,,,,,,Qw,Qw,Qw,Nb,Rb,Kb,Qb,Bw,Rw	lightGray	0
b4da50a09553ac3a9e865fc19b68c985	2879	Kw,Kw,Rw,Nw,Qb,Pw,Rb,Pb,Kb,,,,,,,Qw,Rb,,,,,,,Kb,Nw,,,Bb,Bb,,,Rb,Bb,,,Bb,Bb,,,Nw,Kw,,,,,,,Qb,Rw,,,,,,,Kw,Rb,Kb,Qw,Nw,Rb,Kw,Qb,Bw	darkRed	0
b4f30e376d3b9f2cd5656dcdfe3f4a4b	134	Kw,Qb,Nw,Rb,Kb,Qw,Nb,Bb,Nb,,,,,,,Nb,Bw,,,,,,,Qw,Kb,,,,,,,Kb,Pb,,,,,,,Rb,Nw,,,,,,,Nw,Bb,,,,,,,Qb,Kw,Qb,Kw,Rb,Nw,Qw,Kb,Pb	lightGray	0
b4fc5b10a4190e6802ff36ebf4c6446e	15	Qb,Pw,Rb,Bb,Qw,Pb,Rw,Kw,Kb,,,,,,,Kw,Qw,,,,,,,Qb,Nb,,,,,,,Nb,Rw,,,,,,,Rw,Kw,,,,,,,Kb,Qb,,,,,,,Qw,Nb,Qb,Nw,Rb,Kb,Qw,Nb,Bb	lightGray	0
b51ae5e3c8693e47f05d09e2a1e296df	1820	Nb,Bb,Nw,Pb,Kb,Qw,Nb,Kb,Rw,,,,,,,Qb,Pb,,,,,,,Bw,Qb,,,,,,,Rw,Bw,,,,,,,Pb,Rb,,,,,,,Qw,Pw,,,,,,,Bb,Rb,Kw,Pw,Nw,Bb,Kb,Pb,Nb	darkRed	1
b51dff54667a4118454826190f6db7ec	1673	Bw,Pw,Rb,Bw,Qb,Pb,Rw,Kw,Qb,,,,,,,Kw,Kw,,,,,,,Bb,Rb,,,,,,,Rb,Nw,,,,,,,Pw,Qw,,,,,,,Kb,Kb,,,,,,,Bw,Nw,Pb,Nw,Bb,Kw,Pw,Rb,Kw	darkRed	0
b51f7863b96e88e0e2798653edb25028	1890	Nw,Bw,Qb,Pw,Rb,Bb,Qw,Pw,Pb,,,,,,,Qw,Rw,,,,,,,Pw,Bw,,,Nb,Nb,,,Rb,Qb,,,Nb,Nb,,,Bw,Pw,,,,,,,Qb,Rb,,,,,,,Kw,Bb,Kw,Rw,Nb,Qw,Kb,Rb,Kb	lightRed	0
b522ca8d836bf167c72f8fc9aa21213e	2979	Nb,Qb,Kw,Rw,Nb,Qw,Kb,Rb,Pb,,,,,,,Rb,Qb,,,,,,,Nw,Bw,,,,,,,Qw,Rb,,,,,,,Kb,Pw,,,,,,,Rw,Kw,,,,,,,Nb,Pb,Qb,Nw,Rb,Kb,Qw,Nb,Rw	lightGray	0
b527c509bcc675de2b7a4648fd12102f	638	Nw,Qw,Pw,Rw,Bb,Qb,Kw,Kw,Nb,,,,,,,Qw,Rw,,,,,,,Nb,Kb,,,,,,,Rw,Qw,,,,,,,Kw,Nw,,,,,,,Qb,Rb,,,,,,,Nw,Kb,Bw,Rb,Pw,Kw,Bb,Rw,Qb	lightRed	0
b528bdb6a108de91a38d9b462f494e8a	197	Rb,Kw,Pw,Nw,Bb,Kb,Pb,Bb,Rb,,,,,,,Nw,Bw,,,,,,,Rb,Qb,,,Pb,Pb,,,Kw,Pb,,,Pb,Pb,,,Qb,Rw,,,,,,,Nb,Bb,,,,,,,Pw,Nw,Nw,Pb,Kb,Bw,Nb,Pw,Pw	lightGray	0
b52fcf84694e0fd6529fd438194ee61b	679	Rw,Nw,Qb,Kb,Rb,Nb,Qw,Rb,Kb,,,,,,,Rb,Bw,,,,,,,Bw,Nb,,,Bb,Bb,,,Qw,Pw,,,Bb,Bb,,,Pw,Kw,,,,,,,Rw,Bb,,,,,,,Bb,Rb,Pb,Qb,Bw,Rb,Pw,Qw,Qw	darkGray	0
b53af343ba2e54cb670600cb3b9e6bfb	941	Bw,Qw,Bb,Rw,Pb,Qb,Bw,Kw,Kw,,,,,,,Qw,Qb,,,,,,,Bb,Nw,,,Pw,Pw,,,Rb,Rb,,,Pw,Pw,,,Kb,Kb,,,,,,,Qb,Qw,,,,,,,Bw,Qw,Kb,Pb,Nb,Bw,Kw,Pw,Pw	lightGray	0
b54396a96ec802ad490e348995698f01	1492	Bb,Nw,Pb,Kb,Bw,Nb,Pw,Bw,Rw,,,,,,,Kb,Nb,,,,,,,Bw,Qw,,,Pb,Pb,,,Nb,Kb,,,Pb,Pb,,,Pw,Pb,,,,,,,Qw,Nw,,,,,,,Bb,Rw,Rw,Rw,Rw,Rw,Rw,Rw,Rw	lightRed	0
b5459f63ca33b784f63df6346769fba3	3976	Kb,Kb,Bw,Nb,Pw,Kw,Bb,Nb,Pb,,,,,,,Kb,Kb,,,,,,,Qw,Bw,,,,,,,Nw,Nb,,,,,,,Rb,Pw,,,,,,,Kw,Kw,,,,,,,Qb,Bb,Nb,Qw,Kw,Rw,Bw,Qb,Nw	lightRed	0
b54946b5dbcdd97c6edb5167903761d9	3278	Bb,Pb,Qb,Bw,Rb,Pw,Qw,Pb,Pb,,,,,,,Bw,Qb,,,,,,,Nb,Bw,,,,,,,Pw,Rb,,,,,,,Kw,Pw,,,,,,,Bb,Qw,,,,,,,Nw,Rw,Bb,Kw,Rb,Nw,Qw,Kb,Pb	lightRed	0
b55c06942d255de83e476596a861d501	1646	Qb,Rw,Nb,Qb,Kw,Rb,Nw,Kw,Bb,,,,,,,Rw,Rw,,,,,,,Kw,Pw,,,,,,,Qb,Qw,,,,,,,Nw,Bw,,,,,,,Pb,Rb,,,,,,,Kb,Bw,Kb,Bw,Nb,Pw,Kw,Bb,Nw	lightRed	0
b55db17d705a4c96d9c346ff60f3d4ae	1311	Pw,Bb,Rw,Pw,Qw,Bw,Rb,Kb,Pw,,,,,,,Rb,Kw,,,,,,,Nw,Bw,,,,,,,Qb,Nb,,,,,,,Kw,Pb,,,,,,,Rw,Kb,,,,,,,Nb,Kb,Bb,Kw,Pw,Nb,Bw,Kb,Bb	darkGray	0
b574d84a6cbf6b06c3e7c04ee4c61b31	1937	Kb,Kw,Qb,Nb,Rw,Kb,Qw,Bb,Pw,,,,,,,Bw,Nb,,,,,,,Nb,Bw,,,Pb,Pb,,,Pb,Kb,,,Pb,Pb,,,Kb,Rb,,,,,,,Bb,Nw,,,,,,,Nw,Pb,Nb,Bw,Kb,Pb,Nw,Qb,Rw	darkGray	0
b574f91ddafd0d6ceaf4c1bb92dc3279	3777	Nw,Kw,Qb,Nb,Rw,Kb,Qw,Pb,Pw,,,,,,,Bw,Rb,,,,,,,Rb,Bb,,,Qw,Qw,,,Kw,Qw,,,Qw,Qw,,,Qb,Pb,,,,,,,Nb,Rw,,,,,,,Rw,Pw,Nw,Rb,Kw,Qb,Bb,Rw,Rb	lightRed	0
b5787544bcf4e7515f2733e0e63d7ed1	3736	Rw,Rb,Nw,Qb,Kw,Rw,Bb,Qb,Rw,,,,,,,Nw,Rw,,,,,,,Bb,Rw,,,Pb,Pb,,,Kb,Rw,,,Pb,Pb,,,Pb,Rw,,,,,,,Nb,Rw,,,,,,,Bw,Rw,Pw,Kw,Bw,Nb,Pb,Qb,Qb	lightRed	0
b58fb8f54b5943187824ba0d8e6a717e	1428	Bw,Qb,Nw,Rb,Kb,Qw,Nb,Nw,Bb,,,,,,,Kw,Nw,,,,,,,Rw,Pb,,,Pb,Pb,,,Nb,Kb,,,Pb,Pb,,,Qw,Bw,,,,,,,Kb,Nb,,,,,,,Rb,Rw,Qb,Bw,Rb,Pw,Qw,Bb,Rb	lightGray	0
b5a2df59d0322008118c0c662455993e	2634	Rw,Rb,Kb,Qb,Nw,Rw,Kw,Qb,Qb,,,,,,,Rw,Kw,,,,,,,Pb,Rw,,,,,,,Qw,Nb,,,,,,,Bb,Qw,,,,,,,Rb,Pw,,,,,,,Pw,Bb,Nb,Bw,Kb,Pb,Nw,Bb,Pw	lightRed	0
b5c55c2017dd74b95fe902d82adb473c	197	Rb,Kw,Pw,Nw,Bb,Kb,Pb,Bb,Rb,,,,,,,Nw,Bw,,,,,,,Rb,Qb,,,Pb,Pb,,,Kw,Pb,,,Pb,Pb,,,Qb,Rw,,,,,,,Nb,Bb,,,,,,,Pw,Nw,Nw,Pb,Kb,Bw,Nb,Pw,Pw	lightGray	1
b5db467a2bef193d8634240fa3484042	2240	Nb,Nw,Pb,Kb,Bw,Rb,Pw,Rw,Pb,,,,,,,Rw,Nw,,,,,,,Pb,Qw,,,Bb,Bb,,,Qw,Kb,,,Bb,Bb,,,Bb,Rw,,,,,,,Rb,Nb,,,,,,,Pw,Qb,Qb,Nw,Rb,Kb,Qw,Nb,Rb	darkRed	0
b5e364b57e11bb61ca9ed405bf2ebeb6	1990	Bw,Kw,Qb,Nw,Rb,Kb,Qw,Qb,Qb,,,,,,,Bb,Nw,,,,,,,Kw,Rw,,,Nw,Nw,,,Pw,Kw,,,Nw,Nw,,,Nb,Qw,,,,,,,Qw,Nb,,,,,,,Kb,Qb,Qw,Pw,Rb,Bw,Qb,Pb,Qw	darkRed	0
b5f7763250cfc3c869465f3e81104db1	2976	Rw,Rw,Pb,Qw,Nb,Rb,Pw,Bw,Kw,,,,,,,Bw,Qb,,,,,,,Qb,Nw,,,,,,,Pb,Rb,,,,,,,Rw,Kb,,,,,,,Bb,Qw,,,,,,,Qw,Kw,Pw,Qw,Bw,Rb,Pb,Qb,Bw	lightGray	0
b60cf9377af0c903e05cf62e37a2e6cf	1126	Bw,Nb,Bw,Kw,Pw,Nw,Bb,Rw,Nw,,,,,,,Pw,Rb,,,,,,,Kw,Kb,,,Pb,Pb,,,Bw,Qw,,,Pb,Pb,,,Nb,Nb,,,,,,,Pb,Pw,,,,,,,Qb,Kw,Kw,Rw,Nw,Qb,Pw,Rb,Pb	lightGray	1
b60f6b77a5a1a7a424ee2d7a3020b4be	3018	Qb,Qb,Pb,Rw,Bb,Qw,Pw,Qw,Pw,,,,,,,Qw,Rb,,,,,,,Kb,Bb,,,Pb,Pb,,,Rw,Qw,,,Pb,Pb,,,Bb,Pb,,,,,,,Qb,Rw,,,,,,,Pb,Rb,Rw,Pb,Qb,Bw,Rb,Pw,Bw	darkRed	0
b60f6ea66aa9862e0535683c76fdb9e6	820	Rw,Bw,Rb,Pb,Qb,Bb,Rw,Kw,Pb,,,,,,,Qw,Rw,,,,,,,Pw,Bw,,,,,,,Rb,Qb,,,,,,,Nw,Pw,,,,,,,Qb,Rb,,,,,,,Pb,Rb,Kw,Qb,Nw,Rb,Kb,Qw,Pb	lightRed	0
b611bb808b8235650a1158e821fdf023	2204	Nb,Nw,Pb,Kb,Bw,Rb,Pw,Rw,Pb,,,,,,,Rw,Nw,,,,,,,Pb,Qw,,,Bb,Bb,,,Qw,Kb,,,Bb,Bb,,,Bb,Rw,,,,,,,Rb,Nb,,,,,,,Pw,Qb,Qb,Nw,Rb,Kb,Qw,Nb,Rb	darkRed	0
b6159ad4ec0da5dead0d97bb3c270d01	2974	Kb,Rb,Nw,Qw,Kb,Rw,Nb,Qb,Bw,,,,,,,Pb,Rb,,,,,,,Rw,Kw,,,,,,,Nb,Qb,,,,,,,Qw,Nb,,,,,,,Pw,Rw,,,,,,,Rb,Nb,Qw,Pw,Nw,Bb,Qb,Pb,Qw	darkGray	0
b61d9839ad5f23bf9750daf20ff89978	1515	Nw,Pw,Kw,Bb,Nw,Pb,Kb,Nw,Kb,,,,,,,Qw,Bw,,,,,,,Kb,Nw,,,Bw,Bw,,,Rw,Pb,,,Bw,Bw,,,Nb,Kw,,,,,,,Qb,Bb,,,,,,,Kw,Kw,Kb,Pb,Nw,Bb,Kw,Pw,Rw	lightRed	0
b6290a4f074a5b7d01f0dcf69b58d610	2139	Qb,Bb,Nw,Pb,Qb,Bw,Nb,Nw,Qb,,,,,,,Qb,Pb,,,,,,,Kw,Rb,,,,,,,Rb,Bw,,,,,,,Nw,Qw,,,,,,,Qw,Pw,,,,,,,Pw,Nw,Nw,Qb,Kw,Rw,Nb,Qw,Kw	darkRed	0
b62a5513c82df14b5e56df209e728d48	3557	Kw,Pb,Rw,Bw,Qb,Pw,Rb,Kw,Kw,,,,,,,Rw,Bb,,,,,,,Bb,Nw,,,Bb,Bb,,,Qw,Pb,,,Bb,Bb,,,Pw,Kb,,,,,,,Rb,Bw,,,,,,,Bw,Qw,Kb,Pb,Nw,Bb,Kw,Pw,Qw	lightGray	0
b62d9bde750d72817956e66b027f0b13	1182	Nw,Nw,Bb,Kb,Pb,Nb,Bw,Nw,Bb,,,,,,,Kb,Kw,,,,,,,Rb,Pb,,,,,,,Nw,Nw,,,,,,,Bb,Bw,,,,,,,Kw,Kb,,,,,,,Pw,Pb,Kw,Bb,Nw,Pb,Kb,Bw,Nw	lightRed	0
b6351a88064513de3d95d43e8174f607	654	Bb,Kw,Rw,Nw,Qb,Kb,Rb,Nw,Pw,,,,,,,Pb,Nb,,,,,,,Kb,Bb,,,Qw,Qw,,,Bw,Kw,,,Qw,Qw,,,Nb,Pb,,,,,,,Pw,Nw,,,,,,,Kw,Rb,Nw,Pb,Kw,Bb,Nb,Pw,Bw	darkGray	0
b6386b60eb9a68fbf944ba0f9341bf6a	3550	Bb,Pw,Qw,Bb,Rw,Pb,Qb,Qb,Rb,,,,,,,Kb,Bw,,,,,,,Qw,Qb,,,,,,,Nb,Kw,,,,,,,Rw,Rw,,,,,,,Kw,Nb,,,,,,,Qb,Qb,Rw,Bb,Kb,Pb,Rb,Bw,Bb	darkRed	0
b63ea2f0023892b5fe14ca3eeb847cd3	1487	Kw,Qw,Bb,Rb,Pw,Qb,Bw,Nb,Pb,,,,,,,Kb,Nw,,,,,,,Qw,Bb,,,,,,,Bb,Kw,,,,,,,Rw,Pw,,,,,,,Kw,Nb,,,,,,,Kb,Pw,Bb,Qw,Pw,Rb,Bw,Qb,Rw	darkRed	0
b64256284621a0d3af672b99a66c8bf0	3926	Kw,Qw,Kb,Rw,Nb,Qb,Kw,Rw,Rb,,,,,,,Nw,Pw,,,,,,,Bb,Qw,,,,,,,Kw,Bb,,,,,,,Pw,Rw,,,,,,,Nb,Pb,,,,,,,Bw,Bw,Kw,Qb,Nb,Rw,Qb,Qw,Pb	lightGray	0
b65078b6dea842d6ffde9fe40816ad0a	163	Nb,Nb,Pw,Kb,Bw,Nw,Pb,Pw,Bb,,,,,,,Nb,Nw,,,,,,,Bw,Pw,,,Qw,Qw,,,Kw,Kw,,,Qw,Qw,,,Pw,Bw,,,,,,,Nw,Nb,,,,,,,Bb,Pw,Qw,Pw,Rb,Nw,Qb,Kw,Qw	lightRed	0
b664cbca5f060d8d36f7a0cd9fb66f71	3216	Bb,Rw,Nb,Qw,Kb,Rb,Nw,Bb,Nw,,,,,,,Kw,Qb,,,,,,,Pw,Kw,,,,,,,Nw,Rw,,,,,,,Bb,Nb,,,,,,,Kb,Qw,,,,,,,Pb,Pb,Pb,Qb,Bb,Rw,Pw,Qw,Rb	darkRed	1
b6730460209ee7ad29f6a7e384048e73	1108	Qw,Pw,Kw,Bb,Nw,Pb,Kb,Qb,Nw,,,,,,,Nb,Rb,,,,,,,Rw,Kb,,,Kb,Kb,,,Kw,Qw,,,Kb,Kb,,,Qb,Nb,,,,,,,Nw,Rw,,,,,,,Rb,Nb,Rb,Nw,Qw,Kb,Rw,Bb,Rb	lightRed	0
b67671c02a45c1437500a0f03efa9b53	259	Rw,Pb,Nw,Bw,Kb,Pw,Nb,Kb,Pb,,,,,,,Bw,Qb,,,,,,,Qb,Bb,,,Nw,Nw,,,Pw,Rw,,,Nw,Nw,,,Nb,Pw,,,,,,,Bb,Kw,,,,,,,Kw,Kb,Bw,Qb,Pb,Rw,Bb,Kw,Qb	lightGray	0
b6842880608eb577a6157a3490ed9c7b	4062	Rb,Pw,Rb,Bw,Qb,Pb,Rw,Qb,Rb,,,,,,,Pb,Kw,,,,,,,Kb,Pw,,,,,,,Bb,Rb,,,,,,,Nw,Bw,,,,,,,Rw,Qb,,,,,,,Kw,Nb,Rb,Nw,Kw,Kb,Rw,Nb,Rb	darkGray	0
b69019e4fb964f11e9486a25f52d389d	2380	Bb,Bw,Nb,Pb,Kb,Bb,Pw,Rb,Pb,,,,,,,Qw,Nw,,,,,,,Pw,Bb,,,,,,,Rb,Kw,,,,,,,Bw,Pw,,,,,,,Qb,Nb,,,,,,,Pb,Pw,Pb,Kb,Bw,Nb,Pw,Kw,Nb	darkGray	0
b69737432d96491933e187334558ffd1	2180	Qb,Nb,Pw,Kw,Bb,Nw,Pb,Bb,Pb,,,,,,,Nb,Nw,,,,,,,Bw,Qw,,,Nb,Nb,,,Kb,Kb,,,Nb,Nb,,,Pb,Rw,,,,,,,Rw,Nb,,,,,,,Bb,Bw,Rw,Nb,Bw,Kb,Pb,Nw,Kw	lightGray	0
b6ab61ccacefb5e5dd6911d60b98b285	2616	Qb,Kb,Pb,Nw,Bb,Kw,Pw,Nw,Rw,,,,,,,Kb,Bb,,,,,,,Qw,Qb,,,,,,,Nb,Pb,,,,,,,Rw,Rb,,,,,,,Kw,Bw,,,,,,,Qb,Qb,Qw,Bb,Rb,Pw,Qb,Bw,Qb	darkGray	0
b6b97ff891e1cdffd42fd19cf61565ef	3815	Pb,Kw,Bb,Nw,Pb,Kb,Bw,Kw,Kb,,,,,,,Bw,Rb,,,,,,,Qb,Nb,,,Nw,Nw,,,Pb,Qw,,,Nw,Nw,,,Rw,Kw,,,,,,,Bb,Rw,,,,,,,Qw,Qb,Rw,Bb,Qw,Kb,Rb,Bw,Rw	darkRed	0
b6bcc7e370120ae5e54f960e01fdeeec	3065	Qw,Bb,Qw,Pb,Rw,Bw,Qb,Pw,Nb,,,,,,,Qb,Pw,,,,,,,Kw,Kb,,,,,,,Rw,Bw,,,,,,,Nb,Nw,,,,,,,Qw,Pb,,,,,,,Kb,Bw,Kw,Qb,Nw,Rb,Pw,Qw,Qw	darkRed	0
b6cec98744de24af89d081d3be2ad395	2507	Rw,Pw,Rb,Bb,Kw,Pb,Rw,Pb,Bb,,,,,,,Kw,Rw,,,,,,,Bb,Pb,,,Pb,Pb,,,Nw,Qb,,,Pb,Pb,,,Pb,Bw,,,,,,,Kb,Rb,,,,,,,Bw,Kw,Rw,Nb,Qw,Kb,Rb,Nw,Pw	darkGray	0
b6d123e6b9fe09f84471da5c559e663d	3368	Pw,Qw,Bb,Rb,Pw,Qb,Bw,Kw,Rw,,,,,,,Kb,Nb,,,,,,,Bw,Bw,,,,,,,Nb,Kb,,,,,,,Rw,Rb,,,,,,,Kw,Nw,,,,,,,Bb,Bb,Pb,Qb,Bb,Rw,Kb,Qw,Nb	lightGray	1
b6da140caeb30e4e0fd52400d577d3e3	2381	Qb,Rw,Pb,Qb,Bw,Rb,Pw,Pw,Bb,,,,,,,Kb,Nw,,,,,,,Rb,Rb,,,,,,,Nb,Kb,,,,,,,Qw,Qw,,,,,,,Kw,Nb,,,,,,,Pw,Kb,Qw,Nb,Rw,Kw,Qb,Nw,Pb	darkRed	0
b6da490b162b4b33ba7407b4e5ad45cf	1986	Rb,Bw,Qb,Pb,Rw,Bb,Qw,Kw,Bb,,,,,,,Pb,Nw,,,,,,,Rw,Rb,,,,,,,Bw,Kb,,,,,,,Qb,Qw,,,,,,,Kb,Nb,,,,,,,Rb,Nw,Rb,Kb,Qw,Nb,Rw,Kw,Qw	darkRed	0
b6de5e481ffa10f17c710ff9dc276dda	2709	Nb,Qw,Bb,Rw,Pb,Qb,Bw,Nb,Qw,,,,,,,Pw,Bb,,,,,,,Nb,Rb,,,Rb,Rb,,,Bb,Pw,,,Rb,Rb,,,Kw,Qb,,,,,,,Pb,Bw,,,,,,,Nw,Pw,Kw,Rw,Nb,Qw,Pw,Rb,Nw	lightGray	0
b6e3d5e5f3c9a20c0c978e7dc559fba3	384	Nw,Rb,Kb,Qw,Nb,Rw,Kw,Rb,Kw,,,,,,,Qw,Rw,,,,,,,Nb,Nb,,,Rb,Rb,,,Rb,Bw,,,Rb,Rb,,,Kb,Kb,,,,,,,Qb,Pb,,,,,,,Nw,Qw,Qb,Pb,Rw,Nb,Qw,Kb,Qw	darkGray	0
b6e586a2fdb4d700786dc206f653bbe3	921	Bw,Nb,Bw,Kw,Pw,Nw,Bb,Bw,Bw,,,,,,,Nw,Rb,,,,,,,Pb,Pb,,,,,,,Kb,Qb,,,,,,,Qw,Bb,,,,,,,Nb,Rw,,,,,,,Pw,Pw,Kb,Qw,Nb,Rw,Kw,Qb,Pw	lightGray	1
b6fa7185c7b360f8030062e52eaef962	190	Bb,Qb,Pb,Rw,Nb,Qw,Kb,Pb,Qb,,,,,,,Nb,Kw,,,,,,,Bw,Rw,,,,,,,Kb,Nb,,,,,,,Pb,Qw,,,,,,,Nw,Kb,,,,,,,Bb,Qb,Nb,Bw,Kb,Pb,Nw,Bb,Pb	darkGray	0
b6fab570888eb18d51c355af7df62209	1733	Qw,Pb,Qb,Bb,Nw,Pw,Kw,Qb,Pw,,,,,,,Kw,Kw,,,,,,,Bb,Bw,,,Pb,Pb,,,Nb,Nb,,,Pb,Pb,,,Pw,Pb,,,,,,,Kb,Qb,,,,,,,Bw,Bb,Bw,Nb,Pw,Kw,Bb,Nw,Kw	darkRed	0
b70ab7d10281fcebb24802469a88bd3a	2928	Qb,Kw,Bb,Nw,Pb,Kb,Bw,Rw,Rb,,,,,,,Pw,Nw,,,,,,,Rb,Qb,,,,,,,Bb,Kw,,,,,,,Qw,Rw,,,,,,,Pb,Bb,,,,,,,Rw,Qb,Nb,Rw,Kb,Qw,Nw,Rb,Rw	lightRed	0
b70ad405a971f84a4317fc1fa8f01ab2	4023	Rb,Kb,Qw,Nb,Rw,Kw,Qb,Bw,Kw,,,,,,,Nw,Qb,,,,,,,Pb,Nw,,,Nb,Nb,,,Kb,Rb,,,Nb,Nb,,,Bw,Kb,,,,,,,Nb,Qw,,,,,,,Pw,Kb,Pb,Kb,Bb,Nw,Pw,Kw,Nw	lightGray	0
b71049320e85f8b2e15a14324802cede	3784	Rw,Pw,Nb,Bb,Kw,Pb,Nw,Rb,Kb,,,,,,,Kb,Bw,,,,,,,Pb,Nw,,,,,,,Nb,Pb,,,,,,,Bw,Kw,,,,,,,Kw,Bb,,,,,,,Pw,Rb,Nw,Bb,Kb,Rb,Nb,Bw,Bb	darkRed	0
b715a807fcf857b81027639916cb298b	140	Qb,Kw,Bb,Rb,Pw,Qb,Bw,Pb,Pw,,,,,,,Pw,Nb,,,,,,,Rb,Bw,,,Nb,Nb,,,Bw,Kb,,,Nb,Nb,,,Qb,Pb,,,,,,,Pb,Nw,,,,,,,Rw,Pw,Rw,Kw,Qb,Nw,Rb,Kb,Kw	darkRed	0
b71ec8c50b292e1596451103dbbd62e3	3171	Kw,Qw,Pw,Rb,Bw,Qb,Pb,Pb,Kw,,,,,,,Qb,Rw,,,,,,,Kw,Nw,,,,,,,Rb,Qb,,,,,,,Nw,Kb,,,,,,,Qw,Rb,,,,,,,Kb,Pw,Kb,Qw,Nb,Rw,Kw,Qb,Rw	lightGray	0
b72265a3463587c3b68b43e8b1c7c789	1625	Rb,Rb,Nw,Qw,Kb,Rw,Nb,Qw,Qb,,,,,,,Bb,Bw,,,,,,,Rw,Nb,,,Bb,Bb,,,Pb,Pw,,,Bb,Bb,,,Kb,Kw,,,,,,,Bw,Bb,,,,,,,Nb,Kb,Kw,Bb,Nb,Pw,Kb,Bw,Qb	lightRed	0
b728bbdc3b9760c9a5b5e471cdeef855	1841	Qw,Rw,Bb,Qb,Pb,Rb,Bw,Qb,Rb,,,,,,,Bb,Kb,,,,,,,Qw,Qw,,,Pw,Pw,,,Pw,Nb,,,Pw,Pw,,,Rb,Rw,,,,,,,Bw,Kw,,,,,,,Qb,Kw,Rb,Pw,Qb,Nw,Rw,Kw,Kb	darkRed	0
b7319b0fecb347873495f4c0ce79368e	1056	Bw,Kb,Rb,Nw,Qb,Kw,Rw,Kb,Bb,,,,,,,Kw,Nw,,,,,,,Pw,Rb,,,Rb,Rb,,,Nw,Kb,,,Rb,Rb,,,Bb,Qw,,,,,,,Kb,Nb,,,,,,,Pb,Nb,Rw,Kw,Qb,Nw,Rb,Kb,Kb	lightGray	0
b733f90bc3ca62b4a22bc40b79fb1b53	3150	Qw,Nb,Pw,Kw,Bb,Rw,Pb,Kb,Qw,,,,,,,Pb,Bb,,,,,,,Qb,Rb,,,Pw,Pw,,,Bb,Pw,,,Pw,Pw,,,Rw,Qb,,,,,,,Pw,Bw,,,,,,,Kw,Pb,Qw,Pw,Rw,Bb,Qb,Pb,Pb	darkRed	1
b738d643d60456ee41776b21fb9de60e	1921	Rb,Kb,Bw,Nb,Pw,Kw,Bb,Bw,Qb,,,,,,,Nb,Pb,,,,,,,Pw,Rw,,,Pb,Pb,,,Kw,Bb,,,Pb,Pb,,,Bb,Qw,,,,,,,Nw,Pw,,,,,,,Pb,Nw,Pw,Kw,Bb,Nw,Pb,Kb,Nw	darkRed	1
b742f62cddb685f90d9b1a74807516dd	1250	Qb,Nw,Pb,Kw,Bb,Nb,Pw,Nb,Bw,,,,,,,Nb,Nb,,,,,,,Rw,Pw,,,,,,,Kb,Kw,,,,,,,Qw,Bb,,,,,,,Nw,Nw,,,,,,,Rb,Qw,Bb,Nw,Pw,Kw,Bw,Nb,Nw	lightRed	0
b74585347018d39b32cf1ede2f30b262	1940	Kw,Rb,Pw,Qb,Bw,Rw,Kw,Qb,Nb,,,,,,,Pb,Rw,,,,,,,Nw,Kw,,,Nw,Nw,,,Qw,Qb,,,Nw,Nw,,,Kb,Nw,,,,,,,Rw,Rb,,,,,,,Nb,Nb,Bb,Qw,Pb,Nw,Bw,Kb,Bw	lightGray	0
b75fc211820cbe72b877c7c3e39d81be	1236	Bb,Rb,Nw,Qb,Kw,Rw,Nb,Kb,Qb,,,,,,,Qb,Kw,,,,,,,Pb,Rb,,,,,,,Rw,Nw,,,,,,,Bb,Bw,,,,,,,Qw,Kb,,,,,,,Pw,Kb,Bw,Nb,Pb,Kb,Bb,Nw,Pb	lightGray	0
b764220ed142ba4d950fa38e7132785e	1687	Rw,Nw,Qb,Kw,Rw,Nb,Qw,Qb,Rw,,,,,,,Pb,Rw,,,,,,,Kb,Rw,,,,,,,Bb,Rw,,,,,,,Rw,Rw,,,,,,,Pw,Rw,,,,,,,Qw,Rw,Rb,Nw,Qb,Kw,Rw,Nb,Kb	darkRed	0
b77fddc3b903d743914d5c0dff45eacb	1250	Qb,Nw,Pb,Kw,Bb,Nb,Pw,Nb,Bw,,,,,,,Nb,Nb,,,,,,,Rw,Pw,,,,,,,Kb,Kw,,,,,,,Qw,Bb,,,,,,,Nw,Nw,,,,,,,Rb,Qw,Bb,Nw,Pw,Kw,Bw,Nb,Nw	lightRed	0
b7a00b0ad7abe3e03dd7eb7c748f5398	3652	Pw,Kb,Bw,Nb,Pw,Qw,Bb,Rb,Nb,,,,,,,Qb,Pw,,,,,,,Pb,Kb,,,,,,,Nb,Bw,,,,,,,Bw,Rw,,,,,,,Kw,Pb,,,,,,,Pw,Kw,Rw,Pb,Qb,Bw,Rb,Pw,Kw	darkRed	0
b7a0cdc0b21b1c1c6e884fddc7c6574f	3991	Pw,Qw,Bb,Rb,Pw,Qb,Bw,Rw,Bb,,,,,,,Bb,Rw,,,,,,,Nw,Pb,,,,,,,Pb,Qb,,,,,,,Kb,Bw,,,,,,,Bw,Rb,,,,,,,Nw,Qb,Kb,Qw,Nb,Rw,Kw,Bb,Kw	lightGray	0
b7a1f8b34c8223250ea77a0be52d08ab	2631	Pw,Kb,Pb,Nb,Bw,Kw,Pw,Pb,Pw,,,,,,,Kb,Rb,,,,,,,Rb,Bw,,,,,,,Nw,Qb,,,,,,,Qb,Pb,,,,,,,Pb,Rw,,,,,,,Rw,Rb,Bb,Kw,Pw,Rb,Bw,Kb,Qw	darkGray	0
b7af7ec5500275435c965f320b0d60a1	2328	Rb,Nw,Rb,Kw,Qb,Nb,Rw,Kw,Rw,,,,,,,Rb,Bb,,,,,,,Pw,Qb,,,Nb,Nb,,,Qb,Pb,,,Nb,Nb,,,Bw,Rb,,,,,,,Nw,Bw,,,,,,,Pb,Kb,Rb,Nw,Qb,Kw,Rw,Nb,Kb	lightGray	0
b7bbd636c245e5061de4f8b5667966ed	2225	Pw,Bw,Qb,Pw,Rb,Bb,Qw,Bb,Pb,,,,,,,Bw,Nw,,,,,,,Kb,Bb,,,,,,,Pw,Kw,,,,,,,Nb,Pw,,,,,,,Bb,Nb,,,,,,,Qw,Rw,Qb,Pb,Rb,Bw,Qw,Pw,Bw	darkRed	0
b7c6442a0e29099d25911af5b7331416	3641	Rw,Nw,Qb,Pw,Rb,Bb,Qw,Rb,Bw,,,,,,,Kb,Qb,,,,,,,Pb,Pb,,,,,,,Nw,Rw,,,,,,,Bb,Bb,,,,,,,Kw,Qw,,,,,,,Pw,Bb,Qw,Nb,Rw,Kw,Qb,Bw,Bw	lightGray	0
b7c73f14802f387caf54b1f9a4b74936	2737	Qb,Pb,Rw,Bb,Qw,Pw,Rb,Nb,Bw,,,,,,,Bw,Kb,,,,,,,Rb,Pb,,,,,,,Pb,Nw,,,,,,,Qb,Bb,,,,,,,Bb,Kw,,,,,,,Rw,Kw,Nb,Qw,Kb,Rb,Nw,Qb,Kb	lightRed	1
b7dde3a5a6e458f30e42bd623a844d2e	869	Nw,Rb,Kb,Qb,Nw,Rw,Kw,Pw,Nw,,,,,,,Qw,Rb,,,,,,,Nb,Kb,,,,,,,Rw,Qw,,,,,,,Kw,Nb,,,,,,,Qb,Rw,,,,,,,Nw,Bw,Bw,Kb,Pw,Nb,Bb,Kw,Pw	lightGray	0
b7f7ead92902452f90fcbca2eedc4f68	62	Kw,Nb,Bw,Kw,Rw,Nw,Qb,Rb,Pb,,,,,,,Rb,Rw,,,,,,,Nw,Bb,,,Rw,Rw,,,Qw,Qw,,,Rw,Rw,,,Kb,Pw,,,,,,,Rw,Nb,,,,,,,Bb,Nb,Nb,Bw,Kb,Pb,Nw,Bb,Pw	darkGray	0
b7fc88f06b982aa86c55b2cdba0b77db	3806	Bw,Nb,Rw,Kw,Qb,Nw,Rb,Qb,Pw,,,,,,,Qw,Nb,,,,,,,Kb,Bb,,,Pb,Pb,,,Rw,Kw,,,Pb,Pb,,,Nb,Pb,,,,,,,Qb,Rw,,,,,,,Kw,Qb,Qb,Nw,Rb,Kb,Qw,Nb,Kw	darkGray	0
b81a88b77ec4017e2a0ff9dded129224	3840	Kb,Kb,Bw,Nb,Pw,Qw,Bb,Pb,Nb,,,,,,,Nw,Qw,,,,,,,Kb,Kw,,,,,,,Pw,Rw,,,,,,,Rb,Nw,,,,,,,Bb,Qb,,,,,,,Qw,Nw,Rw,Kw,Qw,Nb,Rb,Kb,Kb	lightGray	0
b82d549f2c49ac24ba3089b97aaabbe6	3357	Rb,Nw,Rb,Kb,Qw,Nb,Rw,Bw,Nb,,,,,,,Bw,Rw,,,,,,,Nb,Kb,,,,,,,Pw,Qw,,,,,,,Kw,Nw,,,,,,,Bb,Rb,,,,,,,Nw,Nw,Nw,Qb,Kb,Rb,Nb,Qw,Pw	lightGray	0
b82d8f8f347b3f63f238d39c7ad02f26	196	Pw,Pb,Qb,Bb,Rw,Kb,Qw,Rb,Qb,,,,,,,Nb,Kw,,,,,,,Bw,Rw,,,,,,,Kb,Nb,,,,,,,Pb,Qw,,,,,,,Nw,Kb,,,,,,,Bb,Kw,Bb,Kw,Pw,Nb,Bw,Kb,Kb	darkRed	0
b83807f10218b6f5655cbc925069b75a	333	Pw,Kw,Qb,Nb,Rw,Kb,Qw,Pw,Rb,,,,,,,Rb,Kb,,,,,,,Nw,Qw,,,,,,,Qb,Nb,,,,,,,Kw,Rw,,,,,,,Rw,Kw,,,,,,,Nb,Rw,Rb,Bw,Qw,Pw,Rw,Bb,Bb	darkGray	0
b85adade681099a81935283741e3cabb	602	Bw,Rw,Kw,Qb,Nw,Rb,Kb,Pb,Qw,,,,,,,Qb,Pw,,,,,,,Nw,Rw,,,Pb,Pb,,,Rw,Bb,,,Pb,Pb,,,Kw,Qb,,,,,,,Qw,Pb,,,,,,,Nb,Qb,Rb,Nw,Bb,Kw,Pw,Nb,Qw	lightGray	0
b869e93c3dbd464dd9770dae3fdd2fec	954	Rw,Kb,Pb,Nb,Qw,Kw,Pw,Bb,Rw,,,,,,,Rw,Rw,,,,,,,Bb,Rw,,,Nb,Nb,,,Qb,Rw,,,Nb,Nb,,,Pb,Rw,,,,,,,Rb,Rw,,,,,,,Bw,Rw,Pb,Qb,Bb,Rw,Pw,Qw,Qb	darkRed	0
b8776c973710f173f2c82fecbba6cde9	1882	Nw,Bb,Rw,Pb,Qb,Bw,Rb,Qb,Pw,,,,,,,Kb,Nb,,,,,,,Bw,Bb,,,,,,,Nb,Kw,,,,,,,Pw,Pb,,,,,,,Kw,Nw,,,,,,,Bb,Qw,Bb,Kw,Pw,Nb,Bw,Kb,Nw	lightRed	0
b87da69aae35c14b2a49fff08cac2964	458	Rw,Qb,Bw,Rb,Pw,Qw,Bb,Pw,Pb,,,,,,,Nb,Qb,,,,,,,Qw,Bw,,,,,,,Kw,Rb,,,,,,,Rw,Pw,,,,,,,Nw,Qw,,,,,,,Qb,Nw,Qw,Bb,Rb,Pw,Kb,Bw,Kw	darkRed	0
b883085061e5fc86b1a9269abf146bcb	204	Pw,Qw,Bb,Rw,Pb,Qb,Bw,Bw,Pw,,,,,,,Kw,Kw,,,,,,,Rw,Bb,,,Nb,Nb,,,Nw,Nw,,,Nb,Nb,,,Qb,Rb,,,,,,,Kb,Kb,,,,,,,Rb,Bw,Rw,Pb,Qb,Bw,Rb,Pw,Kb	darkGray	1
b8a801f6c330edb3200865fae1e9056c	2309	Bw,Pb,Qb,Bw,Rb,Kb,Qw,Qw,Pw,,,,,,,Kw,Kw,,,,,,,Rw,Bw,,,,,,,Nw,Nb,,,,,,,Qb,Pb,,,,,,,Kb,Kb,,,,,,,Pb,Nb,Kw,Bb,Nb,Pw,Kb,Bw,Rw	lightRed	0
b8ab7aa06a77ea8fbbfe704a6760fae6	2765	Nw,Nb,Bw,Kw,Pw,Nw,Bb,Kw,Qw,,,,,,,Rw,Nb,,,,,,,Nb,Rw,,,,,,,Bw,Kw,,,,,,,Kb,Qb,,,,,,,Rb,Nw,,,,,,,Nw,Rw,Qb,Bw,Rw,Pb,Kw,Bb,Kb	lightRed	0
b8b1e03e83658d3234320e71a5a1b4d9	1167	Qw,Kb,Rb,Nb,Qw,Kw,Rw,Qb,Bb,,,,,,,Pw,Rw,,,,,,,Qw,Pw,,,,,,,Bw,Qw,,,,,,,Rb,Bw,,,,,,,Pb,Rb,,,,,,,Qb,Kb,Rb,Nw,Qb,Kw,Rw,Nb,Nw	darkGray	0
b8bd54e3d9d2d41eee36ce97887775b9	16	Pw,Rw,Pb,Qb,Bw,Nb,Pw,Nb,Nw,,,,,,,Kb,Rb,,,,,,,Qw,Kb,,,,,,,Nb,Qw,,,,,,,Rw,Nb,,,,,,,Kw,Rw,,,,,,,Bb,Rw,Rw,Rw,Rw,Rw,Rw,Rw,Rw	darkGray	0
b8c4968250ca8febe28a728f3ec13484	2661	Rb,Rb,Nw,Qb,Kw,Rw,Nb,Pw,Nw,,,,,,,Pw,Qb,,,,,,,Nb,Kb,,,Rb,Rb,,,Bb,Rb,,,Rb,Rb,,,Kw,Bb,,,,,,,Pb,Qw,,,,,,,Nw,Nb,Qb,Pb,Rw,Bb,Qw,Kb,Rb	darkRed	0
b8cd299e0302fad9ce6072e00035ab6b	1009	Pb,Bw,Nb,Pb,Kb,Bb,Nw,Kb,Qw,,,,,,,Rw,Kb,,,,,,,Nb,Rw,,,,,,,Qw,Nb,,,,,,,Kb,Qb,,,,,,,Rb,Kw,,,,,,,Nw,Rw,Kb,Pb,Nb,Bw,Kw,Pw,Rb	lightGray	0
b8d34a743df6231c96b14ec5b9070f7a	1388	Nw,Bb,Qw,Pw,Rb,Bw,Qb,Rw,Nw,,,,,,,Bw,Qb,,,,,,,Kb,Kb,,,,,,,Pw,Rb,,,,,,,Nb,Nb,,,,,,,Bb,Qw,,,,,,,Kw,Qb,Pw,Qw,Bb,Rw,Pb,Qb,Bb	darkGray	0
b8e84652f029caf53d71d59857b76078	1678	Pw,Qb,Nw,Rb,Kb,Qw,Bb,Nb,Qw,,,,,,,Qw,Pw,,,,,,,Bb,Rw,,,,,,,Rb,Bb,,,,,,,Pw,Qb,,,,,,,Qb,Pb,,,,,,,Bw,Qb,Qw,Pw,Rw,Bb,Qb,Pb,Nw	lightRed	0
b8fb8ebbe7e5c3d70bffc5b4ace16a25	975	Rw,Bb,Kw,Pw,Rb,Bw,Qb,Rw,Rw,,,,,,,Rb,Rw,,,,,,,Bw,Rw,,,Pb,Pb,,,Qb,Rw,,,Pb,Pb,,,Pb,Rw,,,,,,,Rw,Rw,,,,,,,Bb,Rw,Qw,Pw,Rb,Bw,Qb,Pb,Pb	darkGray	0
b9052ffa8474c48ef468ec67416ea225	1576	Bb,Rw,Bb,Qw,Pw,Rb,Bw,Pb,Pw,,,,,,,Rb,Qw,,,,,,,Nw,Bw,,,Nb,Nb,,,Qb,Rb,,,Nb,Nb,,,Kw,Kw,,,,,,,Rw,Qb,,,,,,,Bb,Kb,Rb,Nw,Qw,Kb,Rw,Nb,Qw	lightGray	0
b90bf167e263a14c7eb30d7ca32b2718	2587	Kb,Pw,Kw,Bw,Nb,Pb,Kb,Nw,Pw,,,,,,,Bw,Kw,,,,,,,Rb,Bw,,,,,,,Pb,Nb,,,,,,,Qb,Pb,,,,,,,Bb,Kb,,,,,,,Nw,Kw,Nw,Pb,Kb,Bw,Nb,Pw,Nb	lightRed	0
b90e356676a7da6cef145bbd8360029e	2942	Nw,Nw,Qb,Kb,Rb,Nb,Qw,Kw,Bw,,,,,,,Rw,Qb,,,,,,,Nb,Pb,,,Rb,Rb,,,Qw,Rw,,,Rb,Rb,,,Kb,Bb,,,,,,,Rb,Qw,,,,,,,Nw,Bb,Bb,Qw,Pb,Rw,Bw,Qb,Nb	darkGray	0
b9195a1081add143dc6128495d1f11d2	2707	Pw,Nw,Qb,Kw,Rw,Nb,Qw,Rw,Bw,,,,,,,Bb,Rb,,,,,,,Nw,Pw,,,,,,,Rb,Qw,,,,,,,Kb,Bb,,,,,,,Qw,Rw,,,,,,,Nb,Rb,Qw,Pw,Rw,Bb,Qb,Kw,Pb	lightGray	0
b9261c1ca81587f4b81d683a09fa92b4	1133	Qw,Kb,Bw,Nw,Pb,Kw,Bb,Bb,Nb,,,,,,,Nw,Pw,,,,,,,Rb,Kb,,,,,,,Kw,Bw,,,,,,,Qb,Nw,,,,,,,Nb,Pb,,,,,,,Rw,Bw,Nb,Bw,Kw,Pw,Nw,Bb,Pw	lightGray	0
b94290ae0a1dee17a4f654324e8e5ab5	1155	Nb,Pb,Nw,Bb,Kw,Rw,Nb,Kb,Nb,,,,,,,Bw,Qw,,,,,,,Rb,Kb,,,Pw,Pw,,,Pw,Rb,,,Pw,Pw,,,Qw,Nw,,,,,,,Bb,Qb,,,,,,,Rw,Pw,Nb,Rw,Kb,Qw,Nw,Rb,Qw	darkRed	1
b94a0d91aa914627dc70ceda8bbe81bc	270	Nb,Nb,Bw,Kb,Pb,Nw,Bb,Qb,Rb,,,,,,,Rw,Kb,,,,,,,Pb,Qw,,,Nb,Nb,,,Qw,Nb,,,Nb,Nb,,,Bb,Pw,,,,,,,Rb,Kw,,,,,,,Pw,Rw,Rw,Rw,Rw,Rw,Rw,Rw,Rw	lightRed	0
b9540708b07f250a055e7bf6c30ae6ea	235	Qb,Bb,Rw,Pb,Qb,Bw,Rb,Kw,Rw,,,,,,,Rb,Kw,,,,,,,Pw,Qw,,,Nb,Nb,,,Qb,Nb,,,Nb,Nb,,,Bw,Rb,,,,,,,Rw,Kb,,,,,,,Pb,Rw,Nb,Pw,Kb,Bw,Nw,Rb,Kw	lightRed	0
b9692b06fb66a5b0e50f234841b2e461	674	Nw,Pw,Nb,Bb,Kw,Pb,Nw,Kw,Qb,,,,,,,Pb,Pb,,,,,,,Nw,Rb,,,,,,,Bw,Bw,,,,,,,Kb,Qw,,,,,,,Pw,Pw,,,,,,,Nb,Qb,Nb,Pw,Kw,Bb,Nw,Pb,Bb	lightGray	0
b970f1284af355c830d0f2f32353449a	2369	Rb,Pb,Kb,Bb,Nw,Pw,Kw,Qw,Rw,,,,,,,Nw,Kw,,,,,,,Bb,Qw,,,Nb,Nb,,,Kb,Nb,,,Nb,Nb,,,Pb,Rb,,,,,,,Nb,Kb,,,,,,,Bw,Nb,Nb,Qw,Kb,Rb,Nw,Qb,Qb	lightRed	0
b97f2716e056a38305fe1be1285e451c	1529	Pb,Qw,Pw,Rw,Bb,Qb,Pb,Rw,Nb,,,,,,,Rw,Pw,,,,,,,Rw,Kb,,,,,,,Rw,Bw,,,,,,,Rw,Nw,,,,,,,Rw,Pb,,,,,,,Rw,Pw,Pw,Rb,Bb,Kw,Pb,Nw,Rw	darkRed	0
b981c7df6ebb6f1de95838b98d7cfdaa	1938	Qw,Nb,Qw,Kw,Rw,Nw,Qb,Qb,Nw,,,,,,,Nw,Pb,,,,,,,Qb,Kb,,,Rb,Rb,,,Kb,Bw,,,Rb,Rb,,,Rb,Nb,,,,,,,Nb,Pw,,,,,,,Bw,Qw,Pw,Rb,Bb,Qw,Pb,Rw,Rw	darkGray	0
b98654eee824c2171478a65bee46153d	1480	Qw,Kw,Rw,Nw,Qb,Kb,Rb,Rw,Bw,,,,,,,Pw,Rb,,,,,,,Kw,Pw,,,,,,,Qb,Qw,,,,,,,Nw,Bb,,,,,,,Pb,Rw,,,,,,,Kb,Pb,Kw,Rw,Nb,Qw,Kb,Rb,Kw	darkRed	0
b9966838e0c44f39ef0bcbc828b7d06e	48	Bb,Rb,Pw,Qb,Bw,Rw,Pb,Kb,Pw,,,,,,,Rb,Kw,,,,,,,Bw,Bw,,,,,,,Qb,Nb,,,,,,,Pb,Pb,,,,,,,Rw,Kb,,,,,,,Bb,Kb,Nb,Pw,Kb,Bw,Nw,Pb,Qw	darkGray	0
b9a271fd170a2d4296522a121b33f5cf	3583	Bw,Nw,Pb,Kb,Bw,Nb,Rw,Nw,Bw,,,,,,,Nb,Kb,,,,,,,Rw,Pb,,,Pw,Pw,,,Kb,Nw,,,Pw,Pw,,,Qw,Bb,,,,,,,Nw,Kw,,,,,,,Rb,Rw,Nw,Rb,Kw,Qb,Nb,Rw,Bb	lightRed	0
b9a43ff681c68b5b80d1fdfa8832999a	2664	Qw,Pw,Rb,Bb,Qw,Pb,Rw,Rb,Pw,,,,,,,Bw,Rb,,,,,,,Rb,Nw,,,Rb,Rb,,,Pw,Qb,,,Rb,Rb,,,Qw,Pb,,,,,,,Bb,Rw,,,,,,,Rw,Kw,Kb,Pb,Nw,Bb,Kw,Pw,Qb	lightRed	0
b9b07b2cddbcf7bd5a8fd9fa87924311	2226	Pb,Kw,Qb,Nb,Rw,Kb,Qw,Bw,Nb,,,,,,,Nb,Rw,,,,,,,Rw,Kb,,,Nw,Nw,,,Kw,Qw,,,Nw,Nw,,,Qb,Nw,,,,,,,Nw,Pb,,,,,,,Rb,Qb,Pb,Rw,Bb,Qw,Pw,Rb,Qb	lightRed	0
b9cef6f810fbf902e1b58b9c2d162199	2514	Rw,Kb,Qw,Nw,Pb,Kw,Qb,Rb,Nw,,,,,,,Bb,Pb,,,,,,,Nw,Kb,,,Pb,Pb,,,Pb,Bw,,,Pb,Pb,,,Kb,Rb,,,,,,,Nw,Pw,,,,,,,Nb,Qb,Qw,Pw,Rw,Bb,Qb,Pb,Rw	darkRed	0
b9d262b5c8e2bb28855ef8dd4b96a1be	2780	Nb,Kb,Rb,Nb,Qw,Kw,Rw,Rb,Nb,,,,,,,Nb,Rw,,,,,,,Qw,Kw,,,,,,,Kw,Qb,,,,,,,Rw,Bw,,,,,,,Nw,Rb,,,,,,,Qb,Nw,Bw,Rb,Pw,Qw,Bb,Rw,Bw	darkRed	0
b9d370f73cd071ec00daab04a9c8503b	3444	Nb,Bw,Rb,Pb,Qb,Bb,Rw,Rw,Bw,,,,,,,Rw,Rb,,,,,,,Rw,Pw,,,Nb,Nb,,,Rw,Kw,,,Nb,Nb,,,Rw,Bb,,,,,,,Rw,Nw,,,,,,,Rw,Kw,Kw,Pw,Nb,Bw,Kb,Pb,Rw	lightRed	0
b9d80b5d936d6e9262ec95322be09e25	110	Qw,Nb,Bw,Kw,Pw,Nw,Bb,Rw,Qw,,,,,,,Rw,Pw,,,,,,,Rw,Rb,,,Rb,Rb,,,Rw,Bw,,,Rb,Rb,,,Rw,Qb,,,,,,,Rw,Pb,,,,,,,Rw,Pb,Bb,Rw,Pw,Qw,Bw,Nb,Rw	darkGray	0
b9e3c113c71c3ba034becb7fab72bd4e	1160	Nw,Bb,Rw,Pw,Qw,Bw,Rb,Qw,Bb,,,,,,,Qw,Qw,,,,,,,Kb,Pw,,,Rb,Rb,,,Rw,Rb,,,Rb,Rb,,,Nb,Bw,,,,,,,Qb,Qb,,,,,,,Kw,Kw,Qw,Pw,Rb,Bw,Qb,Pb,Pb	darkGray	0
b9f28ccbdbdc37f55cf940a4b7ad3379	2225	Pw,Bw,Qb,Pw,Rb,Bb,Qw,Bb,Pb,,,,,,,Bw,Nw,,,,,,,Kb,Bb,,,,,,,Pw,Kw,,,,,,,Nb,Pw,,,,,,,Bb,Nb,,,,,,,Qw,Rw,Qb,Pb,Rb,Bw,Qw,Pw,Bw	darkRed	0
b9f84c3ea7d63ff8c1a14b19ba5c2918	826	Kw,Qb,Kw,Rb,Nw,Qw,Kb,Pb,Qb,,,,,,,Rw,Nw,,,,,,,Bb,Rb,,,,,,,Qw,Kb,,,,,,,Pw,Qw,,,,,,,Rb,Nb,,,,,,,Nw,Nb,Kw,Rw,Nw,Kb,Kb,Rb,Kb	lightGray	1
b9f935a4a0c3ec5dacddbb10ed41078e	89	Bb,Qb,Pb,Rw,Nb,Qw,Pw,Pb,Pw,,,,,,,Kb,Rb,,,,,,,Qw,Bb,,,,,,,Nb,Qw,,,,,,,Rw,Kw,,,,,,,Kw,Rw,,,,,,,Qb,Bb,Rb,Pw,Qb,Nw,Rw,Kw,Qb	darkGray	0
b9feb6f70e944ccaecb109b573af10fb	2232	Bw,Bb,Rw,Pb,Qb,Bw,Rb,Kw,Nw,,,,,,,Kw,Bb,,,,,,,Qb,Kw,,,Qb,Qb,,,Nb,Pw,,,Qb,Qb,,,Rw,Nb,,,,,,,Kb,Bw,,,,,,,Qw,Bw,Pw,Kw,Bb,Nw,Pb,Kb,Qb	darkRed	0
ba1920bc7cda20d2a16ecdb49ae66e84	1090	Kb,Bb,Kw,Pw,Rb,Bw,Kb,Pb,Nb,,,,,,,Rw,Qw,,,,,,,Pb,Kb,,,,,,,Qb,Rb,,,,,,,Bw,Nw,,,,,,,Rb,Qb,,,,,,,Pw,Qb,Bw,Nb,Pb,Kb,Bb,Nw,Pb	darkGray	0
ba1f16e0a4d541bd04d9389093f5fb93	837	Pb,Pb,Kb,Bw,Nb,Pw,Kw,Nw,Nb,,,,,,,Qw,Bw,,,,,,,Nb,Kw,,,,,,,Rw,Pw,,,,,,,Kw,Nw,,,,,,,Qb,Bb,,,,,,,Nw,Kw,Bw,Qb,Pb,Rw,Bb,Qw,Kw	darkGray	0
ba2a3efee35eafb2d237c46cca18f566	1282	Kw,Bb,Qw,Pb,Rw,Bw,Qb,Qb,Qb,,,,,,,Qb,Bw,,,,,,,Pb,Rb,,,,,,,Rb,Pw,,,,,,,Bw,Qw,,,,,,,Qw,Bb,,,,,,,Pw,Kw,Kw,Pw,Nb,Bw,Kb,Pb,Nb	lightGray	0
ba321432d7878594599d7e8171404b24	311	Qw,Qb,Bw,Rw,Pb,Qw,Bb,Rw,Kb,,,,,,,Rw,Rb,,,,,,,Rw,Nw,,,,,,,Rw,Qb,,,,,,,Rw,Kw,,,,,,,Rw,Rw,,,,,,,Rw,Rw,Rw,Rw,Rw,Rw,Rw,Rw,Rw	lightGray	0
ba3bff5c5e11c35c97473c2efb9b70d8	1385	Qb,Bb,Rw,Pb,Qb,Bw,Rb,Nb,Pb,,,,,,,Kb,Qb,,,,,,,Pb,Bw,,,,,,,Nw,Rb,,,,,,,Bb,Pw,,,,,,,Kw,Qw,,,,,,,Pw,Rb,Qb,Bw,Rw,Pb,Qw,Bb,Nb	lightRed	0
ba3dab14e05a39d108f27080fbd24063	2470	Rb,Bb,Rw,Pw,Qw,Bw,Rb,Kw,Bb,,,,,,,Nb,Qw,,,,,,,Rw,Pw,,,Rw,Rw,,,Kb,Rb,,,Rw,Rw,,,Qw,Nw,,,,,,,Nw,Qb,,,,,,,Rb,Nw,Bb,Qw,Pb,Rw,Bw,Qb,Kb	darkRed	0
ba43340a05d71d199bd4960e564ae845	3585	Nb,Nw,Rb,Kw,Qb,Nb,Rw,Pb,Qw,,,,,,,Qb,Nb,,,,,,,Nw,Rb,,,,,,,Rw,Kb,,,,,,,Kw,Qb,,,,,,,Qw,Nw,,,,,,,Nb,Kb,Pb,Nw,Qw,Kb,Rw,Nb,Pw	darkRed	0
ba4b2d0e0cc184eb24f293343a4fe819	3512	Nw,Bb,Nw,Pb,Kb,Bw,Nb,Rw,Kb,,,,,,,Kw,Rb,,,,,,,Qb,Nb,,,Rw,Rw,,,Nb,Qw,,,Rw,Rw,,,Rw,Kw,,,,,,,Kb,Rw,,,,,,,Qw,Pw,Pw,Nb,Bw,Kb,Pb,Nw,Kb	lightGray	0
ba4bfcfa1d7e0df4df3ba0a732245828	2860	Pb,Bw,Qb,Pw,Rb,Bb,Qw,Qw,Kb,,,,,,,Bb,Rb,,,,,,,Rw,Nb,,,,,,,Kb,Qw,,,,,,,Qw,Kw,,,,,,,Nw,Rw,,,,,,,Rb,Nb,Rw,Nb,Qb,Kw,Rb,Nw,Qw	darkGray	0
ba78ca440727969ec71dbf9f632ada1b	3871	Bb,Nw,Bb,Kw,Pw,Nb,Qw,Nb,Nb,,,,,,,Qw,Pw,,,,,,,Bb,Kb,,,,,,,Rb,Bw,,,,,,,Pw,Nw,,,,,,,Qb,Pb,,,,,,,Bw,Rb,Qb,Bw,Rw,Kw,Qw,Nb,Nb	darkRed	0
ba7a84a84d89153d9dc2c625fedefb2d	3502	Nw,Kw,Bb,Nw,Pb,Kb,Bw,Nw,Bw,,,,,,,Nw,Nb,,,,,,,Qb,Pw,,,Bw,Bw,,,Kb,Kw,,,Bw,Bw,,,Rb,Bb,,,,,,,Nb,Rw,,,,,,,Qw,Qb,Qb,Nw,Rw,Kw,Qw,Nb,Pw	darkRed	0
ba801f1a1582cc7a237233fa45606c55	3103	Nw,Bb,Kw,Pw,Nb,Bw,Qb,Kb,Qw,,,,,,,Pb,Pw,,,,,,,Nw,Rb,,,,,,,Bb,Nw,,,,,,,Kw,Qb,,,,,,,Pw,Kw,,,,,,,Nb,Rw,Qb,Kw,Rb,Nw,Qw,Kb,Kw	lightGray	0
ba9330cb5491a36b8efd3b3f58837a49	1740	Pw,Qw,Pw,Rb,Bw,Qb,Kw,Qw,Kw,,,,,,,Kw,Qb,,,,,,,Qb,Nb,,,Nb,Nb,,,Nb,Rw,,,Nb,Nb,,,Rw,Kb,,,,,,,Kb,Qw,,,,,,,Qw,Rw,Rw,Nb,Qb,Pb,Rb,Nw,Pw	lightGray	0
ba933543a4b241f8805d85ae69ed8305	2572	Qw,Kb,Qw,Nw,Rb,Kw,Qb,Bw,Kw,,,,,,,Bw,Rw,,,,,,,Kb,Nw,,,Pw,Pw,,,Rw,Qb,,,Pw,Pw,,,Nb,Kb,,,,,,,Qb,Rb,,,,,,,Kw,Nw,Nw,Rb,Kb,Qw,Nb,Rw,Nw	darkGray	0
baa2467e1aeddab4807edbb064765af6	1887	Nw,Qb,Kw,Rb,Nw,Qw,Kb,Rb,Qw,,,,,,,Nb,Pw,,,,,,,Rw,Rw,,,Qw,Qw,,,Kw,Bb,,,Qw,Qw,,,Qb,Qb,,,,,,,Nw,Pb,,,,,,,Pb,Pb,Bb,Nw,Pb,Kb,Bw,Nb,Rw	lightGray	0
bab1bdae415bca65f9cafdd721d17935	1533	Rb,Rw,Bb,Qb,Pb,Rb,Bw,Bb,Qw,,,,,,,Nb,Pw,,,,,,,Pw,Rb,,,Bw,Bw,,,Kb,Nw,,,Bw,Bw,,,Bw,Qb,,,,,,,Nw,Kw,,,,,,,Pb,Bw,Nw,Pb,Qw,Bb,Nb,Pw,Rb	lightRed	0
bab6a2c8e3de5a216ad549cf12824098	1105	Pw,Bw,Rb,Pb,Qb,Bb,Rw,Kb,Kb,,,,,,,Pw,Qw,,,,,,,Nb,Nb,,,,,,,Bw,Rw,,,,,,,Kb,Kw,,,,,,,Pb,Qb,,,,,,,Nw,Pw,Rb,Pw,Qb,Bw,Rw,Pb,Rb	darkGray	0
bab86ba29bdbdf4259006d9f0f023642	1043	Kw,Bw,Kb,Rw,Nb,Qb,Kw,Bw,Pw,,,,,,,Bw,Rb,,,,,,,Rb,Bb,,,,,,,Pb,Qw,,,,,,,Qb,Pb,,,,,,,Bb,Rw,,,,,,,Rw,Pw,Pw,Rb,Bw,Qb,Kw,Rw,Pw	darkGray	0
babc74e09c519d66d4d8078bdff2176f	3030	Nb,Nb,Qw,Kb,Rb,Nw,Qb,Rb,Pb,,,,,,,Nb,Nw,,,,,,,Rw,Qw,,,Rb,Rb,,,Pb,Kb,,,Rb,Rb,,,Qb,Pw,,,,,,,Nw,Nb,,,,,,,Rb,Rb,Qb,Pb,Rb,Bw,Qw,Kb,Rb	lightRed	0
bac00b69cffa3a32d61ad2e529830aec	216	Qw,Bb,Rw,Pb,Qb,Bw,Rb,Bw,Nb,,,,,,,Nb,Bw,,,,,,,Bw,Kb,,,Pw,Pw,,,Kw,Pb,,,Pw,Pw,,,Pw,Nw,,,,,,,Nw,Bb,,,,,,,Bb,Rw,Pw,Qw,Bb,Rw,Pb,Qb,Qw	lightRed	0
bac3480b131d33561ea1a5c52964a870	2175	Pw,Pb,Qb,Bw,Rb,Pw,Qw,Bw,Qb,,,,,,,Qb,Kw,,,,,,,Nw,Rb,,,Pb,Pb,,,Rw,Nw,,,Pb,Pb,,,Kw,Qw,,,,,,,Qw,Kb,,,,,,,Nb,Nw,Qw,Pw,Rw,Bb,Qb,Kw,Kw	darkRed	0
bac606643c08cd49bbff6dc9a6ac82b3	2212	Bw,Bb,Nw,Pb,Kb,Bw,Rb,Kb,Qw,,,,,,,Kw,Nb,,,,,,,Pw,Rb,,,Pb,Pb,,,Nb,Kb,,,Pb,Pb,,,Bw,Qb,,,,,,,Kb,Nw,,,,,,,Rb,Pb,Kb,Pb,Nw,Bb,Kw,Pw,Qw	lightGray	0
bac8741a96e9ae9cb7feb02627ce0b41	2250	Rw,Bb,Nw,Pb,Kb,Bw,Nb,Nw,Kb,,,,,,,Nw,Pw,,,,,,,Pb,Nb,,,,,,,Kw,Bw,,,,,,,Bb,Kb,,,,,,,Nb,Pb,,,,,,,Pw,Pb,Kb,Rb,Nb,Qw,Kw,Rw,Nb	darkGray	1
bad829ab94ecd12a9b765415f4b4ec2d	4046	Qb,Pw,Nb,Bw,Kb,Pb,Nw,Rw,Bb,,,,,,,Kb,Kw,,,,,,,Rb,Pb,,,Pb,Pb,,,Nw,Nw,,,Pb,Pb,,,Qb,Bw,,,,,,,Kw,Kb,,,,,,,Rw,Rw,Bb,Nw,Pw,Kw,Bw,Nb,Bw	lightGray	0
bae184543cc16e5d14c341dcb4f2217f	1733	Qw,Pb,Kb,Bb,Nw,Pw,Kw,Qb,Pw,,,,,,,Kw,Kw,,,,,,,Bb,Bw,,,Pb,Pb,,,Nb,Nb,,,Pb,Pb,,,Pw,Pb,,,,,,,Kb,Kb,,,,,,,Bw,Bb,Bw,Nb,Pw,Kw,Bb,Nw,Qw	darkRed	0
bae4f04664acf133d9a93586ba9cf232	1542	Nw,Qw,Kb,Rb,Nw,Qb,Pb,Kw,Qw,,,,,,,Rb,Bb,,,,,,,Kb,Rw,,,Bb,Bb,,,Qb,Pb,,,Bb,Bb,,,Nw,Qb,,,,,,,Rw,Bw,,,,,,,Kw,Bb,Pb,Nw,Bb,Kw,Pw,Nb,Rb	lightGray	0
baed2a8071118ae5a015d2e6eee27011	1566	Bb,Bb,Rw,Pw,Qw,Bw,Rb,Rw,Rw,,,,,,,Qb,Pb,,,,,,,Qw,Qw,,,Pb,Pb,,,Nb,Bb,,,Pb,Pb,,,Rw,Rb,,,,,,,Qw,Pw,,,,,,,Bb,Nw,Pb,Rb,Bb,Qw,Pb,Rw,Kw	darkGray	0
bafd296d8d259daef51226d7d938f680	261	Bb,Pw,Kw,Bb,Nw,Pb,Kb,Bw,Pb,,,,,,,Rw,Kb,,,,,,,Kw,Bb,,,,,,,Qw,Nw,,,,,,,Nb,Pw,,,,,,,Rb,Qw,,,,,,,Pw,Rw,Pw,Rb,Nw,Qb,Pb,Rw,Kb	darkRed	0
bb041a84f14e7489948758921efd7663	819	Qw,Rb,Pw,Qw,Bb,Rw,Pb,Bw,Pw,,,,,,,Qw,Kw,,,,,,,Bb,Bb,,,Nw,Nw,,,Rw,Nw,,,Nw,Nw,,,Pb,Pb,,,,,,,Qb,Kb,,,,,,,Bw,Nw,Nb,Pw,Kb,Bw,Nw,Pb,Nb	lightGray	0
bb07336d0a7ddce9225490445d4b505d	628	Pw,Pb,Rb,Bw,Nb,Pw,Kw,Rw,Rb,,,,,,,Kb,Nw,,,,,,,Pb,Qw,,,,,,,Nb,Kb,,,,,,,Bw,Rw,,,,,,,Kw,Nb,,,,,,,Pw,Pw,Bb,Rw,Pb,Qb,Bw,Rb,Nb	lightGray	0
bb1787938d34355a4d9c5c7e78c1e608	2110	Nb,Nb,Bw,Kb,Pb,Nw,Bb,Rb,Pw,,,,,,,Rb,Nb,,,,,,,Kb,Bb,,,Nb,Nb,,,Qw,Kw,,,Nb,Nb,,,Nb,Pb,,,,,,,Rw,Nw,,,,,,,Kw,Pb,Pw,Qw,Bb,Rw,Kw,Qb,Rw	lightGray	0
bb191045fb96d6032f0a6f90b7590a60	1385	Qb,Bb,Rw,Pb,Qb,Bw,Rb,Nb,Pb,,,,,,,Kb,Qb,,,,,,,Pb,Bw,,,,,,,Nw,Rb,,,,,,,Bb,Pw,,,,,,,Kw,Qw,,,,,,,Pw,Rb,Qb,Bw,Rw,Pb,Qw,Bb,Nb	lightRed	0
bb2d7398a9a68b8c26844948f5e67c4f	2399	Nw,Pw,Nb,Bb,Kw,Pb,Nw,Nb,Bw,,,,,,,Qw,Kb,,,,,,,Pw,Pw,,,Nb,Nb,,,Rb,Nb,,,Nb,Nb,,,Bw,Bb,,,,,,,Qb,Kw,,,,,,,Pb,Kw,Kb,Bw,Nb,Pw,Kw,Qb,Bb	darkGray	0
bb4386e6a06ac32785122e932426142a	3797	Qb,Nw,Qb,Kb,Rb,Nb,Qw,Kb,Qb,,,,,,,Kw,Kw,,,,,,,Qb,Rb,,,,,,,Nw,Nw,,,,,,,Rb,Bw,,,,,,,Kb,Kb,,,,,,,Qw,Rw,Rw,Rw,Rw,Rw,Rw,Rw,Rw	darkRed	0
bb66483b00879ef79da61f6f6369ac6e	2067	Bw,Pw,Nb,Bw,Kb,Rb,Nw,Kw,Kw,,,,,,,Qb,Qb,,,,,,,Kw,Nb,,,Bb,Bb,,,Rw,Rw,,,Bb,Bb,,,Nb,Kb,,,,,,,Qw,Qw,,,,,,,Kb,Rb,Kw,Bb,Nb,Pw,Kb,Bw,Nb	darkRed	0
bb80f201c3fd6a7278539523480086c2	2946	Nb,Bb,Qw,Pw,Rb,Bw,Qb,Nw,Kw,,,,,,,Nw,Pw,,,,,,,Qb,Nw,,,,,,,Kb,Bb,,,,,,,Rb,Kb,,,,,,,Bb,Pb,,,,,,,Qw,Nb,Kw,Pw,Nb,Bw,Kb,Pb,Pb	darkGray	0
bb9212eabe1aa701dbbcb0d9f0147d8c	1982	Bw,Nb,Rw,Kb,Qw,Nw,Rb,Nw,Nw,,,,,,,Nb,Qb,,,,,,,Pw,Kb,,,Qb,Qb,,,Kb,Rb,,,Qb,Qb,,,Bw,Nb,,,,,,,Nw,Qw,,,,,,,Pb,Kb,Qw,Kb,Rb,Nw,Qb,Pb,Bw	darkRed	0
bb99df9db3c5b03f7427287f2981484e	54	Rb,Bw,Nb,Pb,Kb,Bb,Nw,Pb,Pw,,,,,,,Qb,Qw,,,,,,,Bw,Bb,,,Bb,Bb,,,Rw,Rw,,,Bb,Bb,,,Pb,Pb,,,,,,,Kw,Qb,,,,,,,Bb,Nb,Kb,Bw,Nb,Pw,Kw,Bb,Rw	lightGray	0
bb9becd11f723b790e6543a8d68240f7	2172	Rw,Bw,Kb,Pb,Nw,Bb,Kw,Nw,Bb,,,,,,,Rw,Nw,,,,,,,Kw,Pb,,,,,,,Qb,Kb,,,,,,,Nw,Bw,,,,,,,Rb,Nb,,,,,,,Kb,Bb,Qw,Bb,Rw,Pb,Qb,Bw,Qb	lightRed	0
bbf1a42e369a38e1fbcf9811003fd310	3631	Nw,Nb,Bw,Kb,Pb,Nw,Bb,Kw,Kb,,,,,,,Kb,Pb,,,,,,,Bw,Rb,,,,,,,Nb,Bw,,,,,,,Pw,Kw,,,,,,,Kw,Pw,,,,,,,Bb,Kw,Pb,Kb,Nb,Rw,Pw,Kw,Pw	darkGray	0
bbfee77790627886e701c67f8551b7d8	3663	Qb,Kw,Rw,Nb,Qw,Kb,Rb,Nw,Nb,,,,,,,Kw,Pw,,,,,,,Qb,Kb,,,,,,,Nb,Bw,,,,,,,Pw,Nw,,,,,,,Kb,Pb,,,,,,,Qw,Nb,Bb,Qw,Pb,Rw,Nw,Qb,Rw	lightGray	0
bc2632f41daceb6e70dd0f76941d4733	3837	Bw,Kw,Bb,Nb,Pw,Qb,Bw,Bb,Qw,,,,,,,Bw,Bb,,,,,,,Rb,Rb,,,Rb,Rb,,,Pw,Pw,,,Rb,Rb,,,Qw,Qb,,,,,,,Bb,Nw,,,,,,,Rw,Bb,Pw,Qw,Bw,Rb,Pb,Qb,Kw	darkGray	0
bc2899b400871a84fc7b5276bbc493d5	1318	Qw,Pw,Qw,Bw,Rb,Pb,Qb,Nw,Pw,,,,,,,Qb,Rb,,,,,,,Pb,Bb,,,Rb,Rb,,,Rw,Qw,,,Rb,Rb,,,Bb,Pb,,,,,,,Qw,Rw,,,,,,,Kb,Pb,Kw,Pw,Nw,Bb,Kb,Pb,Nb	lightGray	0
bc309d1ed67118aa9761718377ddc147	611	Pb,Rb,Nw,Qb,Kw,Rw,Bb,Bw,Nb,,,,,,,Qw,Pw,,,,,,,Kb,Kb,,,,,,,Rb,Bw,,,,,,,Nw,Nw,,,,,,,Qb,Pb,,,,,,,Kw,Bw,Nb,Bw,Kw,Pw,Nw,Bb,Bw	darkGray	0
bc36b3352da4a8bc75e7d4a3ce5ea00f	1292	Nb,Qb,Nw,Pw,Kw,Qw,Nb,Kw,Nw,,,,,,,Rb,Rb,,,,,,,Kb,Kw,,,Nw,Nw,,,Qb,Qb,,,Nw,Nw,,,Nw,Nb,,,,,,,Rw,Rw,,,,,,,Kw,Bb,Qw,Nb,Rw,Kw,Qb,Nw,Rb	lightGray	0
bc39d65f1c46e8e400c8265c8587ee76	1726	Kw,Nw,Pb,Kb,Bw,Rb,Pw,Nb,Bb,,,,,,,Rw,Rw,,,,,,,Kw,Pw,,,,,,,Qb,Qw,,,,,,,Nw,Bw,,,,,,,Rb,Rb,,,,,,,Pw,Nw,Nw,Pb,Qw,Bb,Nb,Pw,Rw	lightGray	0
bc412150b18f9ed391a55f975ef44cde	3023	Pb,Pb,Qb,Bb,Rw,Pw,Qw,Rb,Rw,,,,,,,Pw,Pb,,,,,,,Qw,Qb,,,,,,,Bb,Bw,,,,,,,Rw,Rb,,,,,,,Pb,Pw,,,,,,,Qb,Qb,Nw,Pb,Kw,Bb,Nb,Pw,Kw	lightRed	1
bc5e7b71624fdb76b7bafa70fc83bd1e	3853	Rw,Pw,Kw,Qb,Nw,Rb,Kb,Nb,Nb,,,,,,,Nw,Qw,,,,,,,Rb,Kw,,,,,,,Kw,Rw,,,,,,,Qb,Nw,,,,,,,Nb,Bb,,,,,,,Rw,Qw,Kb,Bw,Nw,Pb,Kw,Bb,Bb	darkGray	0
bc5ea5913801be903f765faa59246cab	2935	Rw,Bb,Kw,Pb,Nw,Bw,Kb,Nw,Qw,,,,,,,Kb,Kb,,,,,,,Qw,Rw,,,Rb,Rb,,,Nw,Bb,,,Rb,Rb,,,Rb,Qb,,,,,,,Kw,Pb,,,,,,,Qb,Kb,Pb,Rw,Bb,Qw,Pw,Rb,Bb	darkRed	0
bc61442a88859efb81ac51cbccc4c0be	1529	Pb,Qw,Pw,Rw,Bb,Qb,Pb,Rw,Nb,,,,,,,Rw,Pw,,,,,,,Rw,Kb,,,,,,,Rw,Bw,,,,,,,Rw,Nw,,,,,,,Rw,Pb,,,,,,,Rw,Pw,Pw,Rb,Bb,Kw,Pb,Nw,Rw	darkRed	0
bc66f0b5f0cf0ee4d8c981e434e85918	1535	Rw,Qw,Bb,Rb,Pw,Qb,Bw,Nb,Pb,,,,,,,Pb,Nw,,,,,,,Qb,Bb,,,,,,,Bb,Kw,,,,,,,Rw,Pw,,,,,,,Pw,Nb,,,,,,,Qw,Bb,Kb,Qw,Nw,Rb,Kw,Qb,Pb	darkRed	0
bc6a8d7f4bbbb787831862cfd2e13315	1140	Qw,Kw,Pw,Nb,Bw,Kb,Pb,Qw,Kw,,,,,,,Nw,Rw,,,,,,,Pb,Nw,,,,,,,Kb,Qb,,,,,,,Bw,Kb,,,,,,,Nb,Rb,,,,,,,Pw,Rb,Qw,Pw,Rw,Bb,Qb,Pb,Nw	lightRed	1
bc70b0aef6c8846b396f41c402364ef1	88	Qb,Kw,Bb,Nb,Pw,Kb,Bw,Bb,Nb,,,,,,,Pb,Qw,,,,,,,Qb,Kb,,,Nb,Nb,,,Bw,Rb,,,Nb,Nb,,,Rb,Nw,,,,,,,Pw,Qb,,,,,,,Qw,Nb,Rb,Kb,Qw,Nb,Pw,Kw,Rw	darkRed	0
bc70ff53402484f59be4b5ead9825b14	1118	Pb,Kb,Qw,Nb,Rw,Pb,Qb,Nb,Pw,,,,,,,Kw,Kw,,,,,,,Bb,Bw,,,,,,,Nw,Nb,,,,,,,Pb,Pb,,,,,,,Kb,Kb,,,,,,,Bw,Pw,Kb,Bw,Nb,Pw,Qw,Bb,Rw	darkRed	0
bc79d15a3555ccd46bb07f8abc300877	281	Pw,Pb,Rw,Bw,Qb,Pw,Nb,Nw,Nw,,,,,,,Bb,Rb,,,,,,,Rw,Kb,,,,,,,Pb,Qw,,,,,,,Qb,Nb,,,,,,,Nw,Rw,,,,,,,Rb,Bw,Bb,Nw,Pb,Kb,Bw,Nb,Bw	lightRed	0
bc98c566cb678fc4a64c0bc62285676b	2876	Pb,Nw,Rb,Kb,Kw,Nb,Rw,Nb,Nb,,,,,,,Nb,Rw,,,,,,,Bw,Kw,,,,,,,Qb,Qb,,,,,,,Pb,Nw,,,,,,,Nw,Rb,,,,,,,Bb,Rb,Pw,Rb,Bb,Qw,Pb,Rw,Nb	lightGray	0
bc9a3c8eadbbd4d9b0fc93756368e54d	3187	Rw,Bw,Nb,Pb,Kb,Bb,Nw,Nw,Pb,,,,,,,Qw,Kb,,,,,,,Pw,Bw,,,Rw,Rw,,,Rb,Nb,,,Rw,Rw,,,Nw,Pw,,,,,,,Qb,Kw,,,,,,,Kw,Qw,Bb,Qw,Pw,Rb,Bw,Qb,Rw	darkGray	0
bca985ba87553fa9c4fad231826ef4a2	3596	Pb,Qw,Kb,Pb,Nw,Qb,Kw,Rb,Bw,,,,,,,Kb,Rb,,,,,,,Qw,Pb,,,Bw,Bw,,,Pw,Qb,,,Bw,Bw,,,Rb,Bb,,,,,,,Nw,Rw,,,,,,,Qb,Rw,Kb,Qw,Nw,Rb,Kw,Qb,Nw	lightGray	0
bcadb57fa9e655fc044bde1ce50bd440	1676	Pw,Bw,Rb,Pb,Qb,Bb,Rw,Bw,Rb,,,,,,,Bw,Bw,,,,,,,Nb,Qb,,,Pb,Pb,,,Pb,Pb,,,Pb,Pb,,,Kb,Rw,,,,,,,Bb,Bb,,,,,,,Nw,Nb,Kw,Pw,Nb,Bw,Kb,Pb,Rw	lightGray	0
bcb1cd72f38cad526fe868291697bc99	3818	Qw,Kw,Rw,Nb,Qw,Pw,Rb,Nw,Bb,,,,,,,Kb,Nw,,,,,,,Rb,Pb,,,Bw,Bw,,,Nb,Kb,,,Bw,Bw,,,Qw,Bw,,,,,,,Kw,Nb,,,,,,,Rw,Rw,Qw,Kb,Rw,Nb,Qb,Pb,Qb	darkGray	0
bcd2cf955c0ef066ca1bd93d2a1489a8	1207	Pb,Rw,Kw,Qb,Nw,Rb,Kb,Pw,Nw,,,,,,,Rw,Qb,,,,,,,Kw,Kw,,,,,,,Qw,Pw,,,,,,,Nb,Nb,,,,,,,Pb,Qw,,,,,,,Kb,Qb,Rb,Nw,Qb,Kw,Rw,Nb,Qw	darkGray	0
bcd37df96110ff190914b66a3bd01d58	3833	Rb,Qb,Kw,Rb,Nw,Qw,Kb,Rw,Rb,,,,,,,Nw,Bw,,,,,,,Rb,Qb,,,,,,,Kb,Pb,,,,,,,Qw,Rw,,,,,,,Nb,Bb,,,,,,,Rw,Qb,Kw,Bb,Rb,Pw,Qb,Bw,Pb	lightRed	1
bcd8d5f4cb652a4bb6de6228ed66a2dc	2367	Rw,Pw,Qw,Bb,Rw,Pb,Qb,Qw,Nw,,,,,,,Kw,Qb,,,,,,,Rw,Kb,,,,,,,Nw,Rb,,,,,,,Qb,Nb,,,,,,,Kb,Qw,,,,,,,Rb,Nb,Pb,Nw,Bb,Kw,Rw,Nb,Pw	darkRed	0
bcdeaa3f0cf45f506d3b4d844196b16e	1141	Kb,Qb,Pb,Rw,Bb,Qw,Pw,Bb,Pb,,,,,,,Rw,Kb,,,,,,,Kw,Bw,,,,,,,Qb,Nb,,,,,,,Nw,Pw,,,,,,,Rb,Kw,,,,,,,Kb,Nw,Pb,Nw,Bw,Kb,Pw,Nb,Pb	lightRed	0
bcefc761bfcf8929a742bfedada97d56	525	Rw,Bw,Qb,Pw,Rb,Bb,Qw,Nb,Rw,,,,,,,Kb,Rw,,,,,,,Rb,Rw,,,,,,,Nb,Rw,,,,,,,Kw,Rw,,,,,,,Kw,Rw,,,,,,,Rw,Rw,Rb,Nw,Bb,Kw,Pw,Nb,Kb	lightRed	0
bcfea6cfe2851efae77dcad9fd7d2f88	1215	Kw,Pw,Rb,Bb,Qw,Pb,Rw,Bb,Bw,,,,,,,Nw,Nb,,,,,,,Bb,Pw,,,Nb,Nb,,,Kb,Kw,,,Nb,Nb,,,Pb,Bb,,,,,,,Nb,Nw,,,,,,,Bw,Bb,Bw,Kb,Pw,Nb,Bb,Kw,Pb	darkRed	0
bd025baf05d980077ae2e0c56eaf5bdf	1463	Nw,Kw,Bb,Nb,Pw,Kb,Bw,Kb,Nw,,,,,,,Qw,Qb,,,,,,,Bb,Kw,,,Bb,Bb,,,Rw,Rw,,,Bb,Bb,,,Pb,Nb,,,,,,,Qb,Qw,,,,,,,Bw,Bb,Rw,Pb,Qw,Bb,Rb,Pw,Pw	darkRed	0
bd07859dca28e8c92f87d693e16a351a	2043	Kw,Nb,Pw,Kw,Bb,Nw,Pb,Bb,Qw,,,,,,,Bw,Kb,,,,,,,Nb,Pb,,,,,,,Pw,Nw,,,,,,,Kw,Bb,,,,,,,Qb,Kw,,,,,,,Nw,Kw,Kb,Qw,Nw,Pb,Kw,Qb,Bw	lightRed	0
bd13c3830302f87a7f682d176fa2301c	139	Rb,Qb,Nw,Rb,Kb,Qw,Nb,Nb,Qw,,,,,,,Pb,Pw,,,,,,,Qb,Rb,,,Pb,Pb,,,Bw,Bw,,,Pb,Pb,,,Rb,Qb,,,,,,,Pw,Pb,,,,,,,Kw,Nb,Nw,Qb,Kb,Rb,Nb,Qw,Pb	darkGray	0
bd18c8a8a62358679b09b1e9150ab75d	2622	Nb,Kb,Rb,Nw,Bb,Kw,Pw,Nw,Nb,,,,,,,Qw,Rw,,,,,,,Pw,Kb,,,,,,,Rb,Kw,,,,,,,Bw,Nw,,,,,,,Qb,Rb,,,,,,,Pb,Kw,Pb,Kb,Bb,Nw,Pw,Kw,Qb	lightRed	1
bd2436badb746e3cec3947d79d918600	3181	Nb,Kw,Rw,Nw,Qb,Qb,Rb,Rb,Nw,,,,,,,Pb,Bb,,,,,,,Rw,Kw,,,,,,,Bb,Pw,,,,,,,Qw,Nb,,,,,,,Pw,Bw,,,,,,,Rb,Rb,Kb,Qw,Nw,Rb,Kw,Qb,Bw	lightRed	0
bd325004fc6949bd8662e0a63a2abf98	844	Nw,Bb,Rw,Pw,Qw,Bw,Nb,Pw,Nw,,,,,,,Qw,Qb,,,,,,,Bb,Kb,,,,,,,Rw,Rb,,,,,,,Pb,Nb,,,,,,,Qb,Qw,,,,,,,Bw,Kb,Bb,Qw,Pb,Rw,Bw,Qb,Rb	lightRed	0
bd339d6d6b3c6c3cdcaa4756022018ad	3944	Rw,Bb,Kw,Pw,Nb,Bw,Qb,Bb,Kb,,,,,,,Qb,Qw,,,,,,,Pb,Nb,,,,,,,Rb,Rw,,,,,,,Bw,Kw,,,,,,,Qw,Qb,,,,,,,Pw,Rb,Kb,Rb,Nb,Qw,Kw,Rw,Kb	darkRed	0
bd344da8c72abd88725941129aed9c03	3532	Qb,Qb,Pb,Rb,Bw,Qw,Pw,Rb,Pb,,,,,,,Bb,Rw,,,,,,,Nw,Bw,,,Rb,Rb,,,Pw,Qb,,,Rb,Rb,,,Kw,Kb,,,,,,,Bw,Rb,,,,,,,Nb,Rb,Bb,Rw,Pb,Qb,Bw,Rb,Kw	lightRed	0
bd4200938e5ee9b9e19ee2bc2b80fac7	1732	Nb,Bw,Qb,Pw,Rb,Bb,Qw,Pb,Nb,,,,,,,Nb,Qw,,,,,,,Pw,Kb,,,Kb,Kb,,,Qb,Rb,,,Kb,Kb,,,Bw,Nw,,,,,,,Nw,Qb,,,,,,,Pb,Nw,Kw,Qb,Nb,Rw,Kb,Bw,Qb	lightGray	0
bd43fc587bef028c09b6097c3c069aca	3210	Rb,Nb,Qw,Kw,Rw,Nw,Qb,Qb,Qw,,,,,,,Nb,Kb,,,,,,,Bw,Rb,,,,,,,Kw,Nw,,,,,,,Pw,Qb,,,,,,,Nw,Kw,,,,,,,Bb,Qb,Kb,Qw,Nw,Rb,Kw,Qb,Qw	darkRed	0
bd4400c8b0388282d583d4de0ff3457f	571	Bb,Qb,Bw,Rw,Pb,Qw,Bb,Nw,Nb,,,,,,,Nb,Pw,,,,,,,Bw,Kw,,,Bb,Bb,,,Kw,Bb,,,Bb,Bb,,,Pw,Nw,,,,,,,Nw,Pb,,,,,,,Bb,Rw,Rw,Rw,Rw,Rw,Rw,Rw,Rw	darkGray	0
bd4fa52444b3506e1dcbf21b5de9d4c1	1953	Qw,Nb,Pw,Kw,Bb,Nw,Pb,Nw,Bw,,,,,,,Nb,Qb,,,,,,,Bw,Pb,,,Nw,Nw,,,Kw,Rw,,,Nw,Nw,,,Pw,Bb,,,,,,,Rw,Qw,,,,,,,Bb,Rw,Rb,Pw,Qb,Bw,Rw,Pb,Kb	lightGray	0
bd52492c6f749e60a0c0b4d09bcc75ac	3134	Nb,Bb,Qw,Pw,Rb,Bw,Qb,Pb,Bw,,,,,,,Kb,Rb,,,,,,,Bw,Pb,,,Bw,Bw,,,Nw,Qb,,,Bw,Bw,,,Pb,Bb,,,,,,,Kw,Rw,,,,,,,Bb,Rw,Rb,Nw,Qb,Kw,Rw,Nb,Bb	darkGray	0
bd5319ddc97afc81a46e8930df17bb39	3926	Kw,Qw,Kb,Rw,Nb,Qb,Kw,Rw,Rb,,,,,,,Nw,Pw,,,,,,,Bb,Qw,,,,,,,Kw,Bb,,,,,,,Pw,Rw,,,,,,,Nb,Pb,,,,,,,Bw,Bw,Kw,Qb,Nb,Rw,Kb,Qw,Pb	lightGray	0
bd5f57af4ed9c5b47b0ecf5fed027672	839	Kw,Qb,Pb,Rw,Bb,Qw,Pw,Pw,Qw,,,,,,,Qw,Bb,,,,,,,Bb,Rw,,,Rb,Rb,,,Rw,Pb,,,Rb,Rb,,,Pb,Kb,,,,,,,Qb,Bw,,,,,,,Nw,Rw,Bw,Rb,Pb,Qb,Nb,Rw,Kw	lightRed	0
bd8417f73fd2bdb54eb2325ba45e769d	3191	Pw,Kw,Pw,Nb,Bw,Kb,Pb,Pw,Nb,,,,,,,Qb,Qw,,,,,,,Nw,Kb,,,,,,,Rb,Pb,,,,,,,Kb,Nw,,,,,,,Bw,Qb,,,,,,,Nb,Kb,Kb,Pb,Nw,Bb,Kw,Pw,Qw	lightGray	0
bd9ffcf7a9eabe6c02cfbd29e3964b0d	85	Bw,Rw,Kw,Qb,Nw,Rb,Kb,Kw,Bw,,,,,,,Kb,Nb,,,,,,,Pb,Pb,,,,,,,Nb,Kb,,,,,,,Bw,Bb,,,,,,,Kw,Nw,,,,,,,Pw,Rw,Nw,Bb,Qw,Pw,Nb,Bw,Nb	lightRed	0
bda226622f9bcae8fe5ef8d71ff89b68	1773	Kb,Pb,Rw,Bb,Qw,Pw,Rb,Bb,Qb,,,,,,,Bw,Bw,,,,,,,Rb,Rb,,,,,,,Pb,Pw,,,,,,,Qb,Qw,,,,,,,Bb,Bb,,,,,,,Rw,Qb,Kb,Rb,Nb,Qw,Kw,Rw,Qw	lightRed	0
bdb4c6179d91f7bc55cf7ff29c0f4454	1170	Rw,Rw,Rw,Rw,Rw,Rw,Rw,Rw,Kw,,,,,,,Qb,Bb,,,,,,,Bw,Nw,,,Rb,Rb,,,Rw,Pb,,,Rb,Rb,,,Kw,Kb,,,,,,,Qw,Bw,,,,,,,Nb,Rb,Rw,Kw,Qw,Nb,Rb,Kb,Bb	darkGray	0
bdbd3f19fdb2b296b6025802b31f3176	252	Rw,Bw,Qb,Pw,Rb,Bb,Qw,Nb,Rw,,,,,,,Kb,Rw,,,,,,,Rb,Rw,,,,,,,Nb,Rw,,,,,,,Qw,Rw,,,,,,,Kw,Rw,,,,,,,Rw,Rw,Rb,Nw,Bb,Kw,Pw,Nb,Kb	lightRed	0
bdc2456271758f20fa10bffa1095db08	592	Kw,Rb,Kb,Qb,Nw,Rw,Kw,Nb,Nb,,,,,,,Rb,Rw,,,,,,,Kb,Kw,,,Rb,Rb,,,Qb,Qb,,,Rb,Rb,,,Nw,Nw,,,,,,,Rw,Rb,,,,,,,Kw,Nb,Kw,Rw,Nb,Qw,Kb,Rb,Nw	lightGray	0
bdca1b72f1915e1a95b30aad3c234488	79	Pb,Pb,Qb,Bb,Rw,Pw,Qw,Bb,Qw,,,,,,,Bw,Bb,,,,,,,Nb,Rb,,,,,,,Pw,Pw,,,,,,,Kw,Qb,,,,,,,Qb,Bw,,,,,,,Nw,Nb,Pw,Qw,Bw,Rb,Pb,Qb,Pw	darkGray	0
bdd0abb0a04b5b7d309d4ede03ad7539	326	Pw,Rb,Pw,Qb,Bw,Rw,Pb,Rb,Rw,,,,,,,Bw,Kw,,,,,,,Qb,Qb,,,,,,,Pw,Nw,,,,,,,Rb,Pw,,,,,,,Nb,Kb,,,,,,,Qw,Nb,Kb,Qw,Nb,Rw,Kw,Qb,Pb	lightRed	0
bdd45a7ec2cf437d570f57d8385cf781	1863	Pw,Bb,Nw,Pb,Kb,Bw,Nb,Bw,Qw,,,,,,,Nw,Kb,,,,,,,Qb,Rb,,,Rb,Rb,,,Pw,Nw,,,Rb,Rb,,,Rb,Qb,,,,,,,Bb,Kw,,,,,,,Qw,Nb,Nb,Qw,Kb,Rb,Nw,Qb,Nb	lightGray	0
bdd900d7320a9584785f9057e32fc9ba	340	Rw,Rw,Rw,Rw,Rw,Rw,Rw,Rw,Qb,,,,,,,Kb,Bw,,,,,,,Rb,Rb,,,,,,,Nb,Pw,,,,,,,Qw,Qw,,,,,,,Kw,Bb,,,,,,,Rw,Bw,Nw,Rb,Kw,Qb,Nb,Rw,Kb	lightGray	0
bdf306d04d1b5701871ac6c925657969	246	Qb,Qw,Nb,Rb,Kb,Qb,Nw,Qw,Kw,,,,,,,Nb,Bb,,,,,,,Pw,Nw,,,,,,,Kb,Pb,,,,,,,Bw,Kb,,,,,,,Nw,Bw,,,,,,,Rb,Qw,Kw,Qb,Nb,Rw,Kb,Qw,Bb	lightRed	0
bdf7abe8be1cbe5d8ede289bb57cfd7d	2814	Nb,Bw,Kb,Pw,Nb,Bb,Kw,Nw,Kw,,,,,,,Rw,Pw,,,,,,,Kw,Nb,,,,,,,Qw,Bw,,,,,,,Nb,Kb,,,,,,,Rb,Pb,,,,,,,Kb,Rw,Nb,Bw,Qb,Pb,Rw,Bb,Nb	darkGray	0
bdfb10f57f25da13aa1ace87c17dba8c	264	Bw,Qb,Kw,Rb,Nw,Qw,Kb,Qw,Qb,,,,,,,Nb,Bw,,,,,,,Qw,Rw,,,,,,,Kb,Pb,,,,,,,Rb,Qw,,,,,,,Nw,Bb,,,,,,,Qb,Nw,Kb,Rb,Bb,Qw,Kw,Rw,Kw	lightGray	0
be0a08b2578ba4bb32b1b8de1626d5da	3772	Kb,Qb,Pb,Rw,Bb,Qw,Pw,Qb,Nb,,,,,,,Nb,Rw,,,,,,,Bw,Kb,,,Rw,Rw,,,Kw,Qw,,,Rw,Rw,,,Pw,Nw,,,,,,,Rw,Rb,,,,,,,Bb,Qb,Rw,Bb,Qb,Pb,Rb,Bw,Qw	darkGray	0
be1475ff7cd6442375a84a60d0d6e64f	2339	Kw,Rb,Bw,Qw,Pw,Rw,Bb,Qb,Rb,,,,,,,Kb,Bw,,,,,,,Qw,Qw,,,,,,,Nb,Pw,,,,,,,Rw,Nw,,,,,,,Kw,Bb,,,,,,,Qb,Qw,Pb,Rw,Bw,Qb,Pw,Rb,Kw	darkGray	0
be3b142b745397378714b3250b97f9e3	2518	Rb,Qb,Kw,Rw,Nb,Qw,Pw,Kw,Rw,,,,,,,Bw,Kw,,,,,,,Nb,Qw,,,Bw,Bw,,,Pb,Nb,,,Bw,Bw,,,Kb,Rb,,,,,,,Bb,Pw,,,,,,,Nw,Bw,Bb,Nw,Pw,Kw,Bw,Nb,Nw	darkGray	0
be429642d6a1207450e66932f87830a9	3841	Kw,Bb,Rw,Pb,Qb,Bw,Rb,Kb,Pw,,,,,,,Qw,Nb,,,,,,,Bb,Qb,,,Bw,Bw,,,Rb,Kw,,,Bw,Bw,,,Pw,Rb,,,,,,,Kb,Nw,,,,,,,Bw,Qw,Qb,Nw,Rw,Kw,Qw,Nb,Nw	lightRed	0
be456630f9d34a13df38e7bd9a79fb37	395	Rw,Bb,Nw,Pw,Kw,Bw,Nb,Rb,Rb,,,,,,,Pw,Nw,,,,,,,Qw,Qb,,,,,,,Bb,Kw,,,,,,,Rw,Rw,,,,,,,Pb,Nb,,,,,,,Qb,Nb,Qw,Bb,Rb,Pw,Qb,Bw,Nb	darkGray	0
be4817736ba9f1c40cbf9a4a94a048a4	1358	Pw,Bw,Qb,Pw,Rb,Bb,Qw,Nw,Qw,,,,,,,Qw,Bb,,,,,,,Kb,Rw,,,,,,,Rb,Pb,,,,,,,Nw,Qb,,,,,,,Qb,Bw,,,,,,,Kw,Rb,Bw,Nb,Pb,Kb,Bb,Nw,Bw	darkRed	0
be4bc4fc068eaf3678a0424b5454df13	153	Pb,Bw,Rb,Pw,Qw,Bb,Rw,Rw,Bb,,,,,,,Pw,Kw,,,,,,,Kw,Pb,,,Pw,Pw,,,Bw,Nw,,,Pw,Pw,,,Nb,Bw,,,,,,,Pb,Kb,,,,,,,Kb,Rb,Bb,Kw,Pw,Nb,Bw,Kb,Pw	darkRed	0
be6732453d452709f7eaeee45d11fe0c	715	Nw,Nw,Bb,Kb,Pb,Nb,Bw,Rb,Kb,,,,,,,Pw,Qw,,,,,,,Qw,Nb,,,Rw,Rw,,,Bb,Rw,,,Rw,Rw,,,Rw,Kw,,,,,,,Pb,Qb,,,,,,,Qb,Qb,Kb,Rb,Nw,Qb,Kw,Rw,Rw	lightGray	0
be67ad4823f8eef4017441012a9bf950	2432	Rb,Rw,Bb,Qb,Pb,Rb,Bw,Kb,Kb,,,,,,,Bw,Pb,,,,,,,Qb,Nw,,,Pb,Pb,,,Pb,Bb,,,Pb,Pb,,,Rw,Kw,,,,,,,Bb,Pw,,,,,,,Kw,Bw,Kw,Bb,Nb,Pw,Kb,Bw,Rw	darkGray	0
be694db664f0f58e5981cae9398e11c0	3822	Rw,Rw,Bb,Qb,Pb,Rb,Bw,Kw,Bw,,,,,,,Kb,Qb,,,,,,,Pb,Pw,,,Nb,Nb,,,Nb,Rb,,,Nb,Nb,,,Bw,Bb,,,,,,,Kw,Qw,,,,,,,Pw,Nw,Rw,Nb,Qb,Kw,Rb,Nw,Rw	lightRed	0
be6f796180911b048fe7f6dd4f7fc68a	252	Rw,Bw,Qb,Pw,Rb,Bb,Qw,Nb,Rw,,,,,,,Kb,Rw,,,,,,,Rb,Rw,,,,,,,Nb,Rw,,,,,,,Qw,Rw,,,,,,,Kw,Rw,,,,,,,Rw,Rw,Rb,Nw,Bb,Kw,Pw,Nb,Kb	lightRed	0
be7c7b0663d2b937f3e5f00bf4780116	1139	Rw,Qb,Pb,Rw,Bb,Qw,Pw,Bw,Kb,,,,,,,Rw,Bw,,,,,,,Pb,Nb,,,,,,,Qw,Pw,,,,,,,Bb,Qw,,,,,,,Rb,Bb,,,,,,,Pw,Kb,Nb,Rw,Pb,Qb,Nw,Rb,Bb	lightGray	0
be7d50a0f571075822771f75e6846aab	1254	Qw,Bb,Nw,Pb,Kb,Bw,Nb,Qw,Bw,,,,,,,Qw,Qb,,,,,,,Kb,Pw,,,,,,,Rw,Rb,,,,,,,Nb,Bb,,,,,,,Qb,Qw,,,,,,,Kw,Kw,Kw,Pw,Nw,Bb,Kb,Pb,Rw	lightRed	0
be82f423a3d115536ded40e6a63457e5	3925	Pb,Pw,Kw,Bb,Nw,Pb,Kb,Pb,Pb,,,,,,,Nb,Kb,,,,,,,Qw,Bb,,,,,,,Kw,Nw,,,,,,,Rw,Pw,,,,,,,Nw,Kw,,,,,,,Qb,Rb,Pb,Qb,Bb,Rw,Pw,Qw,Kw	lightGray	0
be896eb6fb0faac9648272370214dbf1	3586	Qw,Nb,Rw,Kb,Qw,Nw,Rb,Kw,Qw,,,,,,,Rb,Kb,,,,,,,Pw,Rw,,,,,,,Qw,Bb,,,,,,,Bb,Qb,,,,,,,Nw,Pb,,,,,,,Pb,Kb,Bb,Kw,Pw,Nb,Qw,Kb,Rb	lightRed	0
be8d569b6e344ef01dc897813ade9c9c	4080	Nw,Nb,Bw,Kw,Pw,Nw,Bb,Bw,Nw,,,,,,,Nb,Bb,,,,,,,Rw,Kw,,,Pb,Pb,,,Kb,Pw,,,Pb,Pb,,,Qw,Nb,,,,,,,Bw,Bw,,,,,,,Rb,Nw,Kb,Pb,Nb,Bw,Kw,Pw,Nb	lightGray	0
be9c583fbd023b4d72ba922b574183c3	4007	Rb,Qw,Bb,Rb,Pw,Qb,Bw,Rw,Nw,,,,,,,Rw,Qb,,,,,,,Rw,Kb,,,,,,,Rw,Rb,,,,,,,Rw,Nb,,,,,,,Rw,Qw,,,,,,,Rw,Kb,Qw,Bb,Rb,Pw,Qb,Bw,Rw	lightGray	0
be9d59f724f9269ee7b2f4a4e323d98e	3620	Nw,Nw,Qb,Kw,Pw,Nb,Qw,Qw,Nw,,,,,,,Bw,Pb,,,,,,,Rb,Kb,,,Nw,Nw,,,Pw,Bw,,,Nw,Nw,,,Qw,Nb,,,,,,,Bb,Pw,,,,,,,Rw,Kw,Pw,Qw,Bb,Nw,Pb,Qb,Bb	lightGray	0
be9d7516c39853419f32a0398e1f15c2	3172	Pb,Kw,Qb,Nb,Rw,Kb,Qw,Bw,Rw,,,,,,,Qw,Bb,,,,,,,Pw,Qb,,,Pb,Pb,,,Rw,Pb,,,Pb,Pb,,,Bb,Rb,,,,,,,Qb,Bw,,,,,,,Pb,Rw,Rw,Rw,Rw,Rw,Rw,Rw,Rw	lightRed	0
be9f620ddabe68cbb07747f19c020189	3142	Kw,Qb,Kb,Rb,Nw,Qw,Kw,Nw,Qw,,,,,,,Nw,Kb,,,,,,,Rb,Rb,,,,,,,Kw,Nw,,,,,,,Qb,Qb,,,,,,,Bb,Kw,,,,,,,Rw,Pw,Qb,Bw,Rb,Pw,Qw,Bb,Bw	lightGray	0
bea2ddff9d1a6ae4de0f21eb82f28de1	759	Rw,Rw,Rw,Rw,Rw,Rw,Rw,Rw,Bb,,,,,,,Kw,Rw,,,,,,,Qb,Pb,,,,,,,Nw,Qb,,,,,,,Rb,Bw,,,,,,,Pw,Rb,,,,,,,Kw,Qb,Qw,Pw,Rb,Bw,Qb,Pb,Kw	darkRed	0
beaba100cb9c94ea819df4676e7ee9d6	3697	Rb,Rb,Nw,Qb,Kw,Rw,Nb,Kb,Qb,,,,,,,Kb,Nw,,,,,,,Bw,Rw,,,,,,,Nb,Kw,,,,,,,Pw,Qw,,,,,,,Kw,Nb,,,,,,,Bb,Bw,Pw,Qw,Bw,Rb,Pb,Kb,Pw	darkRed	0
beb15c4c81ee31f4592154a2e48c3e9c	333	Pw,Kw,Qb,Nb,Rw,Kb,Qw,Pw,Rb,,,,,,,Rb,Kb,,,,,,,Nw,Qw,,,,,,,Qb,Nb,,,,,,,Kw,Rw,,,,,,,Rw,Kw,,,,,,,Nb,Rw,Rb,Bw,Qw,Pw,Rw,Bb,Bb	darkGray	0
beb1c4bab51509532dfd39665761f01a	1396	Qb,Kb,Rb,Nb,Qw,Kw,Rw,Qw,Pb,,,,,,,Pb,Rw,,,,,,,Qb,Bw,,,,,,,Bw,Qb,,,,,,,Rb,Pw,,,,,,,Pw,Rb,,,,,,,Qw,Rw,Pw,Rb,Bb,Qw,Pb,Rw,Bb	darkRed	0
bebae2af63f036f734a2eb2972595f45	3524	Kw,Kb,Bw,Nb,Pw,Kw,Bb,Nw,Bb,,,,,,,Rb,Kw,,,,,,,Nw,Pw,,,,,,,Qw,Rb,,,,,,,Kb,Bw,,,,,,,Pw,Qb,,,,,,,Nb,Nb,Pb,Nw,Bw,Kb,Pw,Nb,Rb	darkGray	0
bec04451738529cde698102abb05983b	2811	Bb,Nb,Bw,Kb,Pb,Nw,Bb,Nw,Nw,,,,,,,Kw,Rb,,,,,,,Bb,Kb,,,Pw,Pw,,,Nw,Qw,,,Pw,Pw,,,Pb,Nb,,,,,,,Kb,Rw,,,,,,,Qw,Qw,Kb,Qw,Nb,Rw,Kw,Qb,Rw	lightGray	0
bec7cf407ca34d3fb9d7de6fd22a08b2	1654	Pw,Bb,Qw,Kb,Rb,Bw,Qb,Bw,Pw,,,,,,,Bb,Rb,,,,,,,Qw,Bb,,,Bb,Bb,,,Pw,Qw,,,Bb,Bb,,,Rb,Pb,,,,,,,Bw,Rw,,,,,,,Qb,Pw,Kb,Qw,Nb,Rw,Kw,Qb,Bw	darkGray	0
bede0f7f88dc2a5a58b51a4c43489ea2	2183	Rw,Rw,Rw,Rw,Rw,Rw,Rw,Rw,Kw,,,,,,,Nb,Qb,,,,,,,Rw,Nb,,,,,,,Kw,Rw,,,,,,,Qb,Kb,,,,,,,Nw,Qw,,,,,,,Rb,Bb,Pb,Rw,Bb,Qw,Pw,Rb,Qb	lightRed	0
beea10541cbf3de5cebd56f960e09bd9	3124	Kb,Nb,Pw,Qb,Bw,Rw,Pb,Qw,Nw,,,,,,,Pw,Rb,,,,,,,Kw,Kw,,,,,,,Bb,Qb,,,,,,,Nw,Nb,,,,,,,Pb,Rw,,,,,,,Kb,Rw,Rw,Nb,Qb,Kw,Rb,Nw,Nw	darkRed	0
bef58446b1d236860df0eab56eabbdec	3438	Nw,Rw,Nb,Qb,Kw,Rb,Nw,Bw,Qb,,,,,,,Rw,Nw,,,,,,,Pb,Rb,,,Nb,Nb,,,Qb,Kb,,,Nb,Nb,,,Bw,Qw,,,,,,,Nb,Nb,,,,,,,Pw,Qw,Bw,Qb,Pw,Nb,Bb,Qw,Nb	lightGray	0
bf16b120fae239193e4f08946bdc1742	2135	Rw,Bw,Kb,Pb,Rw,Bb,Qw,Pw,Rb,,,,,,,Rw,Kb,,,,,,,Kw,Qb,,,,,,,Qb,Nw,,,,,,,Nw,Rw,,,,,,,Rb,Kw,,,,,,,Kb,Bb,Kb,Bw,Nw,Pb,Kw,Bb,Nw	lightGray	0
bf17268bb8a737018e1dfb6c094b87fc	2066	Nb,Qb,Pb,Rb,Bw,Qw,Pw,Nb,Bb,,,,,,,Nw,Nw,,,,,,,Bb,Pw,,,,,,,Kb,Kw,,,,,,,Pb,Bw,,,,,,,Nb,Nb,,,,,,,Bw,Nw,Nw,Bb,Kb,Pb,Nb,Qw,Kb	darkGray	0
bf221316c8568dc97d3768b66f927467	1000	Rw,Nw,Rb,Kw,Qb,Nb,Rw,Bb,Qb,,,,,,,Pw,Bw,,,,,,,Nb,Rw,,,Pw,Pw,,,Bw,Pb,,,Pw,Pw,,,Qb,Qw,,,,,,,Pb,Bb,,,,,,,Rw,Nw,Pw,Rb,Bw,Qb,Pb,Rw,Rw	darkRed	0
bf2805bfb780c4eb9aa502c5f25df622	602	Bw,Rw,Kw,Qb,Nw,Rb,Kb,Pb,Qw,,,,,,,Qb,Pw,,,,,,,Nw,Rw,,,Pb,Pb,,,Rw,Bb,,,Pb,Pb,,,Kw,Qb,,,,,,,Qw,Pb,,,,,,,Nb,Qb,Rb,Nw,Bb,Kw,Pw,Nb,Qw	lightGray	1
bf353510c1d2187c14ad008b32d98f8d	1315	Bw,Pw,Qw,Bb,Rw,Pb,Qb,Bw,Nw,,,,,,,Pb,Rb,,,,,,,Qb,Kw,,,,,,,Bw,Qb,,,,,,,Rb,Nb,,,,,,,Kb,Rw,,,,,,,Qw,Rw,Rw,Rw,Rw,Rw,Rw,Rw,Rw	darkRed	0
bf375172725ca1f44f9f2e7ce55d1f7a	158	Qb,Pb,Nw,Bw,Kb,Pw,Nb,Nw,Rw,,,,,,,Qb,Pb,,,,,,,Kw,Qw,,,Pb,Pb,,,Rw,Bb,,,Pb,Pb,,,Nb,Rb,,,,,,,Bw,Pw,,,,,,,Kb,Pw,Nw,Bb,Kw,Pw,Nb,Bw,Nw	darkRed	0
bf402e6af69292eeee5b5a987fa896fd	1288	Pw,Kb,Pb,Nw,Bb,Kw,Pw,Kw,Nb,,,,,,,Pb,Bw,,,,,,,Qb,Kb,,,,,,,Bb,Pb,,,,,,,Rw,Nw,,,,,,,Pw,Bb,,,,,,,Qw,Rw,Bw,Kb,Pb,Nw,Bb,Kw,Pw	lightRed	0
bf44078e9b5cff25f4908fa221d3d819	267	Nw,Bb,Qw,Pb,Rw,Bw,Qb,Pb,Bw,,,,,,,Qw,Nb,,,,,,,Nb,Pb,,,Pw,Pw,,,Rb,Kb,,,Pw,Pw,,,Kb,Bb,,,,,,,Qb,Nw,,,,,,,Nw,Rw,Bw,Qb,Pw,Rb,Bb,Qw,Bw	lightRed	0
bf4ea6935a4954866e975400162a76f2	2007	Bb,Qb,Kw,Rw,Nb,Qw,Kb,Rw,Bw,,,,,,,Rw,Nb,,,,,,,Bb,Pw,,,,,,,Qw,Kw,,,,,,,Pw,Qb,,,,,,,Rb,Nw,,,,,,,Bw,Pw,Bw,Rb,Pw,Qw,Bb,Rw,Kb	lightGray	0
bf52659364d8405f28e78d438b1e6c49	3060	Bb,Rw,Pb,Qw,Nb,Rb,Kb,Kb,Kw,,,,,,,Bb,Qb,,,,,,,Nw,Nw,,,,,,,Pw,Rb,,,,,,,Kw,Kb,,,,,,,Bw,Qw,,,,,,,Nb,Pb,Qw,Bb,Rb,Pw,Qb,Bw,Pb	lightGray	0
bf5901260282e8d8f884f1590cd009da	1944	Nb,Rw,Kw,Qw,Nb,Rb,Kb,Qw,Rb,,,,,,,Qw,Kb,,,,,,,Kb,Qb,,,Pb,Pb,,,Rb,Nw,,,Pb,Pb,,,Nw,Rw,,,,,,,Bb,Kw,,,,,,,Kw,Rw,Qb,Nw,Rw,Kw,Qw,Bb,Qb	lightRed	0
bf799b28e878e05dc0b7f31ed60c5655	1592	Pw,Qb,Bw,Rw,Pb,Qw,Bb,Bw,Pw,,,,,,,Bw,Rb,,,,,,,Nb,Bb,,,Rb,Rb,,,Pb,Qw,,,Rb,Rb,,,Kb,Pb,,,,,,,Bb,Rw,,,,,,,Nw,Nb,Nb,Pw,Kw,Bb,Nw,Pb,Rw	darkRed	0
bf8488a3bfd15d90883306f175ab8fa7	2829	Kw,Rw,Kw,Qw,Nb,Pb,Kb,Pb,Qb,,,,,,,Bb,Bw,,,,,,,Kw,Rw,,,,,,,Pb,Kw,,,,,,,Nw,Qw,,,,,,,Bw,Nb,,,,,,,Kb,Kb,Rb,Nw,Qw,Kb,Rw,Nb,Kb	lightRed	0
bf88b5747be84d2608bd2d9d3904416e	1934	Pw,Qw,Nb,Rb,Kb,Qb,Bw,Nw,Pb,,,,,,,Bb,Nw,,,,,,,Rw,Bw,,,,,,,Pw,Kb,,,,,,,Qw,Pw,,,,,,,Bw,Nb,,,,,,,Rb,Bb,Nw,Bb,Kw,Pw,Nb,Bw,Kw	lightGray	0
bf94c2f1dba34b90f6712921dd5d53b8	3862	Rb,Bb,Nw,Pb,Kb,Bw,Rb,Pw,Bb,,,,,,,Rb,Rw,,,,,,,Pw,Pb,,,Nb,Nb,,,Qb,Qb,,,Nb,Nb,,,Nw,Bw,,,,,,,Rw,Rb,,,,,,,Pb,Nw,Nb,Rw,Kb,Qw,Nw,Rb,Rb	darkGray	0
bf965e61c97eebdf3d0480682106095b	3972	Qw,Rb,Bw,Qw,Pw,Rw,Bb,Pw,Nw,,,,,,,Rb,Bb,,,,,,,Bw,Kw,,,Nb,Nb,,,Qw,Pw,,,Nb,Nb,,,Pw,Nb,,,,,,,Rw,Qw,,,,,,,Bb,Qw,Qw,Kb,Rw,Nb,Qb,Kw,Nw	darkRed	0
bfbf72331455217858ac4fe360c52884	3204	Pb,Nw,Rb,Kw,Qb,Nb,Rw,Pb,Nw,,,,,,,Kb,Rb,,,,,,,Rb,Kw,,,,,,,Nb,Qb,,,,,,,Qw,Nb,,,,,,,Kw,Rw,,,,,,,Rw,Qb,Nw,Qb,Kw,Rw,Nb,Qw,Nb	lightGray	0
bfc22ada0b67b5687ed64ca652f93a6e	1313	Kw,Rb,Nw,Bb,Kw,Rw,Nb,Qb,Pb,,,,,,,Pw,Kb,,,,,,,Rb,Bw,,,,,,,Bb,Nb,,,,,,,Kw,Pw,,,,,,,Pb,Kw,,,,,,,Nw,Nw,Qb,Kw,Rb,Nw,Qw,Kb,Kb	darkGray	0
bfc492a0890b22898445266474f2f7f4	2883	Bw,Rw,Pb,Qw,Bb,Rb,Pw,Rb,Bw,,,,,,,Pw,Nb,,,,,,,Kw,Pw,,,Qw,Qw,,,Bw,Kw,,,Qw,Qw,,,Rb,Bb,,,,,,,Pb,Rw,,,,,,,Qb,Bb,Bw,Rb,Pb,Qb,Bb,Rw,Kw	lightRed	0
bfef8b087b419ef9d89abb24f1882aad	1039	Bw,Bw,Kb,Pb,Nw,Bb,Kw,Pb,Bb,,,,,,,Qw,Nw,,,,,,,Kb,Pw,,,Pb,Pb,,,Rb,Kw,,,Pb,Pb,,,Nw,Bw,,,,,,,Qb,Nb,,,,,,,Pb,Nw,Nw,Pb,Kw,Bb,Nb,Pw,Rw	lightGray	0
bff75ff52a15b7651ac262e1080cef2d	1122	Pb,Qw,Bb,Rb,Pw,Qb,Nw,Qb,Bb,,,,,,,Rb,Rw,,,,,,,Pw,Pw,,,Bw,Bw,,,Qw,Qw,,,Bw,Bw,,,Bb,Bw,,,,,,,Rw,Rb,,,,,,,Pb,Pw,Kw,Bb,Nw,Pb,Qb,Bw,Rb	darkRed	0
bff93d00925bdffc899759e874172a02	2750	Kb,Nw,Bb,Kw,Pw,Nb,Bw,Nb,Bb,,,,,,,Pw,Rw,,,,,,,Rb,Pw,,,Nb,Nb,,,Bw,Qw,,,Nb,Nb,,,Qb,Bw,,,,,,,Pb,Rb,,,,,,,Rw,Bb,Pw,Rb,Bw,Qb,Pb,Nw,Bb	lightRed	0
c008174fbbd7e3e39948aa3407d7de0f	3429	Nw,Pb,Nw,Bw,Kb,Pw,Nb,Kw,Kb,,,,,,,Qb,Rb,,,,,,,Bw,Nw,,,Pb,Pb,,,Rw,Bb,,,Pb,Pb,,,Pb,Kw,,,,,,,Qw,Pw,,,,,,,Bb,Nw,Kw,Pw,Nw,Bb,Kb,Pb,Rb	darkRed	0
c02a0d9f7311bbfb9f2e50c01395e545	1782	Qw,Rb,Kb,Qw,Nb,Rw,Kw,Rw,Rw,,,,,,,Rw,Pb,,,,,,,Rw,Qb,,,Pb,Pb,,,Rw,Bw,,,Pb,Pb,,,Rw,Rb,,,,,,,Rw,Pw,,,,,,,Rw,Qw,Qb,Kw,Rb,Nw,Qw,Kb,Rw	darkRed	0
c04b5ebb80d5df6554498a5e364f73c3	93	Bb,Pb,Nw,Bb,Kw,Pw,Nb,Rb,Qw,,,,,,,Qb,Nb,,,,,,,Kw,Rw,,,Nb,Nb,,,Rb,Pb,,,Nb,Nb,,,Nw,Qb,,,,,,,Qw,Nw,,,,,,,Kb,Kb,Nb,Bw,Kw,Pw,Rw,Bb,Rw	darkGray	0
c05cbb468ddfbb65f159f4ca0d5496cd	482	Pw,Pb,Qb,Bb,Rw,Pw,Qw,Rw,Qw,,,,,,,Rw,Nb,,,,,,,Rw,Rb,,,,,,,Rw,Kb,,,,,,,Rw,Qb,,,,,,,Rw,Nw,,,,,,,Rw,Nw,Kb,Qw,Nw,Rb,Kw,Qb,Rw	lightGray	0
c068d419bf4cfe289dae50430294e81e	1534	Nw,Bb,Qw,Pb,Rw,Bw,Qb,Kb,Qw,,,,,,,Rw,Bb,,,,,,,Pb,Rw,,,Bb,Bb,,,Qb,Pb,,,Bb,Bb,,,Bw,Qb,,,,,,,Rb,Bw,,,,,,,Pw,Qb,Pw,Qw,Bb,Nw,Pb,Kb,Pb	lightGray	0
c072a45fee40efad29bf9f1c1461a0e1	1445	Rb,Pb,Qb,Bb,Rw,Pw,Qw,Rw,Bw,,,,,,,Bw,Qb,,,,,,,Kb,Kw,,,Rw,Rw,,,Pb,Rw,,,Rw,Rw,,,Nw,Bb,,,,,,,Bb,Qw,,,,,,,Kw,Rw,Bb,Kw,Pb,Nw,Bw,Kb,Kw	lightRed	0
c07467c74dab4cea5ac39d6ffcdd1c87	1108	Qw,Pw,Kw,Bb,Nw,Pb,Kb,Qb,Nw,,,,,,,Nb,Rb,,,,,,,Rw,Kb,,,Kb,Kb,,,Kw,Qw,,,Kb,Kb,,,Qb,Nb,,,,,,,Nw,Rw,,,,,,,Rb,Nb,Rb,Nw,Qw,Kb,Rw,Bb,Rb	lightRed	0
c075362c1be01db27390ae070f4ffafb	603	Kw,Pw,Nb,Bb,Kw,Pb,Nw,Pb,Nw,,,,,,,Pw,Rb,,,,,,,Qw,Kw,,,,,,,Bw,Qb,,,,,,,Rb,Nb,,,,,,,Pb,Rw,,,,,,,Qb,Pw,Rb,Nw,Qw,Kb,Rw,Nb,Pw	lightRed	0
c075486fded6c237282896fdf48eb939	145	Qw,Bb,Nw,Pb,Kb,Bw,Nb,Bw,Rb,,,,,,,Kb,Pw,,,,,,,Qw,Qb,,,,,,,Bb,Bw,,,,,,,Rw,Rw,,,,,,,Pb,Pb,,,,,,,Qb,Qb,Qw,Bb,Rb,Pw,Qb,Bw,Nb	darkRed	0
c08f2ae8177f200c329605de6959a5b6	53	Kw,Pw,Rb,Bb,Qw,Kw,Rw,Kb,Rw,,,,,,,Rb,Kw,,,,,,,Kb,Qw,,,,,,,Qb,Nb,,,,,,,Nw,Rb,,,,,,,Rw,Kb,,,,,,,Pb,Rb,Rw,Bb,Qb,Pb,Rb,Bw,Rw	lightRed	0
c0c030a3fe37cb1270c615ae4908f2cb	3525	Nb,Pw,Kw,Bb,Nw,Pb,Qb,Pw,Rw,,,,,,,Kw,Nb,,,,,,,Rw,Qb,,,,,,,Nw,Kw,,,,,,,Qb,Rb,,,,,,,Kb,Nw,,,,,,,Rb,Bw,Kb,Rb,Bb,Qw,Pb,Rw,Nb	darkGray	0
c0d73e62ef30a75bfa63486eb0a7c2e5	658	Kb,Nw,Rb,Kb,Qw,Nb,Rw,Qb,Kb,,,,,,,Bw,Rb,,,,,,,Kb,Nw,,,Rb,Rb,,,Rw,Bb,,,Rb,Rb,,,Nb,Kw,,,,,,,Bb,Pw,,,,,,,Kw,Bw,Pb,Qb,Bw,Rb,Kb,Qw,Qw	darkRed	0
c0d7d10840cbaf36a9b6283eb38a85c4	2014	Nw,Nw,Qb,Kb,Rb,Nb,Qw,Nb,Pb,,,,,,,Kw,Kb,,,,,,,Qb,Bb,,,Rb,Rb,,,Nw,Nw,,,Rb,Rb,,,Rb,Pw,,,,,,,Kb,Kw,,,,,,,Bw,Nw,Pw,Nb,Bw,Qb,Pb,Rw,Pw	darkGray	0
c0ed78ab18b2e421717a7d10cd851010	3713	Rw,Bb,Qw,Pb,Rw,Bw,Qb,Nb,Rw,,,,,,,Pb,Nb,,,,,,,Qb,Qb,,,,,,,Bw,Kw,,,,,,,Rb,Rb,,,,,,,Pw,Nw,,,,,,,Qw,Qw,Bw,Qb,Pb,Rw,Bb,Kw,Qw	darkGray	0
c0f3f9115fd56ecd514f8b5c79697f50	3266	Kb,Kw,Pw,Nb,Bw,Kb,Pb,Bw,Bw,,,,,,,Pb,Rb,,,,,,,Nw,Pw,,,Bb,Bb,,,Bw,Qw,,,Bb,Bb,,,Kb,Bb,,,,,,,Pw,Rw,,,,,,,Rb,Rw,Qb,Kw,Rw,Nb,Bw,Kb,Qb	lightRed	0
c0fd13a426c8e27c290aad78743c7ac5	1124	Kb,Qb,Bw,Rb,Pw,Qw,Bb,Rw,Kb,,,,,,,Kw,Qw,,,,,,,Rw,Nb,,,,,,,Nb,Rw,,,,,,,Qw,Kw,,,,,,,Kb,Qb,,,,,,,Pb,Qb,Pb,Kb,Bw,Nb,Pw,Kw,Kw	lightGray	0
c113d8b80a192c23c2b2e32ba6acbce4	3885	Pb,Qw,Nb,Pb,Kb,Bb,Nw,Bw,Bw,,,,,,,Qb,Nb,,,,,,,Kw,Pw,,,Rb,Rb,,,Rb,Kw,,,Rb,Rb,,,Nw,Bb,,,,,,,Qw,Nw,,,,,,,Kb,Rw,Nb,Bw,Kw,Pw,Nw,Bb,Rw	lightGray	0
c120ee4b5a8981cced11e413c06ecce3	2242	Kb,Bw,Kb,Pb,Nw,Bb,Kw,Pb,Kw,,,,,,,Pw,Bb,,,,,,,Nb,Nw,,,,,,,Bb,Rb,,,,,,,Kw,Kb,,,,,,,Pb,Bw,,,,,,,Nw,Pw,Kw,Bb,Nw,Pb,Kb,Qw,Nw	darkGray	0
c1286b8e36111fc9fcaaab618bc76efc	2297	Rb,Rb,Nw,Qb,Kw,Rw,Nb,Pb,Pb,,,,,,,Pw,Rw,,,,,,,Qw,Bw,,,Nb,Nb,,,Bb,Qb,,,Nb,Nb,,,Rw,Pw,,,,,,,Pb,Nb,,,,,,,Qb,Kw,Kb,Rb,Nb,Qw,Kw,Rw,Qb	lightGray	0
c1323330e5be8437273255d081bafc30	585	Pb,Qw,Kb,Rw,Nb,Qb,Kw,Pb,Bb,,,,,,,Rw,Qw,,,,,,,Kw,Pb,,,,,,,Qw,Rw,,,,,,,Nb,Bw,,,,,,,Rb,Kb,,,,,,,Pw,Bw,Rw,Bb,Qb,Pb,Rb,Bw,Rb	darkRed	0
c142c3cc8622324a4ce2feca4bd824af	1373	Bw,Nw,Qb,Kw,Rw,Nb,Qw,Nw,Kw,,,,,,,Nw,Pw,,,,,,,Rb,Nb,,,,,,,Kb,Bw,,,,,,,Qw,Kb,,,,,,,Nb,Pb,,,,,,,Pw,Pb,Bw,Rb,Pw,Qw,Bb,Nw,Pb	lightRed	0
c1488ad5000848725e8744509834ab0e	3138	Kb,Rw,Bb,Qw,Pw,Nb,Bw,Kb,Bb,,,,,,,Nw,Kw,,,,,,,Pb,Pb,,,,,,,Kw,Nw,,,,,,,Bb,Bw,,,,,,,Nb,Kb,,,,,,,Pw,Nb,Nb,Rw,Kb,Qw,Nw,Rb,Rb	darkGray	0
c151cbaf85a63327a5c5799288832976	3857	Nb,Nb,Bw,Kb,Pb,Nw,Bb,Kw,Bw,,,,,,,Pb,Nb,,,,,,,Nw,Pb,,,,,,,Bb,Kb,,,,,,,Kw,Bb,,,,,,,Pw,Nw,,,,,,,Nb,Pw,Nb,Rw,Kb,Qw,Nw,Rb,Qb	darkRed	0
c16ad647fd01592464d550e6e43ed011	2274	Kb,Nb,Pw,Kb,Bw,Nw,Pb,Rw,Pb,,,,,,,Pb,Kb,,,,,,,Qb,Bw,,,Pb,Pb,,,Bb,Nb,,,Pb,Pb,,,Rw,Pw,,,,,,,Pw,Kw,,,,,,,Kw,Qb,Qw,Pw,Rb,Bw,Qb,Pb,Kb	darkGray	0
c176d702aa18ad1ff35bfae92e69464c	1166	Nb,Bb,Rw,Pw,Qw,Bw,Rb,Bw,Rw,,,,,,,Qb,Pb,,,,,,,Bw,Qw,,,Nw,Nw,,,Rw,Bb,,,Nw,Nw,,,Pb,Rb,,,,,,,Kw,Pw,,,,,,,Bb,Bb,Nb,Rw,Kb,Kw,Nw,Rb,Kw	darkRed	0
c17d43aee5ab78018d802eceb146e6f0	3178	Nb,Nb,Bw,Kw,Pw,Nw,Bb,Kw,Bb,,,,,,,Bb,Kw,,,,,,,Kw,Pw,,,,,,,Pw,Nb,,,,,,,Nb,Bw,,,,,,,Bw,Kb,,,,,,,Kb,Rw,Rw,Nb,Qb,Kw,Rb,Bw,Qb	darkRed	1
c18454aacc279333e337fe433253cdd8	2141	Qw,Kw,Qb,Nb,Rw,Kb,Qw,Pw,Kw,,,,,,,Nb,Qb,,,,,,,Qw,Nb,,,Bb,Bb,,,Kb,Rw,,,Bb,Bb,,,Pb,Kb,,,,,,,Nw,Qw,,,,,,,Bb,Rw,Bb,Kw,Pw,Nb,Bw,Qb,Bb	darkRed	0
c187f9d80e0718fd3db19b7f11106837	703	Qb,Kw,Pw,Nb,Bw,Kb,Pb,Rw,Bw,,,,,,,Rw,Qb,,,,,,,Rw,Pw,,,,,,,Rw,Rb,,,,,,,Rw,Bb,,,,,,,Rw,Qw,,,,,,,Rw,Pb,Nw,Pb,Kw,Bb,Nb,Pw,Rw	lightRed	0
c18c82e44cfd466f10790c1c56749d00	3036	Rw,Pb,Kb,Bb,Nw,Pw,Kw,Bw,Qw,,,,,,,Kw,Bb,,,,,,,Qb,Rb,,,,,,,Nw,Pw,,,,,,,Rb,Qb,,,,,,,Kb,Bw,,,,,,,Qw,Qw,Rw,Nb,Qb,Kw,Rb,Nw,Qw	darkGray	0
c191953968e7d1f4abf7365df67b861c	2717	Nw,Qw,Kb,Rb,Nw,Qb,Pb,Qb,Nw,,,,,,,Qw,Rb,,,,,,,Bb,Pw,,,,,,,Rb,Qw,,,,,,,Pw,Nb,,,,,,,Qb,Rw,,,,,,,Bw,Qb,Pb,Qb,Bb,Rw,Pw,Qw,Bb	lightGray	0
c19245bcee1ef6669300f394c4895b67	2678	Bw,Rb,Nw,Qw,Kb,Rw,Nb,Qb,Bw,,,,,,,Pb,Qb,,,,,,,Qb,Pw,,,,,,,Bb,Rb,,,,,,,Rw,Bb,,,,,,,Pw,Qw,,,,,,,Qw,Bw,Pw,Rb,Bw,Qb,Pb,Nw,Bb	lightRed	0
c1a3b8845d7cdaa3d8ab6fc6b789862c	757	Qb,Rw,Kw,Qb,Nw,Rb,Kb,Pw,Rb,,,,,,,Qb,Kb,,,,,,,Bw,Qw,,,,,,,Rb,Bb,,,,,,,Pw,Rw,,,,,,,Kw,Pb,,,,,,,Bb,Pw,Bb,Kw,Rb,Nw,Qw,Kb,Kw	darkGray	0
c1ac5b036f854814af909c0d028ce62c	1767	Rw,Pw,Nb,Bb,Kw,Pw,Nw,Pw,Rw,,,,,,,Rb,Rw,,,,,,,Nw,Rw,,,Nb,Nb,,,Qw,Rw,,,Nb,Nb,,,Kb,Rw,,,,,,,Rw,Rw,,,,,,,Nb,Rw,Qw,Kb,Rb,Nw,Qb,Kw,Bw	lightGray	0
c1b67a99530d03b77db762bc1c79be1d	3859	Nb,Rw,Bb,Qw,Kb,Rb,Bw,Nw,Kw,,,,,,,Bb,Pw,,,,,,,Kw,Nw,,,,,,,Pw,Bb,,,,,,,Nb,Kb,,,,,,,Bw,Pb,,,,,,,Kb,Nb,Kb,Bw,Nb,Pw,Kw,Bb,Qb	darkGray	0
c1b97190061ffcc4167f35c180f39eb1	492	Qb,Nw,Bb,Kb,Pb,Nb,Bw,Qw,Rb,,,,,,,Pw,Pw,,,,,,,Rb,Qb,,,,,,,Bb,Bw,,,,,,,Qw,Rw,,,,,,,Pb,Pb,,,,,,,Rw,Bw,Nb,Rw,Pb,Qb,Nw,Rb,Bb	darkGray	0
c1cd18f2661b78911863d7d0660fdd4d	579	Pw,Qb,Pb,Rb,Bw,Qw,Pw,Nw,Bw,,,,,,,Bw,Qb,,,,,,,Nb,Pw,,,Bw,Bw,,,Pb,Rb,,,Bw,Bw,,,Kb,Bb,,,,,,,Bb,Qw,,,,,,,Nw,Nw,Rb,Bw,Qw,Pw,Rw,Bb,Nw	lightRed	1
c1d807cc1d62a0066473524b171cb400	3469	Pw,Bb,Kw,Pb,Nw,Bw,Kb,Qb,Qw,,,,,,,Pw,Pw,,,,,,,Qw,Rb,,,,,,,Bw,Bw,,,,,,,Rb,Kb,,,,,,,Kw,Kw,,,,,,,Qb,Kb,Kb,Bw,Nb,Pw,Kw,Bb,Nb	darkRed	0
c1d9341974a2aae00236af8c6ade1697	3781	Kw,Bb,Qw,Pb,Nw,Bw,Kb,Rb,Qb,,,,,,,Rb,Pb,,,,,,,Bw,Rb,,,,,,,Qb,Bw,,,,,,,Pb,Qw,,,,,,,Rw,Pw,,,,,,,Bb,Nb,Pw,Qw,Bb,Rw,Pb,Qb,Nw	darkGray	0
c1ed3d56d54a1a64618944d19cddfb37	2602	Qb,Qb,Bw,Rw,Pb,Qw,Bb,Kw,Nb,,,,,,,Pb,Rw,,,,,,,Qb,Kw,,,Bw,Bw,,,Bw,Qb,,,Bw,Bw,,,Rb,Nw,,,,,,,Pw,Rb,,,,,,,Qw,Rw,Kw,Rw,Nb,Qw,Kb,Rb,Pw	darkRed	0
c1f002d5f55b8b406556d7220966be18	301	Bw,Nw,Bb,Kb,Pb,Nb,Bw,Bw,Bw,,,,,,,Rw,Kb,,,,,,,Nb,Rw,,,Nb,Nb,,,Qb,Nb,,,Nb,Nb,,,Kw,Qb,,,,,,,Rb,Kw,,,,,,,Bw,Nw,Pw,Rb,Bb,Qw,Pb,Rw,Nb	lightGray	0
c1f0b08a8719c053f8d17a1d0615bbaf	466	Bb,Kb,Pb,Nw,Bb,Kw,Pw,Qw,Nb,,,,,,,Nw,Pw,,,,,,,Qb,Kb,,,,,,,Kw,Bw,,,,,,,Rw,Nw,,,,,,,Nb,Pb,,,,,,,Qw,Bb,Nw,Rb,Kw,Qb,Nb,Rw,Kb	lightRed	0
c1f74e8ae8ca004cbdfd9dacfa0e7f63	1294	Pw,Qb,Kw,Rw,Nb,Qw,Kb,Qb,Pw,,,,,,,Qw,Kw,,,,,,,Nb,Bb,,,Pb,Pb,,,Rw,Nw,,,Pb,Pb,,,Pb,Pb,,,,,,,Qb,Kb,,,,,,,Nw,Qb,Nb,Pw,Kb,Bw,Rw,Pb,Bb	darkGray	0
c1fd1a8935960da86da16046d4bea5f6	3970	Nw,Pb,Rw,Bw,Qb,Pw,Rb,Kb,Rb,,,,,,,Rw,Pw,,,,,,,Pb,Qw,,,,,,,Qw,Bb,,,,,,,Bb,Rw,,,,,,,Rb,Pb,,,,,,,Pw,Pb,Pb,Nw,Bb,Kw,Pw,Nb,Nw	lightGray	0
c201a99c21b14b762db97754a1c026d7	2184	Pb,Nb,Bw,Kb,Pb,Nw,Bb,Rb,Qw,,,,,,,Kb,Nb,,,,,,,Pb,Rb,,,,,,,Nw,Kb,,,,,,,Bb,Qb,,,,,,,Kw,Nw,,,,,,,Pw,Bw,Kb,Qw,Nb,Rw,Kw,Qb,Pw	darkRed	0
c216bbe07ee6b3eb5ccd0066ecb90207	1831	Kw,Qb,Bw,Rw,Pb,Qw,Bb,Kb,Nw,,,,,,,Kw,Bb,,,,,,,Qb,Kb,,,Bb,Bb,,,Nw,Pb,,,Bb,Bb,,,Rb,Nb,,,,,,,Kb,Bw,,,,,,,Bw,Nw,Pb,Kb,Bw,Nb,Pw,Kw,Nb	darkGray	0
c224dac34ca219b91dfedfd8698fc1a9	298	Kb,Nw,Pb,Kw,Bb,Nb,Pw,Rw,Pw,,,,,,,Rw,Nb,,,,,,,Rw,Bw,,,Rb,Rb,,,Rw,Kb,,,Rb,Rb,,,Rw,Pb,,,,,,,Rw,Nw,,,,,,,Rw,Qw,Qb,Bw,Rw,Pb,Qw,Bb,Rw	darkGray	0
c239e372711d1f50b089ebb9b2d70d5c	3673	Bw,Nb,Qw,Kw,Rw,Nw,Qb,Pb,Kb,,,,,,,Qw,Qw,,,,,,,Bb,Nb,,,Rb,Rb,,,Rb,Rw,,,Rb,Rb,,,Pw,Kw,,,,,,,Qb,Qb,,,,,,,Bw,Pw,Kb,Pb,Nb,Bw,Kw,Pw,Rb	darkGray	0
c255ab1957a43bc8cb140c4ee7b14807	4029	Nw,Bw,Rb,Pw,Qw,Bb,Rw,Rb,Nw,,,,,,,Rw,Bb,,,,,,,Kw,Kb,,,,,,,Qw,Pb,,,,,,,Nb,Nb,,,,,,,Rb,Bw,,,,,,,Kb,Pw,Qb,Pb,Rw,Bb,Qw,Pw,Bw	lightRed	0
c270d413a07a5ee058c87807d68579e0	2372	Nw,Qb,Bw,Rw,Pb,Qw,Bb,Bw,Pw,,,,,,,Pw,Rb,,,,,,,Rb,Bb,,,Nb,Nb,,,Bw,Qw,,,Nb,Nb,,,Qb,Pb,,,,,,,Pb,Rw,,,,,,,Nw,Bb,Bw,Qb,Pw,Rb,Bb,Qw,Kw	lightRed	0
c286565c697e1a19d9578551bc33c019	1807	Rb,Qb,Kw,Rb,Nw,Qw,Kb,Kb,Pb,,,,,,,Pw,Rw,,,,,,,Qw,Bw,,,,,,,Bb,Qb,,,,,,,Nw,Pw,,,,,,,Pb,Rb,,,,,,,Qb,Qb,Qb,Pb,Rw,Bb,Qw,Pw,Qw	lightRed	0
c2904925c57a93b749be0217cc5e5f7b	3882	Pb,Pb,Nw,Qw,Kb,Rw,Nb,Qw,Rw,,,,,,,Nb,Kw,,,,,,,Qw,Bw,,,Rw,Rw,,,Kw,Nb,,,Rw,Rw,,,Rw,Rb,,,,,,,Nw,Kb,,,,,,,Qb,Nw,Nb,Pw,Kw,Bb,Nw,Pb,Bw	darkGray	0
c2920f7c7f8ef360a7f62e89093b95d5	590	Kb,Qb,Bw,Rb,Pw,Qw,Bb,Qw,Qb,,,,,,,Bb,Kw,,,,,,,Kw,Rb,,,Rb,Rb,,,Pb,Nw,,,Rb,Rb,,,Nw,Qw,,,,,,,Bw,Kb,,,,,,,Kb,Nw,Nw,Pb,Kw,Bb,Nb,Pw,Rb	darkGray	0
c29314a1749f5d7c26697bca45d6a79d	3163	Kb,Nw,Rb,Kb,Qw,Nb,Rw,Bw,Qb,,,,,,,Kw,Kw,,,,,,,Qb,Rw,,,,,,,Nw,Nb,,,,,,,Rb,Qw,,,,,,,Kb,Kb,,,,,,,Qw,Pw,Nw,Rb,Pw,Qw,Nb,Rw,Pw	lightGray	0
c293d661b2ef71b793f4c2186760d3c2	669	Qw,Rw,Nb,Qb,Kw,Rb,Bw,Pb,Kw,,,,,,,Kb,Pw,,,,,,,Rb,Nw,,,,,,,Nb,Bb,,,,,,,Qw,Kb,,,,,,,Kw,Pb,,,,,,,Rw,Rw,Rw,Bb,Qw,Pw,Nb,Bw,Kw	darkRed	0
c2944d7ff7f9a76bf7df434317d0de37	3153	Nw,Nw,Pb,Kw,Bb,Nb,Pw,Rb,Nb,,,,,,,Qb,Pw,,,,,,,Pb,Kb,,,Nb,Nb,,,Rb,Bw,,,Nb,Nb,,,Bw,Nw,,,,,,,Qw,Pb,,,,,,,Pw,Bw,Bb,Qw,Pb,Rw,Nw,Qb,Pw	lightRed	0
c2b56cbe452eea2c7ebd138abe5fe091	1013	Bw,Qb,Bw,Rw,Pb,Qw,Bb,Qb,Bw,,,,,,,Nw,Qb,,,,,,,Pb,Pb,,,,,,,Kb,Rw,,,,,,,Bw,Bb,,,,,,,Rb,Qw,,,,,,,Pw,Bw,Pb,Qb,Bb,Rw,Pw,Qw,Kw	darkGray	0
c2b636a7a489737a14d70a5ef040838a	3052	Rb,Kw,Rw,Nb,Qw,Kb,Rb,Kb,Kb,,,,,,,Qw,Pb,,,,,,,Bb,Nb,,,,,,,Rb,Bw,,,,,,,Pw,Kw,,,,,,,Qb,Pw,,,,,,,Bw,Nw,Pb,Nw,Bw,Kb,Pw,Nb,Kw	lightRed	0
c2bd8f1e01a7b3344828652d3c04e40c	457	Rw,Kw,Pw,Nw,Bb,Kb,Pb,Pw,Nw,,,,,,,Nb,Pb,,,,,,,Qw,Kb,,,Rw,Rw,,,Kb,Bw,,,Rw,Rw,,,Rb,Nb,,,,,,,Nw,Pw,,,,,,,Qb,Rb,Kw,Bb,Nb,Pw,Kb,Bw,Rb	lightGray	0
c2c7360a1d06ce94c0744e16a2aa722a	3922	Rw,Bw,Rb,Pw,Qw,Nb,Rw,Pb,Pb,,,,,,,Pb,Rw,,,,,,,Rw,Nb,,,Pw,Pw,,,Bw,Qw,,,Pw,Pw,,,Qb,Kb,,,,,,,Kb,Rb,,,,,,,Rb,Kw,Qb,Kw,Rw,Nb,Qw,Pw,Kw	lightGray	0
c2cef457d97f343e52ef2430a7dd012b	3992	Kw,Bb,Nw,Pb,Kb,Bw,Rb,Bb,Bb,,,,,,,Rw,Kw,,,,,,,Kw,Pw,,,,,,,Qw,Nb,,,,,,,Nb,Bw,,,,,,,Rb,Kb,,,,,,,Kb,Nw,Pw,Nb,Bw,Kb,Pb,Nw,Rb	lightRed	0
c2d16a0945b46021c93620a9551ab435	3935	Qw,Pw,Rb,Bw,Qb,Pb,Rw,Rw,Nw,,,,,,,Kb,Bb,,,,,,,Pb,Kb,,,,,,,Nb,Pb,,,,,,,Bw,Nb,,,,,,,Kw,Bw,,,,,,,Pw,Rb,Pb,Qb,Bb,Rw,Pw,Qw,Bw	darkRed	1
c2dc21adbbc12ac1a0d08962624e8ba8	1845	Nb,Nw,Pb,Qw,Bb,Nb,Pw,Rw,Bb,,,,,,,Nb,Qw,,,,,,,Bw,Pb,,,,,,,Kb,Rw,,,,,,,Pb,Nw,,,,,,,Nw,Qb,,,,,,,Bb,Qw,Bb,Nw,Pb,Kb,Bw,Nb,Rw	darkGray	0
c307cb2c447efad76dabf2e5d0b5d21a	2918	Kb,Bb,Qw,Pw,Rb,Bw,Qb,Kb,Bw,,,,,,,Pb,Qb,,,,,,,Qb,Pb,,,,,,,Bw,Rw,,,,,,,Rb,Bb,,,,,,,Pw,Kw,,,,,,,Qw,Rw,Qb,Nw,Rw,Kw,Qw,Nb,Rb	lightGray	0
c30f9215b115feacc8427616cc56da5e	3448	Bw,Pb,Nw,Bb,Kw,Pw,Nb,Pw,Kb,,,,,,,Nb,Rb,,,,,,,Qw,Nw,,,,,,,Kw,Qb,,,,,,,Rw,Kw,,,,,,,Nw,Rw,,,,,,,Qb,Kw,Pb,Rw,Bw,Qb,Pw,Rb,Rw	darkGray	0
c330166042a38bd130faedf5fd4f9142	1926	Rw,Qw,Nb,Rw,Kw,Qb,Nw,Kb,Nb,,,,,,,Kb,Pw,,,,,,,Qw,Kb,,,,,,,Nb,Bw,,,,,,,Rw,Nw,,,,,,,Kw,Pb,,,,,,,Kb,Kw,Bb,Qw,Pb,Rw,Bw,Kb,Kb	darkGray	0
c33c73018fffcaa2a887f1bcf71d2201	2728	Bw,Qb,Bw,Rw,Pb,Qw,Bb,Bb,Nb,,,,,,,Kb,Bw,,,,,,,Qw,Kw,,,,,,,Nw,Pw,,,,,,,Rb,Nw,,,,,,,Pb,Bb,,,,,,,Qb,Pw,Pb,Kb,Bw,Nb,Pw,Kw,Qw	darkRed	0
c33c80305e443a3b0fb99a70127ccff5	2863	Kw,Bb,Kw,Pw,Nb,Bw,Kb,Kb,Kb,,,,,,,Pw,Pb,,,,,,,Rb,Nw,,,Kb,Kb,,,Bw,Bb,,,Kb,Kb,,,Qb,Kw,,,,,,,Pb,Pw,,,,,,,Rw,Bw,Kb,Pb,Nb,Bw,Kw,Pw,Nw	lightGray	0
c34b7ed7174038c7be2f0c5f1b346cc1	3890	Qw,Rb,Nw,Qw,Kb,Pw,Nb,Rw,Qw,,,,,,,Rw,Bb,,,,,,,Rw,Nw,,,Pb,Pb,,,Rw,Pb,,,Pb,Pb,,,Rw,Qb,,,,,,,Rw,Bw,,,,,,,Rw,Kw,Nw,Bb,Kw,Pw,Nb,Qw,Rw	lightRed	0
c35aaf7fc49b3a775d62ed05a46567fa	869	Nw,Rb,Kb,Qb,Nw,Rw,Kw,Pw,Nw,,,,,,,Qw,Rb,,,,,,,Nb,Kb,,,,,,,Rw,Qw,,,,,,,Kw,Nb,,,,,,,Qb,Rw,,,,,,,Nw,Bw,Bw,Kb,Pw,Nb,Bb,Kw,Pw	lightGray	0
c371f45f20d5feaca6f5f33365cf3fbc	404	Bw,Qb,Nw,Rw,Kw,Qw,Nb,Qw,Rw,,,,,,,Nb,Pb,,,,,,,Pw,Qb,,,,,,,Kb,Bw,,,,,,,Bw,Rb,,,,,,,Nw,Pw,,,,,,,Pb,Bw,Kb,Pb,Nb,Bw,Kw,Pw,Bw	lightRed	0
c385ccb950dc87ca6db497b78f5ead6d	3942	Pw,Pb,Nw,Bb,Kw,Pw,Nb,Bw,Pb,,,,,,,Nb,Rw,,,,,,,Qw,Bw,,,,,,,Kb,Qb,,,,,,,Rb,Pw,,,,,,,Bw,Rb,,,,,,,Qb,Kb,Nb,Rw,Kb,Qw,Nw,Rb,Rb	darkGray	0
c3a005df6b91f198b52f2c8ba0f30930	2166	Pw,Bw,Rb,Pw,Qw,Bb,Rw,Kb,Qb,,,,,,,Pw,Pb,,,,,,,Qw,Rb,,,Rb,Rb,,,Bb,Bw,,,Rb,Rb,,,Rw,Qw,,,,,,,Pb,Pw,,,,,,,Qb,Bb,Qb,Nw,Rb,Kb,Qw,Nb,Bb	darkGray	0
c3a60d699ae05a4c0ce06c95d70a43d3	1590	Qb,Nb,Rw,Kb,Qw,Nw,Rb,Qw,Pb,,,,,,,Bb,Nw,,,,,,,Nw,Bw,,,,,,,Pb,Kb,,,,,,,Kb,Pw,,,,,,,Bw,Nb,,,,,,,Nb,Rw,Qb,Kw,Rw,Nb,Qw,Kb,Rw	lightRed	0
c3b480393d83421d5baae6015458babe	804	Pb,Bw,Nb,Pb,Kb,Bb,Nw,Kw,Nw,,,,,,,Rw,Rb,,,,,,,Pb,Kb,,,,,,,Qw,Qw,,,,,,,Bb,Nb,,,,,,,Rb,Rw,,,,,,,Pw,Qw,Pw,Kw,Bw,Nb,Pb,Kb,Qb	lightGray	0
c3bc0b34ec829a8d458f6e1205b1bc2c	1741	Kb,Qw,Kb,Rw,Nb,Qb,Kw,Qw,Kw,,,,,,,Rw,Bb,,,,,,,Bb,Nb,,,Pb,Pb,,,Qw,Pw,,,Pb,Pb,,,Pw,Kb,,,,,,,Nb,Bw,,,,,,,Bw,Rw,Pb,Nw,Bw,Kb,Pw,Nb,Qb	lightRed	0
c3c4a875bbdc2091930e2eb6561dee54	131	Rw,Rw,Rw,Rw,Rw,Rw,Rw,Rw,Pb,,,,,,,Pb,Nw,,,,,,,Nw,Bb,,,,,,,Bb,Kw,,,,,,,Kw,Pw,,,,,,,Pw,Nb,,,,,,,Nb,Bw,Pb,Kb,Qw,Nb,Pw,Kw,Pw	lightGray	0
c3c9588764403548faea4d7978f0d649	1226	Pb,Pw,Kw,Bb,Nw,Pb,Qb,Pw,Bb,,,,,,,Rb,Kw,,,,,,,Bw,Pw,,,,,,,Qb,Nb,,,,,,,Pb,Bw,,,,,,,Rw,Kb,,,,,,,Bb,Kw,Pw,Nb,Bw,Kb,Pb,Nw,Nb	darkGray	0
c3db1dccee0b04b206dba76631b94dfa	948	Bb,Kw,Rw,Nb,Bw,Kb,Rb,Qb,Qb,,,,,,,Rb,Kw,,,,,,,Pw,Rw,,,,,,,Qw,Nb,,,,,,,Bb,Bw,,,,,,,Rw,Kb,,,,,,,Pb,Qw,Pb,Qb,Bw,Nb,Pw,Qw,Pw	lightGray	0
c3e80a184ad7197246892c2c7f14b7d6	1688	Nw,Bb,Nw,Pb,Kb,Bw,Nb,Rw,Nb,,,,,,,Rb,Qw,,,,,,,Pw,Kw,,,Nb,Nb,,,Qb,Rw,,,Nb,Nb,,,Bw,Nw,,,,,,,Rw,Qb,,,,,,,Pb,Pw,Pb,Rw,Bw,Qb,Pw,Rb,Pw	darkGray	1
c41198e82b5a3be9bd32827ca6778cf7	2604	Rw,Pb,Qb,Bw,Rb,Pw,Qw,Nb,Rw,,,,,,,Qw,Rw,,,,,,,Bb,Rw,,,Pb,Pb,,,Rb,Rw,,,Pb,Pb,,,Pw,Rw,,,,,,,Qb,Rw,,,,,,,Bw,Rw,Bw,Qb,Pb,Rw,Bb,Qw,Qb	darkGray	0
c41b7e8ef10f990d1bf95e58063496b7	2759	Qb,Bw,Nb,Pb,Kb,Bb,Nw,Pb,Rw,,,,,,,Pw,Bb,,,,,,,Kw,Qw,,,,,,,Bb,Pw,,,,,,,Nw,Rb,,,,,,,Pb,Bw,,,,,,,Kb,Pb,Pw,Kw,Bb,Nw,Pb,Qb,Pw	lightGray	0
c427178afef5fc9eb82d634c1a9043ab	2514	Rw,Kb,Qw,Nw,Pb,Kw,Qb,Rb,Nw,,,,,,,Bb,Pb,,,,,,,Nw,Kb,,,Pb,Pb,,,Pb,Bw,,,Pb,Pb,,,Kb,Rb,,,,,,,Bw,Pw,,,,,,,Nb,Qb,Qw,Pw,Rw,Bb,Qb,Pb,Rw	darkRed	0
c42eeff45942952d724d61006f05e995	3045	Kw,Nb,Pw,Qb,Bw,Rw,Pb,Pb,Bb,,,,,,,Rb,Nw,,,,,,,Nw,Pb,,,,,,,Qb,Kb,,,,,,,Kw,Bw,,,,,,,Rw,Nb,,,,,,,Nb,Rw,Rw,Rw,Rw,Rw,Rw,Rw,Rw	lightGray	0
c4401a559a8984f4d25bbd9df565f633	1169	Pw,Pb,Rw,Bb,Qw,Kb,Rb,Bw,Pb,,,,,,,Qw,Qb,,,,,,,Nb,Bw,,,Bb,Bb,,,Rw,Rb,,,Bb,Bb,,,Kw,Pw,,,,,,,Qb,Qw,,,,,,,Nw,Qb,Bw,Kb,Pb,Nw,Bb,Kw,Bw	darkRed	0
c453c80dacc8eadbf19fb73f4a3acfff	512	Qb,Bw,Nb,Pw,Kw,Bb,Nw,Pw,Pw,,,,,,,Pb,Qw,,,,,,,Kb,Bw,,,,,,,Bb,Rb,,,,,,,Nw,Pb,,,,,,,Pw,Qb,,,,,,,Kw,Nw,Qb,Kw,Rb,Nw,Qw,Kb,Pw	lightGray	0
c46112ca7c9a73b96568fdb9c7a9f724	2230	Nb,Rb,Pw,Qw,Bb,Rw,Kw,Rw,Nb,,,,,,,Rb,Bw,,,,,,,Nw,Kb,,,,,,,Bb,Pb,,,,,,,Kw,Rw,,,,,,,Pw,Bb,,,,,,,Nb,Pw,Qb,Kw,Rw,Nb,Qw,Kb,Kb	lightGray	0
c46cb9fc4b5d62083bd859f0ea78c50f	3140	Kb,Nw,Pb,Kw,Bb,Nb,Pw,Nw,Rw,,,,,,,Bb,Kw,,,,,,,Qw,Qb,,,,,,,Pb,Nw,,,,,,,Rw,Rb,,,,,,,Bw,Pw,,,,,,,Qb,Bw,Qb,Nw,Rw,Kw,Qw,Bb,Pb	lightGray	0
c472972728738e1b14ee168b211af0bf	276	Pw,Rw,Kw,Qw,Nb,Rb,Kb,Pw,Qb,,,,,,,Rb,Bw,,,,,,,Kb,Rw,,,,,,,Qb,Pb,,,,,,,Nw,Qw,,,,,,,Rw,Bb,,,,,,,Kw,Kw,Rb,Pw,Kw,Bb,Rw,Pb,Nb	darkGray	0
c478332049e881d139736ef85697a42f	1087	Kw,Nb,Bw,Kw,Pw,Nw,Bb,Rw,Rb,,,,,,,Pb,Kb,,,,,,,Rw,Qb,,,,,,,Bw,Nw,,,,,,,Qb,Rw,,,,,,,Pw,Kw,,,,,,,Nb,Rb,Pw,Qw,Bb,Rw,Pb,Qb,Bw	darkGray	0
c47f2a926bd01ce3879a4a00752cecb8	2487	Rw,Rw,Kw,Qb,Bw,Rb,Pw,Pw,Nw,,,,,,,Rb,Pb,,,,,,,Pw,Kb,,,Rb,Rb,,,Qb,Bw,,,Rb,Rb,,,Bw,Nb,,,,,,,Rw,Pw,,,,,,,Kw,Kw,Nw,Bb,Kw,Pw,Nb,Qw,Bb	darkGray	0
c482e545e4f10ba54ad3a752eb4a3390	3194	Nw,Qb,Pb,Nb,Bw,Kw,Pw,Qb,Nw,,,,,,,Kw,Pb,,,,,,,Bb,Kb,,,,,,,Nw,Bw,,,,,,,Pb,Nb,,,,,,,Kb,Pw,,,,,,,Bw,Bw,Qb,Nw,Rb,Kb,Bw,Nb,Rb	darkGray	0
c496311496543aa9d26153a6b37ab691	2184	Pb,Nb,Bw,Kb,Pb,Nw,Bb,Rb,Qw,,,,,,,Kb,Nb,,,,,,,Pb,Rb,,,,,,,Nw,Kb,,,,,,,Bb,Qb,,,,,,,Kw,Nw,,,,,,,Pw,Bw,Kb,Kw,Nb,Rw,Kw,Qb,Pw	darkRed	0
c4a32f13575d6be9b5b9f2cdb2bf990c	2668	Nb,Kw,Bb,Nw,Pb,Kb,Bw,Qb,Kb,,,,,,,Kw,Rb,,,,,,,Rw,Nw,,,,,,,Nw,Bb,,,,,,,Qb,Kw,,,,,,,Kb,Rw,,,,,,,Pb,Rb,Nw,Bb,Kw,Pw,Rb,Bw,Pw	darkRed	0
c4ad7f832367e78562fc558e5db35bf2	145	Qw,Bb,Nw,Pw,Kb,Bw,Nb,Bw,Rb,,,,,,,Kb,Pw,,,,,,,Qw,Qb,,,,,,,Bb,Bw,,,,,,,Rw,Rw,,,,,,,Pb,Pb,,,,,,,Qb,Qb,Qw,Bb,Rb,Pw,Qb,Bw,Nb	darkRed	0
c4b77d4b6a62bceff076563c0ff7ee96	3743	Pb,Rw,Kw,Qw,Nb,Rb,Kb,Qw,Rb,,,,,,,Pb,Pw,,,,,,,Kb,Kw,,,,,,,Bw,Bb,,,,,,,Nb,Rw,,,,,,,Pw,Pb,,,,,,,Kw,Nw,Rb,Kb,Qb,Nw,Rw,Kw,Rb	darkGray	0
c4b973253efc05240b0e7a05462e92f0	3961	Nw,Bb,Kw,Rb,Nw,Bw,Kb,Qb,Pb,,,,,,,Nw,Qb,,,,,,,Bb,Bw,,,Pb,Pb,,,Kw,Rb,,,Pb,Pb,,,Pw,Kb,,,,,,,Nb,Qw,,,,,,,Bw,Nw,Kw,Qb,Nb,Rw,Kb,Qw,Pb	darkRed	0
c4bba0c8612227921914749b1071fcb5	3692	Qw,Kb,Rb,Nw,Qb,Pb,Rw,Rw,Rw,,,,,,,Nb,Nb,,,,,,,Bw,Qb,,,,,,,Kw,Kw,,,,,,,Pw,Rb,,,,,,,Nw,Bw,,,,,,,Bb,Bw,Kw,Bb,Nb,Pw,Kb,Bw,Qw	lightGray	0
c4c7d038cbe247a3edc4f2a5c2007594	3873	Nb,Qb,Pb,Rw,Nb,Qb,Pw,Pw,Qb,,,,,,,Kw,Pb,,,,,,,Qb,Rw,,,Kb,Kb,,,Nb,Bb,,,Kb,Kb,,,Rw,Qw,,,,,,,Kb,Kb,,,,,,,Qw,Qw,Pb,Nw,Bw,Kb,Pw,Rb,Nw	darkGray	0
c4ca4eb993ca3f8d1b4c338b4024f1b7	2314	Nw,Rb,Bw,Qw,Pw,Rw,Bb,Nw,Pb,,,,,,,Kb,Kb,,,,,,,Pb,Bw,,,,,,,Nb,Nb,,,,,,,Bw,Pw,,,,,,,Qw,Kw,,,,,,,Pw,Rw,Bb,Rw,Pb,Qb,Bw,Rb,Qb	darkRed	0
c4db9efb8effae532fdbab261f26cb42	3876	Pb,Kw,Qb,Nb,Rw,Kb,Qw,Qw,Pb,,,,,,,Qb,Kb,,,,,,,Nw,Bb,,,Pb,Pb,,,Pw,Nw,,,Pb,Pb,,,Kw,Pw,,,,,,,Qw,Kw,,,,,,,Nb,Qb,Qb,Bw,Rb,Pw,Qw,Bb,Nb	darkGray	0
c4dbf1715d21e1edb55311c6fc42fcdf	4037	Bw,Bw,Nb,Pw,Kw,Qb,Nw,Nw,Kw,,,,,,,Kw,Qb,,,,,,,Pw,Nw,,,Rw,Rw,,,Nb,Rb,,,Rw,Rw,,,Bw,Kb,,,,,,,Kb,Qw,,,,,,,Pb,Pw,Nb,Rw,Kb,Qw,Nw,Rb,Rw	lightGray	0
c4eb23ab1eb0fe82a1d283578ac0e034	2975	Qw,Rb,Pw,Qw,Bb,Rw,Pb,Nb,Rw,,,,,,,Bb,Pb,,,,,,,Kw,Qw,,,Rb,Rb,,,Pb,Nb,,,Rb,Rb,,,Nw,Rb,,,,,,,Bw,Kb,,,,,,,Kb,Qb,Nb,Qw,Kw,Rw,Nw,Qb,Bb	lightGray	0
c4f694ea664c36791e68e39638d4907c	296	Bb,Kw,Rw,Nb,Qw,Kb,Rb,Pb,Pw,,,,,,,Nb,Rb,,,,,,,Bw,Bb,,,,,,,Kw,Qw,,,,,,,Pw,Pb,,,,,,,Nw,Rw,,,,,,,Bb,Nw,Kw,Bb,Nb,Pw,Kb,Bw,Kb	lightRed	0
c5050449d700d47eaeda956312837920	2050	Rw,Nb,Rw,Kw,Qb,Nw,Pb,Qw,Bb,,,,,,,Kb,Pw,,,,,,,Rb,Pb,,,,,,,Nw,Kb,,,,,,,Bb,Bw,,,,,,,Kw,Nb,,,,,,,Rw,Kw,Nb,Pw,Kb,Bw,Nw,Pb,Pb	darkRed	0
c51645903a2e3cef860aad01ba8c723b	2553	Rw,Pw,Nb,Bw,Kb,Pb,Nw,Bb,Rw,,,,,,,Qb,Rw,,,,,,,Kw,Rw,,,,,,,Rb,Rw,,,,,,,Nw,Rw,,,,,,,Qw,Rw,,,,,,,Pw,Rw,Kw,Pw,Nw,Bb,Kb,Pb,Bw	darkRed	0
c52820959130dad336a684631df00dad	3943	Kw,Kb,Qw,Nb,Rw,Kw,Qb,Qb,Pw,,,,,,,Rw,Nb,,,,,,,Kw,Bw,,,Rb,Rb,,,Qw,Kb,,,Rb,Rb,,,Nb,Rb,,,,,,,Pb,Nw,,,,,,,Kb,Rw,Pw,Kw,Bb,Nw,Pb,Kb,Nw	lightRed	0
c53356398e6229d2c4a18dc3370fe290	571	Bb,Qb,Bw,Rw,Pb,Qw,Bb,Nw,Nb,,,,,,,Nb,Pw,,,,,,,Bw,Kw,,,Bb,Bb,,,Kw,Bb,,,Bb,Bb,,,Pw,Nw,,,,,,,Nw,Pb,,,,,,,Bb,Rw,Rw,Rw,Rw,Rw,Rw,Rw,Rw	darkGray	0
c54600f77ca61af4c7b771520441bf12	1989	Bw,Rw,Nb,Bw,Kb,Rb,Nw,Rw,Rw,,,,,,,Rw,Bb,,,,,,,Rw,Qw,,,,,,,Rw,Pw,,,,,,,Rw,Rb,,,,,,,Rw,Bw,,,,,,,Rw,Rw,Bw,Kb,Pb,Nw,Bb,Kw,Rw	lightGray	0
c55ca026922b211395f2cfebe211c8d1	3829	Rb,Nb,Rw,Kw,Qb,Nw,Rb,Nb,Qw,,,,,,,Nb,Pw,,,,,,,Qw,Rb,,,Pb,Pb,,,Kw,Bw,,,Pb,Pb,,,Rw,Kb,,,,,,,Nw,Pb,,,,,,,Qb,Kb,Pb,Kb,Bw,Nb,Pw,Kw,Pw	lightGray	0
c55df85ee3117a01435c1194c63df7af	2357	Bw,Nb,Bw,Kw,Pw,Nw,Bb,Rw,Kw,,,,,,,Kw,Bb,,,,,,,Rw,Nw,,,,,,,Nw,Pb,,,,,,,Qb,Kb,,,,,,,Kb,Bw,,,,,,,Rb,Pb,Nb,Pw,Kb,Bw,Nw,Pb,Qw	lightGray	0
c56aa9332f61113d2e48259dcd6c06dc	3836	Pb,Rb,Nw,Qb,Kw,Rw,Bb,Qw,Kw,,,,,,,Rw,Rw,,,,,,,Pb,Nw,,,Pb,Pb,,,Qb,Qb,,,Pb,Pb,,,Bw,Kb,,,,,,,Nb,Rb,,,,,,,Pw,Pb,Kb,Bw,Nb,Pw,Kw,Bb,Rw	lightGray	0
c5820843eeec502c026822ff5831c3a7	1789	Kb,Pb,Qb,Bb,Rw,Pw,Kw,Pw,Rw,,,,,,,Bw,Pb,,,,,,,Nb,Qw,,,,,,,Pw,Bb,,,,,,,Kw,Rb,,,,,,,Bb,Pw,,,,,,,Nw,Bw,Pw,Kw,Bw,Nb,Pb,Qb,Rw	darkGray	0
c584fae331f3b84f1eaead8ca1fc11ed	3905	Qw,Pb,Kb,Bw,Nb,Pw,Kw,Nb,Qb,,,,,,,Rb,Nw,,,,,,,Nw,Pw,,,,,,,Qb,Kw,,,,,,,Kw,Qw,,,,,,,Rw,Nb,,,,,,,Bb,Nb,Pb,Qb,Bb,Rw,Pw,Qw,Nw	lightGray	0
c5989c87876591950ff835f4395ac14c	3538	Nw,Nw,Pb,Qw,Bb,Nb,Pw,Rw,Qw,,,,,,,Qw,Bb,,,,,,,Bb,Rb,,,Pw,Pw,,,Rb,Pw,,,Pw,Pw,,,Pw,Qb,,,,,,,Qb,Bw,,,,,,,Bw,Nw,Qw,Bb,Rw,Pb,Qb,Bw,Rw	lightGray	0
c598f8912ddfa4545469f1a0d17b28b6	2445	Kw,Rw,Nb,Qb,Kw,Rb,Nw,Nb,Rw,,,,,,,Pb,Kw,,,,,,,Rw,Qw,,,,,,,Bw,Nb,,,,,,,Qb,Rb,,,,,,,Pw,Kb,,,,,,,Rb,Nw,Bb,Qw,Pw,Rb,Bw,Qb,Rw	darkGray	0
c5b7547f065560fd7551084c0c2eab1d	1124	Kb,Qb,Bw,Rb,Pw,Qw,Bb,Rw,Kb,,,,,,,Kw,Qw,,,,,,,Rw,Nb,,,,,,,Nb,Rw,,,,,,,Qw,Kw,,,,,,,Kb,Qb,,,,,,,Pb,Qb,Pb,Kb,Bw,Nb,Pw,Kw,Kw	lightGray	0
c5b88194c75d65e3981fe7d0edce3bf3	3364	Kw,Bw,Nb,Rw,Kw,Bb,Nw,Rb,Qw,,,,,,,Pw,Bb,,,,,,,Kw,Rb,,,Rw,Rw,,,Bw,Pw,,,Rw,Rw,,,Rb,Qb,,,,,,,Pb,Bw,,,,,,,Kb,Pb,Qw,Pw,Rb,Bw,Kb,Pb,Pb	darkRed	0
c5d53acaf1630d52037f0ecfca9632bb	994	Nb,Bb,Nw,Pw,Kw,Bw,Nb,Kw,Rw,,,,,,,Nw,Bb,,,,,,,Pb,Qb,,,,,,,Kw,Pb,,,,,,,Bb,Rb,,,,,,,Nb,Bw,,,,,,,Pw,Rw,Bb,Kw,Pb,Nw,Bw,Qb,Rw	darkGray	0
c5d5c0853b3f6e97dea8fbb8f51e355c	177	Rb,Bb,Rw,Qb,Qw,Bw,Rb,Qw,Kb,,,,,,,Kw,Qw,,,,,,,Qb,Nb,,,Bb,Bb,,,Bw,Rw,,,Bb,Bb,,,Rb,Kw,,,,,,,Pw,Qb,,,,,,,Qw,Kb,Pw,Nb,Bb,Kw,Pb,Nw,Pw	lightGray	0
c5e392aafaea65b5944a7c5f65661613	1636	Qb,Kb,Nw,Pw,Kw,Kw,Nb,Kw,Bb,,,,,,,Kb,Nw,,,,,,,Kw,Pw,,,,,,,Rb,Kw,,,,,,,Nw,Bw,,,,,,,Qw,Nb,,,,,,,Kb,Bb,Nb,Pw,Kw,Bb,Nw,Pb,Pw	darkRed	0
c5e7d47fea4ac21e03de328e5d8f4934	1860	Rw,Pb,Rw,Bb,Qw,Pw,Rb,Rw,Bb,,,,,,,Rw,Kw,,,,,,,Rw,Pw,,,,,,,Rw,Nb,,,,,,,Rw,Bw,,,,,,,Rw,Kb,,,,,,,Rw,Bb,Pw,Kw,Bw,Nb,Pb,Kb,Rw	darkGray	0
c5ecef94c1106596f44543eaa03b9576	3830	Bb,Qb,Bw,Rw,Pb,Qw,Bb,Kb,Pb,,,,,,,Bw,Rw,,,,,,,Rb,Bw,,,Nb,Nb,,,Pb,Qb,,,Nb,Nb,,,Qb,Pw,,,,,,,Bb,Rb,,,,,,,Rw,Qw,Qb,Pb,Rw,Bb,Qw,Pw,Rb	lightGray	0
c6185e5ba27f92cadd63a406d95e891f	2637	Pb,Bb,Qw,Pw,Rb,Bw,Qb,Nb,Nb,,,,,,,Pw,Pw,,,,,,,Qw,Kw,,,,,,,Bb,Bb,,,,,,,Rw,Nw,,,,,,,Pb,Pb,,,,,,,Qb,Pb,Qb,Nw,Rb,Kb,Qw,Nb,Rw	lightRed	0
c647df5b2dfd4996985c1fb550276d89	3715	Qw,Kw,Bb,Nb,Pw,Kb,Bw,Pw,Rw,,,,,,,Bb,Pb,,,,,,,Kw,Qw,,,,,,,Pb,Bb,,,,,,,Nw,Rb,,,,,,,Bw,Pw,,,,,,,Qb,Rw,Bb,Nw,Pw,Kw,Bw,Nb,Rb	lightGray	0
c653ffdc27573afb3e23e9f494a2206e	33	Qb,Nw,Qb,Kw,Rw,Nb,Qw,Kw,Qw,,,,,,,Nb,Bb,,,,,,,Pw,Rb,,,Nb,Nb,,,Kw,Pw,,,Nb,Nb,,,Bb,Kb,,,,,,,Nw,Bw,,,,,,,Pb,Pw,Qb,Pb,Rb,Bw,Qw,Kb,Bw	lightGray	0
c65b01ff312a038c6dfcf80226a3aea7	2620	Bb,Qb,Bw,Rw,Pb,Qw,Bb,Nw,Pw,,,,,,,Qw,Kw,,,,,,,Kb,Qb,,,,,,,Rw,Nw,,,,,,,Bb,Pb,,,,,,,Qb,Kb,,,,,,,Pb,Pb,Bb,Kw,Pb,Nw,Bw,Kb,Qw	darkGray	0
c66123faf6558e468e4ff9935f5d4fc7	432	Nw,Bb,Kw,Pw,Nb,Bw,Kb,Qb,Bb,,,,,,,Rw,Qw,,,,,,,Kw,Pb,,,,,,,Qw,Rw,,,,,,,Nb,Bw,,,,,,,Rb,Qb,,,,,,,Kb,Pb,Nb,Qw,Kw,Rw,Nw,Bb,Pw	lightGray	0
c6696eaf4624f7e83f63528ee5a4833b	228	Bb,Kw,Bb,Nb,Pw,Kb,Bw,Rw,Qb,,,,,,,Pb,Pb,,,,,,,Kb,Rb,,,,,,,Bb,Bw,,,,,,,Nw,Qw,,,,,,,Pw,Pw,,,,,,,Kw,Bb,Pw,Kw,Bb,Nw,Pb,Kb,Bw	lightRed	0
c680b361b856456a91d746bca12d83ac	1127	Pw,Qb,Kw,Rw,Nb,Qw,Kb,Nw,Nw,,,,,,,Bw,Bb,,,,,,,Kb,Kb,,,,,,,Pw,Pb,,,,,,,Nb,Nb,,,,,,,Bb,Bw,,,,,,,Kw,Nb,Bb,Nw,Pw,Kw,Bw,Nb,Kw	lightRed	0
c68b82032c08b99ab6cea411b061f7ad	3571	Nb,Kb,Qw,Nw,Rb,Pb,Qb,Pb,Qb,,,,,,,Bb,Pb,,,,,,,Nw,Rb,,,,,,,Pw,Bw,,,,,,,Kw,Qw,,,,,,,Bw,Pw,,,,,,,Nb,Qb,Nb,Qw,Kb,Rb,Nw,Qb,Kw	lightRed	0
c68ba8af0b355d50f3b8631ec187c7a6	997	Rw,Nw,Rb,Kw,Qb,Nb,Rw,Nb,Bw,,,,,,,Kw,Rb,,,,,,,Qb,Pw,,,,,,,Nw,Qw,,,,,,,Rb,Bb,,,,,,,Kb,Rw,,,,,,,Qw,Qb,Bb,Kw,Pw,Nb,Qw,Kb,Bb	lightGray	0
c6b07d0ef2bd60e91491eb6245cfc88e	2262	Kb,Qw,Kb,Rb,Nw,Qb,Pb,Bw,Kb,,,,,,,Nw,Bw,,,,,,,Rb,Nb,,,,,,,Kw,Pw,,,,,,,Qb,Kw,,,,,,,Nb,Bb,,,,,,,Rw,Pw,Qb,Nw,Pw,Kw,Bw,Nb,Bb	lightRed	0
c6b0eb9e9ab7a1d2830687fbd680671c	40	Rb,Rw,Nb,Qb,Pb,Rb,Bw,Rw,Kw,,,,,,,Kb,Bb,,,,,,,Bw,Nb,,,,,,,Nb,Pw,,,,,,,Pw,Qb,,,,,,,Qw,Bw,,,,,,,Bb,Pw,Nb,Pw,Kw,Bb,Rw,Pb,Kb	darkGray	0
c6bb8151660160526a4651715e4ac608	704	Pw,Qw,Bb,Rw,Pb,Qb,Bw,Rw,Nb,,,,,,,Pb,Bw,,,,,,,Qb,Kb,,,Pb,Pb,,,Bw,Pb,,,Pb,Pb,,,Rb,Nw,,,,,,,Pw,Bb,,,,,,,Qw,Bw,Kb,Pb,Nb,Bw,Kw,Pw,Bw	lightRed	0
c6bc49a735cd05691ac9dc73f2b261ca	3519	Rw,Pb,Nw,Bb,Kw,Pw,Nb,Kw,Qb,,,,,,,Bb,Bw,,,,,,,Qw,Rw,,,Qb,Qb,,,Pw,Pb,,,Qb,Qb,,,Rb,Qw,,,,,,,Bw,Bb,,,,,,,Qb,Nw,Rw,Bb,Qb,Pb,Rb,Bw,Rb	lightRed	0
c6cb429fb7f0512cb1a3f19de62241a4	68	Rw,Rw,Rw,Rw,Rw,Rw,Rw,Rw,Kb,,,,,,,Qb,Rb,,,,,,,Kw,Nb,,,Nw,Nw,,,Rb,Qw,,,Nw,Nw,,,Nw,Kw,,,,,,,Bw,Rw,,,,,,,Kb,Kb,Pb,Kb,Bb,Rw,Pw,Kw,Bb	darkGray	0
c6d7c8cb76fe41c0461080d66087c66b	2095	Rb,Bw,Kb,Pw,Nb,Bb,Kw,Pb,Bb,,,,,,,Qw,Pw,,,,,,,Bb,Pw,,,,,,,Rw,Kw,,,,,,,Pb,Bw,,,,,,,Qb,Nb,,,,,,,Bw,Qw,Kb,Qw,Pw,Rb,Kw,Qb,Bb	darkRed	0
c6db6b1ddc89b3c8bbe5db838bf49e5b	2573	Nb,Kw,Qb,Nb,Rw,Kb,Qw,Qb,Nb,,,,,,,Nb,Rw,,,,,,,Pw,Kb,,,,,,,Kw,Qw,,,,,,,Bb,Nw,,,,,,,Nw,Rb,,,,,,,Pb,Nb,Rw,Pb,Kb,Bw,Rb,Pw,Pw	darkRed	0
c6dbde9f8909ec4c910262b55b93478f	393	Nw,Kb,Rb,Bb,Qw,Kw,Rw,Kw,Qb,,,,,,,Kb,Pb,,,,,,,Qw,Rb,,,,,,,Nb,Bw,,,,,,,Rw,Qw,,,,,,,Kw,Kb,,,,,,,Qb,Pb,Nb,Pw,Kw,Bb,Nw,Pb,Bw	darkGray	0
c6df1b2e14af756bd351ea4f2c6e271d	2096	Qb,Nw,Bb,Kb,Pb,Nb,Bw,Kw,Nb,,,,,,,Pb,Bw,,,,,,,Nw,Kb,,,,,,,Qw,Pb,,,,,,,Kb,Nw,,,,,,,Pw,Bb,,,,,,,Nb,Qw,Nw,Bb,Kb,Pb,Nb,Bw,Rb	darkRed	0
c6e6d694828162b0b49feecbdfdb5a67	4084	Nb,Nb,Pw,Kw,Bb,Nw,Pb,Qw,Qw,,,,,,,Rw,Kb,,,,,,,Nb,Rw,,,,,,,Qb,Bb,,,,,,,Kw,Qb,,,,,,,Rb,Kw,,,,,,,Nw,Pw,Kb,Bw,Nw,Pb,Kw,Bb,Qw	darkRed	0
c70e0810126a2952402daba79d42665c	2890	Nw,Nb,Bw,Qw,Pw,Rw,Bb,Qw,Bb,,,,,,,Qb,Nw,,,,,,,Bw,Pb,,,Nb,Nb,,,Nb,Qb,,,Nb,Nb,,,Pw,Bw,,,,,,,Qw,Nb,,,,,,,Bb,Nb,Bw,Rb,Pb,Qb,Bb,Rw,Rw	darkRed	0
c716981304a42d254c3bb611317d4b63	91	Nw,Qb,Nw,Rw,Kw,Qw,Bb,Bb,Kw,,,,,,,Bw,Bb,,,,,,,Rb,Nw,,,,,,,Pw,Rb,,,,,,,Qw,Kb,,,,,,,Bb,Bw,,,,,,,Rw,Rw,Bw,Rb,Pb,Qb,Bb,Rw,Kw	darkRed	0
c71854603f70e6ca2f3fce947b4e086c	538	Kw,Pw,Kw,Bw,Rb,Pb,Qb,Pb,Rw,,,,,,,Qw,Bb,,,,,,,Nb,Qw,,,,,,,Rb,Pw,,,,,,,Kb,Nb,,,,,,,Qb,Bw,,,,,,,Nw,Qb,Kb,Qw,Nw,Rb,Kw,Qb,Kw	darkRed	0
c71e5b83bb6927f1715d21454a86543e	2581	Rw,Rw,Rw,Rw,Rw,Rw,Rw,Rw,Bw,,,,,,,Kw,Nb,,,,,,,Qb,Pw,,,Pb,Pb,,,Nb,Kw,,,Pb,Pb,,,Rw,Bb,,,,,,,Kb,Nw,,,,,,,Qw,Qb,Kb,Rb,Nw,Qb,Kw,Rw,Bb	darkRed	0
c728e165c7524b955ec0a51f794ba1a0	2812	Nb,Kw,Bb,Nw,Pb,Kb,Bw,Nb,Nw,,,,,,,Bw,Rb,,,,,,,Nb,Kw,,,,,,,Pb,Bb,,,,,,,Kb,Nb,,,,,,,Bb,Pw,,,,,,,Nw,Pb,Nb,Qw,Kw,Rw,Nw,Qb,Bb	lightRed	0
c72a9930326a37adeefc0410fb0dfdcd	1103	Nb,Bb,Rw,Pb,Qb,Bw,Rb,Bw,Qw,,,,,,,Nw,Nb,,,,,,,Bb,Rw,,,Nb,Nb,,,Kw,Kw,,,Nb,Nb,,,Pw,Qb,,,,,,,Nb,Nw,,,,,,,Bw,Kb,Bw,Kb,Pw,Nb,Bb,Kw,Nb	lightRed	0
c742cde5689a60b3a92e39fe19ecd4ad	364	Bb,Pw,Qw,Bb,Rw,Pb,Qb,Nw,Pw,,,,,,,Bb,Kw,,,,,,,Kw,Bb,,,Rb,Rb,,,Pw,Nw,,,Rb,Rb,,,Nb,Pb,,,,,,,Bw,Kb,,,,,,,Kb,Nw,Kw,Bb,Nw,Rb,Kb,Bw,Pw	darkRed	0
c74b0b40ace50f9603ada22cc36ce676	54	Rb,Bw,Nb,Pb,Kb,Bb,Nw,Pb,Pw,,,,,,,Qb,Qw,,,,,,,Bw,Bb,,,Bb,Bb,,,Rw,Rw,,,Bb,Bb,,,Pb,Pb,,,,,,,Kw,Qb,,,,,,,Bb,Nb,Kb,Bw,Nb,Pw,Kw,Bb,Rw	lightGray	0
c7740a8c0dcf2000cbcc9ffb3a39e0d0	1028	Bb,Nw,Pb,Kb,Bw,Nb,Pw,Pw,Nb,,,,,,,Kw,Bw,,,,,,,Rw,Kw,,,,,,,Nb,Pw,,,,,,,Qw,Nw,,,,,,,Kb,Bb,,,,,,,Rb,Pw,Rw,Pb,Qb,Bw,Rb,Pw,Nb	darkRed	0
c77a7dbc0d624073fbd09ac57d2c1b8f	3730	Pw,Bb,Nw,Pw,Kw,Bw,Rb,Rw,Kw,,,,,,,Pw,Rw,,,,,,,Qw,Nw,,,,,,,Nw,Qb,,,,,,,Rb,Kb,,,,,,,Kw,Rb,,,,,,,Qb,Nb,Qw,Kb,Rb,Nw,Qb,Kw,Kw	darkRed	0
c78c2cb51ab170524532b2fbc8ef1d4b	105	Kb,Nw,Pb,Kw,Bb,Nb,Pw,Nb,Rw,,,,,,,Nw,Bb,,,,,,,Rb,Qb,,,Rb,Rb,,,Kb,Pb,,,Rb,Rb,,,Qw,Rb,,,,,,,Nb,Bw,,,,,,,Rw,Pb,Rb,Nw,Qw,Kb,Rw,Nb,Pb	lightGray	0
c7a0a6a82e1aed1dc7fa8ec0233105ec	828	Nb,Kb,Bw,Nb,Pw,Kw,Bb,Rw,Qb,,,,,,,Kb,Kw,,,,,,,Pb,Rb,,,Rb,Rb,,,Nw,Nw,,,Rb,Rb,,,Bb,Qw,,,,,,,Kw,Kb,,,,,,,Pw,Nb,Bw,Qb,Pw,Rb,Bb,Qw,Pb	darkGray	0
c7adc8c92512b274639171cff68e89c8	3168	Qb,Qw,Pw,Rb,Bw,Qb,Pb,Qw,Bw,,,,,,,Qb,Rb,,,,,,,Pb,Pw,,,,,,,Rb,Qw,,,,,,,Bw,Bb,,,,,,,Qw,Rw,,,,,,,Pw,Qw,Rw,Nb,Qb,Pb,Rb,Bw,Rb	lightRed	0
c7b6d855309516620e66e837a54378bb	3822	Rw,Rw,Bb,Qb,Pb,Rb,Bw,Kw,Bw,,,,,,,Kb,Qb,,,,,,,Pb,Pw,,,Nb,Nb,,,Nb,Rb,,,Nb,Nb,,,Bw,Bb,,,,,,,Kw,Qw,,,,,,,Pw,Nw,Rw,Nb,Qb,Kw,Rb,Nw,Rw	lightRed	0
c7ca1b9eacbf2c64d5c770c6a4e77684	1416	Kw,Rb,Pw,Qb,Nw,Rw,Kw,Kb,Qw,,,,,,,Kb,Nb,,,,,,,Rb,Rw,,,Nw,Nw,,,Nw,Kw,,,Nw,Nw,,,Bb,Qb,,,,,,,Kw,Nw,,,,,,,Pw,Kb,Qb,Nw,Rw,Kw,Qw,Nb,Bw	lightRed	0
c7dda3f8ccbf0711f12188f435721fcd	4036	Rw,Rw,Rw,Rw,Rw,Rw,Rw,Rw,Rw,,,,,,,Qw,Nb,,,,,,,Kb,Qb,,,,,,,Rw,Kw,,,,,,,Nb,Rb,,,,,,,Bb,Nw,,,,,,,Kw,Pw,Qw,Kb,Rb,Nw,Qb,Kw,Pw	lightRed	0
c7df411333917a42fce6f3f30ee0a24e	978	Rb,Qb,Nw,Rb,Kb,Qw,Nb,Rw,Qb,,,,,,,Qw,Pb,,,,,,,Pw,Rw,,,,,,,Rw,Bb,,,,,,,Bb,Qw,,,,,,,Qb,Pw,,,,,,,Kw,Bw,Kb,Bw,Nb,Pw,Kw,Bb,Bw	lightRed	0
c7e3829c047b09db80b3ec93eadc68e1	1613	Qb,Bw,Qb,Pw,Nb,Bb,Qw,Qb,Rb,,,,,,,Bw,Bw,,,,,,,Nb,Qw,,,,,,,Pb,Pw,,,,,,,Kb,Rw,,,,,,,Bb,Bb,,,,,,,Rw,Nb,Nb,Pw,Kb,Bw,Nw,Pb,Pw	darkRed	0
c7e625b1865fab8e7dd8b4f22717b102	1661	Rw,Rb,Kb,Qw,Nb,Rw,Kw,Bw,Qb,,,,,,,Kb,Pb,,,,,,,Qw,Rw,,,Pb,Pb,,,Nw,Bb,,,Pb,Pb,,,Rb,Kw,,,,,,,Pb,Pw,,,,,,,Qb,Nb,Qw,Pw,Rb,Bw,Qb,Pb,Nb	lightRed	0
c7e688fdba0421ec8223721f48387f6e	2401	Rw,Nw,Rb,Qw,Kb,Nb,Rw,Nw,Rw,,,,,,,Kw,Rw,,,,,,,Pw,Rw,,,,,,,Rb,Rw,,,,,,,Bw,Rw,,,,,,,Kb,Rw,,,,,,,Pb,Rw,Pb,Kw,Bb,Rw,Pw,Qw,Rb	lightGray	0
c7ea108b113987e28efd7b2d28a86f47	190	Bb,Qb,Pb,Rw,Nb,Qw,Kb,Pb,Qb,,,,,,,Nb,Kw,,,,,,,Bw,Rw,,,,,,,Kb,Nb,,,,,,,Pb,Qw,,,,,,,Nw,Kb,,,,,,,Bb,Qb,Nb,Bw,Kb,Pb,Nw,Bb,Pb	darkGray	0
c7f4f52e6fb7a7922fa04422be058e41	3513	Kb,Bb,Rw,Pw,Qw,Bw,Rb,Kb,Kb,,,,,,,Pw,Bw,,,,,,,Kw,Nb,,,,,,,Bb,Pw,,,,,,,Nw,Kw,,,,,,,Pb,Bb,,,,,,,Qb,Pb,Nw,Qb,Kb,Rb,Nb,Qw,Bw	lightRed	0
c80ca5efa9d0f7849c00768133dd8ba4	121	Bb,Bb,Nw,Pw,Kw,Bw,Nb,Kw,Pw,,,,,,,Kw,Kw,,,,,,,Rw,Bw,,,,,,,Nb,Nb,,,,,,,Qw,Pb,,,,,,,Kb,Kb,,,,,,,Rb,Pw,Nb,Rw,Kw,Qb,Nw,Rb,Qw	darkGray	0
c81eeae0fd40d2c80d037555f863e95a	1659	Kw,Qb,Pb,Rw,Bb,Qw,Pw,Pw,Bw,,,,,,,Qw,Qb,,,,,,,Pw,Pw,,,,,,,Rb,Rb,,,,,,,Bw,Bb,,,,,,,Qb,Qw,,,,,,,Pb,Bw,Pb,Nw,Bb,Kw,Pw,Nb,Rw	darkGray	0
c835bfc0d38d76020de2fbf77defb2bd	1870	Bw,Nw,Rb,Kb,Qw,Nb,Rw,Bb,Kb,,,,,,,Kb,Qw,,,,,,,Pb,Nb,,,,,,,Nw,Rw,,,,,,,Bb,Kw,,,,,,,Kw,Qb,,,,,,,Rw,Pb,Qb,Bw,Rw,Pb,Kw,Bb,Nw	darkRed	0
c8372ea22e9b5ba9cc7730082e62fa65	452	Kw,Qb,Nw,Rw,Kw,Qw,Nb,Rb,Nw,,,,,,,Pw,Bb,,,,,,,Qw,Kb,,,Bw,Bw,,,Bb,Pb,,,Bw,Bw,,,Rw,Nb,,,,,,,Kw,Bw,,,,,,,Qb,Rw,Bb,Qw,Pb,Rw,Bw,Qb,Nb	darkRed	0
c83c2449339826875726235fee7d2c77	1410	Kb,Pb,Kb,Bb,Rw,Pw,Kw,Bb,Nb,,,,,,,Bb,Bw,,,,,,,Nw,Kw,,,,,,,Pb,Pw,,,,,,,Kb,Nw,,,,,,,Bw,Bb,,,,,,,Nb,Nb,Nw,Pb,Kw,Bb,Nb,Pw,Rb	lightGray	0
c83f9e223155a6409f492af720c559ae	1356	Qb,Rb,Nw,Qb,Kw,Rw,Nb,Qw,Nb,,,,,,,Kw,Qw,,,,,,,Rw,Kw,,,,,,,Nb,Rw,,,,,,,Qw,Nw,,,,,,,Kb,Qb,,,,,,,Pb,Qw,Bb,Nw,Pb,Kb,Bw,Nb,Bw	lightGray	0
c84d348fa5e880ab46762bd101e272bc	3884	Qw,Pb,Nw,Bb,Kw,Pw,Rb,Pw,Kb,,,,,,,Nw,Bw,,,,,,,Rb,Nw,,,,,,,Kw,Pb,,,,,,,Qw,Kw,,,,,,,Nb,Bb,,,,,,,Rw,Rw,Rw,Rw,Rw,Rw,Rw,Rw,Rw	lightGray	0
c866d4cdebe310a4a0b93b675d011a8d	1120	Pb,Bb,Kw,Pb,Nw,Bw,Kb,Nw,Nb,,,,,,,Bb,Rw,,,,,,,Kw,Kb,,,,,,,Pw,Qw,,,,,,,Nb,Nw,,,,,,,Bw,Rb,,,,,,,Kb,Bw,Rb,Kb,Qw,Nb,Rw,Kw,Nb	lightGray	0
c86bb043114591cbc6e87669bc65ad12	342	Pb,Qb,Kw,Rb,Nb,Qw,Pw,Qb,Nb,,,,,,,Nb,Qw,,,,,,,Qw,Kw,,,Qb,Qb,,,Kw,Rw,,,Qb,Qb,,,Rw,Nw,,,,,,,Nw,Qb,,,,,,,Qb,Kw,Nw,Bb,Kb,Pb,Nb,Bw,Qw	darkGray	0
c87a6e74da9421c9c10edd38ee7c2f69	4054	Nb,Pb,Qb,Bb,Rw,Pw,Qw,Bw,Bb,,,,,,,Qb,Rw,,,,,,,Nw,Pw,,,Bb,Bb,,,Rw,Qw,,,Bb,Bb,,,Kw,Bw,,,,,,,Qw,Rb,,,,,,,Nb,Nb,Pb,Rw,Bw,Qb,Pw,Rb,Qb	lightRed	0
c883e510a1bf72ebaf4bc510878c815e	410	Pb,Bb,Nw,Pb,Kb,Bw,Nb,Kb,Qw,,,,,,,Kb,Nb,,,,,,,Rb,Rb,,,Rw,Rw,,,Bb,Kb,,,Rw,Rw,,,Qw,Qb,,,,,,,Kw,Nw,,,,,,,Rw,Kw,Rw,Nb,Qb,Kw,Rb,Nw,Nb	darkGray	0
c8ad8634172e0a805133eb184384d91a	3894	Bw,Rb,Nw,Qb,Kw,Rw,Nb,Bw,Bw,,,,,,,Qb,Nb,,,,,,,Bw,Pb,,,,,,,Rb,Kb,,,,,,,Pw,Bb,,,,,,,Qw,Nw,,,,,,,Bb,Qw,Pb,Nw,Bb,Kw,Pw,Nb,Bw	lightGray	0
c8b6deba6e4bc56c8f8c5cf1e08ee645	1174	Nw,Nw,Bb,Kw,Pw,Nb,Bw,Kb,Pw,,,,,,,Pw,Nb,,,,,,,Qw,Bb,,,Nw,Nw,,,Bb,Kw,,,Nw,Nw,,,Rw,Pb,,,,,,,Pb,Nw,,,,,,,Kb,Rb,Kb,Qw,Nw,Rb,Kw,Qb,Bb	lightRed	0
c8bda3d7b64ca5725410c919fe384677	1615	Kw,Nb,Rw,Kb,Qw,Nw,Rb,Kw,Nw,,,,,,,Bb,Rb,,,,,,,Rw,Kb,,,Bw,Bw,,,Pw,Qw,,,Bw,Bw,,,Qw,Nb,,,,,,,Bw,Rw,,,,,,,Rb,Kw,Pb,Kb,Bw,Nb,Pw,Qw,Bb	darkGray	0
c8c286289587e4365d93f3c4e43b6674	1556	Bw,Rw,Pb,Qw,Bb,Rb,Pw,Pw,Kb,,,,,,,Rw,Pb,,,,,,,Nb,Nw,,,Pw,Pw,,,Qw,Bb,,,Pw,Pw,,,Kb,Kw,,,,,,,Rb,Pw,,,,,,,Nw,Nw,Kb,Bw,Nb,Pw,Kw,Bb,Nb	darkRed	0
c8d03f8f32eb8efc5e553f2c61140957	2016	Kb,Qb,Bw,Rw,Pb,Qw,Nb,Pb,Rb,,,,,,,Kw,Pw,,,,,,,Rw,Qw,,,Nw,Nw,,,Nb,Bb,,,Nw,Nw,,,Bw,Nw,,,,,,,Kb,Pb,,,,,,,Pb,Rw,Rw,Rw,Rw,Rw,Rw,Rw,Rw	lightRed	0
c8ed855ec563da986d678832d836d4cd	3162	Bw,Qb,Nw,Rb,Kb,Qw,Bb,Rb,Bb,,,,,,,Nw,Kw,,,,,,,Qb,Pb,,,Pw,Pw,,,Kw,Nw,,,Pw,Pw,,,Rw,Bw,,,,,,,Nb,Qb,,,,,,,Qw,Qw,Rw,Nb,Qw,Kb,Rb,Nw,Bb	lightGray	0
c90a535996a39d824449e6c6817d7ae6	3760	Pb,Rb,Pw,Kw,Bb,Rw,Pb,Qw,Bb,,,,,,,Kb,Kw,,,,,,,Pb,Pb,,,Pb,Pb,,,Nb,Nw,,,Pb,Pb,,,Bw,Bw,,,,,,,Kw,Kb,,,,,,,Pw,Kb,Kb,Rb,Nb,Qw,Kw,Rw,Bw	darkRed	0
c914874ebff960ace93e1acc058c2b4f	2766	Rw,Nb,Bw,Qb,Pb,Rw,Bb,Nb,Bb,,,,,,,Rw,Rw,,,,,,,Nb,Pw,,,Nb,Nb,,,Qb,Qw,,,Nb,Nb,,,Kw,Bw,,,,,,,Rb,Rb,,,,,,,Nw,Pb,Qb,Pb,Rw,Bb,Kw,Pw,Bw	lightGray	0
c92955a920472f0d82ce3e4d3169058f	3994	Kw,Rw,Bb,Qw,Pw,Rb,Bw,Qb,Rw,,,,,,,Kw,Bb,,,,,,,Pw,Qw,,,,,,,Nw,Pw,,,,,,,Bb,Rb,,,,,,,Kb,Bw,,,,,,,Pb,Qw,Nb,Bw,Kb,Pb,Nw,Bb,Kb	lightRed	0
c92f81a5780fe328ed143eabe005a0b9	3028	Rb,Nw,Bb,Kw,Pw,Rb,Bw,Bw,Nw,,,,,,,Rb,Bb,,,,,,,Nw,Kb,,,Pb,Pb,,,Qw,Pb,,,Pb,Pb,,,Kb,Nb,,,,,,,Pw,Bw,,,,,,,Nb,Pw,Pw,Qw,Bw,Rb,Pb,Kb,Bb	darkGray	0
c93c3f5f76ded06f8388a06ce5715271	1110	Nb,Kb,Pb,Nb,Bw,Kw,Pw,Qb,Pb,,,,,,,Bb,Rw,,,,,,,Rw,Bw,,,Pb,Pb,,,Pw,Qb,,,Pb,Pb,,,Qw,Pw,,,,,,,Bw,Rb,,,,,,,Rb,Nw,Kb,Rb,Nb,Qw,Kw,Rw,Pw	darkRed	0
c942c0d5eda878f945cd3c28d947fa7a	3762	Nw,Nb,Qw,Kb,Rb,Nw,Qb,Rw,Qb,,,,,,,Bw,Pb,,,,,,,Rb,Rw,,,Nw,Nw,,,Pw,Bb,,,Nw,Nw,,,Qw,Qw,,,,,,,Bb,Pw,,,,,,,Rw,Nb,Pw,Nb,Bb,Kw,Pb,Nw,Bb	lightRed	0
c9437bb4a1c3f7c62a7dbea5512b239d	67	Nw,Pw,Qw,Bw,Rb,Pb,Qb,Kw,Rw,,,,,,,Kw,Kw,,,,,,,Rw,Qw,,,,,,,Nb,Nb,,,,,,,Qw,Rb,,,,,,,Kb,Kb,,,,,,,Rb,Nb,Pw,Kw,Bb,Nw,Pb,Qb,Pw	lightGray	0
c94c7fdf1d1e709fa954c7e095dd2a7a	351	Bb,Qb,Nw,Rb,Kb,Qw,Nb,Bb,Bb,,,,,,,Kb,Nw,,,,,,,Pb,Pb,,,Pw,Pw,,,Nw,Kb,,,Pw,Pw,,,Bb,Bw,,,,,,,Kw,Nb,,,,,,,Pw,Rb,Bb,Rw,Pb,Qb,Bw,Rb,Pw	darkGray	0
c9649a0dcd0c39928f83eb5ed565a4c8	1482	Pb,Qb,Bw,Rb,Pw,Qw,Nb,Rw,Rb,,,,,,,Pb,Kb,,,,,,,Nw,Qw,,,,,,,Bb,Nb,,,,,,,Kw,Rw,,,,,,,Pw,Kw,,,,,,,Nb,Qw,Bb,Nw,Pb,Kb,Bw,Nb,Rw	lightGray	0
c96bcd8bd8856365350fc6eb8170311c	4084	Nb,Nb,Pw,Kw,Bb,Nw,Pb,Qw,Qw,,,,,,,Rw,Kb,,,,,,,Nb,Rw,,,,,,,Qb,Bb,,,,,,,Kw,Qb,,,,,,,Rb,Kw,,,,,,,Nw,Pw,Kb,Bw,Nw,Pb,Kw,Bb,Qw	darkRed	0
c96f7dcce586ecd211470616294ff096	209	Bw,Qw,Nb,Rw,Pb,Qb,Bw,Kw,Bb,,,,,,,Qb,Kw,,,,,,,Pb,Pw,,,Nb,Nb,,,Rb,Nb,,,Nb,Nb,,,Bw,Bw,,,,,,,Qw,Qb,,,,,,,Pw,Rw,Kw,Pw,Nb,Bw,Kb,Pb,Kb	darkRed	0
c971fd5981a0ad34b10ded7df564d5de	1616	Qw,Kw,Rw,Nw,Qb,Kb,Pb,Qb,Pw,,,,,,,Pw,Kw,,,,,,,Kw,Bb,,,Qb,Qb,,,Bb,Nw,,,Qb,Qb,,,Nw,Pb,,,,,,,Pb,Kb,,,,,,,Kb,Bb,Qb,Bw,Rw,Pb,Qw,Bb,Nw	lightGray	0
c97e7677a4bfd5d181708018a3d0ce37	3173	Pb,Qb,Pb,Rb,Bw,Qw,Kb,Bb,Rw,,,,,,,Nb,Pb,,,,,,,Bw,Qb,,,,,,,Kb,Bw,,,,,,,Pb,Rb,,,,,,,Nw,Pw,,,,,,,Bb,Pb,Qb,Bw,Rb,Pw,Qw,Bb,Nb	lightGray	0
c98cfce5ec9b81018d72544ca490e189	2770	Nb,Nw,Bb,Kb,Pb,Nb,Bw,Pb,Qb,,,,,,,Rw,Nw,,,,,,,Bb,Rb,,,,,,,Qb,Kb,,,,,,,Pb,Qw,,,,,,,Rb,Nb,,,,,,,Bw,Bw,Qb,Kw,Rb,Nw,Bw,Kb,Kb	lightGray	0
c9939a9b62c7a1d5c935e12063528789	2504	Pw,Rw,Bb,Qb,Pb,Rb,Bw,Qb,Rb,,,,,,,Nb,Bw,,,,,,,Bw,Qb,,,,,,,Kb,Pb,,,,,,,Pb,Rw,,,,,,,Nw,Bb,,,,,,,Bb,Bb,Bb,Rw,Pw,Qw,Bw,Rb,Rw	lightRed	0
c996bd25b711679f2bb0bc67630ba09f	158	Qb,Pb,Nw,Bw,Kb,Pw,Nb,Nw,Rw,,,,,,,Qb,Pb,,,,,,,Kw,Qw,,,Pb,Pb,,,Rw,Bb,,,Pb,Pb,,,Nb,Rb,,,,,,,Bw,Pw,,,,,,,Kb,Pw,Nw,Bb,Kw,Pw,Nb,Bw,Nw	darkRed	0
c99782215a28b84733d4e5f1ee6b7fae	1023	Nw,Nw,Qb,Kw,Rw,Nb,Qw,Pb,Rb,,,,,,,Nb,Nw,,,,,,,Qw,Qw,,,Pw,Pw,,,Kw,Kb,,,Pw,Pw,,,Rw,Pw,,,,,,,Nw,Nb,,,,,,,Bb,Rb,Pb,Qb,Bw,Rb,Kb,Qw,Pw	lightGray	0
c9a7636c84335bfa25ea564efb7f0168	3036	Rw,Pb,Kb,Bb,Nw,Pw,Kw,Bw,Qw,,,,,,,Kw,Bb,,,,,,,Qb,Rb,,,,,,,Nw,Pw,,,,,,,Rb,Qb,,,,,,,Kb,Bw,,,,,,,Qw,Qw,Rw,Nb,Qb,Kw,Rb,Nw,Qw	darkGray	0
c9c1047161c258d865b57b380e39d35e	1433	Rb,Kw,Pw,Nw,Bb,Kb,Pb,Rw,Rb,,,,,,,Rb,Kb,,,,,,,Nw,Qb,,,,,,,Qw,Nw,,,,,,,Kb,Rw,,,,,,,Rw,Kw,,,,,,,Nb,Nb,Rb,Bw,Qb,Pb,Rw,Nb,Kb	lightGray	0
c9e98fce8bab63a26eab8a34d72d2c0d	1278	Bw,Pb,Qb,Bw,Rb,Pw,Kw,Nb,Qb,,,,,,,Nw,Bw,,,,,,,Pb,Rw,,,Rw,Rw,,,Kb,Pb,,,Rw,Rw,,,Bw,Qw,,,,,,,Nb,Bb,,,,,,,Pw,Rw,Rw,Rw,Rw,Rw,Rw,Rw,Rw	darkGray	0
c9ee3d4270c77bc3c19de9bba38f79b1	60	Rb,Bw,Nb,Pw,Kw,Bb,Nw,Rw,Pb,,,,,,,Rb,Qb,,,,,,,Nw,Bb,,,Pw,Pw,,,Qb,Rw,,,Pw,Pw,,,Kw,Pw,,,,,,,Rw,Qw,,,,,,,Nb,Nb,Kb,Pb,Nb,Bw,Kw,Pw,Nw	lightRed	0
c9f026ef905f71c05ec26c53f79bad5b	1775	Nb,Qb,Kw,Rb,Nw,Qw,Kb,Kw,Rw,,,,,,,Nw,Pb,,,,,,,Qb,Qb,,,Nw,Nw,,,Kw,Bw,,,Nw,Nw,,,Rw,Rb,,,,,,,Nb,Pw,,,,,,,Qw,Rb,Qw,Pw,Rw,Bb,Qb,Pb,Qb	lightGray	0
ca0131689786fcb14555ba3bfcf95dc0	1557	Rw,Rb,Nw,Qb,Kw,Rw,Nb,Bb,Rb,,,,,,,Pb,Pw,,,,,,,Qb,Qb,,,,,,,Bb,Bw,,,,,,,Rw,Rw,,,,,,,Kb,Pb,,,,,,,Kw,Pw,Qb,Pb,Rb,Bw,Qw,Pw,Kb	lightGray	0
ca0220e1c0793666a41a7d9a52491418	3667	Bb,Bw,Rb,Pw,Qw,Bb,Rw,Qw,Pw,,,,,,,Kw,Nb,,,,,,,Rw,Bw,,,,,,,Nw,Kb,,,,,,,Qb,Pb,,,,,,,Kb,Nw,,,,,,,Rb,Rb,Pb,Rw,Bw,Qb,Kb,Rb,Nw	lightGray	0
ca1981973d62c077ea81d2311415cb91	473	Rb,Bb,Qw,Pw,Rb,Bw,Qb,Rb,Pw,,,,,,,Bb,Nb,,,,,,,Kw,Bb,,,Pb,Pb,,,Pb,Kw,,,Pb,Pb,,,Nw,Pb,,,,,,,Bw,Nw,,,,,,,Kb,Nb,Qb,Nw,Rw,Kw,Qw,Bb,Qb	darkGray	0
ca6045a7f3feb83f501c628edaf6527a	2200	Rb,Rw,Nb,Qb,Kw,Rb,Nw,Qb,Pw,,,,,,,Nb,Nb,,,,,,,Bw,Bw,,,,,,,Kb,Qb,,,,,,,Pb,Pb,,,,,,,Rw,Nw,,,,,,,Bb,Pb,Qb,Bw,Rb,Pw,Qw,Nb,Bw	lightGray	0
ca6604d938ad18e951e0a95553966f98	2470	Rb,Bb,Rw,Pw,Qw,Bw,Rb,Kw,Bb,,,,,,,Nb,Qw,,,,,,,Rw,Pw,,,Rw,Rw,,,Kb,Rb,,,Rw,Rw,,,Qw,Nw,,,,,,,Nw,Qb,,,,,,,Rb,Nw,Bb,Qw,Pb,Rw,Bw,Qb,Kb	darkRed	0
ca769bd12339642ecfe8aaf6c8c20b0b	3665	Qb,Pb,Kb,Bb,Nw,Pw,Kw,Pb,Kb,,,,,,,Qb,Kw,,,,,,,Pb,Nb,,,,,,,Rw,Rw,,,,,,,Bb,Kw,,,,,,,Qw,Qb,,,,,,,Pw,Kb,Qb,Nw,Rb,Pw,Qw,Bb,Bb	lightGray	0
ca7a73d32793f6947102021be7b5541b	3424	Pw,Qw,Kb,Rb,Nw,Qb,Kw,Rw,Kw,,,,,,,Qw,Pw,,,,,,,Nb,Nw,,,,,,,Rw,Bb,,,,,,,Kw,Kb,,,,,,,Qb,Pb,,,,,,,Nw,Bw,Bb,Qw,Pb,Rw,Bw,Qb,Kw	lightGray	0
ca7fb74cdf4f834e514272a9549eec98	1616	Qw,Kw,Rw,Nw,Qb,Kb,Pb,Qb,Pw,,,,,,,Pw,Kw,,,,,,,Kw,Bb,,,Qb,Qb,,,Bb,Nw,,,Qb,Qb,,,Nw,Pb,,,,,,,Pb,Kb,,,,,,,Kb,Bb,Qb,Bw,Rw,Pb,Qw,Bb,Nw	lightGray	0
ca8d4fdd3b61aca3d3e01cd757686cab	3302	Nw,Kw,Bb,Nw,Rb,Kb,Bw,Pb,Bb,,,,,,,Kw,Qw,,,,,,,Rw,Pb,,,,,,,Nb,Nw,,,,,,,Qw,Bw,,,,,,,Kb,Qb,,,,,,,Rb,Pw,Bb,Qw,Pw,Rb,Bw,Qb,Rw	darkRed	0
ca9facd2d344077f1a199b3d772f5ec6	3721	Bb,Qb,Nw,Rb,Kb,Qw,Nb,Kb,Bw,,,,,,,Nb,Nb,,,,,,,Bw,Pb,,,,,,,Qb,Kb,,,,,,,Pb,Bb,,,,,,,Rw,Nw,,,,,,,Bb,Rw,Rb,Pw,Qw,Bb,Rw,Pb,Bb	lightRed	0
caa38612b7c1b124f5581a9583a19540	3212	Nw,Bw,Qb,Pw,Rb,Bb,Kw,Kb,Qb,,,,,,,Qb,Kw,,,,,,,Bw,Rw,,,,,,,Rw,Nb,,,,,,,Pb,Qw,,,,,,,Qw,Kb,,,,,,,Bb,Rw,Rw,Rw,Rw,Rw,Rw,Rw,Rw	lightGray	0
caae15d27fe4a2575411b043c3f7ea55	986	Rw,Nb,Pw,Kw,Qb,Nw,Pb,Qb,Rb,,,,,,,Kb,Nw,,,,,,,Pb,Qw,,,Qw,Qw,,,Nw,Kb,,,Qw,Qw,,,Bb,Rw,,,,,,,Kw,Nb,,,,,,,Pw,Nb,Bw,Qb,Pw,Rb,Nb,Qw,Bw	lightRed	0
cab3e2e53596f45c53a9f359a733c937	2034	Qw,Nb,Qw,Kw,Rw,Nw,Qb,Bb,Pb,,,,,,,Qb,Qb,,,,,,,Kw,Bw,,,Pw,Pw,,,Rb,Rb,,,Pw,Pw,,,Nw,Pw,,,,,,,Qw,Qw,,,,,,,Kb,Bb,Nw,Pb,Kb,Bw,Nb,Pw,Pw	lightRed	1
cab88e0a729af9992dd720c79ee3e1cd	2854	Pb,Kb,Pb,Nw,Bb,Kw,Pw,Qb,Bw,,,,,,,Qw,Kb,,,,,,,Bb,Pb,,,Pw,Pw,,,Rb,Nw,,,Pw,Pw,,,Pw,Bb,,,,,,,Qb,Kw,,,,,,,Bw,Pb,Bb,Nw,Pw,Kw,Bw,Nb,Rw	darkRed	0
cac03ed6ca974fd97f1c5e7632aecd19	822	Rw,Rw,Rw,Rw,Rw,Rw,Rw,Rw,Bw,,,,,,,Kw,Kb,,,,,,,Qb,Pw,,,Pb,Pb,,,Nw,Nb,,,Pb,Pb,,,Rb,Bb,,,,,,,Kb,Kw,,,,,,,Qw,Nw,Bb,Qw,Pb,Rw,Bw,Qb,Pb	darkGray	0
cad0a5f68ff754f8f9894fbb37b6bda6	2572	Pw,Bb,Nw,Pb,Qb,Bw,Nb,Bw,Qw,,,,,,,Nw,Kb,,,,,,,Qb,Rb,,,Rb,Rb,,,Pw,Nw,,,Rb,Rb,,,Rb,Qb,,,,,,,Bb,Kw,,,,,,,Qw,Nb,Nb,Qw,Kb,Rb,Nw,Qb,Nb	darkGray	0
cadd12f059d0b799d77d488356359acd	3694	Rw,Pw,Kw,Bw,Nb,Pb,Kb,Qb,Nw,,,,,,,Pw,Qb,,,,,,,Qw,Kw,,,Pb,Pb,,,Bb,Rw,,,Pb,Pb,,,Rw,Nb,,,,,,,Kw,Qw,,,,,,,Qb,Kw,Pb,Rw,Bb,Qw,Pw,Rb,Pw	lightRed	0
cb045634b1cff80049f6c76555df131a	1059	Nw,Pw,Rb,Bw,Qb,Pb,Rw,Nb,Nb,,,,,,,Nw,Rw,,,,,,,Bb,Kb,,,Pw,Pw,,,Kb,Qw,,,Pw,Pw,,,Rb,Nw,,,,,,,Nb,Rb,,,,,,,Bw,Bb,Rw,Nb,Kw,Kb,Pb,Nw,Nw	darkGray	0
cb0a6da189e93721fc6095ba7aed790b	1733	Qw,Pb,Kb,Bb,Nw,Pw,Kw,Qb,Pw,,,,,,,Kw,Kw,,,,,,,Bb,Bw,,,Pb,Pb,,,Nb,Nb,,,Pb,Pb,,,Pw,Pb,,,,,,,Kb,Kb,,,,,,,Bw,Bb,Bw,Nb,Pw,Kw,Bb,Nw,Qw	darkRed	0
cb17d64861f693cfffac90b0f6901529	656	Pb,Pw,Qw,Bb,Rw,Pb,Qb,Bb,Rw,,,,,,,Pb,Pb,,,,,,,Rw,Kw,,,Nb,Nb,,,Nb,Bb,,,Nb,Nb,,,Qw,Rb,,,,,,,Kb,Pw,,,,,,,Rb,Kw,Nw,Bb,Kb,Pb,Nb,Bw,Rb	lightRed	0
cb34ecd81aee8afafdaedff209829d91	1587	Kw,Rw,Kw,Qw,Nb,Rb,Kb,Nb,Nw,,,,,,,Pb,Qb,,,,,,,Kb,Kw,,,Nb,Nb,,,Bw,Rw,,,Nb,Nb,,,Nb,Nb,,,,,,,Pw,Qw,,,,,,,Kw,Rw,Rw,Nb,Qw,Kb,Rb,Nw,Pb	lightRed	0
cb3d26066eae8845f717836efbc541a5	272	Rw,Rw,Bb,Qb,Pb,Rb,Bw,Bw,Rw,,,,,,,Kw,Rw,,,,,,,Bb,Rw,,,Nw,Nw,,,Nw,Rw,,,Nw,Nw,,,Pb,Rw,,,,,,,Kb,Rw,,,,,,,Qw,Rw,Pw,Rb,Nw,Qb,Kw,Rw,Pb	lightRed	0
cb61ad66280b7847d9e8abe8966d4bf6	1214	Kb,Qw,Bb,Rw,Pb,Qb,Bw,Qw,Bb,,,,,,,Bb,Nw,,,,,,,Rw,Pw,,,,,,,Pb,Kw,,,,,,,Qb,Bw,,,,,,,Bw,Nb,,,,,,,Rb,Pw,Pb,Qb,Bw,Rb,Pw,Qw,Bb	darkGray	0
cb67010ccc7b645aca0f8bd90b7f0aca	1568	Nw,Rb,Nw,Qw,Kb,Rw,Nb,Nw,Rw,,,,,,,Pw,Pb,,,,,,,Nb,Qb,,,,,,,Bb,Bw,,,,,,,Kw,Rb,,,,,,,Pb,Pw,,,,,,,Nw,Bb,Rb,Kb,Qw,Nb,Rw,Kw,Rb	darkRed	0
cb6a0db9a5f0c41c20969ffbf701a063	2031	Kw,Pb,Qb,Bw,Nb,Pw,Qw,Pw,Nw,,,,,,,Pw,Rb,,,,,,,Kw,Kw,,,Pw,Pw,,,Bw,Qb,,,Pw,Pw,,,Nb,Nb,,,,,,,Pb,Rw,,,,,,,Kb,Nb,Kw,Qb,Nb,Rw,Kb,Qw,Pw	darkGray	0
cb6bc5fd3be60be43a2f3a286c3eff5d	3580	Nb,Rw,Kw,Qb,Nw,Rb,Kb,Kb,Rw,,,,,,,Bw,Bb,,,,,,,Rb,Qb,,,Pb,Pb,,,Pb,Pb,,,Pb,Pb,,,Qb,Nb,,,,,,,Bb,Bw,,,,,,,Rw,Qw,Kw,Rw,Nb,Qw,Pw,Rb,Nw	lightGray	0
cb917234f04c8c424249b3c9bc192b9e	3207	Rw,Nw,Qb,Kb,Rb,Nb,Qw,Bb,Qw,,,,,,,Nw,Kb,,,,,,,Qb,Rw,,,,,,,Kb,Nb,,,,,,,Rb,Qb,,,,,,,Nb,Kw,,,,,,,Qw,Rw,Nw,Rb,Kw,Qb,Nb,Rw,Nb	darkRed	0
cba13bc8aa157e4dfc311adad7ed98a4	3253	Kb,Qb,Nw,Rw,Kw,Qw,Nb,Bw,Qw,,,,,,,Pw,Nb,,,,,,,Kw,Rb,,,Pb,Pb,,,Bw,Kb,,,Pb,Pb,,,Nb,Qb,,,,,,,Pb,Nw,,,,,,,Kb,Kw,Nw,Bb,Kb,Pb,Nb,Bw,Nb	darkRed	0
cbb71f77c520f2a0344bebc03dace8ab	2340	Rw,Rb,Rb,Qw,Pw,Rw,Bb,Bb,Bb,,,,,,,Bw,Qw,,,,,,,Qb,Pb,,,,,,,Pw,Rw,,,,,,,Rb,Bw,,,,,,,Bb,Qb,,,,,,,Qw,Qw,Nb,Bw,Kb,Pb,Nw,Bb,Kb	lightGray	0
cbb9d304d578002902e1f3a6aea1daf5	1787	Pw,Kw,Qb,Nb,Rw,Kb,Qw,Rb,Bw,,,,,,,Qb,Qb,,,,,,,Pb,Pw,,,Kb,Kb,,,Rb,Rb,,,Kb,Kb,,,Bw,Bb,,,,,,,Kw,Qw,,,,,,,Pw,Qb,Kw,Rw,Nb,Bw,Kb,Rb,Qw	lightRed	0
cbdb4742aa95d52be21a5bb2ebc6d94f	872	Pb,Qw,Nb,Rw,Kw,Qb,Nw,Qb,Bb,,,,,,,Rb,Rw,,,,,,,Pw,Pb,,,Pw,Pw,,,Qw,Kb,,,Pw,Pw,,,Bb,Bw,,,,,,,Rw,Rb,,,,,,,Pb,Bw,Rw,Bb,Qw,Pw,Rb,Bw,Pw	darkGray	0
cbdf7e66db7c3c5981512c513b2ae274	3349	Rw,Bb,Kw,Rb,Nw,Qw,Kb,Pb,Kb,,,,,,,Pw,Rb,,,,,,,Qw,Nb,,,Bw,Bw,,,Nw,Qw,,,Bw,Bw,,,Rb,Kw,,,,,,,Kw,Rw,,,,,,,Qb,Rb,Pb,Qb,Bb,Rw,Pw,Qw,Rw	darkRed	0
cbedd08a23063a1f50a33e9e4c6b5915	494	Pw,Nw,Pb,Kb,Bw,Nb,Pw,Nw,Rb,,,,,,,Pw,Nw,,,,,,,Nb,Qb,,,,,,,Bw,Kw,,,,,,,Kb,Rw,,,,,,,Pb,Nb,,,,,,,Nw,Bb,Rw,Bb,Qw,Pw,Rb,Bw,Rb	lightGray	0
cc011d4f476612a2f6930f71e6294634	1756	Qw,Nb,Bw,Kb,Pb,Nw,Bb,Rb,Kb,,,,,,,Bw,Pb,,,,,,,Qb,Nb,,,,,,,Pb,Bw,,,,,,,Rw,Kw,,,,,,,Bb,Pw,,,,,,,Qw,Pw,Pb,Rw,Bb,Qw,Kb,Rb,Bw	lightGray	0
cc045c33265ec861c43712ce91598a6f	324	Pb,Rb,Kb,Bb,Nw,Rw,Kw,Kb,Qb,,,,,,,Rw,Bw,,,,,,,Bb,Rb,,,Pb,Pb,,,Qb,Pw,,,Pb,Pb,,,Pb,Qw,,,,,,,Rb,Bb,,,,,,,Bw,Rb,Rb,Nw,Qb,Kw,Rw,Nb,Pb	darkGray	0
cc1410b754bde7e83078dd74d2f79183	3770	Rw,Nw,Bb,Kw,Pw,Nb,Bw,Nb,Nb,,,,,,,Rw,Bw,,,,,,,Bb,Kb,,,Bb,Bb,,,Qb,Pb,,,Bb,Bb,,,Pb,Nw,,,,,,,Rb,Bb,,,,,,,Bw,Rw,Bb,Rw,Pw,Qw,Bw,Rb,Rw	lightGray	0
cc1ae5aa0b8ea7ac92c2dc646107bfbd	2211	Pb,Pw,Rb,Bw,Qb,Pb,Rw,Qb,Qw,,,,,,,Nb,Pw,,,,,,,Pw,Rb,,,,,,,Kw,Bw,,,,,,,Bb,Qb,,,,,,,Nw,Pb,,,,,,,Pb,Pb,Kw,Bb,Nb,Pw,Kb,Bw,Qw	lightGray	0
cc1d9a2fe5a92745560250122a050169	2991	Pw,Bb,Qw,Pb,Rw,Nw,Qb,Pw,Nw,,,,,,,Kw,Qb,,,,,,,Bb,Kw,,,,,,,Nb,Rw,,,,,,,Pw,Nb,,,,,,,Kb,Qw,,,,,,,Bw,Rw,Nw,Qb,Kb,Rb,Nb,Qw,Pw	lightGray	0
cc1ffae13f7bb3d0bd28d9f19323cb99	1370	Rb,Pb,Kb,Bb,Rw,Pw,Kw,Bw,Nw,,,,,,,Nw,Bb,,,,,,,Rb,Qw,,,Bb,Bb,,,Kw,Pw,,,Bb,Bb,,,Bb,Rb,,,,,,,Nb,Bw,,,,,,,Rw,Rw,Bw,Nb,Pw,Kw,Bb,Nw,Pb	lightGray	0
cc25a370a7c626b2b209ad875bac4724	1080	Nb,Kw,Rw,Nb,Qw,Kb,Rb,Nb,Nb,,,,,,,Bw,Bw,,,,,,,Rb,Kb,,,,,,,Pb,Pb,,,,,,,Qb,Nw,,,,,,,Bb,Bb,,,,,,,Rw,Bw,Qw,Pw,Rw,Bb,Qb,Kw,Pw	darkGray	0
cc2dd9be0c7b0143266bad38cfe68b06	3532	Qb,Qb,Pb,Rb,Bw,Qw,Pw,Rb,Pb,,,,,,,Bb,Rw,,,,,,,Nw,Bw,,,Rb,Rb,,,Pw,Qb,,,Rb,Rb,,,Kw,Kb,,,,,,,Bw,Rb,,,,,,,Nb,Rb,Bb,Rw,Pb,Qb,Bw,Rb,Kw	lightRed	0
cc32e8146501114cf593cb406452acd9	239	Pw,Rb,Nw,Bb,Kw,Rw,Nb,Rb,Bb,,,,,,,Bw,Rw,,,,,,,Rb,Pb,,,,,,,Pb,Qb,,,,,,,Qb,Bw,,,,,,,Bb,Rb,,,,,,,Nw,Pb,Pw,Nb,Bw,Kb,Pb,Nw,Kb	darkGray	0
cc3babeac4a75dab3269f10ad55253bb	2819	Rw,Rw,Pb,Qw,Bb,Nb,Pw,Bb,Qw,,,,,,,Rw,Kb,,,,,,,Nb,Rb,,,,,,,Qw,Nw,,,,,,,Kb,Qb,,,,,,,Rb,Kw,,,,,,,Bw,Pw,Pb,Qb,Bw,Nb,Pw,Kw,Rw	darkGray	0
cc5a27cf833559fa67a030939a495331	3024	Pb,Bb,Qw,Pb,Nw,Bw,Kb,Kb,Nw,,,,,,,Rb,Pb,,,,,,,Nw,Kw,,,,,,,Qw,Bb,,,,,,,Kb,Nb,,,,,,,Rw,Pw,,,,,,,Nb,Rw,Bb,Qw,Pw,Rb,Bw,Qb,Nb	lightRed	0
cc6625092e786e83db50a48d40ebd295	3755	Pb,Qb,Bw,Rw,Pb,Qw,Bb,Pw,Nb,,,,,,,Bb,Bw,,,,,,,Kw,Kb,,,,,,,Pw,Pb,,,,,,,Rb,Nw,,,,,,,Bw,Bb,,,,,,,Qb,Pb,Pw,Nb,Bw,Kb,Pb,Nw,Pb	lightGray	0
cc7ed8b95bbac4c479736deb002729b2	1861	Kb,Nw,Qb,Kb,Rb,Nb,Bw,Qb,Nb,,,,,,,Bb,Rw,,,,,,,Nw,Pb,,,Pb,Pb,,,Pw,Qb,,,Pb,Pb,,,Kw,Nw,,,,,,,Bw,Rb,,,,,,,Nb,Pw,Nb,Qw,Qb,Rb,Nw,Qb,Bb	lightRed	0
cc864ec6c4b78971d79844e9ceb9a1c3	2079	Qb,Pw,Kw,Bb,Nw,Pb,Kb,Bw,Nb,,,,,,,Qw,Bw,,,,,,,Bb,Kb,,,,,,,Rb,Pb,,,,,,,Pw,Nw,,,,,,,Qb,Bb,,,,,,,Bw,Nb,Bb,Nw,Pw,Kw,Bw,Nb,Nb	lightRed	0
cc9daa408e362c197e51577da53b3839	1427	Pw,Bb,Qw,Pw,Rb,Bw,Kb,Pb,Rw,,,,,,,Rw,Bb,,,,,,,Nb,Qb,,,,,,,Qw,Pb,,,,,,,Kb,Rb,,,,,,,Rb,Bw,,,,,,,Nw,Rb,Kw,Qb,Nb,Rw,Kb,Qw,Nw	darkRed	0
cca24f4eeb1f46de5c51329e0ec5dc44	1745	Pw,Qb,Nw,Rw,Kw,Qw,Nb,Pw,Pw,,,,,,,Pb,Rb,,,,,,,Rw,Bw,,,Bb,Bb,,,Bb,Qb,,,Bb,Bb,,,Qw,Pb,,,,,,,Pw,Rw,,,,,,,Rb,Rb,Rb,Bw,Qw,Pw,Rw,Bb,Rw	lightRed	0
ccac88064cc4d3a3576921096c07cffa	1497	Pb,Nw,Bb,Kb,Pb,Nb,Bw,Kw,Kb,,,,,,,Kb,Qw,,,,,,,Rb,Bb,,,Rb,Rb,,,Nw,Rw,,,Rb,Rb,,,Qb,Pb,,,,,,,Kw,Qb,,,,,,,Rw,Rw,Rw,Rw,Rw,Rw,Rw,Rw,Rw	darkGray	0
ccb419baedf994f3e5316b633383e3d7	4017	Kb,Rw,Bb,Qw,Pw,Rb,Bw,Bb,Bw,,,,,,,Bw,Nb,,,,,,,Rb,Pw,,,,,,,Pb,Kw,,,,,,,Qb,Bb,,,,,,,Bb,Nw,,,,,,,Rw,Kw,Pw,Rb,Bw,Qb,Pb,Rw,Pw	lightGray	0
ccc11cf2350cfb55def34940e44a532b	1028	Bb,Nw,Pb,Kb,Bw,Nb,Pw,Pw,Nb,,,,,,,Kw,Bw,,,,,,,Rw,Kw,,,,,,,Nb,Pw,,,,,,,Qw,Nw,,,,,,,Kb,Bb,,,,,,,Rb,Pw,Rw,Pb,Qb,Bw,Rb,Pw,Nb	darkRed	0
cccb1a367c8406fcc3d58981d7f32c96	1415	Bb,Nw,Rb,Kw,Qb,Nb,Pw,Rw,Pw,,,,,,,Qb,Pb,,,,,,,Kw,Kw,,,,,,,Rw,Bb,,,,,,,Nb,Nb,,,,,,,Qb,Pw,,,,,,,Pw,Rw,Nw,Pb,Kb,Bw,Nb,Pw,Bb	darkRed	0
ccd0e60f880dad8ab32289c8f82289e7	1214	Kb,Qw,Bb,Rw,Pb,Qb,Bw,Qw,Bb,,,,,,,Bb,Nw,,,,,,,Rw,Pw,,,,,,,Pb,Kw,,,,,,,Qb,Bw,,,,,,,Bw,Nb,,,,,,,Rb,Pw,Pb,Qb,Bw,Rb,Pw,Qw,Bb	darkGray	0
ccdf2dd8a75d5f35cf1694ef16b86034	3095	Pw,Nw,Rb,Pw,Qw,Nb,Rw,Pw,Bw,,,,,,,Rw,Kb,,,,,,,Bb,Pb,,,,,,,Qw,Nw,,,,,,,Pw,Qb,,,,,,,Rb,Kw,,,,,,,Bw,Nw,Kw,Rw,Nb,Qw,Kb,Rb,Kb	darkGray	0
cce7d539c19ed87c5b9b7e2bce9f4ea2	1035	Bw,Pb,Nw,Bw,Kb,Pw,Nb,Rb,Kb,,,,,,,Rb,Qw,,,,,,,Kb,Nb,,,Pb,Pb,,,Qb,Rw,,,Pb,Pb,,,Nw,Kw,,,,,,,Rw,Qb,,,,,,,Kw,Nw,Nb,Qw,Kb,Rb,Nw,Qb,Nb	darkGray	0
ccff017000e40bc1b1c3df34eb86a61f	3576	Pb,Pw,Kw,Bw,Rb,Pb,Kb,Nb,Rb,,,,,,,Kw,Nw,,,,,,,Bb,Qw,,,Pw,Pw,,,Nb,Kb,,,Pw,Pw,,,Pw,Pw,,,,,,,Kb,Nb,,,,,,,Bw,Rb,Nb,Bw,Kw,Pw,Nw,Bb,Kb	darkRed	0
cd008f18645da583bb8bd60de3b0c946	3145	Pb,Rb,Pw,Qw,Bb,Rw,Pb,Pb,Nb,,,,,,,Rb,Qw,,,,,,,Pw,Qw,,,Rb,Rb,,,Kw,Rw,,,Rb,Rb,,,Bb,Nw,,,,,,,Nw,Qb,,,,,,,Pb,Qb,Nw,Pb,Kw,Bb,Nb,Pw,Pw	darkGray	0
cd0c02e578bd0a66228a09c6fcb0e1c4	1501	Qb,Pw,Rb,Bw,Qb,Pb,Rw,Pw,Kw,,,,,,,Nw,Bb,,,,,,,Qb,Nw,,,,,,,Kw,Pb,,,,,,,Rw,Kb,,,,,,,Nb,Bw,,,,,,,Qw,Rw,Bb,Kw,Pw,Nb,Bw,Kb,Pb	darkGray	0
cd1ab72c6b5548b4a4c5a93b6ed574b8	931	Nw,Pw,Nb,Bw,Kb,Pb,Nw,Bb,Bw,,,,,,,Kw,Kb,,,,,,,Kb,Pb,,,,,,,Nw,Nw,,,,,,,Rb,Bb,,,,,,,Kb,Kw,,,,,,,Qw,Kb,Pb,Qb,Bb,Rw,Pw,Qw,Pb	darkGray	0
cd28f46834c962b244d08acf94ad7ffa	3803	Qb,Pb,Rw,Bb,Qw,Pw,Rb,Pw,Pw,,,,,,,Pw,Kw,,,,,,,Nb,Bw,,,,,,,Qb,Nb,,,,,,,Kw,Pb,,,,,,,Pb,Kb,,,,,,,Nw,Bb,Nw,Rb,Kw,Qb,Nb,Rw,Qb	darkGray	0
cd2aa79918fa6eaa3a3ae9763e3357ce	334	Qb,Nb,Qw,Kw,Rw,Nw,Qb,Bb,Nb,,,,,,,Pw,Qw,,,,,,,Rb,Kb,,,,,,,Bw,Rb,,,,,,,Qb,Nw,,,,,,,Kw,Qb,,,,,,,Rw,Pb,Pw,Bb,Kb,Pb,Nb,Bw,Nb	darkRed	0
cd2db688fe1863975e708792597ddc65	2065	Kb,Pb,Kb,Bw,Nb,Pw,Kw,Qb,Qb,,,,,,,Nb,Kw,,,,,,,Rw,Rw,,,,,,,Kb,Nb,,,,,,,Qw,Qw,,,,,,,Nw,Kb,,,,,,,Rb,Pw,Rw,Nb,Qb,Kw,Rb,Nw,Pb	lightGray	0
cd51d56e919e7b131b775afd01f152b5	3197	Pw,Kw,Bb,Nw,Pb,Kb,Qw,Nw,Bb,,,,,,,Pw,Qw,,,,,,,Nb,Pb,,,,,,,Bb,Rw,,,,,,,Kw,Bw,,,,,,,Pb,Qb,,,,,,,Nw,Qb,Pb,Rw,Bb,Qw,Pw,Rb,Pw	lightGray	0
cd5afe0c57fe8312d6ac97c8c59c2372	251	Bw,Rb,Kb,Qw,Nb,Rw,Kw,Nb,Qw,,,,,,,Rw,Bb,,,,,,,Pb,Rb,,,,,,,Qb,Pw,,,,,,,Bw,Kb,,,,,,,Rb,Bw,,,,,,,Pw,Kb,Kb,Qw,Nw,Rb,Kw,Qb,Rb	darkGray	0
cd75d46f9d3d9dd85523a2a6619ba4e4	921	Bw,Nb,Bw,Kw,Pw,Nw,Bb,Bw,Bw,,,,,,,Nw,Rb,,,,,,,Pb,Pb,,,,,,,Kb,Qb,,,,,,,Qw,Bb,,,,,,,Nb,Rw,,,,,,,Pw,Pw,Kb,Qw,Nb,Rw,Kw,Qb,Pw	lightGray	0
cd880a4dc2ebb03edb811fd61b433ea3	22	Rw,Nb,Rw,Kb,Kw,Nw,Rb,Qb,Rb,,,,,,,Qb,Pw,,,,,,,Bw,Kw,,,Nb,Nb,,,Rw,Bb,,,Nb,Nb,,,Pb,Rw,,,,,,,Kw,Pb,,,,,,,Bb,Rw,Bw,Qb,Kw,Rw,Nb,Kw,Qb	lightGray	0
cd8833c14e9d0b0a9c5be0ecc53d6898	5	Qb,Pb,Qb,Bw,Rb,Pw,Qw,Rw,Bb,,,,,,,Pb,Nw,,,,,,,Kb,Pb,,,,,,,Bb,Kb,,,,,,,Rw,Bw,,,,,,,Pw,Nb,,,,,,,Kw,Bb,Pb,Rw,Nb,Qw,Kb,Rb,Qb	lightRed	0
cd8ca378575fa125784698a21720a154	2036	Bw,Pb,Nw,Bb,Kw,Pw,Nb,Rw,Qw,,,,,,,Nw,Kb,,,,,,,Qb,Rb,,,,,,,Kb,Nw,,,,,,,Rb,Qb,,,,,,,Nb,Kw,,,,,,,Qw,Bw,Bb,Nw,Pb,Kb,Bw,Nb,Nw	lightGray	1
cd985680cd2de4f3304fec728e82dd16	2276	Kw,Rb,Bw,Qw,Pw,Rw,Bb,Nb,Rb,,,,,,,Qb,Bw,,,,,,,Nw,Qw,,,Nw,Nw,,,Rb,Pw,,,Nw,Nw,,,Kb,Rw,,,,,,,Qw,Bb,,,,,,,Nb,Nw,Pb,Kb,Bw,Nb,Pw,Kw,Nw	lightRed	0
cda96f8b5338f46d7d285c4fb74ab263	2561	Nw,Pw,Qw,Bw,Rb,Pb,Qb,Pb,Bb,,,,,,,Rb,Kw,,,,,,,Bw,Pb,,,,,,,Qb,Nw,,,,,,,Pb,Bw,,,,,,,Rw,Kb,,,,,,,Bb,Bb,Rb,Pw,Qb,Bw,Rw,Pb,Pb	lightGray	0
cdcdf69ebceb04d3aeb0535189f63795	3497	Kw,Pw,Kw,Bw,Nb,Pb,Kb,Pw,Rw,,,,,,,Pb,Pb,,,,,,,Rw,Qw,,,Qb,Qb,,,Rw,Bb,,,Qb,Qb,,,Qb,Rb,,,,,,,Pw,Pw,,,,,,,Nb,Qb,Rw,Bb,Qw,Kb,Rb,Nw,Kb	darkGray	0
cdea97fced87aa3d571538624c9cbb21	720	Nw,Kw,Rw,Nb,Qw,Kb,Rb,Kb,Pb,,,,,,,Kb,Rw,,,,,,,Rb,Nb,,,,,,,Nw,Qw,,,,,,,Bb,Pw,,,,,,,Kw,Rb,,,,,,,Pw,Rb,Nw,Rb,Kb,Qw,Bb,Rw,Pw	lightGray	0
cdeb4da1d9c58ad50b3e5c580c58c2eb	2830	Rw,Rw,Rw,Rw,Rw,Rw,Rw,Rw,Pb,,,,,,,Bb,Rw,,,,,,,Qw,Bb,,,Bb,Bb,,,Pb,Qw,,,Bb,Bb,,,Rw,Pw,,,,,,,Bw,Rb,,,,,,,Qb,Nw,Rw,Kw,Qw,Nb,Rb,Kb,Bb	lightGray	0
cdffda9a2090508a2305dbc9b4db9d05	1077	Nb,Pw,Rb,Bb,Qw,Pb,Nw,Rb,Qb,,,,,,,Rb,Qw,,,,,,,Bw,Nw,,,,,,,Qb,Rb,,,,,,,Pb,Qw,,,,,,,Rw,Qb,,,,,,,Bb,Nw,Qb,Pb,Rb,Bw,Qw,Pw,Nw	lightGray	0
ce13f3ec651c6275986395975a5a5d70	3917	Rb,Nb,Bw,Kw,Pw,Nw,Bb,Nw,Kb,,,,,,,Qw,Pb,,,,,,,Pw,Nw,,,Rb,Rb,,,Rb,Bb,,,Rb,Rb,,,Bw,Kw,,,,,,,Qb,Pw,,,,,,,Pb,Bw,Rw,Pb,Qw,Bb,Rb,Pw,Rb	darkRed	0
ce184312037b8f5beff26bb06f3d45ad	2451	Qb,Bb,Kw,Pw,Nb,Qw,Kb,Bb,Pw,,,,,,,Pw,Rb,,,,,,,Qw,Bw,,,,,,,Bb,Qb,,,,,,,Rw,Pb,,,,,,,Pb,Rw,,,,,,,Qb,Rb,Rb,Kb,Qw,Nb,Rw,Kw,Pw	darkRed	0
ce2527b9c998cf135d60ae2d6e9eab71	784	Qw,Qb,Nw,Pw,Kw,Bw,Nb,Kb,Bb,,,,,,,Nw,Rw,,,,,,,Rb,Pb,,,,,,,Kw,Qb,,,,,,,Qb,Bw,,,,,,,Nb,Rb,,,,,,,Rw,Nb,Nb,Rw,Pb,Qb,Nw,Rb,Rw	lightRed	0
ce3e6af49f82c97b04fb7f0b89ee2c4d	124	Qb,Kb,Qw,Nw,Rb,Kw,Qb,Qw,Pw,,,,,,,Rw,Kw,,,,,,,Bb,Bw,,,Bw,Bw,,,Qb,Nb,,,Bw,Bw,,,Pb,Rb,,,,,,,Rb,Kb,,,,,,,Bw,Kw,Kb,Pb,Nw,Bb,Kw,Pw,Qw	lightRed	0
ce3ee774619e899c37483a9ae4c33ce7	3400	Nb,Kb,Bw,Rw,Pb,Kw,Bb,Rw,Nw,,,,,,,Rw,Rb,,,,,,,Bb,Kw,,,Bb,Bb,,,Qw,Qb,,,Bb,Bb,,,Pw,Nb,,,,,,,Rb,Rw,,,,,,,Bw,Kb,Kb,Bw,Nw,Pb,Kw,Bb,Kw	lightGray	0
ce5f046dd1ca19b904650a6d9db7f839	3075	Pw,Pb,Kb,Bw,Nb,Pw,Kw,Rw,Rb,,,,,,,Nw,Nw,,,,,,,Qb,Qb,,,,,,,Kw,Kw,,,,,,,Rw,Rw,,,,,,,Nb,Nb,,,,,,,Qw,Nw,Kw,Rw,Bw,Qb,Kb,Rb,Rw	darkGray	0
ce625a0e166cc68e5714ae4e87ec50e5	3076	Bw,Kb,Qw,Nw,Rb,Kw,Qb,Rw,Rb,,,,,,,Rw,Nw,,,,,,,Kw,Qw,,,,,,,Qb,Kb,,,,,,,Nw,Rw,,,,,,,Rb,Nb,,,,,,,Kb,Kb,Rb,Kb,Qb,Nw,Rw,Kw,Nw	lightGray	0
ce690dbca4c23838f2bc5298b1ddd403	1713	Bb,Kw,Pw,Nb,Bw,Kb,Pb,Bw,Nw,,,,,,,Qb,Rb,,,,,,,Bw,Kb,,,Pb,Pb,,,Rb,Qw,,,Pb,Pb,,,Pw,Nb,,,,,,,Qw,Rw,,,,,,,Bb,Kw,Kw,Rw,Bw,Qb,Kb,Rb,Bw	lightGray	0
ce7a6f29b006eb3db15841d788405343	1357	Kb,Kw,Qb,Nb,Rw,Kb,Qw,Bb,Bb,,,,,,,Pw,Nw,,,,,,,Qw,Pw,,,Bb,Bb,,,Bb,Kw,,,Bb,Bb,,,Rw,Bw,,,,,,,Pb,Nb,,,,,,,Qb,Bb,Rw,Pb,Qb,Bw,Rb,Pw,Bw	darkGray	0
cea3a9a0f2de83a56deec0cbf4b0ff22	3673	Bw,Nb,Qw,Kw,Rw,Nw,Qb,Pb,Kb,,,,,,,Qw,Qw,,,,,,,Bb,Nb,,,Rb,Rb,,,Rb,Rw,,,Rb,Rb,,,Pw,Kw,,,,,,,Qb,Qb,,,,,,,Bw,Pw,Kb,Pb,Nb,Bw,Kw,Pw,Rb	darkGray	0
ceaffd00128bd711d594b715bce9a82c	3024	Pb,Bb,Qw,Pb,Nw,Bw,Kb,Kb,Nw,,,,,,,Rb,Pb,,,,,,,Nw,Kw,,,Bb,Bb,,,Qw,Bb,,,Bb,Bb,,,Kb,Nb,,,,,,,Rw,Pw,,,,,,,Nb,Rw,Bb,Qw,Pw,Rb,Bw,Qb,Nb	lightRed	0
cebb26d6753b8b6616794202b844be02	1225	Rb,Nw,Pb,Kw,Bb,Nb,Pw,Kw,Bb,,,,,,,Pb,Qw,,,,,,,Kb,Pb,,,Bb,Bb,,,Bw,Rw,,,Bb,Bb,,,Nb,Bw,,,,,,,Pw,Qb,,,,,,,Kw,Pw,Qb,Kw,Rb,Nw,Qw,Kb,Bb	darkGray	0
ced592568a0c7943ddba37f4a2edf012	1623	Rb,Pb,Kb,Bb,Nw,Pw,Kw,Qw,Rw,,,,,,,Nb,Pb,,,,,,,Rw,Qb,,,,,,,Kb,Bw,,,,,,,Qw,Rb,,,,,,,Nw,Pw,,,,,,,Rb,Pw,Pw,Qw,Bw,Rb,Pb,Qb,Pw	darkGray	0
ced5b8d99ccc2f6b38f42dd657335c2b	2573	Nb,Kw,Qb,Nb,Kw,Kb,Kw,Kb,Nb,,,,,,,Nb,Rw,,,,,,,Pw,Kb,,,,,,,Kw,Qw,,,,,,,Bb,Nw,,,,,,,Nw,Rb,,,,,,,Pb,Nb,Rw,Pb,Kb,Bw,Rb,Pw,Pw	darkRed	0
ced7e5832e4c8f0dfa66be1a1ea8831e	942	Bw,Rb,Kb,Qb,Nw,Rw,Pb,Bw,Qb,,,,,,,Bw,Kw,,,,,,,Qb,Rw,,,Qb,Qb,,,Pw,Nb,,,Qb,Qb,,,Rb,Qw,,,,,,,Bb,Kb,,,,,,,Qw,Pb,Rw,Nb,Bw,Kb,Pb,Nw,Bw	darkRed	0
ceebff0f5a80c1841b79a1232a38de66	1793	Qw,Bb,Nw,Pb,Kb,Bw,Nb,Kb,Rb,,,,,,,Bb,Bw,,,,,,,Rw,Qw,,,,,,,Kb,Pw,,,,,,,Qw,Rw,,,,,,,Bw,Bb,,,,,,,Rb,Kw,Rw,Nb,Qw,Kb,Rb,Nw,Rw	darkRed	0
ceeec31a7fafc61ca1102a669ea4f16e	3199	Bb,Nb,Pw,Qb,Bw,Nw,Pb,Nb,Bw,,,,,,,Nw,Nb,,,,,,,Bb,Pb,,,,,,,Qw,Kb,,,,,,,Pw,Bb,,,,,,,Rb,Nw,,,,,,,Bw,Kw,Bb,Kw,Pb,Nw,Bw,Qb,Rb	darkRed	0
cef43c7056bf5d2a0b88c40a078fdd47	30	Pb,Qb,Bw,Rw,Pb,Qw,Bb,Nw,Pb,,,,,,,Rb,Kb,,,,,,,Pw,Bw,,,Qb,Qb,,,Qw,Nb,,,Qb,Qb,,,Bb,Pw,,,,,,,Rw,Kw,,,,,,,Pb,Rb,Qb,Pb,Rw,Bb,Qw,Pw,Pb	darkGray	0
cef554b4745777b95c8cfc81057fd193	648	Bb,Kb,Pb,Nw,Bb,Kw,Pw,Kw,Pw,,,,,,,Bb,Qw,,,,,,,Kw,Bw,,,,,,,Pw,Rb,,,,,,,Nb,Pb,,,,,,,Bw,Qb,,,,,,,Kb,Nw,Bb,Rw,Pw,Qw,Bw,Rb,Qw	darkGray	0
cf019e25ce079911c8184ef3253663b0	377	Kb,Bb,Rw,Pb,Kb,Bw,Rb,Rw,Pb,,,,,,,Nb,Rw,,,,,,,Bw,Bw,,,,,,,Kw,Qb,,,,,,,Pw,Pw,,,,,,,Rw,Rb,,,,,,,Bb,Qb,Kw,Rw,Nw,Qb,Kb,Rb,Rw	darkRed	0
cf0356e928864b3e2a1aac54a2e4a890	2325	Pw,Qb,Pb,Rw,Bb,Qw,Pw,Bw,Rb,,,,,,,Rb,Nw,,,,,,,Pw,Qw,,,,,,,Qw,Kb,,,,,,,Bb,Rw,,,,,,,Rw,Nb,,,,,,,Pb,Qw,Rb,Nw,Qb,Kw,Rw,Nb,Pb	darkRed	0
cf0e0d70ec59496af7a348ea306f673a	2483	Nw,Rb,Pw,Qb,Bw,Rw,Pb,Kb,Qb,,,,,,,Bb,Bw,,,,,,,Rw,Rw,,,Nb,Nb,,,Kb,Pb,,,Nb,Nb,,,Qw,Qw,,,,,,,Bw,Bb,,,,,,,Rb,Qb,Qb,Bw,Rb,Pw,Qw,Bb,Pb	lightRed	0
cf0f0913013c40a5a2ea704ff126ba8f	3659	Pw,Nb,Pw,Kb,Bw,Nw,Pb,Pb,Nw,,,,,,,Pw,Rb,,,,,,,Kw,Bb,,,Rb,Rb,,,Bw,Qw,,,Rb,Rb,,,Kb,Nb,,,,,,,Pb,Rw,,,,,,,Kb,Rb,Rw,Bb,Kb,Pb,Nb,Bw,Pw	lightRed	0
cf536bcdb4876936decd5062b4fc609b	2920	Nw,Qw,Pw,Rb,Bw,Qb,Pb,Kw,Kb,,,,,,,Bb,Qw,,,,,,,Qw,Nb,,,Rb,Rb,,,Pb,Rw,,,Rb,Rb,,,Nw,Kw,,,,,,,Bw,Bb,,,,,,,Qb,Pw,Nw,Bb,Kb,Pb,Nb,Bw,Rw	lightRed	0
cf6bbd251a3c1380c8a2facd7d576279	1338	Pw,Kb,Rb,Nb,Qw,Kw,Rw,Rw,Nw,,,,,,,Qw,Rb,,,,,,,Pb,Kb,,,Bw,Bw,,,Rw,Qw,,,Bw,Bw,,,Pb,Nb,,,,,,,Qb,Rw,,,,,,,Bw,Nb,Pw,Qw,Bb,Rw,Pb,Qb,Qb	lightRed	0
cf87685d53de22e72b2bc31dd36fc782	2199	Rb,Bw,Rb,Pw,Kw,Bb,Nw,Bw,Qw,,,,,,,Pw,Kb,,,,,,,Rb,Rw,,,,,,,Bb,Bb,,,,,,,Qw,Qb,,,,,,,Pb,Pb,,,,,,,Rw,Rb,Qb,Bw,Rb,Pw,Qw,Bb,Kw	lightRed	0
cf8d0ed06b5da14bc958ad377f8e5505	2913	Nb,Qb,Nw,Rw,Kw,Qw,Nb,Pw,Kb,,,,,,,Nw,Pb,,,,,,,Rb,Nw,,,,,,,Kb,Bb,,,,,,,Qw,Kw,,,,,,,Nb,Pw,,,,,,,Rw,Nb,Kw,Rw,Nw,Qb,Kb,Rb,Bw	darkRed	0
cf969b10631da62d7e405cff7621c7bb	1928	Qb,Rw,Bb,Qw,Pw,Rb,Bw,Nw,Rb,,,,,,,Rb,Pw,,,,,,,Pw,Qb,,,Pb,Pb,,,Qb,Nw,,,Pb,Pb,,,Bw,Rw,,,,,,,Rw,Kw,,,,,,,Pb,Rw,Kb,Kw,Nw,Rb,Kw,Qb,Bb	darkRed	0
cfb450fd1bef019a4f3ed427d94cc021	13	Nb,Qw,Bb,Rb,Pw,Qb,Bw,Nb,Pw,,,,,,,Qb,Nb,,,,,,,Kw,Bw,,,Rw,Rw,,,Rb,Kb,,,Rw,Rw,,,Nw,Pb,,,,,,,Qw,Nw,,,,,,,Kb,Qw,Kb,Bw,Nb,Pw,Kw,Bb,Nb	lightGray	0
cfc4431af4e6cf51636757645436cda5	1387	Nw,Rw,Nb,Qb,Kw,Rb,Nw,Bb,Rw,,,,,,,Pw,Pb,,,,,,,Qw,Qw,,,,,,,Bb,Bb,,,,,,,Rw,Rb,,,,,,,Pb,Pw,,,,,,,Qb,Pw,Rw,Pb,Qb,Bw,Nb,Pw,Nb	lightGray	0
cfe867a03727b6747776d1ed384e3e40	1392	Rb,Bb,Qw,Pb,Rw,Bw,Qb,Nb,Qb,,,,,,,Pw,Bw,,,,,,,Kw,Rw,,,,,,,Bb,Pb,,,,,,,Nw,Qw,,,,,,,Pb,Bb,,,,,,,Kb,Qw,Rb,Bw,Qw,Pw,Rw,Bb,Bb	lightRed	0
d00153103bb8ab7cf0b0f7c3f10ea5dd	122	Kw,Rw,Nb,Qb,Kw,Rb,Nw,Pw,Qb,,,,,,,Rw,Bw,,,,,,,Kw,Rw,,,Rb,Rb,,,Qb,Pb,,,Rb,Rb,,,Nw,Qw,,,,,,,Rb,Bb,,,,,,,Kb,Rw,Pw,Nb,Bb,Kw,Pb,Nw,Nw	darkGray	0
d00485f1488b6a1973a0c7e440f820dd	2270	Rb,Qb,Kw,Rb,Nw,Qw,Kb,Bw,Nb,,,,,,,Rw,Rw,,,,,,,Kw,Kb,,,Rb,Rb,,,Qw,Qw,,,Rb,Rb,,,Nb,Nw,,,,,,,Rb,Rb,,,,,,,Kb,Qw,Nb,Qw,Kb,Rb,Nw,Bb,Rb	darkGray	0
d009bb180e7b07cead52cbf31a115f5c	2854	Pb,Kb,Pb,Nw,Bb,Kw,Pw,Qb,Bw,,,,,,,Qw,Kb,,,,,,,Bb,Pb,,,Pw,Pw,,,Rb,Nw,,,Pw,Pw,,,Pw,Bb,,,,,,,Qb,Kw,,,,,,,Bw,Pb,Bb,Nw,Pw,Kw,Bw,Nb,Rw	darkRed	0
d00e2fb497e8e6efeda47c961828de8d	3088	Qb,Nw,Qb,Kb,Rb,Nb,Qw,Kb,Rb,,,,,,,Kb,Nw,,,,,,,Pb,Qb,,,,,,,Nb,Kw,,,,,,,Bw,Rw,,,,,,,Qw,Bb,,,,,,,Pw,Rb,Bw,Rb,Pw,Qw,Bb,Rw,Bw	lightRed	0
d0127a19f98868437fcda060fb0f9578	3712	Rw,Rb,Bw,Qw,Pw,Rw,Bb,Bb,Nb,,,,,,,Kw,Rw,,,,,,,Pw,Kb,,,Bb,Bb,,,Nw,Qw,,,Bb,Bb,,,Bb,Bw,,,,,,,Qb,Rb,,,,,,,Pb,Nw,Rw,Bb,Qb,Pb,Nb,Bw,Kb	lightGray	1
d01aaf8d416583370a065b17036b5418	2563	Kb,Rb,Nw,Qw,Kb,Rw,Nb,Kb,Qw,,,,,,,Bb,Kb,,,,,,,Nw,Rb,,,Nw,Nw,,,Pw,Nw,,,Nw,Nw,,,Kw,Qb,,,,,,,Bw,Kw,,,,,,,Nb,Qb,Bb,Kw,Pb,Nw,Bw,Kb,Nb	darkRed	0
d03798a43b0373d182b7c3612f4a8f98	1557	Rw,Rb,Nw,Qb,Kw,Rw,Nb,Bb,Rb,,,,,,,Pb,Pw,,,,,,,Qb,Qb,,,,,,,Bb,Bw,,,,,,,Rw,Rw,,,,,,,Kb,Pb,,,,,,,Qw,Pw,Qb,Pb,Rb,Bw,Qw,Pw,Kb	lightGray	0
d0427f66d3fdf7f0dff76263f8c31ee3	1284	Bb,Bw,Rb,Pw,Qw,Bb,Rw,Qb,Qb,,,,,,,Rb,Kw,,,,,,,Bw,Rw,,,,,,,Qb,Nb,,,,,,,Pb,Qw,,,,,,,Rw,Kb,,,,,,,Bb,Nb,Qw,Bb,Rw,Pb,Qb,Bw,Qb	darkRed	0
d0456621babbd81eb54b717704c7fe3b	246	Qb,Qw,Nb,Rb,Kb,Qb,Nw,Qw,Kw,,,,,,,Nb,Bb,,,,,,,Pw,Nw,,,,,,,Kb,Pb,,,,,,,Bw,Kb,,,,,,,Nw,Bw,,,,,,,Rb,Qw,Kw,Qb,Nb,Rw,Kb,Qw,Bb	lightRed	0
d04e2a61329cddd1d427f05a2427766c	2928	Qb,Kw,Bb,Nw,Pb,Kb,Bw,Rw,Rb,,,,,,,Pw,Nw,,,,,,,Rb,Qb,,,,,,,Bb,Kw,,,,,,,Qw,Rw,,,,,,,Pb,Bb,,,,,,,Rw,Qb,Nb,Rw,Kb,Qw,Nw,Rb,Rw	lightRed	0
d05b3dd27fcf5ce75ea139a5c8461d33	3019	Pb,Kw,Rw,Nw,Qb,Qb,Rb,Rw,Nb,,,,,,,Pb,Rw,,,,,,,Nw,Kb,,,Pb,Pb,,,Bb,Qw,,,Pb,Pb,,,Kw,Bw,,,,,,,Pw,Rb,,,,,,,Nb,Bw,Kb,Pb,Nb,Bw,Kw,Pw,Kw	darkGray	0
d06ad4606170e76cf567a6aa4ed5a2e9	55	Nb,Pw,Kw,Bb,Rw,Pb,Qb,Qb,Rb,,,,,,,Bw,Bw,,,,,,,Kb,Qb,,,Pw,Pw,,,Pb,Kw,,,Pw,Pw,,,Nw,Rw,,,,,,,Bb,Nb,,,,,,,Kw,Rw,Pw,Kw,Bw,Rb,Pb,Qb,Kw	darkRed	0
d071b9698cfe44728e9ac6e4f7c606ca	1577	Rw,Rw,Pb,Qw,Nb,Rb,Qb,Pw,Rw,,,,,,,Pw,Rw,,,,,,,Nb,Rw,,,Bb,Bb,,,Bb,Rw,,,Bb,Bb,,,Kw,Rw,,,,,,,Pb,Rw,,,,,,,Nw,Rw,Qb,Pb,Rb,Bw,Qw,Kb,Bb	darkGray	0
d083d1a20220a494fa3e94b474488a08	2760	Nb,Nb,Pw,Kb,Bw,Nw,Pb,Pw,Nw,,,,,,,Bw,Pb,,,,,,,Qb,Kb,,,Pb,Pb,,,Pw,Bw,,,Pb,Pb,,,Rb,Nb,,,,,,,Bb,Pw,,,,,,,Qw,Rw,Rw,Rw,Rw,Rw,Rw,Rw,Rw	lightGray	0
d0960ccc16b79bbadcf7ddeae72810da	1587	Kw,Rw,Kw,Qw,Nb,Rb,Kb,Nb,Nw,,,,,,,Pb,Qb,,,,,,,Kb,Kw,,,Nb,Nb,,,Bw,Rw,,,Nb,Nb,,,Nb,Nb,,,,,,,Pw,Qw,,,,,,,Kw,Rw,Rw,Nb,Qw,Kb,Rb,Nw,Pb	lightRed	0
d0a5ce869b9e0e37c14c4f537638c33d	1861	Kb,Nw,Qb,Kb,Rb,Nb,Bw,Qb,Nb,,,,,,,Bb,Rw,,,,,,,Nw,Pb,,,Pb,Pb,,,Pw,Qb,,,Pb,Pb,,,Kw,Nw,,,,,,,Bw,Rb,,,,,,,Nb,Pw,Nb,Qw,Kb,Rb,Nw,Qb,Bb	lightRed	0
d0aae6b98c7612c04807ae95c41f8d4f	257	Rw,Pb,Nw,Bb,Kw,Pw,Nb,Rw,Pw,,,,,,,Rw,Qw,,,,,,,Rw,Bw,,,,,,,Rw,Rb,,,,,,,Rw,Pb,,,,,,,Rw,Qb,,,,,,,Rw,Kw,Rw,Kw,Qb,Nw,Rb,Kb,Rw	darkGray	0
d0ae6f412752c0e8ef8a2dce99bb73bd	1130	Rw,Pb,Qb,Bb,Rw,Pw,Qw,Qb,Rw,,,,,,,Rw,Rw,,,,,,,Nb,Rw,,,Bb,Bb,,,Qb,Rw,,,Bb,Bb,,,Kw,Rw,,,,,,,Pb,Rw,,,,,,,Nw,Rw,Qw,Nb,Rw,Pb,Qb,Nw,Nw	lightRed	0
d0b9bd3f4afe570c083f9d705cd25aff	3028	Rb,Nw,Bb,Kw,Pw,Rb,Bw,Bw,Nw,,,,,,,Rb,Bb,,,,,,,Nw,Kb,,,,,,,Qw,Pb,,,,,,,Kb,Nb,,,,,,,Pw,Bw,,,,,,,Nb,Pw,Pw,Qw,Bw,Rb,Pb,Kb,Bb	darkGray	0
d0beb9c37e457478bf3e217dc8b9cfc4	1950	Bw,Qw,Pw,Rw,Bb,Qb,Bw,Pw,Pb,,,,,,,Nw,Kb,,,,,,,Bb,Bb,,,,,,,Kb,Nw,,,,,,,Pb,Pw,,,,,,,Nb,Kw,,,,,,,Bw,Bw,Bb,Kw,Pw,Nb,Bw,Qb,Kb	lightRed	0
d0c5da1c44bb2496d1fdec388663be4c	3001	Qw,Nb,Rw,Kw,Qb,Nw,Rb,Rb,Pb,,,,,,,Nw,Kb,,,,,,,Bb,Bw,,,Rw,Rw,,,Kw,Nb,,,Rw,Rw,,,Pw,Pw,,,,,,,Nb,Kw,,,,,,,Bw,Bw,Qw,Bb,Rw,Pb,Qb,Nw,Rb	lightRed	0
d0d0fc6a67b7c41cc93ed6fa197f7f5e	443	Bw,Bw,Bw,Bw,Bw,Bw,Bw,Bb,Bw,,,,,,,Bw,Bw,,,,,,,Bb,Bw,,,,,,,Bb,Bw,,,,,,,Bb,Bw,,,,,,,Bb,Bw,,,,,,,Bw,Bw,Bw,Bw,Bw,Bw,Bw,Bw,Bw	lightGray	0
d0d80a23bb2766fdfd33d3de76e4791e	1224	Bw,Kb,Pb,Nb,Bw,Kw,Pw,Bw,Pw,,,,,,,Nw,Kw,,,,,,,Qb,Bw,,,Pb,Pb,,,Kb,Nb,,,Pb,Pb,,,Rb,Pb,,,,,,,Nb,Kb,,,,,,,Qw,Rw,Kw,Qb,Nb,Pw,Kb,Qw,Qb	darkRed	0
d0da12eb6fd80a9a7169989d981f0693	54	Rb,Bw,Nb,Pb,Kb,Bb,Nw,Pb,Pw,,,,,,,Qb,Qw,,,,,,,Bw,Bb,,,Bb,Bb,,,Rw,Rw,,,Bb,Bb,,,Pb,Pb,,,,,,,Kw,Qb,,,,,,,Bb,Nb,Kb,Bw,Nb,Pw,Kw,Bb,Rw	lightGray	0
d0df66ef2140402ba8e354d0516e7016	896	Nw,Nw,Rb,Kb,Qw,Nb,Rw,Rw,Nb,,,,,,,Rw,Rw,,,,,,,Rw,Pb,,,Nb,Nb,,,Rw,Qb,,,Nb,Nb,,,Rw,Bw,,,,,,,Rw,Rb,,,,,,,Rw,Nw,Rw,Pb,Qb,Bw,Rb,Pw,Rw	lightRed	1
d0e87860c5c3b5ecda0bf0ac5da93647	3051	Pw,Qb,Bw,Rw,Pb,Qw,Bb,Kw,Qw,,,,,,,Nb,Nb,,,,,,,Qw,Rb,,,Pb,Pb,,,Kw,Kb,,,Pb,Pb,,,Rw,Qb,,,,,,,Nw,Nw,,,,,,,Qb,Bw,Rw,Nb,Qb,Kw,Pb,Nw,Rw	darkGray	0
d0eb1151e7c271b6125c85214868ced4	1003	Nw,Pw,Kw,Bw,Nb,Pb,Kb,Rb,Pw,,,,,,,Qw,Qw,,,,,,,Pw,Bw,,,Bb,Bb,,,Rw,Rb,,,Bb,Bb,,,Bb,Pb,,,,,,,Qb,Qb,,,,,,,Pb,Nb,Qb,Nw,Rw,Kw,Qw,Nb,Pw	lightRed	0
d0ef78a667b39cb8791fa60c94d327aa	4044	Rb,Qw,Kb,Rb,Nw,Qb,Kw,Bb,Kb,,,,,,,Pw,Bw,,,,,,,Qw,Nb,,,,,,,Bw,Pw,,,,,,,Rb,Kw,,,,,,,Kw,Bb,,,,,,,Qb,Bb,Qb,Bw,Rw,Pb,Qw,Bb,Kb	darkGray	0
d0efc57171e73f4689d90cc26681f55c	3493	Rw,Bb,Rw,Pb,Qb,Bw,Rb,Pw,Rw,,,,,,,Rw,Rw,,,,,,,Nb,Rw,,,Pw,Pw,,,Qw,Rw,,,Pw,Pw,,,Kb,Rw,,,,,,,Rb,Rw,,,,,,,Nw,Rw,Bb,Kw,Pw,Rb,Bw,Qb,Rw	lightGray	0
d0f3e2ae93ca6c47fbbfce4a9fec5b50	3643	Pb,Qb,Nw,Rw,Kw,Qw,Nb,Nb,Nb,,,,,,,Nw,Bw,,,,,,,Qb,Kb,,,Pb,Pb,,,Kw,Pb,,,Pb,Pb,,,Rw,Nw,,,,,,,Nb,Qb,,,,,,,Kw,Kw,Rw,Nb,Qb,Kw,Rb,Nw,Pw	lightRed	0
d1059a53b56ad069e1b1b5eed673a257	3406	Kw,Qw,Kb,Rw,Nb,Qb,Kw,Bw,Kw,,,,,,,Rw,Pw,,,,,,,Bb,Nw,,,Pb,Pb,,,Qw,Bb,,,Pb,Pb,,,Pw,Kb,,,,,,,Rb,Pb,,,,,,,Bw,Pw,Pb,Kb,Bw,Nb,Pw,Qw,Rw	lightGray	1
d1152fa06498b78b98ace496597d168e	1021	Rw,Qb,Bw,Rw,Pb,Qw,Bb,Bw,Bw,,,,,,,Nw,Kb,,,,,,,Bb,Pw,,,Pb,Pb,,,Kb,Nb,,,Pb,Pb,,,Pb,Bb,,,,,,,Nb,Kw,,,,,,,Bw,Qw,Nb,Pw,Kw,Bb,Nw,Pb,Nw	darkGray	0
d11f97e4fbfb78a30713ab17b3786737	2554	Pb,Rw,Bb,Qb,Pb,Rb,Bw,Bb,Bb,,,,,,,Kw,Kw,,,,,,,Bb,Rb,,,,,,,Nw,Nw,,,,,,,Pb,Bw,,,,,,,Kb,Kb,,,,,,,Bw,Bb,Rw,Pb,Qw,Bb,Rb,Pw,Qb	darkRed	0
d12348dae63fed0381e3ff30ed492464	1746	Bb,Kb,Bw,Nw,Pb,Kw,Qb,Qw,Pw,,,,,,,Pw,Rb,,,,,,,Qw,Bw,,,Nb,Nb,,,Nw,Qb,,,Nb,Nb,,,Rb,Pb,,,,,,,Pb,Rw,,,,,,,Qb,Nb,Bb,Nw,Pw,Kw,Bw,Nb,Kw	lightGray	0
d1275163c5eede441d422a0e39fb3fe6	3355	Rw,Bb,Rw,Pb,Qb,Bw,Rb,Qb,Nw,,,,,,,Kb,Pb,,,,,,,Pb,Kb,,,,,,,Nb,Bw,,,,,,,Bw,Nb,,,,,,,Kw,Pw,,,,,,,Pw,Nb,Kb,Qw,Nw,Rb,Kw,Qb,Pb	lightRed	0
d14987981146788f61f44bb6ea21a421	3311	Rw,Kw,Qb,Nw,Rb,Kb,Qw,Pw,Bw,,,,,,,Bb,Kb,,,,,,,Nw,Pb,,,,,,,Pb,Nw,,,,,,,Kb,Bb,,,,,,,Bw,Kw,,,,,,,Nb,Kw,Rw,Bb,Qw,Pw,Rb,Bw,Qb	darkRed	0
d1579e4d6a4c6a309b84dc7bc3979dbf	3578	Nw,Nw,Bb,Kw,Pw,Rb,Bw,Qw,Qb,,,,,,,Bw,Kw,,,,,,,Kb,Rw,,,,,,,Pw,Nb,,,,,,,Nb,Qw,,,,,,,Bb,Kb,,,,,,,Kw,Nb,Qb,Bw,Rw,Pb,Qw,Bb,Qw	darkRed	0
d16f18cc0f643d289ce98f457512a1d4	1343	Bb,Bw,Kb,Pw,Nb,Bb,Kw,Kb,Qb,,,,,,,Rb,Bw,,,,,,,Pw,Rb,,,Nw,Nw,,,Qw,Pw,,,Nw,Nw,,,Bb,Qw,,,,,,,Rw,Nb,,,,,,,Pb,Pb,Rb,Bw,Qb,Pb,Rw,Bb,Nb	darkRed	0
d174499d072874e3a4d7a67648adbe02	3278	Bb,Pb,Qb,Bw,Rb,Pw,Qw,Pb,Pb,,,,,,,Bw,Qb,,,,,,,Nb,Bw,,,,,,,Pw,Rb,,,,,,,Kw,Pw,,,,,,,Bb,Qw,,,,,,,Nw,Rw,Bb,Kw,Rb,Nw,Qw,Kb,Pb	lightRed	0
d185a8346563fd3c0676c3da568ac2ed	303	Kw,Qw,Kb,Rw,Nb,Bb,Kw,Qw,Kw,,,,,,,Kw,Rw,,,,,,,Bb,Nb,,,,,,,Nb,Qw,,,,,,,Pw,Kb,,,,,,,Kb,Rb,,,,,,,Bw,Qw,Qb,Bw,Rb,Pw,Kw,Bb,Bw	lightGray	0
d1883161520165183b6c957382fef481	136	Rw,Pw,Rb,Bb,Qw,Pb,Rw,Kb,Kw,,,,,,,Pw,Rw,,,,,,,Qw,Nw,,,,,,,Bb,Qb,,,,,,,Rw,Kb,,,,,,,Kw,Rb,,,,,,,Qb,Qb,Bw,Rb,Pw,Qw,Bb,Rw,Rw	darkGray	0
d188d3ae6b6c5464d81466518b3c2447	1595	Rb,Kb,Bw,Nw,Pb,Kw,Bb,Kw,Kw,,,,,,,Bw,Qb,,,,,,,Qb,Nb,,,Pw,Pw,,,Pb,Rw,,,Pw,Pw,,,Rw,Kb,,,,,,,Bb,Qw,,,,,,,Qw,Kw,Qw,Nb,Rb,Kb,Qb,Nw,Rb	lightRed	0
d18c26368482bfb97ce28587eef6f40f	325	Qb,Nw,Rb,Kb,Qw,Nb,Rw,Pw,Rb,,,,,,,Qw,Nw,,,,,,,Nb,Qb,,,,,,,Rb,Kw,,,,,,,Kb,Rw,,,,,,,Qb,Nb,,,,,,,Nw,Kb,Rb,Kb,Qw,Nb,Rw,Kw,Pw	darkGray	0
d19d6407a44762c01ac4e34444400fb3	3680	Kw,Qb,Nw,Rb,Kb,Qw,Nb,Bb,Qb,,,,,,,Kb,Nw,,,,,,,Qw,Rb,,,,,,,Nb,Kb,,,,,,,Rw,Qw,,,,,,,Kw,Nb,,,,,,,Qb,Kb,Rw,Nb,Bw,Kb,Pb,Nw,Bb	lightGray	0
d19d8b89eac6deafe487fcada9ce12a0	2604	Rw,Pb,Qb,Bw,Rb,Pw,Qw,Nb,Rw,,,,,,,Qw,Rw,,,,,,,Bb,Rw,,,,,,,Rb,Rw,,,,,,,Pw,Rw,,,,,,,Qb,Rw,,,,,,,Bw,Rw,Bw,Qb,Pb,Rw,Bb,Qw,Qb	lightGray	0
d1b4f28b9c8b347ffac8d26f4eb06db1	2825	Nb,Rb,Pw,Qw,Bb,Rw,Pb,Nb,Pb,,,,,,,Nb,Kb,,,,,,,Pw,Bw,,,Bw,Bw,,,Kb,Nb,,,Bw,Bw,,,Bw,Pw,,,,,,,Nw,Kw,,,,,,,Pb,Pb,Pb,Qb,Bb,Rw,Pw,Qw,Rw	darkRed	0
d1be2bbdc5dff6e9460ddeb2d5b5b9a9	424	Pb,Pw,Kw,Bb,Nw,Pb,Kb,Bb,Rw,,,,,,,Nw,Nb,,,,,,,Bb,Qw,,,,,,,Kb,Kb,,,,,,,Pb,Rb,,,,,,,Nb,Nw,,,,,,,Bw,Rw,Bb,Kw,Rb,Nw,Bw,Kb,Rb	lightRed	0
d1c57e21835d069b04e6384abacff8ab	497	Nw,Bb,Kw,Pb,Nw,Bw,Kb,Kb,Bw,,,,,,,Bb,Nb,,,,,,,Nw,Pb,,,,,,,Pw,Kb,,,,,,,Kw,Bb,,,,,,,Bw,Nw,,,,,,,Nb,Qb,Bb,Rw,Pb,Qb,Bw,Rb,Bb	lightGray	0
d1cbf8f3a35580ebdd293e6296490ea2	330	Bb,Bw,Kb,Pw,Nb,Bb,Kw,Bb,Qw,,,,,,,Pb,Nb,,,,,,,Kb,Rb,,,Nw,Nw,,,Bb,Kb,,,Nw,Nw,,,Nw,Bb,,,,,,,Pw,Nw,,,,,,,Kw,Qw,Rw,Bb,Qb,Pb,Rb,Bw,Qb	lightRed	0
d1ea5d8cfba261905bad01a20d557020	2039	Kb,Rw,Pb,Qw,Bb,Rb,Pw,Nw,Kw,,,,,,,Qw,Rw,,,,,,,Nb,Nb,,,,,,,Rw,Qw,,,,,,,Kw,Kb,,,,,,,Qb,Rb,,,,,,,Bw,Rb,Rw,Bb,Qb,Pb,Rb,Bw,Kb	lightGray	0
d20a1eb9681b81da42a539aee12951a0	2119	Pw,Pb,Qb,Bb,Rw,Pw,Qw,Bb,Pw,,,,,,,Nb,Rb,,,,,,,Qw,Bw,,,,,,,Kw,Qb,,,,,,,Rw,Pb,,,,,,,Nw,Rw,,,,,,,Qb,Kb,Pb,Kb,Bw,Nb,Pw,Kw,Qb	darkGray	0
d21f286e0643acb3028758e4f7b23b8a	2477	Rb,Kw,Bb,Rb,Pw,Kb,Bw,Nb,Kb,,,,,,,Pw,Pb,,,,,,,Nb,Nw,,,Pb,Pb,,,Bw,Bb,,,Pb,Pb,,,Kb,Kw,,,,,,,Pb,Pw,,,,,,,Nw,Bb,Nw,Rb,Kb,Qw,Nb,Rw,Rb	lightRed	0
d21f40af7f6ae8894b8065cd3f2caba7	57	Pb,Kb,Rb,Nb,Qw,Kw,Rw,Pb,Qb,,,,,,,Rb,Nw,,,,,,,Pw,Rw,,,,,,,Qw,Kw,,,,,,,Bb,Qw,,,,,,,Rw,Nb,,,,,,,Pb,Qw,Qb,Bw,Rw,Kw,Qw,Nb,Nb	darkRed	0
d22692ba480c2cc416d8b7542b4f2f18	549	Bb,Kb,Rb,Nw,Qb,Kw,Rw,Rw,Kw,,,,,,,Pw,Rw,,,,,,,Nb,Nb,,,Nb,Nb,,,Bb,Qw,,,Nb,Nb,,,Kw,Kb,,,,,,,Pb,Rb,,,,,,,Nw,Rb,Qb,Nw,Rw,Kw,Qw,Nb,Kb	darkGray	0
d227fb36e45b7e3f490b9c58acb401a7	790	Rb,Nb,Rw,Kw,Qb,Nw,Rb,Qb,Pw,,,,,,,Rb,Qw,,,,,,,Bw,Bb,,,,,,,Qw,Rw,,,,,,,Pw,Pb,,,,,,,Rw,Qb,,,,,,,Bb,Rw,Pb,Kb,Bw,Nb,Pw,Kw,Bb	darkGray	1
d228e8e18e2cf8804d7ed329cdc0d279	1629	Nw,Pb,Nw,Bw,Kb,Pw,Nb,Pb,Rw,,,,,,,Bw,Kw,,,,,,,Qb,Qb,,,,,,,Kw,Nw,,,,,,,Rw,Rb,,,,,,,Bb,Kb,,,,,,,Qw,Qb,Pb,Qb,Bb,Rw,Pw,Qw,Nb	darkRed	0
d23aea47f1b5d7ae25164e7e3586a1ca	3956	Kw,Bb,Rw,Pb,Qb,Bw,Rb,Qw,Rb,,,,,,,Nw,Bw,,,,,,,Pb,Qw,,,Rb,Rb,,,Kb,Pw,,,Rb,Rb,,,Bw,Rw,,,,,,,Nb,Bb,,,,,,,Pw,Bb,Nw,Pb,Kb,Bw,Rb,Pw,Qw	lightGray	0
d24ee4a08b42594d04560cc34932f816	2680	Nw,Qw,Nb,Rb,Kb,Qb,Nw,Pb,Bb,,,,,,,Qb,Kw,,,,,,,Nw,Pb,,,Rb,Rb,,,Rw,Nw,,,Rb,Rb,,,Kw,Bw,,,,,,,Qw,Kb,,,,,,,Nb,Kb,Qw,Pw,Rw,Bb,Qb,Pb,Rb	darkRed	0
d25368768b46a461cc8b2374f33d5f21	1898	Pb,Nb,Qw,Kw,Rw,Nw,Qb,Bb,Pb,,,,,,,Nb,Kb,,,,,,,Pw,Bw,,,,,,,Kw,Nb,,,,,,,Bb,Pw,,,,,,,Nw,Kw,,,,,,,Pb,Kw,Pb,Kb,Bb,Nw,Pw,Kw,Pw	darkRed	0
d263db7a0d7e9c7ea963155fa9d3c466	1059	Nw,Pw,Rb,Bw,Qb,Pb,Rw,Nb,Nb,,,,,,,Nw,Rw,,,,,,,Bb,Kb,,,Pw,Pw,,,Kb,Qw,,,Pw,Pw,,,Rb,Nw,,,,,,,Nb,Rb,,,,,,,Bw,Bb,Rw,Nb,Qw,Kb,Pb,Nw,Nw	darkGray	0
d267d4465c319733bb65743b09dd0254	2264	Kb,Pb,Kb,Bw,Nb,Pw,Kw,Pw,Bw,,,,,,,Pb,Qb,,,,,,,Rw,Pw,,,,,,,Bw,Rb,,,,,,,Kb,Bb,,,,,,,Pw,Qw,,,,,,,Rb,Bb,Kw,Pw,Nb,Bw,Kb,Pb,Pw	darkGray	0
d28725c114ed90095d6bf20b4a45482e	3373	Qb,Pw,Rb,Bw,Qb,Pb,Rw,Pw,Qw,,,,,,,Bb,Bb,,,,,,,Qw,Rb,,,,,,,Pw,Pw,,,,,,,Rb,Qb,,,,,,,Bw,Bw,,,,,,,Qb,Bw,Kb,Pb,Nb,Bw,Kw,Pw,Qb	darkRed	0
d28d03d7c6cc5c5891c46c3a72adb6cb	3204	Pb,Nw,Rb,Kw,Qb,Nb,Rw,Pb,Nw,,,,,,,Kb,Rb,,,,,,,Rb,Kw,,,,,,,Nb,Qb,,,,,,,Qw,Nb,,,,,,,Kw,Rw,,,,,,,Rw,Qb,Nw,Qb,Kw,Rw,Nb,Qw,Nb	lightGray	0
d2aa062745c1351ed8a039d3c01d542c	549	Bb,Kb,Rb,Nw,Qb,Kw,Rw,Rw,Kw,,,,,,,Pw,Rw,,,,,,,Nb,Nb,,,Nb,Nb,,,Bb,Qw,,,Nb,Nb,,,Kw,Kb,,,,,,,Pb,Rb,,,,,,,Nw,Rb,Qb,Nw,Rw,Kw,Qw,Nb,Kb	darkGray	0
d2bc95da3931651f3e8035469e33265c	940	Bb,Kw,Bb,Nb,Pw,Kb,Bw,Pw,Pw,,,,,,,Rw,Nb,,,,,,,Bb,Bb,,,,,,,Qb,Kw,,,,,,,Pb,Rb,,,,,,,Rb,Nw,,,,,,,Bw,Pw,Nb,Pw,Kw,Bb,Rw,Pb,Pw	lightRed	0
d2c8323f4c5983fa86bd1da05f6abb24	5	Qb,Pb,Qb,Bw,Rb,Pw,Qw,Rw,Bb,,,,,,,Pb,Nw,,,,,,,Kb,Pb,,,,,,,Bb,Kb,,,,,,,Rw,Bw,,,,,,,Pw,Nb,,,,,,,Kw,Bb,Pb,Rw,Nb,Qw,Kb,Rb,Qb	lightRed	0
d2d15063eb16c7632fbdedd7e900b1c7	770	Bw,Kw,Qb,Bw,Rb,Kb,Qw,Kb,Qb,,,,,,,Kw,Pb,,,,,,,Qb,Rw,,,,,,,Nw,Nb,,,,,,,Rb,Qw,,,,,,,Kb,Kb,,,,,,,Qw,Kb,Kb,Bw,Nw,Pb,Kw,Bb,Nb	lightGray	0
d2d3eae8420d4a7f60186db2671c11b5	3709	Rb,Kb,Bw,Nb,Pw,Qw,Bb,Qb,Nw,,,,,,,Nb,Bb,,,,,,,Rw,Qw,,,Rb,Rb,,,Kb,Pw,,,Rb,Rb,,,Qw,Nb,,,,,,,Nw,Bw,,,,,,,Rb,Nb,Rw,Kw,Qb,Nw,Rb,Kb,Nb	lightRed	0
d2d63f19cc407437b466d19987fd74c9	165	Kb,Pb,Nw,Bb,Kw,Pw,Nb,Pb,Nb,,,,,,,Bw,Bw,,,,,,,Nb,Qw,,,Pb,Pb,,,Pw,Pw,,,Pb,Pb,,,Kw,Rw,,,,,,,Bb,Bb,,,,,,,Nw,Nw,Kb,Rb,Nw,Qb,Kw,Rw,Bw	lightRed	0
d2e071d305259e3cd3f7d9d314861d6b	286	Qw,Bb,Rw,Pb,Qb,Nw,Rb,Nb,Kw,,,,,,,Rb,Bb,,,,,,,Kb,Nw,,,,,,,Bb,Pb,,,,,,,Nw,Kb,,,,,,,Pw,Bw,,,,,,,Kw,Qw,Pb,Qb,Bb,Rw,Pw,Qw,Kb	darkRed	0
d2e40f3e0e716a0ea1ce44654e6fac15	2996	Rw,Rb,Bw,Qb,Pb,Rw,Nb,Rb,Rw,,,,,,,Rw,Rw,,,,,,,Nb,Rw,,,,,,,Qb,Rw,,,,,,,Kw,Rw,,,,,,,Rb,Rw,,,,,,,Nw,Rw,Nb,Rw,Kb,Qw,Nw,Rb,Nb	darkGray	0
d2eabae9bf5c4bc270ade1ebd417fea7	337	Bb,Bb,Kw,Pw,Nb,Qw,Kb,Qw,Bw,,,,,,,Pb,Qb,,,,,,,Nw,Pw,,,Nw,Nw,,,Bw,Rb,,,Nw,Nw,,,Kb,Bb,,,,,,,Pw,Qw,,,,,,,Nb,Nw,Bb,Rw,Pw,Qw,Bw,Rb,Qw	lightGray	0
d300a917d46e9a6be9727bb255ad211b	1286	Rb,Nw,Pb,Kw,Bb,Nb,Pw,Rw,Bw,,,,,,,Qb,Kb,,,,,,,Bw,Pb,,,Rw,Rw,,,Rw,Nw,,,Rw,Rw,,,Pb,Bb,,,,,,,Qw,Kw,,,,,,,Bb,Kb,Nb,Rw,Kw,Qb,Nw,Rb,Bb	lightRed	0
d307dfbd532a53fd82df60ae5435b1c9	3634	Pb,Nw,Bb,Kb,Rb,Nb,Bw,Nw,Rw,,,,,,,Bb,Pb,,,,,,,Qw,Qb,,,,,,,Pb,Bw,,,,,,,Rw,Rb,,,,,,,Bw,Pw,,,,,,,Qb,Kw,Rw,Nb,Qb,Kw,Rb,Nw,Kb	darkGray	0
d312789de189fc82612ff3c28c8b77b9	2612	Qb,Kb,Pb,Nw,Bb,Kw,Pw,Nw,Rw,,,,,,,Kb,Bb,,,,,,,Qw,Qb,,,,,,,Nb,Pb,,,,,,,Rw,Rb,,,,,,,Kw,Bw,,,,,,,Qb,Qb,Qw,Bb,Rb,Pw,Qb,Bw,Qb	darkGray	1
d31483ac60fe2648e0b11b13637df365	3556	Nb,Rw,Nb,Qw,Kb,Rb,Nw,Pw,Pb,,,,,,,Bw,Kb,,,,,,,Kb,Bb,,,,,,,Pw,Nw,,,,,,,Nb,Pw,,,,,,,Bb,Kw,,,,,,,Kw,Nw,Nb,Qw,Kw,Rw,Nw,Qb,Rb	darkGray	0
d31cd256f18ee6e0f2972876fa9d373f	2136	Nb,Kb,Qw,Nb,Rw,Kw,Qb,Pb,Qw,,,,,,,Qb,Bb,,,,,,,Bw,Rw,,,Pw,Pw,,,Rw,Pb,,,Pw,Pw,,,Pb,Qb,,,,,,,Qw,Bw,,,,,,,Bb,Bw,Nb,Rw,Kb,Bw,Nw,Rb,Kw	darkRed	0
d338f7571b0c2445b7a8c2a390bab08e	1921	Rb,Kb,Bw,Nb,Pw,Kw,Bb,Bw,Qb,,,,,,,Nb,Pb,,,,,,,Pw,Rw,,,Pb,Pb,,,Kw,Bb,,,Pb,Pb,,,Bb,Kw,,,,,,,Nw,Pw,,,,,,,Pb,Nw,Pw,Kw,Bb,Nw,Pb,Kb,Nw	darkRed	0
d345fbf37b2d154cfb760a6b24c53da7	2951	Nb,Bb,Nw,Pb,Kb,Bw,Nb,Nb,Nb,,,,,,,Pb,Qw,,,,,,,Kb,Kb,,,Pb,Pb,,,Bb,Rb,,,Pb,Pb,,,Nw,Bw,,,,,,,Pw,Qb,,,,,,,Kw,Bb,Nb,Bw,Kb,Pb,Nw,Bb,Kb	darkRed	0
d35368327a6c2ed4709615bd4b8d3f8b	581	Rw,Nb,Bw,Kb,Pb,Nw,Bb,Nb,Rw,,,,,,,Rb,Rw,,,,,,,Pw,Rw,,,,,,,Qw,Rw,,,,,,,Bb,Rw,,,,,,,Rw,Rw,,,,,,,Pb,Rw,Rw,Bb,Qb,Pb,Rb,Bw,Pw	darkRed	0
d35afacc7a236d64c8dd959526d1acae	1193	Kw,Bb,Qw,Kb,Rb,Nw,Qb,Rb,Kw,,,,,,,Rb,Bb,,,,,,,Pw,Nw,,,,,,,Qb,Pb,,,,,,,Bw,Kb,,,,,,,Rw,Bw,,,,,,,Pb,Rb,Kw,Rw,Nw,Qb,Kb,Rb,Nb	darkRed	0
d36e6e384cd95746d8179b7cf8ae7d42	405	Pb,Kb,Pb,Nw,Bb,Kw,Pw,Pw,Pb,,,,,,,Bw,Qb,,,,,,,Rb,Bw,,,,,,,Kw,Rb,,,,,,,Qb,Kb,,,,,,,Bb,Qw,,,,,,,Rw,Qw,Bb,Qw,Pb,Rw,Bw,Qb,Pw	lightRed	0
d3735c5088de415f67c73d73be043a19	2683	Pw,Kw,Qb,Nb,Rw,Pw,Qw,Nw,Rb,,,,,,,Qb,Nw,,,,,,,Kw,Qw,,,,,,,Pw,Kb,,,,,,,Nb,Pw,,,,,,,Bw,Nb,,,,,,,Kb,Bw,Rb,Kb,Qb,Nw,Rw,Pb,Bw	lightRed	0
d377e617cc08645348961a97028f9a2e	3389	Bw,Pw,Qw,Bb,Rw,Pb,Qb,Kw,Rw,,,,,,,Bb,Nb,,,,,,,Rw,Qw,,,Qw,Qw,,,Pw,Kb,,,Qw,Qw,,,Qw,Rb,,,,,,,Bw,Nw,,,,,,,Rb,Pw,Rb,Kb,Qw,Nb,Rw,Kw,Qw	lightRed	0
d37c647ce01ad11f58a9396ff75ef68c	1037	Pb,Qb,Pb,Rw,Bb,Qw,Kb,Qw,Qb,,,,,,,Nw,Kw,,,,,,,Qb,Rb,,,Bb,Bb,,,Pw,Nw,,,Bb,Bb,,,Rb,Qw,,,,,,,Nb,Kb,,,,,,,Qw,Rw,Qb,Kw,Rw,Nb,Qw,Kb,Nw	darkGray	0
d39f7802dfc11c6a59fd9203d92d3d48	2180	Qb,Nb,Pw,Kw,Bb,Nw,Pb,Bb,Pb,,,,,,,Nb,Nw,,,,,,,Bw,Qw,,,Nb,Nb,,,Kb,Kb,,,Nb,Nb,,,Pb,Rw,,,,,,,Rw,Nb,,,,,,,Bb,Bw,Rw,Nb,Bw,Kb,Pb,Nw,Kw	darkGray	0
d3aca64e8b99f3c642f7f76cfe42b9af	1081	Kw,Kw,Rw,Nb,Qw,Kb,Rb,Rw,Kb,,,,,,,Qw,Pb,,,,,,,Bb,Nb,,,,,,,Rb,Bw,,,,,,,Pw,Kw,,,,,,,Qb,Pw,,,,,,,Bw,Rw,Kw,Pw,Nw,Bb,Kb,Pb,Pw	darkGray	0
d3aff013d1d9fc921a90ac5d0c827ac6	805	Rw,Bb,Qw,Pw,Rb,Bw,Qb,Pb,Pw,,,,,,,Bb,Nb,,,,,,,Rw,Bw,,,,,,,Pb,Kb,,,,,,,Qb,Pb,,,,,,,Bw,Nw,,,,,,,Rb,Pb,Bw,Qb,Pb,Rw,Bb,Qw,Kw	lightRed	0
d3ca569430e4b568e90a9efae12bef8d	804	Pb,Bw,Nb,Pb,Kb,Bb,Nw,Kw,Nw,,,,,,,Rw,Rb,,,,,,,Pb,Kb,,,,,,,Qw,Qw,,,,,,,Bb,Nb,,,,,,,Rb,Rw,,,,,,,Pw,Qw,Pw,Kw,Bw,Nb,Pb,Kb,Qb	lightGray	0
d3ea6bb7ba13445b6d666bec2698c0a3	68	Rw,Rw,Rw,Rw,Rw,Rw,Rw,Rw,Kb,,,,,,,Qb,Rb,,,,,,,Kw,Nb,,,Nw,Nw,,,Rb,Qw,,,Nw,Nw,,,Nw,Kw,,,,,,,Bw,Rw,,,,,,,Kb,Kb,Pb,Kb,Bb,Rw,Pw,Kw,Bb	darkGray	0
d3eab15e154c7a84ae4ea8edeadf05dd	2191	Rb,Pw,Nb,Bb,Kw,Pb,Nw,Bb,Pb,,,,,,,Kb,Qb,,,,,,,Bw,Bb,,,,,,,Nb,Rw,,,,,,,Pw,Pw,,,,,,,Kw,Qw,,,,,,,Bb,Qb,Qw,Pw,Nw,Bb,Qb,Pb,Qw	lightRed	0
d3eafc2dad63c8a93785f5a54c0343eb	1767	Rw,Pw,Nb,Bb,Kw,Pb,Nw,Pw,Rw,,,,,,,Rb,Rw,,,,,,,Nw,Rw,,,Nb,Nb,,,Qw,Rw,,,Nb,Nb,,,Kb,Rw,,,,,,,Rw,Rw,,,,,,,Nb,Rw,Qw,Kb,Rb,Nw,Qb,Kw,Bw	lightGray	0
d3ece28df1d9737bb5bfcabf40605082	1270	Pb,Nb,Qw,Kb,Rb,Nw,Qb,Rw,Bb,,,,,,,Rw,Qw,,,,,,,Rw,Pw,,,,,,,Rw,Rb,,,,,,,Rw,Bw,,,,,,,Rw,Qb,,,,,,,Rw,Qw,Qw,Pw,Rb,Bw,Qb,Pb,Rw	darkGray	0
d3f23a15b56187dc1e604e651584e162	1725	Qw,Nb,Qw,Kw,Rw,Nw,Bb,Kb,Rw,,,,,,,Rw,Bb,,,,,,,Nb,Qw,,,Nb,Nb,,,Qb,Pw,,,Nb,Nb,,,Kw,Rb,,,,,,,Rb,Bw,,,,,,,Nw,Nw,Bb,Kw,Pb,Nw,Bw,Kb,Kb	darkGray	1
d41d8cd98f00b204e9800998ecf8427e	3880	Kb,Rb,Pw,Qb,Nw,Rw,Kw,Pw,Bb,,,,,,,Pb,Qw,,,,,,,Kb,Pw,,,Bw,Bw,,,Bb,Rb,,,Bw,Bw,,,Rw,Bw,,,,,,,Pw,Qb,,,,,,,Kw,Kb,Pw,Rb,Bw,Qb,Pb,Rw,Rb	darkRed	0
d4278e53a18d445ae3970aab50e6f43e	735	Rw,Qb,Kw,Pw,Nb,Qw,Kb,Bb,Qw,,,,,,,Pw,Bb,,,,,,,Rb,Rw,,,Bb,Bb,,,Bw,Pb,,,Bb,Bb,,,Qb,Qb,,,,,,,Pb,Bw,,,,,,,Rw,Qb,Pb,Rw,Bb,Qw,Pw,Rb,Nb	darkRed	0
d4346c32ed9744ddc4e98b2c641eb6db	3792	Nw,Kb,Rb,Nb,Qw,Kw,Rw,Kb,Nw,,,,,,,Rw,Rb,,,,,,,Nb,Kw,,,,,,,Qb,Qb,,,,,,,Kw,Nb,,,,,,,Rb,Pw,,,,,,,Nw,Bw,Rw,Nb,Qw,Kb,Rb,Nw,Bw	darkGray	0
d43a4725d6f6d471156f6b54bee72897	1580	Bw,Pw,Nb,Bw,Kb,Rb,Nw,Nb,Rb,,,,,,,Qb,Pw,,,,,,,Pb,Qw,,,Pb,Pb,,,Rb,Bb,,,Pb,Pb,,,Bw,Rw,,,,,,,Qw,Pb,,,,,,,Kb,Nw,Kw,Bb,Nw,Pb,Kb,Bw,Pb	darkGray	0
d43e45b5fbaf985adebc5926469ad7d3	1986	Rb,Bw,Qb,Pb,Rw,Bb,Qw,Kw,Bb,,,,,,,Pb,Nw,,,,,,,Rw,Rw,,,,,,,Bw,Kb,,,,,,,Qb,Qw,,,,,,,Kb,Nb,,,,,,,Rb,Nw,Rb,Kb,Qw,Nb,Rw,Kw,Qw	darkRed	0
d442987fadf88f95fd39a3db64de29fa	3273	Pb,Kw,Rw,Nb,Qw,Kb,Rb,Kw,Rw,,,,,,,Rb,Kw,,,,,,,Bw,Qw,,,,,,,Qw,Nb,,,,,,,Pw,Rb,,,,,,,Rw,Kb,,,,,,,Bb,Rw,Bb,Qw,Pw,Rb,Bw,Qb,Bb	lightRed	0
d4543b091b4f7aeaa6cc955425198bab	916	Kw,Rb,Nw,Qb,Kw,Rw,Nb,Bw,Rb,,,,,,,Pb,Nw,,,,,,,Kb,Qb,,,Qb,Qb,,,Bw,Kw,,,Qb,Qb,,,Nb,Rw,,,,,,,Pw,Nb,,,,,,,Kw,Kb,Rb,Kb,Qw,Nb,Rw,Pb,Qb	lightGray	0
d45883e774530479a7738155318e159d	774	Bb,Pw,Nb,Bb,Kw,Pb,Rw,Rb,Kw,,,,,,,Bb,Qb,,,,,,,Qw,Nb,,,,,,,Pw,Rw,,,,,,,Rb,Kb,,,,,,,Bw,Kw,,,,,,,Qb,Qb,Bw,Rb,Pb,Qb,Bb,Rw,Nb	lightGray	0
d46618b9c17cd79389f5364f2cf68d1a	2702	Qb,Qw,Pw,Rb,Bw,Qb,Pb,Kb,Kb,,,,,,,Rb,Qw,,,,,,,Pw,Nw,,,Kb,Kb,,,Qb,Pb,,,Kb,Kb,,,Bw,Kw,,,,,,,Rw,Qb,,,,,,,Pb,Rw,Rw,Rw,Rw,Rw,Rw,Rw,Rw	darkRed	0
d471edda23f2c8097b2763abc9366a3b	36	Bw,Kb,Qw,Nb,Rw,Kw,Qb,Rb,Pw,,,,,,,Nw,Nb,,,,,,,Qb,Bb,,,Qw,Qw,,,Kb,Kw,,,Qw,Qw,,,Rb,Pb,,,,,,,Bb,Nw,,,,,,,Qw,Pb,Pw,Kw,Bw,Rb,Pb,Kb,Nb	lightRed	0
d47de7a67b8e6f74de5888898e8988e4	150	Nw,Rw,Nb,Qb,Kw,Rb,Nw,Bw,Rw,,,,,,,Pw,Nb,,,,,,,Nb,Qb,,,Bb,Bb,,,Bw,Pb,,,Bb,Bb,,,Kb,Rb,,,,,,,Pb,Nw,,,,,,,Nw,Pb,Bb,Kw,Pw,Nb,Bw,Kb,Qb	darkGray	0
d48021dafbf7d7d3763738a765baa380	1224	Bw,Kb,Pb,Nb,Bw,Kw,Pw,Bw,Pw,,,,,,,Nw,Kw,,,,,,,Qb,Bw,,,Pb,Pb,,,Kb,Nb,,,Pb,Pb,,,Rb,Pb,,,,,,,Nb,Kb,,,,,,,Qw,Rw,Kw,Qb,Nb,Pw,Kb,Qw,Qb	darkRed	0
d481e31d896e9ac3982403ca33f7dd91	3635	Qb,Nb,Bw,Kw,Pw,Rw,Bb,Rw,Bw,,,,,,,Qb,Kb,,,,,,,Kw,Pb,,,Bb,Bb,,,Rb,Nw,,,Bb,Bb,,,Nw,Kb,,,,,,,Qw,Kw,,,,,,,Kb,Qb,Bb,Rw,Pw,Qb,Bw,Rb,Kw	darkRed	0
d4857661c1b0026f9ecc4e42840a3b02	3461	Rb,Rw,Pb,Qb,Bw,Rb,Pw,Nb,Bw,,,,,,,Nb,Kb,,,,,,,Bw,Pw,,,Bb,Bb,,,Kw,Nb,,,Bb,Bb,,,Pw,Bb,,,,,,,Rw,Bw,,,,,,,Bb,Bw,Nw,Pb,Kb,Bw,Rb,Pw,Bb	lightRed	1
d497673f7915c2ad197da6ab3e5de474	1236	Bb,Rb,Nw,Qb,Kw,Rw,Nb,Kb,Qb,,,,,,,Qb,Kw,,,,,,,Pb,Rb,,,,,,,Rw,Nw,,,,,,,Bb,Bw,,,,,,,Qw,Kb,,,,,,,Pw,Kb,Bw,Nb,Pb,Kb,Bb,Nw,Pb	lightGray	0
d49d08a70e079f626b5c437c41dc9ca9	3770	Rw,Nw,Bb,Kw,Pw,Nb,Bw,Nb,Nb,,,,,,,Rw,Bw,,,,,,,Bb,Kb,,,Bb,Bb,,,Qb,Pb,,,Bb,Bb,,,Pb,Nw,,,,,,,Rb,Bb,,,,,,,Bw,Rw,Bb,Rw,Pw,Qw,Bw,Rb,Rw	lightGray	0
d4a0e9d17a62f16ba9b3f4442e0bba21	2626	Nb,Kw,Pw,Nb,Bw,Kb,Pb,Pb,Qw,,,,,,,Pw,Kb,,,,,,,Nb,Rb,,,,,,,Bw,Nw,,,,,,,Kb,Qb,,,,,,,Pb,Kw,,,,,,,Nw,Bw,Bb,Nw,Pb,Kb,Bw,Nb,Kb	darkRed	0
d4c17872a465dcb0f4d1b90c49c57cd8	2306	Rw,Rw,Rw,Rw,Rw,Rw,Rw,Rw,Nb,,,,,,,Nw,Rw,,,,,,,Qb,Kw,,,,,,,Kb,Qb,,,,,,,Rb,Nw,,,,,,,Nb,Rb,,,,,,,Qw,Qb,Nw,Pb,Kw,Bb,Nb,Pw,Nb	darkRed	0
d4c894ea80fe795ee63bafd8b47236bb	2907	Qw,Qw,Kb,Rw,Nb,Qb,Kw,Qb,Bb,,,,,,,Pw,Nw,,,,,,,Rb,Pw,,,Nb,Nb,,,Bb,Kw,,,Nb,Nb,,,Qw,Bw,,,,,,,Pb,Nb,,,,,,,Rw,Nb,Nw,Bb,Kw,Pw,Nb,Bw,Rb	lightRed	0
d4c8cb699b9677acd0b086275439b8b1	2759	Qb,Bw,Nb,Pb,Kb,Bb,Nw,Pb,Rw,,,,,,,Pw,Bb,,,,,,,Kw,Qw,,,,,,,Bb,Pw,,,,,,,Nw,Rb,,,,,,,Pb,Bw,,,,,,,Kb,Pb,Pw,Kb,Bb,Nw,Pb,Qb,Pw	lightGray	0
d4cab200e0410ed234adffa7677bf2ae	3071	Pb,Kw,Bb,Nb,Pw,Kb,Bw,Qw,Bw,,,,,,,Nb,Nb,,,,,,,Rw,Pw,,,,,,,Kb,Kw,,,,,,,Qw,Bb,,,,,,,Nw,Nw,,,,,,,Rb,Bw,Nw,Qb,Kw,Rw,Nb,Qw,Nw	darkRed	0
d4db92d010127d527dba31598ef39dff	4045	Qw,Pw,Nb,Bb,Kw,Pb,Rw,Rw,Nb,,,,,,,Bw,Bw,,,,,,,Kb,Kb,,,,,,,Pw,Pb,,,,,,,Nb,Nw,,,,,,,Bb,Qb,,,,,,,Kw,Kb,Kb,Qw,Nw,Pb,Kw,Bb,Qw	lightGray	0
d4e00a16d390c18ff2b5e3ae40108c2e	1	Pw,Qw,Kb,Rw,Nb,Qb,Kw,Nw,Bb,,,,,,,Qb,Rw,,,,,,,Pb,Kb,,,,,,,Rw,Qw,,,,,,,Bb,Bw,,,,,,,Qw,Rb,,,,,,,Pw,Qw,Bw,Rb,Pb,Qb,Bb,Rw,Nb	darkGray	0
d4e5de2aab3a64695e03fa14ec17f84f	1011	Qw,Qb,Pb,Rw,Bb,Qw,Pw,Rb,Nb,,,,,,,Qb,Rw,,,,,,,Pb,Kb,,,Pb,Pb,,,Rb,Bw,,,Pb,Pb,,,Bw,Nw,,,,,,,Qw,Rb,,,,,,,Pw,Bw,Rb,Nw,Qw,Kb,Rw,Nb,Rb	darkGray	0
d4e86736f11b268e6240db99195aff1f	118	Pb,Kb,Pb,Nb,Bw,Kw,Pw,Rw,Pw,,,,,,,Pw,Rb,,,,,,,Qw,Bw,,,,,,,Bw,Qb,,,,,,,Rb,Pb,,,,,,,Pb,Rw,,,,,,,Qb,Kw,Qb,Bw,Rw,Pb,Qw,Bb,Kb	lightRed	0
d4efc31d978b9fb079dab9e2e312e31f	885	Rw,Nb,Bw,Kb,Pb,Nw,Bb,Nb,Rb,,,,,,,Pb,Kb,,,,,,,Nw,Qw,,,,,,,Bb,Nb,,,,,,,Kw,Rw,,,,,,,Pw,Kw,,,,,,,Nb,Pb,Qb,Nw,Rw,Kw,Qw,Nb,Nb	darkRed	0
d4fb85f718ae8f424eb536f98258fc85	1711	Bb,Rw,Bb,Qb,Pb,Rb,Bw,Qb,Pw,,,,,,,Kb,Rb,,,,,,,Qw,Bw,,,,,,,Nb,Qb,,,,,,,Rw,Pb,,,,,,,Kw,Rw,,,,,,,Qb,Rb,Qw,Pw,Rb,Bw,Qb,Pb,Pw	lightGray	0
d4ff3ffb346ccb1d6cfdf690945a926a	1628	Rw,Nb,Pw,Kb,Bw,Nw,Pb,Pb,Pb,,,,,,,Nb,Rw,,,,,,,Pw,Bw,,,Nb,Nb,,,Kb,Qb,,,Nb,Nb,,,Bw,Pw,,,,,,,Nw,Rb,,,,,,,Pb,Bw,Nb,Bw,Kw,Pw,Nw,Bb,Rw	darkGray	0
d50b9762e61e28efe3ae6f4f359a64ef	2297	Rb,Rb,Nw,Qb,Kw,Rw,Nb,Pb,Pb,,,,,,,Pw,Rw,,,,,,,Qw,Bw,,,Nb,Nb,,,Bb,Qb,,,Nb,Nb,,,Rw,Pw,,,,,,,Pb,Nb,,,,,,,Qb,Kw,Kb,Rb,Nb,Qw,Kw,Rw,Qb	lightGray	0
d51f65194b31203af72f1c6d39c8e892	3127	Bw,Bb,Kw,Pb,Nw,Bw,Qb,Kw,Pw,,,,,,,Pb,Rb,,,,,,,Nw,Bw,,,,,,,Bb,Qb,,,,,,,Kw,Pb,,,,,,,Rw,Rw,,,,,,,Nb,Kb,Nw,Bb,Kb,Pb,Nb,Bw,Bb	lightRed	0
d52073df76a760a3876b4f2c4438b017	913	Rb,Pw,Nb,Bw,Qb,Pb,Nw,Qb,Kw,,,,,,,Pb,Qb,,,,,,,Rw,Nb,,,Pb,Pb,,,Bb,Rw,,,Pb,Pb,,,Qw,Kb,,,,,,,Pw,Qw,,,,,,,Rb,Bw,Kb,Pb,Nb,Bw,Kw,Pw,Bb	darkGray	1
d52bdcbb2d403da5158071449e5c2a36	490	Bw,Bb,Nw,Pb,Kb,Bw,Nb,Bw,Bw,,,,,,,Bw,Nb,,,,,,,Kb,Pb,,,Bw,Bw,,,Pb,Kb,,,Bw,Bw,,,Nw,Kb,,,,,,,Bb,Nw,,,,,,,Kw,Pw,Nb,Pw,Kw,Bb,Rw,Pb,Rw	darkRed	0
d52bfd22cd38f5dd6a501729b8f5790b	602	Bw,Rw,Kw,Qb,Nw,Rb,Kb,Pb,Qw,,,,,,,Qb,Pw,,,,,,,Nw,Rw,,,Pb,Pb,,,Rw,Bb,,,Pb,Pb,,,Kw,Qb,,,,,,,Qw,Pb,,,,,,,Nb,Qb,Rb,Nw,Bb,Kw,Pw,Nb,Qw	lightGray	1
d52e18aec901db1289304ef395498e32	2189	Kw,Pw,Qw,Bb,Nw,Pb,Qb,Bb,Pw,,,,,,,Bb,Rb,,,,,,,Nw,Bb,,,,,,,Pb,Qw,,,,,,,Kb,Pb,,,,,,,Bw,Rw,,,,,,,Nb,Pb,Pw,Kw,Bb,Nw,Pb,Kb,Kb	darkGray	0
d5398f5ac7fe9419d9a7534aba0399e3	3476	Qw,Qb,Qw,Rb,Nw,Qw,Kb,Rw,Bb,,,,,,,Kb,Rw,,,,,,,Qw,Pw,,,,,,,Nw,Qw,,,,,,,Rb,Bw,,,,,,,Kw,Rb,,,,,,,Qb,Rb,Rw,Nb,Qw,Kb,Rb,Nw,Kb	darkGray	0
d544c29bc2c17ada36b545877b17b2fe	1946	Rw,Pw,Qw,Bw,Rb,Pb,Qb,Qb,Rw,,,,,,,Pw,Rw,,,,,,,Rb,Rw,,,Rb,Rb,,,Bw,Rw,,,Rb,Rb,,,Qb,Rw,,,,,,,Pb,Rw,,,,,,,Rw,Rw,Nw,Rb,Kw,Qb,Nb,Rw,Bb	lightRed	0
d5597845e61eb9fe51f05fcab52358d4	406	Pb,Bw,Qb,Pw,Rb,Bb,Qw,Bb,Kw,,,,,,,Nw,Pw,,,,,,,Qb,Nw,,,,,,,Kw,Bb,,,,,,,Rw,Kb,,,,,,,Nb,Pb,,,,,,,Qw,Rw,Qw,Nb,Rb,Kb,Qb,Nw,Pb	lightRed	1
d56034bb30508517e5ac06132f0f6eb3	2124	Pw,Rw,Pb,Qw,Bb,Rb,Pw,Nb,Qw,,,,,,,Bw,Pw,,,,,,,Nb,Rw,,,,,,,Pb,Bb,,,,,,,Kb,Qb,,,,,,,Bb,Kw,,,,,,,Nw,Qw,Rw,Bb,Qw,Pw,Rb,Bw,Qw	lightRed	0
d56ee648537c5c36fe27a8fac75ac2bf	3083	Kb,Bb,Kw,Pw,Nb,Bw,Kb,Bb,Nb,,,,,,,Bb,Qw,,,,,,,Qw,Kw,,,Pb,Pb,,,Pw,Rw,,,Pb,Pb,,,Rb,Nw,,,,,,,Bw,Qb,,,,,,,Qb,Bb,Rb,Kb,Qb,Nw,Rw,Pb,Rw	lightGray	0
d57d516039ff0effca44faafea890abc	2960	Rw,Rw,Rw,Rw,Rw,Rw,Rw,Rw,Pb,,,,,,,Kw,Rw,,,,,,,Bb,Bw,,,,,,,Nw,Qb,,,,,,,Pb,Pw,,,,,,,Kb,Rb,,,,,,,Bw,Rw,Rw,Pb,Qb,Bw,Rb,Pw,Rb	lightGray	0
d59aea72a9bc989538719c8517339d9c	1155	Nb,Pb,Nw,Bb,Kw,Rw,Nb,Kb,Nb,,,,,,,Bw,Qw,,,,,,,Rb,Kb,,,Pw,Pw,,,Pw,Rb,,,Pw,Pw,,,Qw,Nw,,,,,,,Bb,Qb,,,,,,,Rw,Pw,Nb,Rw,Kb,Qw,Nw,Rb,Qw	darkRed	1
d5b48e19fc083d1c1cab2c1ca93ab05f	3432	Qw,Bb,Nw,Pb,Kb,Qw,Nb,Pb,Nb,,,,,,,Rb,Rw,,,,,,,Kb,Kb,,,Pb,Pb,,,Qb,Qw,,,Pb,Pb,,,Nw,Nw,,,,,,,Rw,Rb,,,,,,,Kw,Rw,Nw,Qb,Kb,Rb,Nb,Qw,Nb	darkRed	0
d5b8327f1e345b225356080c5c67e9a0	3272	Qw,Kw,Qb,Nb,Rw,Kb,Qw,Bb,Pb,,,,,,,Nw,Kb,,,,,,,Qb,Bw,,,,,,,Kw,Nb,,,,,,,Rw,Pw,,,,,,,Nb,Qw,,,,,,,Qw,Qw,Bb,Rw,Pb,Qb,Bw,Rb,Bw	darkRed	0
d5be33493778d0b11f14c469e8ccd4e4	3954	Pw,Qw,Nb,Rw,Kw,Qb,Nw,Pb,Rw,,,,,,,Nw,Nb,,,,,,,Rb,Qb,,,,,,,Kb,Kw,,,,,,,Qw,Rb,,,,,,,Nb,Nw,,,,,,,Pw,Pb,Nb,Rw,Kw,Qb,Nw,Rb,Bb	darkGray	0
d5cc391930f054cce072959c1ab59ae4	3607	Qb,Pb,Kb,Bb,Nw,Pw,Kw,Bb,Bw,,,,,,,Kb,Rb,,,,,,,Rb,Pb,,,,,,,Nb,Qb,,,,,,,Qw,Bb,,,,,,,Kw,Rw,,,,,,,Rw,Qw,Rb,Nw,Qw,Kb,Rw,Nb,Nb	lightRed	0
d5d4d0ce6324a45c5bc3b4f88f6f09f4	2946	Nb,Bb,Qw,Pw,Rb,Bw,Qb,Nw,Kw,,,,,,,Nw,Pw,,,,,,,Qb,Nw,,,,,,,Kb,Bb,,,,,,,Rb,Kb,,,,,,,Bb,Pb,,,,,,,Qw,Nb,Kw,Pw,Nb,Bw,Kb,Pb,Pb	darkGray	0
d5e45280e8f952173c9c38bcc069579c	1763	Pb,Rw,Bb,Qw,Pw,Rb,Nw,Nb,Pw,,,,,,,Qw,Qw,,,,,,,Kb,Nw,,,,,,,Rw,Rb,,,,,,,Bb,Kw,,,,,,,Qb,Qb,,,,,,,Kw,Rw,Kw,Qb,Nw,Rb,Kb,Qw,Pw	lightRed	0
d5e57dce6fd5be5f8c26ed6f47cde03c	3364	Kw,Bw,Nb,Rw,Kw,Bb,Nw,Rb,Qw,,,,,,,Pw,Bb,,,,,,,Kw,Rb,,,Rw,Rw,,,Bw,Pw,,,Rw,Rw,,,Rb,Qb,,,,,,,Pb,Bw,,,,,,,Kb,Pb,Qw,Pw,Rb,Bw,Kb,Pb,Pb	darkRed	0
d5fdc1faba7e5ec0813a4b22e217fbd7	1890	Nw,Bw,Qb,Pw,Rb,Bb,Qw,Pw,Pb,,,,,,,Qw,Rw,,,,,,,Pw,Bw,,,Nb,Nb,,,Rb,Qb,,,Nb,Nb,,,Bw,Pw,,,,,,,Qb,Rb,,,,,,,Qw,Bb,Qw,Rw,Nb,Qw,Qb,Rw,Qb	lightRed	1
d6076881f72b9c4ecde5b6f2f1c9a5bd	1161	Nw,Kb,Bw,Nb,Pw,Qw,Bb,Pb,Nb,,,,,,,Pw,Rw,,,,,,,Rb,Pb,,,,,,,Bb,Qb,,,,,,,Qw,Nw,,,,,,,Pb,Rb,,,,,,,Rw,Pb,Qb,Pb,Rw,Bb,Kw,Pw,Nb	darkGray	0
d61b027c88a9b74246b2d4f769cf05bc	2957	Pw,Nw,Pb,Kb,Bw,Nb,Pw,Kw,Nw,,,,,,,Bw,Qb,,,,,,,Qb,Kw,,,Bw,Bw,,,Pw,Rw,,,Bw,Bw,,,Rb,Nb,,,,,,,Bb,Qw,,,,,,,Qw,Pb,Rb,Nw,Qb,Kw,Rw,Bb,Bw	lightGray	1
d62e757d772cd75fa26f5500948f0cb5	1806	Bw,Nb,Rw,Kw,Qb,Nw,Rb,Bw,Bw,,,,,,,Qw,Kb,,,,,,,Bb,Pw,,,Nw,Nw,,,Rw,Nb,,,Nw,Nw,,,Pb,Bb,,,,,,,Qb,Kw,,,,,,,Bw,Bw,Pw,Qw,Bb,Rw,Pb,Qb,Pw	darkRed	0
d63c7e6b1602ea6c48f7b68ca63f251d	1212	Qb,Qw,Nb,Rw,Kw,Bb,Nw,Pb,Nb,,,,,,,Qw,Pw,,,,,,,Bb,Kw,,,,,,,Rb,Bb,,,,,,,Pw,Nw,,,,,,,Kb,Pb,,,,,,,Bw,Qw,Kb,Qw,Nb,Rw,Kw,Qb,Nb	darkGray	0
d6534f001b85aa327b886c8d007febb5	1468	Kw,Nw,Pb,Kb,Bw,Nb,Pw,Rw,Qw,,,,,,,Nb,Pw,,,,,,,Pw,Rb,,,,,,,Kb,Bw,,,,,,,Bw,Qb,,,,,,,Nw,Pb,,,,,,,Pb,Bw,Qw,Bb,Rb,Kb,Qb,Nw,Rb	darkRed	0
d6548fc6a3b5340a0a7e0f2b61b5aae2	1902	Pb,Rw,Nb,Qw,Kb,Rb,Nw,Pw,Rw,,,,,,,Rw,Bb,,,,,,,Nb,Qb,,,Nw,Nw,,,Qw,Pb,,,Nw,Nw,,,Kb,Rb,,,,,,,Rb,Bw,,,,,,,Nw,Qw,Bw,Kb,Pw,Nb,Bb,Kw,Kw	lightGray	0
d671827527b1efc4d67b27e99c13d0cb	2154	Nb,Kw,Qb,Nw,Rb,Kb,Qw,Rb,Pw,,,,,,,Pw,Rb,,,,,,,Rb,Bw,,,Nw,Nw,,,Bw,Qb,,,Nw,Nw,,,Qb,Pb,,,,,,,Kw,Rw,,,,,,,Rw,Bb,Nw,Pb,Kb,Bw,Nb,Pw,Qw	darkRed	0
d671942fcec11817dbcc36234282832f	173	Pw,Nb,Rw,Kb,Kw,Nw,Rb,Pb,Pw,,,,,,,Nw,Pw,,,,,,,Bb,Bb,,,,,,,Kb,Rw,,,,,,,Pb,Pb,,,,,,,Nb,Qb,,,,,,,Bw,Rw,Bb,Kw,Pw,Rb,Bw,Qb,Qb	lightGray	0
d67ad5b52b232671d865b0999c69b97d	2669	Rw,Kw,Pw,Nw,Bb,Kb,Pb,Qb,Qw,,,,,,,Rb,Bb,,,,,,,Bw,Rw,,,,,,,Qw,Pb,,,,,,,Pw,Qb,,,,,,,Rw,Bw,,,,,,,Bb,Nb,Qb,Pb,Rw,Bb,Qw,Pw,Kb	lightGray	0
d682d45adc410b1b38927c85eb109914	1124	Kb,Qb,Bw,Rb,Pw,Qw,Bb,Rw,Kb,,,,,,,Kw,Qw,,,,,,,Rw,Nb,,,,,,,Nb,Rw,,,,,,,Qw,Kw,,,,,,,Kb,Qb,,,,,,,Pb,Qb,Pb,Kb,Bw,Nb,Pw,Kw,Kw	lightGray	0
d6a3b81f97525de0cac080b00115cff0	1995	Kb,Nb,Pw,Kb,Bw,Nw,Pb,Qw,Pb,,,,,,,Qb,Nw,,,,,,,Pb,Bb,,,Qw,Qw,,,Rw,Kw,,,Qw,Qw,,,Bb,Pw,,,,,,,Qw,Nb,,,,,,,Pw,Nw,Kw,Qb,Nb,Rw,Kb,Qw,Bw	lightGray	0
d6b0d0ce687c25aeb055498a914e6859	4078	Pw,Nb,Rw,Kb,Qw,Nw,Rb,Qb,Rb,,,,,,,Nb,Kb,,,,,,,Qw,Qw,,,Nb,Nb,,,Kb,Nb,,,Nb,Nb,,,Rb,Rw,,,,,,,Nw,Kw,,,,,,,Qb,Bb,Bw,Rb,Pb,Qb,Bb,Nw,Rb	lightRed	0
d6c901ac92f00c796b19dd6906aa1e17	3254	Qw,Nb,Qw,Kb,Rb,Nw,Qb,Nb,Rb,,,,,,,Pw,Nw,,,,,,,Rb,Qb,,,Rb,Rb,,,Bb,Kw,,,Rb,Rb,,,Kw,Rw,,,,,,,Pb,Nb,,,,,,,Rw,Bw,Pb,Nw,Bw,Kb,Pw,Nb,Rw	darkGray	0
d6e0988ea611e3ea3bece59b9cd21e82	2105	Kb,Pb,Nw,Bb,Kw,Rw,Nb,Kb,Kb,,,,,,,Pb,Rb,,,,,,,Kb,Nw,,,Qw,Qw,,,Bb,Qb,,,Qw,Qw,,,Nw,Kw,,,,,,,Pw,Rw,,,,,,,Kw,Pb,Kb,Qw,Nw,Rb,Kw,Qb,Rw	darkGray	0
d6e3d4362aacf380b5f9cd94e17c0ace	375	Rw,Qb,Kw,Pw,Nb,Qw,Kb,Bb,Qw,,,,,,,Pw,Bb,,,,,,,Rb,Rw,,,Bb,Bb,,,Bw,Pb,,,Bb,Bb,,,Qb,Qb,,,,,,,Pb,Bw,,,,,,,Rw,Qb,Pb,Rw,Bb,Qw,Pw,Rb,Nb	darkRed	1
d6edc3edd3b8b3874e78a35643a97d60	2697	Kb,Qb,Nw,Rw,Kw,Bw,Nb,Qb,Kw,,,,,,,Qw,Bb,,,,,,,Kb,Nw,,,,,,,Rb,Pb,,,,,,,Nw,Kb,,,,,,,Qb,Bw,,,,,,,Pb,Kw,Bw,Qb,Pb,Rw,Bb,Qw,Bw	lightRed	0
d6f5da000365c740533a1ff2da805517	1661	Rw,Rb,Kb,Qw,Nb,Rw,Kw,Bw,Qb,,,,,,,Kb,Pb,,,,,,,Qw,Rw,,,Pb,Pb,,,Nw,Bb,,,Pb,Pb,,,Rb,Kw,,,,,,,Pb,Pw,,,,,,,Qb,Nb,Qw,Pw,Rb,Bw,Qb,Pb,Nb	lightRed	0
d70e1033412d757b7b766fd619681727	770	Bw,Kw,Qb,Bw,Rb,Kb,Qw,Kb,Qb,,,,,,,Kw,Pb,,,,,,,Qb,Rw,,,,,,,Nw,Nb,,,,,,,Rb,Qw,,,,,,,Kb,Kb,,,,,,,Qw,Kb,Kb,Bw,Nw,Pb,Kw,Bb,Nb	lightGray	0
d7101a3b625ea9bd14a15c8b19d46440	1870	Bw,Nw,Rb,Kb,Qw,Nb,Rw,Bb,Kb,,,,,,,Kb,Qw,,,,,,,Pb,Nb,,,,,,,Nw,Rw,,,,,,,Bb,Kw,,,,,,,Kw,Qb,,,,,,,Rw,Pb,Qb,Bw,Rw,Pb,Kw,Bb,Nw	darkRed	0
d72520bafdd849955ccdaa6f75206bb7	37	Qw,Kw,Rw,Nw,Qb,Kb,Rb,Qb,Nb,,,,,,,Qb,Qw,,,,,,,Pb,Kw,,,Nb,Nb,,,Rb,Rw,,,Nb,Nb,,,Bw,Bw,,,,,,,Qw,Qb,,,,,,,Pw,Pw,Rb,Kb,Qw,Nb,Rw,Kw,Nb	lightGray	0
d72bb8302d1038617cedd912cb2b8ee2	2831	Qw,Rb,Kb,Qw,Nb,Rw,Kw,Pw,Qw,,,,,,,Qb,Bb,,,,,,,Pb,Rb,,,,,,,Rb,Pw,,,,,,,Bw,Kb,,,,,,,Qw,Bw,,,,,,,Pw,Qw,Qw,Nb,Rb,Kb,Qb,Nw,Nb	darkGray	0
d73e3fe97db17ac002786e22a736f7ba	2427	Nb,Nb,Rw,Pb,Qb,Nw,Rb,Rw,Pw,,,,,,,Rb,Rb,,,,,,,Kb,Bb,,,,,,,Kw,Qw,,,,,,,Bb,Pb,,,,,,,Rw,Rw,,,,,,,Kw,Pw,Kb,Rb,Nb,Qw,Kw,Rw,Qb	darkRed	0
d73ea447434737cea6af7173a463ab90	2787	Nw,Bw,Nb,Pb,Kb,Bb,Nw,Kb,Bw,,,,,,,Rw,Rb,,,,,,,Kw,Pw,,,,,,,Qw,Qw,,,,,,,Nb,Bb,,,,,,,Pb,Rw,,,,,,,Kb,Rw,Pb,Nw,Bb,Kw,Pw,Nb,Qw	darkRed	0
d74bac0358ef7a057cc268224850e736	1780	Pb,Bw,Rb,Pw,Qw,Nb,Rw,Qb,Qb,,,,,,,Rw,Bw,,,,,,,Bb,Rb,,,Bb,Bb,,,Qb,Pw,,,Bb,Bb,,,Pb,Qw,,,,,,,Rb,Bb,,,,,,,Bw,Qb,Nw,Qb,Kw,Pw,Nb,Bw,Bb	lightRed	0
d786ae6ace0e0502deb58059fcb08fe0	2278	Kb,Pw,Bb,Kw,Pw,Nb,Bw,Rw,Kw,,,,,,,Bb,Nb,,,,,,,Kw,Pb,,,,,,,Pb,Kb,,,,,,,Rw,Bb,,,,,,,Bw,Nw,,,,,,,Qb,Qw,Pb,Kb,Bw,Nb,Pw,Kw,Rb	darkGray	1
d787c51197b7cd84b20bccf0743a47f3	3763	Pb,Rw,Bb,Qw,Pw,Rb,Nw,Nb,Pw,,,,,,,Qw,Qw,,,,,,,Kb,Nw,,,,,,,Rw,Rb,,,,,,,Bb,Kw,,,,,,,Qb,Qb,,,,,,,Kw,Rw,Kw,Qb,Nw,Rb,Kb,Qw,Pw	lightRed	0
d7ad0b46281eb160b8640a369d733557	1435	Pw,Nb,Rw,Kw,Qb,Nw,Rb,Bw,Qw,,,,,,,Pb,Pw,,,,,,,Kb,Rb,,,,,,,Bb,Bw,,,,,,,Nw,Qb,,,,,,,Pw,Pb,,,,,,,Kw,Nw,Pw,Rb,Bw,Qb,Pb,Rw,Qb	darkGray	0
d7af7fc505797865158f8a32f1e53f66	2935	Rw,Bb,Kw,Pb,Nw,Bw,Kb,Nw,Qw,,,,,,,Kb,Kb,,,,,,,Qw,Rw,,,Rb,Rb,,,Nw,Bb,,,Rb,Rb,,,Rb,Qb,,,,,,,Kw,Pb,,,,,,,Qb,Kb,Pb,Rw,Bb,Qw,Pw,Rb,Bb	darkRed	0
d7b4291af9bc6f88488f9d5cd0ec2622	4028	Bw,Pw,Qw,Bw,Rb,Pb,Qb,Rb,Qb,,,,,,,Bw,Nw,,,,,,,Nb,Rw,,,,,,,Pb,Kw,,,,,,,Kb,Qw,,,,,,,Bb,Nb,,,,,,,Nw,Kw,Bw,Qb,Pb,Rw,Bb,Qw,Nw	lightRed	0
d7bca946011184e8aad5eb646c359ae3	562	Bb,Kw,Bb,Nw,Pb,Kb,Bw,Nw,Kw,,,,,,,Bb,Pw,,,,,,,Qw,Nw,,,Pw,Pw,,,Pb,Bb,,,Pw,Pw,,,Rw,Kb,,,,,,,Bw,Rb,,,,,,,Qb,Nw,Bw,Nb,Pw,Kw,Bb,Nw,Rb	lightGray	0
d7c39ede6475fff28e0538696d375919	3841	Kw,Bb,Rw,Pb,Qb,Bw,Rb,Kb,Pw,,,,,,,Qw,Nb,,,,,,,Bb,Qb,,,Bw,Bw,,,Rb,Kw,,,Bw,Bw,,,Pw,Rb,,,,,,,Kb,Nw,,,,,,,Bw,Qw,Qb,Nw,Rw,Kw,Qw,Nb,Nw	lightRed	0
d7e372c3952666fc2f2480049ee2e745	1576	Bb,Rw,Bb,Qw,Pw,Rb,Bw,Pb,Pw,,,,,,,Rb,Qw,,,,,,,Nw,Bw,,,Nb,Nb,,,Qb,Rb,,,Nb,Nb,,,Kw,Kw,,,,,,,Rw,Qb,,,,,,,Bb,Kb,Rb,Nw,Qw,Kb,Rw,Nb,Qw	lightGray	0
d7e5a10ca727b05520076816037a1396	3551	Qb,Qw,Bb,Rb,Pw,Qb,Bw,Nb,Nb,,,,,,,Rw,Bw,,,,,,,Bb,Kw,,,,,,,Qb,Pw,,,,,,,Pb,Nw,,,,,,,Rb,Bb,,,,,,,Bw,Qw,Kw,Bb,Nb,Pw,Kb,Qw,Rb	lightRed	0
d7eb9a35c0072e1ed55c04741407fba7	1267	Qw,Qw,Kb,Rb,Nw,Qb,Kw,Kb,Pb,,,,,,,Qw,Rb,,,,,,,Pw,Bw,,,Pw,Pw,,,Rb,Qb,,,Pw,Pw,,,Bw,Pb,,,,,,,Qb,Rw,,,,,,,Pb,Bw,Kw,Qb,Nw,Rb,Kb,Qw,Qb	lightRed	0
d7f65e97d54fa3a73e4f1166ceab4f06	3194	Nw,Qb,Pb,Nb,Bw,Kw,Pw,Qb,Nw,,,,,,,Kw,Pb,,,,,,,Bb,Kb,,,,,,,Nw,Bw,,,,,,,Pb,Nb,,,,,,,Kb,Pw,,,,,,,Bw,Bw,Qb,Nw,Rb,Kb,Bw,Nb,Rb	darkGray	0
d8019af52e968e5e147472e3d7f4cfaf	3275	Kw,Rb,Kb,Qw,Nb,Rw,Pb,Qw,Bb,,,,,,,Qb,Qw,,,,,,,Bw,Pw,,,Rb,Rb,,,Rw,Rb,,,Rb,Rb,,,Kw,Bw,,,,,,,Qw,Kb,,,,,,,Nb,Pb,Kb,Pb,Nw,Bb,Kw,Pw,Qb	lightRed	0
d80af49ff3a32e3f0c74f2e7ecbbcdd8	3307	Bb,Nb,Rw,Kb,Qw,Nw,Rb,Qb,Rw,,,,,,,Bw,Nb,,,,,,,Qb,Qw,,,,,,,Pw,Kb,,,,,,,Rb,Rb,,,,,,,Bb,Nw,,,,,,,Qw,Qb,Nw,Rb,Kb,Qw,Nb,Rw,Bb	darkGray	0
d80d6e157edd185eb36db879ec047d75	3106	Rw,Pw,Rb,Nw,Qb,Kw,Rw,Pb,Rw,,,,,,,Bb,Rw,,,,,,,Nw,Rw,,,Pb,Pb,,,Pb,Rw,,,Pb,Pb,,,Kb,Rw,,,,,,,Bw,Rw,,,,,,,Nb,Rw,Pb,Kb,Bw,Nb,Pw,Kw,Pb	darkRed	0
d81fca05267a426f904255b7bd71e11f	43	Kb,Pw,Qw,Bb,Rw,Pb,Kb,Rb,Bw,,,,,,,Bb,Kb,,,,,,,Nw,Pw,,,,,,,Rb,Nb,,,,,,,Kb,Bb,,,,,,,Qw,Kw,,,,,,,Nb,Qb,Bb,Nw,Pb,Kb,Bw,Nb,Nw	lightRed	0
d82122dd88f51fc2598c4f3b4876ae55	3572	Bw,Pb,Nw,Bb,Kw,Pw,Nb,Nb,Nb,,,,,,,Kw,Qw,,,,,,,Pw,Kb,,,,,,,Nw,Rb,,,,,,,Bb,Bw,,,,,,,Kb,Qb,,,,,,,Pb,Rb,Pb,Qb,Bw,Rb,Pw,Qw,Bw	lightRed	0
d829ad97d8d06484149602a0b42a05b6	197	Rb,Kw,Pw,Nw,Bb,Kb,Pb,Bb,Rb,,,,,,,Nw,Bw,,,,,,,Rb,Qb,,,Pb,Pb,,,Kw,Pb,,,Pb,Pb,,,Qb,Rw,,,,,,,Nb,Bb,,,,,,,Pw,Nw,Nw,Pb,Kb,Bw,Nb,Pw,Pw	lightGray	0
d82ba75e05d37d0c8358b47eacf4954b	246	Qb,Qw,Nb,Rb,Kb,Qb,Nw,Qw,Kw,,,,,,,Nb,Bb,,,,,,,Pw,Nw,,,,,,,Kb,Pb,,,,,,,Bw,Kb,,,,,,,Nw,Bw,,,,,,,Rb,Qw,Kw,Qb,Nb,Rw,Kb,Qw,Bb	lightRed	0
d84e7e3a2f393e03afbfe66e5c03d9cb	2959	Nb,Pw,Qw,Bw,Rb,Pb,Qb,Qb,Nw,,,,,,,Pw,Qb,,,,,,,Rb,Kw,,,Bb,Bb,,,Bb,Rw,,,Bb,Bb,,,Qw,Nb,,,,,,,Pb,Qw,,,,,,,Rw,Pw,Kb,Pb,Nb,Bw,Kw,Pw,Pw	darkRed	0
d8549b793aa659f2bb3218b0e93df0b2	1253	Qw,Qb,Kw,Rb,Nw,Qw,Kb,Nw,Rw,,,,,,,Nw,Bb,,,,,,,Bb,Qw,,,,,,,Kw,Pw,,,,,,,Pw,Rb,,,,,,,Nb,Bw,,,,,,,Bw,Kb,Pw,Kw,Bb,Nw,Rb,Kb,Nw	darkGray	0
d8632871576a07f4cc5a099f622372f3	2917	Bb,Bb,Nw,Pw,Kw,Bw,Nb,Qb,Kw,,,,,,,Bb,Pw,,,,,,,Kw,Nw,,,,,,,Pw,Bb,,,,,,,Nb,Kb,,,,,,,Bw,Pb,,,,,,,Qb,Nb,Rw,Nb,Qw,Kb,Rb,Nw,Pw	lightGray	0
d86cbafbbdeda607c6e9a879d1b77754	111	Rw,Nb,Qw,Kb,Rb,Nw,Qb,Nw,Kw,,,,,,,Pb,Rw,,,,,,,Rw,Nw,,,,,,,Bw,Qb,,,,,,,Qb,Kb,,,,,,,Pw,Rb,,,,,,,Rb,Rb,Kw,Pw,Nw,Bb,Kb,Pb,Bb	darkGray	0
d87da506e8ab188dc1224f6b5617ff6b	1096	Rw,Rw,Rw,Rw,Rw,Rw,Rw,Rw,Nw,,,,,,,Bw,Qb,,,,,,,Nb,Kb,,,,,,,Pw,Rb,,,,,,,Kw,Nb,,,,,,,Bb,Qw,,,,,,,Nw,Kb,Nb,Bw,Kw,Pw,Nw,Bb,Kw	darkGray	0
d8858449aca49cae62fc51edeecf72e6	3830	Bb,Qb,Bw,Rw,Pb,Qw,Bb,Kb,Pb,,,,,,,Bw,Rw,,,,,,,Rb,Bw,,,Nb,Nb,,,Pb,Qb,,,Nb,Nb,,,Qb,Pw,,,,,,,Bb,Rb,,,,,,,Rw,Qw,Qb,Pb,Rw,Bb,Qw,Pw,Rb	lightGray	0
d8964788e966459fa54a51384ced077c	1264	Bw,Kw,Pw,Nw,Bb,Kb,Pb,Nw,Rw,,,,,,,Kb,Bb,,,,,,,Rb,Qb,,,,,,,Nb,Pb,,,,,,,Qw,Nb,,,,,,,Kw,Bw,,,,,,,Rw,Nw,Qw,Nb,Rb,Kb,Qb,Nw,Nw	lightRed	0
d8a79e15c30b3e3945d111797adbec7b	3476	Qw,Qb,Kw,Rb,Nw,Qw,Kb,Rw,Bb,,,,,,,Kb,Rw,,,,,,,Qw,Pw,,,,,,,Nw,Qw,,,,,,,Rb,Bw,,,,,,,Kw,Rb,,,,,,,Qb,Rb,Rw,Nb,Qw,Kb,Rb,Nw,Kb	darkGray	0
d8b77c151b9c521a44ee5c5fee8951e6	3124	Kb,Nb,Pw,Qb,Bw,Rw,Pb,Qw,Nw,,,,,,,Pw,Rb,,,,,,,Kw,Kw,,,,,,,Bb,Qb,,,,,,,Nw,Nb,,,,,,,Pb,Rw,,,,,,,Kb,Rw,Rw,Nb,Qb,Kw,Rb,Nw,Nw	darkRed	0
d8c09aac4275c1b70d00194eda27dafc	757	Qb,Rw,Kw,Qb,Nw,Rb,Kb,Pw,Rb,,,,,,,Qb,Kb,,,,,,,Bw,Qw,,,,,,,Rb,Bb,,,,,,,Pw,Rw,,,,,,,Kw,Pb,,,,,,,Bb,Pw,Bb,Kw,Rb,Nw,Qw,Kb,Kw	darkGray	0
d8d7b78740511cc4ea9e278ac685a169	231	Rw,Qw,Pw,Rb,Bw,Qb,Pb,Qb,Pw,,,,,,,Kw,Rb,,,,,,,Qb,Bw,,,Pw,Pw,,,Nw,Qb,,,Pw,Pw,,,Rb,Kw,,,,,,,Kb,Rw,,,,,,,Qw,Rb,Rb,Nw,Qb,Kw,Rw,Nb,Pw	lightRed	0
d8dd447c0ef5874eb07b7c0931de2fab	2186	Nb,Pw,Qw,Bb,Rw,Pb,Qb,Bw,Pb,,,,,,,Bb,Qb,,,,,,,Qw,Bb,,,,,,,Pw,Rw,,,,,,,Rb,Pw,,,,,,,Bw,Kw,,,,,,,Qb,Kb,Kb,Pb,Nb,Bw,Kw,Pw,Nb	darkGray	0
d8ef66b3a700f416940ba529ddcb4dcf	1375	Kb,Pb,Kb,Bb,Nw,Pw,Kw,Nw,Pw,,,,,,,Nw,Nb,,,,,,,Bb,Bw,,,,,,,Kw,Kb,,,,,,,Pw,Pb,,,,,,,Nb,Nw,,,,,,,Bw,Bw,Rb,Pw,Qb,Bw,Rw,Pb,Bb	darkGray	0
d8ff90abd552da4be85e860610af43b2	4054	Nb,Pb,Qb,Bb,Rw,Pw,Qw,Bw,Bb,,,,,,,Qb,Rw,,,,,,,Nw,Pw,,,Bb,Bb,,,Rw,Qw,,,Bb,Bb,,,Kw,Bw,,,,,,,Qw,Rb,,,,,,,Nb,Nb,Pb,Rw,Bw,Qb,Pw,Rb,Qb	lightRed	0
d900706489225dc1dbd04e971ffd3c90	3614	Rw,Bw,Nb,Pb,Kb,Bb,Nw,Bb,Qw,,,,,,,Qw,Nb,,,,,,,Nb,Rw,,,,,,,Rb,Kw,,,,,,,Kb,Qb,,,,,,,Qb,Nw,,,,,,,Nw,Qw,Nb,Pw,Kw,Bb,Nw,Pb,Rb	lightRed	0
d903bb587d9e6e30537be96acf1d441c	2192	Nw,Rb,Kb,Qb,Nw,Rw,Kw,Rb,Kb,,,,,,,Qw,Bw,,,,,,,Pw,Nw,,,Rb,Rb,,,Rb,Pb,,,Rb,Rb,,,Bw,Kw,,,,,,,Qb,Bb,,,,,,,Pb,Nw,Kb,Pb,Nb,Bw,Kw,Pw,Nb	lightGray	0
d910446767a3d385a4a046c109ed9a7a	3446	Kb,Rw,Bb,Qw,Pw,Rb,Nw,Qw,Qb,,,,,,,Qb,Nw,,,,,,,Nw,Pw,,,Bw,Bw,,,Rb,Kw,,,Bw,Bw,,,Kb,Qw,,,,,,,Qw,Nb,,,,,,,Nb,Rb,Rw,Bb,Qb,Pb,Rb,Nw,Bw	lightRed	1
d92425e83abd15bcc980eb1d87cef4f8	3890	Qw,Rb,Nw,Qw,Kb,Pw,Nb,Rw,Qw,,,,,,,Rw,Bb,,,,,,,Rw,Nw,,,Pb,Pb,,,Rw,Pb,,,Pb,Pb,,,Rw,Qb,,,,,,,Rw,Bw,,,,,,,Rw,Kw,Nw,Bb,Kw,Pw,Nb,Qw,Rw	lightRed	0
d932aba74e4b1e2b8dd7c7be62e948c7	3664	Bw,Nw,Bb,Kb,Pb,Nb,Bw,Nw,Rb,,,,,,,Kw,Nw,,,,,,,Bb,Qb,,,Nw,Nw,,,Nw,Kw,,,Nw,Nw,,,Pb,Rw,,,,,,,Kb,Nb,,,,,,,Qw,Pb,Nw,Bb,Kb,Pb,Nb,Bw,Bw	darkRed	0
d940eac5481d9795855fd3082c6f181d	3406	Kw,Qw,Kb,Rw,Nb,Qb,Kw,Bw,Kw,,,,,,,Rw,Pw,,,,,,,Bb,Nw,,,Pb,Pb,,,Qw,Bb,,,Pb,Pb,,,Pw,Kb,,,,,,,Rb,Pb,,,,,,,Bw,Pw,Pb,Kb,Bw,Nb,Pw,Qw,Rw	lightGray	0
d953f87e39fb08f1f456752981c1713f	3309	Nw,Rw,Nb,Bw,Kb,Rb,Nw,Nb,Kw,,,,,,,Nb,Rw,,,,,,,Bw,Nw,,,Pw,Pw,,,Kw,Qb,,,Pw,Pw,,,Pw,Kb,,,,,,,Nw,Pb,,,,,,,Bb,Pb,Bw,Qb,Pw,Rb,Bb,Qw,Kw	darkGray	0
d97391a7d3db100b111bc7c08f457fc4	2483	Nw,Rb,Pw,Qb,Bw,Rw,Pb,Kb,Qb,,,,,,,Bb,Bw,,,,,,,Rw,Rw,,,Nb,Nb,,,Kb,Pb,,,Nb,Nb,,,Qw,Qw,,,,,,,Bw,Bb,,,,,,,Rb,Qb,Qb,Bw,Rb,Pw,Qw,Bb,Pb	lightRed	0
d983e826c3299bb40eadba118cb03af0	664	Rw,Qb,Kw,Rw,Nb,Qw,Kb,Nw,Rb,,,,,,,Nb,Bw,,,,,,,Rw,Qw,,,,,,,Kw,Pw,,,,,,,Qb,Rw,,,,,,,Nw,Bb,,,,,,,Rb,Pb,Rb,Kb,Bb,Nw,Pw,Kw,Nw	lightGray	0
d999daae7d528a8f138d44bcbfb45827	3677	Nw,Pb,Nw,Bw,Kb,Pw,Rb,Bb,Rw,,,,,,,Kw,Nb,,,,,,,Qb,Qb,,,Bb,Bb,,,Nw,Kw,,,Bb,Bb,,,Rb,Rb,,,,,,,Kb,Nw,,,,,,,Bw,Bb,Kb,Bw,Nw,Pb,Kw,Qb,Qw	darkGray	0
d99e2a99769c6cd7c6c7534213b42f3e	246	Qb,Qw,Nb,Rb,Kb,Qb,Nw,Qw,Kw,,,,,,,Nb,Bb,,,,,,,Pw,Nw,,,,,,,Kb,Pb,,,,,,,Bw,Kb,,,,,,,Nw,Bw,,,,,,,Rb,Qw,Kw,Qb,Nb,Rw,Kb,Qw,Bb	lightRed	0
d9ab230f73c825eca2366cf9a87ed421	3536	Rw,Rw,Nb,Qb,Kw,Rb,Nw,Nw,Kb,,,,,,,Pb,Rb,,,,,,,Qb,Nw,,,,,,,Nb,Qb,,,,,,,Rw,Kw,,,,,,,Kb,Rw,,,,,,,Qw,Rw,Kb,Qw,Nw,Pb,Kw,Qb,Rb	darkRed	0
d9b320c365f061f8fca6b22242a1d2fc	2056	Bw,Kb,Rb,Bb,Qw,Pb,Rw,Nb,Qw,,,,,,,Qb,Kb,,,,,,,Bw,Rb,,,Pw,Pw,,,Rb,Nw,,,Pw,Pw,,,Pw,Qb,,,,,,,Qw,Kw,,,,,,,Bb,Nb,Pb,Nw,Bb,Kw,Pw,Rb,Nw	lightGray	0
d9b8b0312dee3ae4835991fd53b06866	1444	Bb,Bw,Nb,Pw,Kw,Bb,Nw,Nw,Bb,,,,,,,Bb,Kw,,,,,,,Kw,Pw,,,,,,,Pb,Nb,,,,,,,Nw,Bw,,,,,,,Bw,Kb,,,,,,,Kb,Kb,Bw,Kb,Pb,Nw,Qb,Kw,Pb	darkRed	0
d9b94e47936425b16badbc5fa7939056	673	Pb,Pw,Nb,Bw,Kb,Pb,Nw,Nb,Bw,,,,,,,Kb,Rb,,,,,,,Qw,Pw,,,Pb,Pb,,,Nb,Qw,,,Pb,Pb,,,Rw,Bb,,,,,,,Kw,Rw,,,,,,,Qb,Rb,Rb,Nw,Qw,Kb,Rw,Nb,Qw	darkRed	0
d9baf33a53a93c3e1be8a19d197d6867	322	Kb,Nb,Pw,Kw,Bb,Nw,Rb,Nw,Qw,,,,,,,Nw,Kb,,,,,,,Pb,Rw,,,,,,,Kw,Nb,,,,,,,Bb,Qb,,,,,,,Nb,Pb,,,,,,,Pw,Nb,Nw,Qb,Kw,Rw,Nb,Bw,Kb	darkGray	0
d9ced9698673a103302ed8f48e360dd1	1385	Qb,Bb,Rw,Pb,Qb,Bw,Rb,Nb,Pb,,,,,,,Kb,Qb,,,,,,,Pb,Bw,,,,,,,Nw,Rb,,,,,,,Bb,Pw,,,,,,,Kw,Qw,,,,,,,Pw,Rb,Qb,Bw,Rw,Pb,Qw,Bb,Nb	lightRed	0
d9dca51e34e96938e6fc3208a121cc56	45	Nb,Qb,Nw,Rb,Kb,Qw,Nb,Rb,Nw,,,,,,,Qw,Rb,,,,,,,Pw,Kw,,,,,,,Rb,Qb,,,,,,,Bw,Nb,,,,,,,Kb,Rw,,,,,,,Pb,Rw,Rb,Bw,Qb,Pb,Nw,Bb,Nb	lightGray	0
d9e4f86c5b12b267ab88b5f0689f2ea5	705	Nw,Qw,Nb,Rw,Pb,Kb,Nw,Bb,Kw,,,,,,,Nb,Pw,,,,,,,Pw,Nw,,,Qw,Qw,,,Kw,Bb,,,Qw,Qw,,,Bb,Kb,,,,,,,Nw,Pb,,,,,,,Pb,Rw,Rw,Rw,Rw,Rw,Rw,Rw,Rw	lightGray	0
d9f084ace44440ef25da35060f20d1b2	3156	Pb,Nw,Qb,Pw,Rb,Bb,Qw,Rb,Rb,,,,,,,Qb,Nw,,,,,,,Pb,Qb,,,Pb,Pb,,,Rb,Kw,,,Pb,Pb,,,Bw,Rw,,,,,,,Qw,Bb,,,,,,,Pw,Qw,Qw,Kb,Pb,Nw,Bb,Kw,Rb	darkGray	0
da0f672be4442ec9fb855e1928fe7335	1233	Qb,Bw,Rb,Pw,Qw,Bb,Rw,Nb,Bw,,,,,,,Nb,Nb,,,,,,,Rw,Pw,,,,,,,Kw,Kw,,,,,,,Qb,Bb,,,,,,,Nw,Nw,,,,,,,Rb,Kw,Rb,Bw,Qb,Pb,Rw,Bb,Rb	darkGray	0
da114da1aedecbf2133fccf515bc39e8	1262	Pw,Qb,Kw,Rb,Nw,Qw,Kb,Bb,Rb,,,,,,,Qw,Bw,,,,,,,Bb,Qb,,,,,,,Rb,Pb,,,,,,,Pw,Rw,,,,,,,Qb,Bb,,,,,,,Bw,Pb,Qw,Nb,Rw,Kw,Qb,Nw,Qb	lightGray	0
da18fadac2cabc4a97faa7b601ec8326	2193	Bb,Kb,Qw,Nb,Rw,Kw,Qb,Bb,Bb,,,,,,,Nw,Qw,,,,,,,Pb,Pw,,,Rb,Rb,,,Kw,Rb,,,Rb,Rb,,,Bb,Bw,,,,,,,Nb,Qb,,,,,,,Pw,Rw,Bb,Nw,Pb,Kb,Bw,Nb,Nw	lightGray	1
da1c1b9c393ab365a2c0c3cbb71e5b36	1732	Nb,Bw,Qb,Pw,Rb,Bb,Qw,Pb,Nb,,,,,,,Nb,Qw,,,,,,,Pw,Kb,,,Kb,Kb,,,Qb,Rb,,,Kb,Kb,,,Bw,Nw,,,,,,,Nw,Qb,,,,,,,Pb,Nw,Kw,Qb,Nb,Rw,Kb,Bw,Qb	lightGray	0
da204792a3dc30acfda9be8691483e63	804	Pb,Bw,Nb,Pb,Kb,Bb,Nw,Kw,Nw,,,,,,,Rw,Rb,,,,,,,Pb,Kb,,,,,,,Qw,Qw,,,,,,,Bb,Nb,,,,,,,Rb,Rw,,,,,,,Pw,Qw,Pw,Kw,Bw,Nb,Pb,Kb,Qb	lightGray	0
da377f188cb74cd39d9777ab8f7cf8dc	2621	Nb,Qb,Kw,Rw,Nb,Qw,Kb,Pb,Kw,,,,,,,Bb,Pw,,,,,,,Qw,Nb,,,,,,,Pw,Bw,,,,,,,Rb,Kb,,,,,,,Bw,Pb,,,,,,,Qb,Kb,Qw,Bb,Rw,Pb,Qb,Bw,Qw	lightGray	0
da3868b667e80a7772ea3930ef871948	364	Bb,Pw,Qw,Bb,Rw,Pb,Kb,Nw,Pw,,,,,,,Bb,Kw,,,,,,,Kw,Bb,,,Rb,Rb,,,Pw,Nw,,,Rb,Rb,,,Nb,Pb,,,,,,,Bw,Kb,,,,,,,Qb,Nw,Qw,Bb,Nw,Rb,Kb,Bw,Pw	darkRed	1
da39435a0b7d18442fb7a9af78859f81	3283	Bw,Rb,Pw,Qb,Bw,Rw,Pb,Bw,Qb,,,,,,,Nb,Nw,,,,,,,Bw,Pw,,,Kb,Kb,,,Kw,Kw,,,Kb,Kb,,,Pw,Bw,,,,,,,Nw,Nb,,,,,,,Bb,Nw,Pw,Qw,Bw,Rb,Pb,Qb,Kw	darkGray	0
da3e20fd2d71582a082011dc4778bbaa	1895	Nb,Bw,Nb,Pw,Kw,Bb,Nw,Qw,Kb,,,,,,,Pw,Rb,,,,,,,Rb,Nb,,,Nw,Nw,,,Bw,Qw,,,Nw,Nw,,,Qb,Kw,,,,,,,Pb,Rw,,,,,,,Rw,Nb,Pb,Qb,Bb,Rw,Pw,Qw,Bw	darkRed	0
da474e29b8c6e9c0b6335b0932804bc5	3794	Qb,Pw,Kw,Bw,Nb,Pb,Kb,Pb,Qb,,,,,,,Qb,Bw,,,,,,,Bw,Rb,,,Kb,Kb,,,Rw,Pw,,,Kb,Kb,,,Pb,Qw,,,,,,,Qw,Bb,,,,,,,Nb,Bb,Bw,Qb,Kw,Rw,Nb,Qw,Qb	darkRed	0
da48ea5b4118fd54a88d8b9a34658088	2398	Kb,Rw,Bb,Qw,Kb,Rb,Pw,Pb,Rw,,,,,,,Rb,Nb,,,,,,,Bw,Qb,,,Pb,Pb,,,Kw,Kw,,,Pb,Pb,,,Pw,Rb,,,,,,,Rw,Pw,,,,,,,Bb,Pw,Pw,Rb,Kb,Qw,Nb,Rw,Kw	darkGray	0
da69d82a2c2d5ddd1631afe73d8f97b2	2317	Qb,Rw,Nb,Qb,Kw,Rb,Nw,Rw,Pb,,,,,,,Pb,Rw,,,,,,,Nw,Bb,,,,,,,Bb,Qw,,,,,,,Qw,Pw,,,,,,,Pw,Rb,,,,,,,Rb,Qw,Kw,Qb,Nw,Rb,Kb,Qw,Pw	darkGray	0
da9ab8d64b3e3ff20eb18869d7053dcc	2388	Qw,Bw,Qb,Pw,Rb,Bb,Qw,Qw,Rw,,,,,,,Bw,Nb,,,,,,,Kb,Qw,,,,,,,Pw,Kb,,,,,,,Nb,Rb,,,,,,,Bb,Nw,,,,,,,Kw,Rw,Rw,Rw,Rw,Rw,Rw,Rw,Rw	lightGray	0
daa4a2914e5ab5493d723fbe95f00d7e	3984	Bw,Nb,Pw,Kb,Bw,Nw,Pb,Qw,Qb,,,,,,,Bw,Kw,,,,,,,Nb,Rb,,,,,,,Pw,Nw,,,,,,,Kw,Bw,,,,,,,Qb,Kb,,,,,,,Nw,Rw,Pw,Kw,Qb,Nw,Pb,Kb,Nw	lightRed	0
daa70d3ee69190c96368f10ff1578dd3	1134	Pb,Rw,Pb,Qb,Bw,Rb,Kb,Pw,Bb,,,,,,,Rb,Rw,,,,,,,Kb,Pb,,,,,,,Qb,Qb,,,,,,,Nw,Bw,,,,,,,Rw,Rb,,,,,,,Kw,Kw,Qw,Kb,Rw,Nb,Qb,Kw,Rw	darkGray	0
daad40f39428efaee51268903fcaf8d0	1695	Pb,Nw,Bb,Kw,Pw,Nb,Bw,Kw,Kw,,,,,,,Kw,Rw,,,,,,,Rw,Bw,,,,,,,Bw,Qb,,,,,,,Qb,Pw,,,,,,,Kb,Rb,,,,,,,Rb,Nw,Pw,Rb,Bb,Qw,Pb,Rw,Kw	darkRed	0
dab9d56027e13f951e2b5bd4ab439a08	4001	Nw,Nw,Pb,Kb,Bw,Nb,Pw,Pw,Bb,,,,,,,Kw,Nw,,,,,,,Qb,Pw,,,Rb,Rb,,,Nb,Kw,,,Rb,Rb,,,Rw,Bw,,,,,,,Kb,Nb,,,,,,,Qw,Nb,Pw,Rb,Bb,Qw,Pb,Nw,Rb	darkGray	1
dacf5b0f8844beb34659a8058a239952	202	Rw,Nw,Qb,Kb,Rb,Nb,Qw,Rw,Rb,,,,,,,Nb,Bw,,,,,,,Rw,Qw,,,Nb,Nb,,,Kw,Pw,,,Nb,Nb,,,Qb,Rw,,,,,,,Nw,Bb,,,,,,,Rb,Kb,Rb,Nw,Qb,Kw,Rw,Nb,Rw	darkRed	0
dad491a3af9e028cb074143178c790af	1513	Rb,Kb,Bw,Nw,Pb,Kb,Qb,Pw,Qw,,,,,,,Nw,Bb,,,,,,,Rb,Rb,,,Pb,Pb,,,Kw,Pw,,,Pb,Pb,,,Qb,Qb,,,,,,,Nb,Bw,,,,,,,Rw,Pw,Rb,Kb,Qw,Bb,Rw,Kw,Nb	darkRed	0
dae36a745e1248671a61f2b42e83e9ff	3702	Kb,Nw,Rb,Kw,Qb,Nb,Rw,Qb,Qb,,,,,,,Pb,Kw,,,,,,,Nw,Rw,,,Nb,Nb,,,Bb,Nb,,,Nb,Nb,,,Kw,Qw,,,,,,,Rw,Kb,,,,,,,Nb,Nw,Rw,Nb,Qb,Kw,Pb,Nw,Kb	darkGray	0
daeea0ad33a192084c8e60d9daf121c0	1485	Qw,Pw,Qw,Bb,Rw,Pb,Qb,Pw,Qw,,,,,,,Pb,Pw,,,,,,,Rw,Rb,,,,,,,Bw,Bw,,,,,,,Qb,Qb,,,,,,,Pw,Pb,,,,,,,Rb,Qb,Qw,Bb,Rb,Pw,Qb,Bw,Qb	darkRed	0
daf466ff66e6bdc5a24dace0103a0a2e	2069	Nb,Bb,Qw,Pw,Rb,Bw,Qb,Nw,Bb,,,,,,,Pb,Rw,,,,,,,Nw,Pb,,,,,,,Bb,Qb,,,,,,,Kw,Bw,,,,,,,Pw,Rb,,,,,,,Nb,Pb,Bw,Nb,Pb,Kb,Bb,Nw,Rb	darkGray	0
dafe4d1b99b69cd1aa3b3af6e040d787	3181	Nb,Kw,Rw,Nw,Qb,Kb,Rb,Rb,Nw,,,,,,,Pb,Kb,,,,,,,Rw,Kw,,,,,,,Bb,Pw,,,,,,,Qw,Nb,,,,,,,Pw,Bw,,,,,,,Rb,Rb,Kb,Qw,Nw,Rb,Kw,Qb,Bw	lightRed	0
db013c661bfcf111ff97a78eaa05495c	3281	Rw,Qw,Pw,Rb,Bw,Qb,Pb,Pb,Rw,,,,,,,Bw,Rw,,,,,,,Qb,Rw,,,Nb,Nb,,,Pb,Rw,,,Nb,Nb,,,Rw,Rw,,,,,,,Nb,Rw,,,,,,,Qw,Rw,Qw,Kb,Rb,Nw,Qb,Kw,Kb	lightGray	0
db09d05c7a43c73dc218dd36cdee1edd	684	Kb,Nw,Rb,Kw,Qb,Nb,Rw,Rb,Kw,,,,,,,Nw,Pw,,,,,,,Qb,Nb,,,,,,,Kb,Bw,,,,,,,Rb,Kb,,,,,,,Nb,Pb,,,,,,,Qw,Kw,Nb,Pw,Kb,Bw,Nw,Pb,Qw	darkRed	0
db1712ddefd0c20b86e37239094aa46f	2260	Pb,Kw,Pw,Nw,Bb,Kb,Pb,Nb,Rw,,,,,,,Rw,Kw,,,,,,,Bb,Bw,,,,,,,Qb,Nb,,,,,,,Pb,Rb,,,,,,,Rb,Kb,,,,,,,Bw,Kw,Bw,Nb,Pw,Kw,Bb,Nw,Nw	lightGray	0
db1a50ca388bce4ab242023c2b9211af	722	Rw,Nw,Rb,Qb,Qw,Nb,Rw,Nb,Nw,,,,,,,Qw,Pb,,,,,,,Qb,Qb,,,Bb,Bb,,,Nw,Bw,,,Bb,Bb,,,Rb,Nb,,,,,,,Pw,Pw,,,,,,,Qw,Pw,Qb,Qw,Nw,Rb,Qw,Qb,Qb	lightRed	0
db1cf85d3438638039e15f6cd25c63d1	3774	Kb,Bw,Qb,Pb,Rw,Bb,Qw,Kb,Rw,,,,,,,Qw,Pb,,,,,,,Kb,Qb,,,Pb,Pb,,,Rw,Bw,,,Pb,Pb,,,Nb,Rb,,,,,,,Kb,Pw,,,,,,,Kw,Nb,Qw,Pw,Rw,Bb,Qb,Pb,Qb	lightGray	0
db33439f47847655397dd48b2fd11cce	2424	Qw,Nw,Bb,Kw,Pw,Nb,Bw,Kb,Rb,,,,,,,Pw,Bw,,,,,,,Nb,Qw,,,,,,,Bb,Pw,,,,,,,Kw,Rw,,,,,,,Pb,Bb,,,,,,,Nw,Bw,Pb,Rw,Bw,Qb,Pw,Nb,Kb	lightRed	0
db3378098a1785d842692c1bdab9faa9	3203	Bw,Kb,Qw,Nb,Rw,Kw,Qb,Pw,Rw,,,,,,,Rw,Pb,,,,,,,Pb,Qw,,,,,,,Qb,Bb,,,,,,,Bw,Rb,,,,,,,Rb,Pw,,,,,,,Pw,Bb,Rw,Pb,Qb,Bw,Nb,Pw,Nw	lightRed	0
db4752e78a652a1c8cd9488ab61e0dea	922	Kb,Nw,Bb,Kb,Pb,Nb,Bw,Pw,Bw,,,,,,,Rb,Qb,,,,,,,Bw,Pw,,,Bw,Bw,,,Qw,Nb,,,Bw,Bw,,,Pw,Bb,,,,,,,Rw,Kw,,,,,,,Bb,Qb,Kb,Rb,Nb,Qw,Kw,Rw,Qw	darkGray	0
db49badd36256fd2af42f8a2bca82e8d	2986	Qw,Bw,Qb,Pw,Rb,Bb,Qw,Kw,Qw,,,,,,,Nb,Kb,,,,,,,Bw,Rw,,,Rw,Rw,,,Qb,Nb,,,Rw,Rw,,,Pb,Qb,,,,,,,Nw,Kw,,,,,,,Bb,Nb,Bb,Kw,Pb,Nw,Bw,Qb,Kw	lightGray	0
db4cfea9b5fe79cb256ceb3a5992e197	2763	Pw,Pw,Rb,Bw,Qb,Pb,Rw,Pw,Kb,,,,,,,Kw,Rb,,,,,,,Rw,Nb,,,Nb,Nb,,,Nw,Qw,,,Nb,Nb,,,Qb,Kw,,,,,,,Kb,Pw,,,,,,,Rb,Pb,Pb,Rw,Bb,Qw,Pw,Rb,Nb	lightRed	0
db4e18d72d0a0400753a328688230c89	2122	Kw,Rw,Nb,Qw,Kb,Rb,Nw,Kb,Bb,,,,,,,Rw,Rw,,,,,,,Pb,Pb,,,,,,,Qw,Qb,,,,,,,Bb,Bw,,,,,,,Rb,Rb,,,,,,,Pw,Pb,Bb,Kw,Pb,Nw,Bw,Kb,Nw	darkGray	0
db550c74e3ff236648efb4e0cdab2b74	3081	Bw,Nb,Rw,Pb,Qb,Nw,Rb,Bb,Pw,,,,,,,Pb,Nb,,,,,,,Rw,Bw,,,Qw,Qw,,,Bw,Kb,,,Qw,Qw,,,Qb,Pb,,,,,,,Pw,Nw,,,,,,,Rb,Rw,Kb,Bw,Nb,Pw,Kw,Qb,Nw	lightGray	0
db5cfbf35345bb13b52b2a5087dc7d15	999	Bw,Nb,Bw,Kw,Pw,Nw,Bb,Pb,Kb,,,,,,,Nb,Bw,,,,,,,Bw,Nw,,,Nw,Nw,,,Kw,Pb,,,Nw,Nw,,,Pw,Kw,,,,,,,Nw,Bb,,,,,,,Bb,Pw,Bb,Qw,Kb,Rb,Bw,Qb,Bw	lightRed	0
db60159585b126da4b34d4df9aa55dc8	3570	Kw,Kw,Rw,Nb,Qw,Kb,Rb,Kw,Kw,,,,,,,Rb,Bb,,,,,,,Bw,Rb,,,,,,,Qb,Pw,,,,,,,Pb,Kb,,,,,,,Rw,Bw,,,,,,,Bw,Kw,Qw,Bb,Rb,Pw,Qb,Bw,Nb	lightRed	0
db6b05511725c1a3a52c3288c1ac778a	1100	Rb,Qb,Pb,Rb,Bw,Qw,Pw,Kw,Rb,,,,,,,Qw,Bw,,,,,,,Pw,Qw,,,,,,,Rw,Pw,,,,,,,Bw,Rw,,,,,,,Qw,Bb,,,,,,,Pb,Qw,Kw,Bb,Nb,Pw,Kb,Bw,Kb	lightGray	0
db7a5ed62444dae964fedd2ed2832c0a	816	Qb,Rb,Bw,Qw,Pw,Rw,Bb,Kw,Kb,,,,,,,Bw,Bw,,,,,,,Nb,Nw,,,,,,,Pb,Pb,,,,,,,Kb,Kw,,,,,,,Bb,Bb,,,,,,,Nw,Nb,Pb,Rw,Bw,Qb,Pw,Rb,Nb	lightGray	0
db80940b25b079b579d362775c99ee6c	1877	Pb,Rw,Kw,Qb,Nw,Rb,Kb,Rb,Rw,,,,,,,Nb,Bb,,,,,,,Rw,Qb,,,Pb,Pb,,,Kw,Pb,,,Pb,Pb,,,Qb,Rb,,,,,,,Nw,Bw,,,,,,,Rb,Rw,Nw,Bb,Kw,Pw,Nb,Bw,Bw	darkGray	0
db8217cdb207a80c42278eb6648799fd	2998	Pw,Nb,Bw,Kb,Pb,Nw,Bb,Kw,Nb,,,,,,,Kb,Bw,,,,,,,Kw,Kw,,,Qb,Qb,,,Nb,Pw,,,Qb,Qb,,,Rw,Nw,,,,,,,Kw,Bb,,,,,,,Qb,Qw,Nb,Pw,Kw,Bb,Nw,Pb,Qb	darkRed	0
db8891d08f269fd4bffc14376fc10f37	474	Qb,Kw,Pw,Nw,Bb,Kb,Pb,Bb,Qw,,,,,,,Pb,Kb,,,,,,,Nw,Rb,,,Nw,Nw,,,Bb,Nw,,,Nw,Nw,,,Kw,Qb,,,,,,,Pw,Kw,,,,,,,Nb,Bb,Rw,Nb,Qb,Kw,Rb,Bw,Pw	lightRed	0
db9c6b35538c2c7a5568bf3d2f97c115	1577	Rw,Rw,Pb,Qw,Nb,Rb,Kb,Pw,Rw,,,,,,,Pw,Rw,,,,,,,Nb,Rw,,,Bb,Bb,,,Bb,Rw,,,Bb,Bb,,,Kw,Rw,,,,,,,Pb,Rw,,,,,,,Nw,Rw,Qb,Pb,Rb,Bw,Qw,Kb,Bb	darkGray	0
db9d22146188f4b7c95042a8eddaf244	177	Rb,Bb,Rw,Kb,Qw,Bw,Rb,Qw,Kb,,,,,,,Kw,Qw,,,,,,,Qb,Nb,,,Bb,Bb,,,Bw,Rw,,,Bb,Bb,,,Rb,Kw,,,,,,,Pw,Qb,,,,,,,Qw,Kb,Pw,Nb,Bb,Kw,Pb,Nw,Pw	lightGray	1
dbab6c096b252653acfb51a34e705cf1	2570	Qw,Rb,Pw,Qb,Bw,Rw,Pb,Rb,Bb,,,,,,,Pw,Kw,,,,,,,Qw,Pw,,,,,,,Bw,Nb,,,,,,,Rb,Bw,,,,,,,Pb,Kb,,,,,,,Qb,Kw,Kb,Pb,Nb,Bw,Kw,Pw,Qw	lightRed	0
dbb520ee5e197f95ab2924d7489ec825	4028	Bw,Pw,Qw,Bw,Rb,Pb,Qb,Rb,Qb,,,,,,,Bw,Nw,,,,,,,Nb,Rw,,,,,,,Pb,Kw,,,,,,,Kb,Qw,,,,,,,Bb,Nb,,,,,,,Nw,Kw,Bw,Qb,Pb,Rw,Bb,Qw,Nw	lightRed	0
dbc6eae2a59bf2469fcddc9d8b00afc0	2048	Rw,Kw,Bb,Rb,Pw,Qb,Bw,Pw,Nb,,,,,,,Qw,Pw,,,,,,,Pw,Kw,,,,,,,Rb,Bb,,,,,,,Bw,Nw,,,,,,,Qb,Pb,,,,,,,Pb,Kb,Nb,Bw,Kb,Pb,Nw,Bb,Nw	lightGray	0
dbc81b5438dff7905688d47958c85377	476	Pb,Qb,Bw,Rb,Pw,Qw,Bb,Nb,Pw,,,,,,,Kb,Kw,,,,,,,Nb,Bb,,,Qb,Qb,,,Rb,Nw,,,Qb,Qb,,,Kb,Pb,,,,,,,Kw,Kb,,,,,,,Nb,Pw,Bw,Rb,Pb,Qb,Bb,Rw,Bw	lightGray	0
dbd8789584312a57dfbbc648e836d729	2044	Nw,Qw,Bb,Rb,Pw,Kb,Bw,Kw,Kb,,,,,,,Rw,Bw,,,,,,,Kw,Nb,,,,,,,Qw,Pw,,,,,,,Nb,Kw,,,,,,,Rb,Bb,,,,,,,Kb,Pw,Bw,Qb,Pw,Nb,Bb,Kw,Rw	darkRed	0
dbf6fe36866c1ddb636f363edfc1d88f	594	Rb,Kw,Bb,Nb,Pw,Qb,Bw,Qb,Rb,,,,,,,Nb,Bw,,,,,,,Bw,Qb,,,Nb,Nb,,,Kb,Pb,,,Nb,Nb,,,Pb,Rw,,,,,,,Nw,Bb,,,,,,,Bb,Nw,Qb,Bw,Rw,Pb,Qw,Bb,Nb	darkRed	1
dbfb9de99c27a591148a48d055763786	4031	Pw,Nw,Bb,Kw,Pw,Nb,Qw,Rb,Qb,,,,,,,Kb,Pb,,,,,,,Qw,Rb,,,Qw,Qw,,,Nb,Bw,,,Qw,Qw,,,Rw,Qw,,,,,,,Kw,Pw,,,,,,,Qb,Pw,Bb,Rw,Pw,Qw,Bw,Rb,Kb	darkGray	0
dc1702c4ec9b2666eaaafe5e65c5a47b	3492	Kb,Rb,Nw,Qw,Kb,Rw,Nb,Pb,Qb,,,,,,,Kw,Nw,,,,,,,Bb,Rb,,,,,,,Nw,Kb,,,,,,,Rb,Qw,,,,,,,Kb,Nb,,,,,,,Bw,Qw,Bb,Nw,Pb,Kb,Bw,Rb,Bb	darkGray	0
dc21416a82ae5b476defe7c40c1330d7	1697	Nb,Qw,Bb,Rb,Pw,Qb,Bw,Nb,Rb,,,,,,,Pw,Nw,,,,,,,Kw,Qb,,,Rb,Rb,,,Bb,Kw,,,Rb,Rb,,,Nw,Rw,,,,,,,Pb,Bb,,,,,,,Kb,Nw,Pw,Qw,Bw,Rb,Pb,Qb,Pb	darkGray	0
dc23f24061adc1b583ab5a756e8e0717	2430	Bw,Nb,Qw,Kb,Rb,Nw,Qb,Rw,Qw,,,,,,,Pw,Bb,,,,,,,Nb,Rb,,,,,,,Bb,Pw,,,,,,,Kw,Qb,,,,,,,Pb,Bw,,,,,,,Rw,Nb,Bb,Qw,Pw,Rb,Bw,Qb,Bw	darkRed	1
dc2e7ee68fc494e34cc47c241ea9c2b6	4000	Pw,Nb,Rw,Kw,Qb,Nw,Rb,Rw,Rw,,,,,,,Pw,Pb,,,,,,,Kw,Qw,,,,,,,Bb,Bb,,,,,,,Nw,Rb,,,,,,,Pb,Pw,,,,,,,Kb,Pw,Bb,Qw,Pw,Rb,Bw,Qb,Qb	lightRed	0
dc426c126d793f2b3b3a200c5440a152	1034	Kb,Pb,Nw,Bb,Kw,Pw,Nb,Nb,Nw,,,,,,,Kb,Bb,,,,,,,Bw,Kb,,,,,,,Nb,Pb,,,,,,,Pw,Nb,,,,,,,Qw,Qw,,,,,,,Bb,Qw,Qb,Nw,Rb,Kb,Bw,Nb,Kw	darkRed	0
dc438c98408daa0f752202ee98452ffd	1426	Bb,Pb,Rw,Bb,Qw,Pw,Nb,Qb,Bb,,,,,,,Pw,Rw,,,,,,,Nb,Pw,,,Nb,Nb,,,Bb,Qw,,,Nb,Nb,,,Kw,Bw,,,,,,,Pb,Rb,,,,,,,Nw,Kb,Bb,Qw,Pb,Rw,Nw,Qb,Qb	lightGray	0
dc5e61deffae990b710d7e78b816bf2b	2781	Pb,Pb,Kb,Bw,Nb,Pw,Kw,Nw,Rb,,,,,,,Bw,Bw,,,,,,,Qb,Qb,,,Nb,Nb,,,Pb,Pb,,,Nb,Nb,,,Rw,Rw,,,,,,,Bb,Bb,,,,,,,Qw,Nb,Rb,Bw,Qb,Kw,Rw,Bb,Bb	lightGray	0
dc6fcd54905996cb7e8c40888f9edf98	2976	Rw,Rw,Pb,Qw,Nb,Rb,Pw,Bw,Kw,,,,,,,Bw,Qb,,,,,,,Qb,Nw,,,,,,,Pb,Rb,,,,,,,Rw,Kb,,,,,,,Bb,Qw,,,,,,,Qw,Kw,Pw,Qw,Bw,Rb,Pb,Qb,Bw	lightGray	0
dc7b9b890b0af1c208b7b52a5058512c	3115	Kw,Nb,Bw,Kb,Pb,Nw,Bb,Nb,Qb,,,,,,,Qb,Kw,,,,,,,Nw,Rb,,,,,,,Rb,Nw,,,,,,,Kb,Qw,,,,,,,Qw,Kb,,,,,,,Nb,Pw,Qw,Kb,Rb,Nw,Qb,Kw,Pw	lightRed	0
dc83820b357e0eabaeddfcd4e59e365d	264	Bw,Qb,Kw,Rb,Nw,Qw,Kb,Qw,Qb,,,,,,,Nb,Bw,,,,,,,Qw,Rw,,,,,,,Kb,Pb,,,,,,,Rb,Qw,,,,,,,Nw,Bb,,,,,,,Qb,Nw,Kb,Rb,Bb,Qw,Kw,Rw,Kw	lightGray	0
dc9783dc03c07a35d03ff1de5a3d0f33	2845	Qw,Bb,Kw,Pw,Nb,Bw,Kb,Kw,Qw,,,,,,,Pb,Kb,,,,,,,Rw,Rw,,,,,,,Bw,Bb,,,,,,,Qb,Qb,,,,,,,Pw,Pb,,,,,,,Rb,Bw,Kw,Bb,Rb,Pw,Qb,Bw,Nw	lightRed	0
dc97a3f44aa766713403d70281fe55f8	2770	Nb,Nw,Bb,Kb,Pb,Nb,Bw,Pb,Qb,,,,,,,Rw,Nw,,,,,,,Bb,Rb,,,,,,,Qb,Kb,,,,,,,Pb,Qw,,,,,,,Rb,Nb,,,,,,,Bw,Bw,Qb,Kw,Rb,Nw,Bw,Kb,Kb	lightGray	0
dc9d390455ae5628d3de95d8ed163a48	2335	Nb,Qb,Nw,Rb,Kb,Bw,Nb,Nw,Nw,,,,,,,Nb,Rb,,,,,,,Qw,Kb,,,Nw,Nw,,,Kb,Qw,,,Nw,Nw,,,Rb,Nb,,,,,,,Nw,Rw,,,,,,,Qb,Pb,Pw,Rb,Bw,Qb,Pb,Rw,Qb	darkGray	0
dcbf0f5420c969e8e7bbb6e51b478286	2692	Rw,Rw,Rw,Rw,Rw,Rw,Rw,Rw,Rw,,,,,,,Pb,Rw,,,,,,,Kb,Rw,,,Pb,Pb,,,Bw,Rw,,,Pb,Pb,,,Nb,Rw,,,,,,,Rw,Rw,,,,,,,Kw,Rw,Pb,Qb,Bw,Rb,Pw,Qw,Nb	lightGray	0
dccebc48e246f392e1783ca4de876ff4	1211	Bw,Qw,Nb,Rw,Kw,Qb,Nw,Qw,Nw,,,,,,,Bb,Qb,,,,,,,Rw,Kb,,,Pw,Pw,,,Pw,Rb,,,Pw,Pw,,,Qw,Nb,,,,,,,Bw,Qw,,,,,,,Rb,Pb,Qw,Nb,Rb,Kb,Qb,Nw,Kb	lightGray	0
dcd54779022493138dece79b0124f326	3310	Bb,Rb,Kb,Qw,Nb,Rw,Kw,Rb,Rw,,,,,,,Kw,Kw,,,,,,,Bb,Qw,,,,,,,Nb,Nb,,,,,,,Pw,Rb,,,,,,,Kb,Pw,,,,,,,Bw,Bw,Nb,Rw,Kw,Qb,Nw,Rb,Kb	lightRed	0
dcda2c8bd93fae5dacdea43e1482dc2f	611	Pb,Rb,Nw,Qb,Kw,Rw,Bb,Bw,Nb,,,,,,,Qw,Pw,,,,,,,Kb,Kb,,,,,,,Rb,Bw,,,,,,,Nw,Nw,,,,,,,Qb,Pb,,,,,,,Kw,Bw,Nb,Bw,Kw,Pw,Nw,Bb,Bw	darkGray	1
dcdaabdaadf426fe1c601691245a8503	749	Qb,Rw,Bb,Kb,Pb,Rb,Bw,Bb,Rb,,,,,,,Rw,Pw,,,,,,,Pb,Qw,,,Rb,Rb,,,Qb,Bb,,,Rb,Rb,,,Bw,Rw,,,,,,,Rb,Pb,,,,,,,Kb,Rb,Kb,Bw,Nw,Pb,Kw,Bb,Rw	lightRed	0
dce7522f293e5b21e7f1fdafa292f19a	2590	Bw,Bw,Rb,Pb,Qb,Bb,Nw,Qb,Kb,,,,,,,Pb,Qw,,,,,,,Nw,Nb,,,Pw,Pw,,,Bb,Rw,,,Pw,Pw,,,Kw,Pb,,,,,,,Pw,Qb,,,,,,,Nb,Pb,Rb,Kb,Bb,Nw,Rw,Kw,Kb	lightGray	0
dcebf8d67b3231dae41534efd99e8064	2139	Qb,Bb,Nw,Pb,Kb,Bw,Nb,Nw,Qb,,,,,,,Qb,Pb,,,,,,,Kw,Rb,,,,,,,Rb,Bw,,,,,,,Nw,Qw,,,,,,,Qw,Pw,,,,,,,Pw,Nw,Nw,Qb,Kw,Rw,Nb,Qw,Kw	darkRed	0
dcfdade435ff34b72ff00697ec1087d1	3358	Bb,Kw,Pw,Nb,Bw,Kb,Pb,Bb,Pw,,,,,,,Pw,Nb,,,,,,,Nb,Bw,,,Qw,Qw,,,Bw,Kb,,,Qw,Qw,,,Kb,Pb,,,,,,,Pb,Nw,,,,,,,Nw,Rw,Bb,Nw,Pw,Kw,Bw,Nb,Kw	lightRed	0
dd0743a1c876648fcc24dc8f8d0dd85d	3719	Rw,Qb,Nw,Rb,Pw,Qw,Nb,Qw,Rw,,,,,,,Bw,Rw,,,,,,,Qb,Rw,,,,,,,Pb,Rw,,,,,,,Rw,Rw,,,,,,,Bb,Rw,,,,,,,Qw,Rw,Nw,Pb,Kb,Bw,Nb,Pw,Bb	darkGray	0
dd08ca5069c219a10e6abf847cbe4d3e	3412	Bw,Bb,Nw,Pb,Kb,Bw,Rb,Bw,Nb,,,,,,,Qb,Rw,,,,,,,Pb,Kb,,,,,,,Rb,Qw,,,,,,,Bw,Bw,,,,,,,Qw,Rb,,,,,,,Pw,Nb,Nw,Rb,Kw,Qb,Bb,Rw,Rb	lightGray	0
dd13b115e94f7885a7199913e8d91d81	1324	Qb,Pb,Qb,Bb,Rw,Pw,Qw,Bb,Pw,,,,,,,Pb,Rb,,,,,,,Qb,Bb,,,Pw,Pw,,,Bw,Qw,,,Pw,Pw,,,Rb,Pb,,,,,,,Pw,Nw,,,,,,,Qw,Pb,Nb,Rw,Kw,Qb,Nw,Rb,Nw	darkGray	0
dd1c2488abe7f58521b306bec431b592	1722	Pb,Nw,Pb,Kw,Bb,Nb,Pw,Kb,Nw,,,,,,,Bb,Bb,,,,,,,Qw,Kw,,,Nb,Nb,,,Pb,Pw,,,Nb,Nb,,,Rw,Nb,,,,,,,Bw,Bw,,,,,,,Qb,Rb,Nw,Qb,Kw,Rw,Nb,Qw,Bw	darkRed	0
dd25eddcd3310fc97bae1928e6823a40	755	Qw,Bb,Rw,Pb,Qb,Bw,Rb,Qw,Nw,,,,,,,Pb,Bb,,,,,,,Nw,Kw,,,Pb,Pb,,,Bb,Pw,,,Pb,Pb,,,Kw,Nb,,,,,,,Pw,Bw,,,,,,,Nb,Pw,Rw,Pb,Qw,Bb,Rb,Pw,Rw	darkGray	0
dd5d3c114b683dab7ea8dbc7aef3497d	2263	Rw,Rw,Rw,Rw,Rw,Rw,Rw,Rw,Qb,,,,,,,Rb,Pb,,,,,,,Bw,Rw,,,Pb,Pb,,,Qb,Bb,,,Pb,Pb,,,Pb,Kw,,,,,,,Nw,Pw,,,,,,,Bb,Kb,Rw,Bb,Qb,Pb,Rb,Bw,Rb	darkGray	0
dd5e1a3dea4803331f180bec48eff002	1347	Nw,Nb,Rw,Kb,Qw,Nw,Rb,Qb,Pb,,,,,,,Bw,Kb,,,,,,,Qb,Bw,,,Nw,Nw,,,Pw,Nb,,,Nw,Nw,,,Nb,Pw,,,,,,,Bb,Kw,,,,,,,Qw,Bw,Nb,Qw,Kw,Rw,Nw,Qb,Pb	lightGray	0
dd6091f04148423869f40340d1f4b8dd	2028	Qb,Pw,Kw,Bb,Nw,Pb,Kb,Kw,Nw,,,,,,,Pw,Bb,,,,,,,Nb,Kb,,,Pw,Pw,,,Bw,Pb,,,Pw,Pw,,,Kb,Nb,,,,,,,Kb,Bw,,,,,,,Nw,Bb,Bb,Nw,Pb,Kb,Bw,Rb,Rw	darkRed	0
dd6d883171703cd4f3e4522760a8ab45	2012	Qb,Kw,Bb,Nw,Pb,Qb,Bw,Kw,Nw,,,,,,,Bw,Qb,,,,,,,Rb,Kb,,,Qb,Qb,,,Pw,Rb,,,Qb,Qb,,,Qw,Nb,,,,,,,Bb,Bw,,,,,,,Rw,Rw,Rb,Pw,Qw,Bb,Rw,Pb,Nw	lightRed	0
dd7f7f929d02b79612d6c27c7e61bbcd	2862	Pw,Bw,Rb,Pw,Qw,Bb,Rw,Bw,Qb,,,,,,,Qw,Kw,,,,,,,Pw,Rb,,,Pw,Pw,,,Nw,Nw,,,Pw,Pw,,,Bb,Qw,,,,,,,Kb,Kb,,,,,,,Pb,Pb,Bw,Qb,Pw,Rb,Bb,Qw,Bb	darkRed	0
dd86fe135bc6caff8c8ff55547063bc4	1062	Bw,Bw,Kb,Pw,Nb,Bb,Kw,Pw,Bw,,,,,,,Rw,Qb,,,,,,,Nb,Pw,,,Rb,Rb,,,Qb,Rb,,,Rb,Rb,,,Kw,Bb,,,,,,,Rb,Qw,,,,,,,Nw,Qb,Pw,Rb,Bb,Qw,Kw,Rw,Pb	darkGray	0
dd87e4a5cbe23bab7425dc6c800fb984	3014	Pw,Rw,Pb,Qb,Bw,Rb,Pw,Nb,Rw,,,,,,,Bb,Pb,,,,,,,Kw,Qw,,,,,,,Pw,Nb,,,,,,,Nb,Rb,,,,,,,Bw,Pw,,,,,,,Kb,Rb,Pb,Nw,Bb,Kw,Pw,Nb,Rw	lightRed	0
dd9e9e9ff60ba51ae0cabf9ad17a4032	384	Nw,Rb,Kb,Qw,Nb,Rw,Kw,Rb,Kw,,,,,,,Qw,Rw,,,,,,,Nb,Nb,,,Rb,Rb,,,Rb,Bw,,,Rb,Rb,,,Kb,Kb,,,,,,,Qb,Pb,,,,,,,Nw,Qw,Qb,Pb,Rw,Nb,Qw,Kb,Qw	darkGray	0
dda1ee33b2017e3e5861955fe0f90f43	1359	Bb,Kw,Pw,Rb,Bw,Qb,Pb,Pw,Nb,,,,,,,Pw,Bw,,,,,,,Rb,Kb,,,Pb,Pb,,,Bb,Pb,,,Pb,Pb,,,Qw,Nw,,,,,,,Pb,Bb,,,,,,,Rw,Nb,Nw,Bb,Kb,Pb,Nb,Bw,Pb	darkGray	0
dda407d658b9e7e01ae53ae01bd00eef	3006	Qb,Qw,Pw,Rw,Bb,Qb,Pb,Nw,Pw,,,,,,,Kw,Kw,,,,,,,Rw,Bb,,,,,,,Nb,Nw,,,,,,,Qw,Pb,,,,,,,Kb,Kb,,,,,,,Rb,Qw,Nw,Rb,Kb,Qw,Nb,Rw,Qw	darkGray	0
ddb2213be2707454fa81120b084bd089	1460	Pw,Nb,Pw,Kw,Bb,Rw,Pb,Pw,Bw,,,,,,,Rb,Qb,,,,,,,Pw,Pw,,,,,,,Qw,Rb,,,,,,,Bb,Bb,,,,,,,Rw,Qw,,,,,,,Pb,Qb,Qw,Nb,Rb,Kb,Qb,Nw,Qw	darkRed	0
ddb34234ed59e306a62b3bb89d354296	151	Qw,Kw,Qb,Nb,Rw,Kb,Qw,Kw,Rw,,,,,,,Rw,Pb,,,,,,,Nb,Qb,,,Nb,Nb,,,Qb,Bw,,,Nb,Nb,,,Kw,Nb,,,,,,,Rb,Pw,,,,,,,Nw,Rw,Nw,Rb,Kw,Kb,Nb,Rw,Rw	darkGray	0
ddb5dad9b3b304a6e9a39ebda23ad66b	2034	Qw,Nb,Qw,Kw,Rb,Nw,Qb,Bw,Pb,,,,,,,Qb,Qb,,,,,,,Kw,Bb,,,Pw,Pw,,,Rw,Rw,,,Pw,Pw,,,Nw,Pw,,,,,,,Qw,Qw,,,,,,,Qb,Bw,Nw,Pb,Qb,Bb,Nb,Pw,Pw	lightRed	0
ddcc5fe0aa34cf69b8bb3e175e03e787	992	Kw,Bb,Qw,Pb,Rw,Bw,Kb,Bw,Kw,,,,,,,Nw,Rw,,,,,,,Rb,Nb,,,,,,,Kw,Bw,,,,,,,Qb,Kb,,,,,,,Nb,Pb,,,,,,,Rw,Nb,Nw,Pb,Kw,Bb,Nb,Pw,Rw	darkGray	0
dddca5f116ee3e063d9c20115de99eba	2079	Qb,Pw,Kw,Bb,Nw,Pb,Kb,Bw,Nb,,,,,,,Qw,Bw,,,,,,,Bb,Kb,,,,,,,Rb,Pb,,,,,,,Pw,Nw,,,,,,,Qb,Bb,,,,,,,Bw,Nb,Bb,Nw,Pw,Kw,Bw,Nb,Nb	lightRed	0
dde05ad37927f3fd8e7181dc29ab0215	2545	Bb,Qb,Kw,Rw,Nb,Qw,Kb,Nw,Nb,,,,,,,Pw,Qw,,,,,,,Nb,Pb,,,,,,,Bw,Rw,,,,,,,Qb,Nw,,,,,,,Pb,Qb,,,,,,,Nw,Nw,Nb,Qw,Kw,Rw,Nw,Qb,Qb	lightRed	0
dde5aa3cdc8d05377cee0950bfa47f3f	3405	Kb,Rw,Pb,Qb,Bw,Rb,Pw,Rw,Kw,,,,,,,Rw,Pw,,,,,,,Rw,Nb,,,,,,,Rw,Bw,,,,,,,Rw,Kb,,,,,,,Rw,Rb,,,,,,,Rw,Bw,Nw,Pb,Qw,Bb,Nb,Pw,Rw	lightRed	0
dde9f8d25709a16a6138fcc595e1ed06	909	Kw,Kb,Rb,Nb,Qw,Kw,Rw,Kb,Qw,,,,,,,Pw,Kb,,,,,,,Kw,Rb,,,,,,,Bb,Nw,,,,,,,Nw,Qb,,,,,,,Pb,Kw,,,,,,,Kb,Bb,Pw,Nb,Bb,Kw,Pb,Rw,Rb	darkGray	0
ddf59c7129398584f8ae315259b531e2	874	Pw,Qb,Kw,Rw,Nb,Qw,Kb,Pw,Nb,,,,,,,Rb,Rw,,,,,,,Bw,Kb,,,Pb,Pb,,,Qb,Qw,,,Pb,Pb,,,Pb,Nw,,,,,,,Rw,Rb,,,,,,,Bb,Qw,Qw,Nb,Rw,Kw,Qb,Nw,Pb	darkGray	0
ddfe5279c42f8c20a30307448925adb5	3242	Bb,Rw,Bb,Qw,Kb,Rb,Bw,Bb,Qw,,,,,,,Rw,Bb,,,,,,,Nb,Rw,,,Pb,Pb,,,Qw,Pb,,,Pb,Pb,,,Kb,Qb,,,,,,,Rb,Bw,,,,,,,Nw,Pb,Rw,Pb,Qb,Bw,Rb,Pw,Qb	lightRed	0
de0d239110f245a8e66e92d4412dafe6	2769	Bb,Rb,Pw,Qw,Bb,Nw,Pb,Rw,Kw,,,,,,,Kw,Bb,,,,,,,Qb,Nb,,,Nw,Nw,,,Nw,Pw,,,Nw,Nw,,,Rb,Kb,,,,,,,Kb,Qw,,,,,,,Qw,Rw,Pb,Qb,Bb,Rw,Pw,Qw,Kw	darkGray	0
de0f569331f7cf8654ab187b06490cef	2531	Pw,Pw,Rb,Bb,Kw,Pb,Nw,Rw,Qb,,,,,,,Rw,Bw,,,,,,,Rw,Rw,,,,,,,Rw,Pb,,,,,,,Rw,Qw,,,,,,,Rw,Bb,,,,,,,Rw,Nw,Rw,Kw,Qb,Nw,Rb,Kb,Rw	lightRed	0
de111c38dd409fe03eace4b8669dbc3b	921	Bw,Nb,Bw,Kw,Pw,Nw,Bb,Bw,Bw,,,,,,,Nw,Rb,,,,,,,Pb,Pb,,,,,,,Kb,Qb,,,,,,,Qw,Bb,,,,,,,Nb,Rw,,,,,,,Pw,Pw,Kb,Kw,Nb,Rw,Kw,Qb,Pw	lightGray	0
de209fed5f59314d0399b5384a62cca5	838	Pw,Rb,Pw,Qb,Bw,Rw,Pb,Qw,Rw,,,,,,,Kb,Pb,,,,,,,Rb,Qb,,,Pw,Pw,,,Nw,Bw,,,Pw,Pw,,,Qb,Rb,,,,,,,Kw,Pw,,,,,,,Rw,Nw,Nb,Bw,Kw,Pw,Nw,Bb,Bw	darkRed	0
de3738aeca22c3902769a4ebd42a5a56	3248	Rb,Rb,Bw,Qb,Pb,Rw,Bb,Kw,Pw,,,,,,,Bb,Nb,,,,,,,Rw,Bb,,,,,,,Pw,Kw,,,,,,,Qw,Rb,,,,,,,Nw,Nw,,,,,,,Rb,Qb,Bb,Rw,Pw,Qw,Bw,Rb,Kw	darkGray	0
de3879197515507f7fb212d484f8bd14	2183	Rw,Rw,Rw,Rw,Rw,Rw,Rw,Rw,Kw,,,,,,,Nb,Qb,,,,,,,Rw,Nb,,,Qb,Qb,,,Kw,Rw,,,Qb,Qb,,,Qb,Kb,,,,,,,Nw,Qw,,,,,,,Rb,Bb,Pb,Rw,Bb,Qw,Pw,Rb,Qb	lightRed	0
de3eff2c179a850842a510e63e197c7b	549	Bb,Kb,Rb,Nw,Qb,Kw,Rw,Rw,Kw,,,,,,,Pw,Rw,,,,,,,Nb,Nb,,,Nb,Nb,,,Bb,Qw,,,Nb,Nb,,,Kw,Kb,,,,,,,Pb,Rb,,,,,,,Nw,Rb,Qb,Nw,Rw,Kw,Qw,Nb,Kb	darkGray	0
de45216c509e0e60408b7904665eca05	938	Rb,Qb,Nw,Rw,Kw,Qw,Nb,Nb,Qb,,,,,,,Qb,Pb,,,,,,,Bw,Rw,,,,,,,Rb,Bb,,,,,,,Pw,Qw,,,,,,,Qw,Pw,,,,,,,Bb,Bw,Nb,Rw,Kb,Qw,Nw,Rb,Qb	darkGray	0
de637b3af264e6b2bbbd6e1f1e46613c	73	Bw,Rw,Bb,Qw,Pw,Rb,Bw,Pw,Nw,,,,,,,Rb,Bb,,,,,,,Kb,Kb,,,Bw,Bw,,,Qw,Pb,,,Bw,Bw,,,Nb,Nb,,,,,,,Rw,Bw,,,,,,,Kw,Nw,Nw,Pb,Kb,Bw,Nb,Pw,Rw	lightGray	0
de758a46799be47f3ce35ba012da8198	3305	Qb,Pb,Nw,Bw,Kb,Pw,Nb,Qw,Kb,,,,,,,Qb,Pb,,,,,,,Pb,Nb,,,Nw,Nw,,,Rb,Bw,,,Nw,Nw,,,Bw,Kw,,,,,,,Qw,Pw,,,,,,,Pw,Pw,Pb,Rw,Bw,Kb,Pw,Rb,Rb	darkGray	0
de77cb28ae733d0531a1f44004ae4784	1926	Nb,Nw,Pb,Qw,Bb,Nb,Pw,Rw,Bb,,,,,,,Nb,Qw,,,,,,,Bw,Pb,,,,,,,Kb,Rw,,,,,,,Pb,Nw,,,,,,,Nw,Qb,,,,,,,Bb,Qw,Bb,Nw,Pb,Kb,Bw,Nb,Rw	darkGray	0
de8884daed82bdcfc8f7b86f3a46babf	1455	Nb,Kb,Qw,Nw,Rb,Kw,Qb,Rw,Qb,,,,,,,Rw,Bw,,,,,,,Kw,Rb,,,Pb,Pb,,,Qb,Pw,,,Pb,Pb,,,Nw,Qw,,,,,,,Rb,Bb,,,,,,,Kb,Bb,Kw,Rw,Nb,Bw,Kb,Rb,Qb	darkGray	0
de9e8ff4475f506cb1f18f0c71227338	414	Qw,Rb,Bw,Qw,Pw,Rw,Bb,Kw,Nb,,,,,,,Kw,Rw,,,,,,,Qb,Kb,,,Pb,Pb,,,Nw,Qw,,,Pb,Pb,,,Rb,Bw,,,,,,,Kb,Rb,,,,,,,Qw,Bw,Qb,Kw,Pw,Nb,Bw,Kb,Pb	lightRed	0
de9f1a3740bb4f288b6b558d0ed0ac63	1795	Kb,Rb,Kb,Qw,Nb,Rw,Kw,Pw,Kb,,,,,,,Nw,Rb,,,,,,,Bw,Bb,,,,,,,Kw,Qw,,,,,,,Pw,Kw,,,,,,,Nb,Rw,,,,,,,Bw,Nb,Kw,Rw,Bw,Qb,Kb,Rb,Pb	lightGray	0
dea7b1558080f7d5b99a9408c6728311	1422	Bb,Kb,Qw,Nw,Rb,Kw,Qb,Pb,Rb,,,,,,,Qb,Kb,,,,,,,Nw,Kb,,,Pb,Pb,,,Rw,Nw,,,Pb,Pb,,,Kw,Rw,,,,,,,Qw,Pb,,,,,,,Nb,Rw,Kw,Bb,Nb,Pw,Kb,Bw,Qw	lightRed	0
deb376418a7154a68d8defbdc68bcc9e	1949	Qb,Nw,Pb,Kb,Bw,Nb,Pw,Nb,Rw,,,,,,,Nw,Kw,,,,,,,Bb,Qw,,,,,,,Kw,Nb,,,,,,,Pw,Pb,,,,,,,Nb,Kb,,,,,,,Bw,Nw,Nw,Bb,Kb,Pb,Nb,Bw,Pb	darkRed	0
ded33f96149225803f8ec244940ea96e	32	Nb,Kb,Qw,Nb,Rw,Kw,Qb,Rw,Rb,,,,,,,Rw,Pw,,,,,,,Rw,Qw,,,,,,,Rw,Bb,,,,,,,Rw,Rw,,,,,,,Rw,Pb,,,,,,,Rw,Nb,Qw,Pw,Rb,Bw,Qb,Pb,Rw	lightRed	0
deeb96e4184b7e9c7effc48642cfa609	1812	Qw,Nb,Pw,Kw,Bb,Nw,Pb,Nb,Nw,,,,,,,Bb,Rb,,,,,,,Rw,Kb,,,Nw,Nw,,,Pw,Qw,,,Nw,Nw,,,Qw,Nb,,,,,,,Bw,Pw,,,,,,,Rb,Bw,Kw,Rw,Nb,Qw,Pw,Rb,Nb	darkRed	0
def00c81504c7dd0389098a6d7f1c67c	3638	Kb,Nw,Rb,Kw,Qb,Nb,Rw,Kb,Kw,,,,,,,Kb,Pw,,,,,,,Bw,Nw,,,,,,,Nb,Qb,,,,,,,Pw,Kb,,,,,,,Kw,Rb,,,,,,,Bb,Bb,Qw,Nb,Rw,Kw,Qb,Nw,Pb	lightGray	0
def7c0bde6e756103a1d88362d6e1be2	379	Bb,Nw,Rb,Kb,Qw,Nb,Rw,Nb,Nw,,,,,,,Rb,Qb,,,,,,,Kb,Pw,,,,,,,Qb,Rb,,,,,,,Nw,Nb,,,,,,,Rw,Qw,,,,,,,Kw,Pw,Rw,Pb,Qw,Bb,Nb,Pw,Pw	darkGray	0
df019c9499f0ba04774c55e2b5506f0e	90	Pw,Bb,Qw,Pw,Rb,Bw,Qb,Rw,Pb,,,,,,,Kb,Kb,,,,,,,Rb,Bw,,,,,,,Nb,Nb,,,,,,,Qw,Pw,,,,,,,Kw,Qw,,,,,,,Rw,Bb,Nb,Pw,Kb,Bw,Nw,Rb,Rw	lightRed	1
df030647474a1bd9bb7372021f3ee172	1427	Pw,Bb,Qw,Pw,Rb,Bw,Kb,Pb,Rw,,,,,,,Rw,Bb,,,,,,,Nb,Qb,,,,,,,Qw,Pb,,,,,,,Kb,Rb,,,,,,,Rb,Bw,,,,,,,Nw,Rb,Kw,Qb,Nb,Rw,Kb,Qw,Nw	darkRed	0
df0adc317c10fac2e1dd1af196382659	3050	Bw,Rb,Nw,Qw,Kb,Rw,Nb,Kw,Pw,,,,,,,Pw,Qw,,,,,,,Qw,Bw,,,,,,,Bw,Rb,,,,,,,Rb,Pb,,,,,,,Kw,Qb,,,,,,,Qb,Rb,Rw,Pb,Kb,Bw,Nb,Pw,Rw	darkRed	0
df0c96285d8e52883449a67f020f7127	859	Rb,Qw,Kb,Rb,Nw,Qb,Kw,Pb,Rw,,,,,,,Qw,Bb,,,,,,,Kb,Qb,,,,,,,Rw,Pb,,,,,,,Nb,Rb,,,,,,,Qb,Bw,,,,,,,Kw,Kb,Bw,Rb,Pw,Qw,Bb,Rw,Kb	darkRed	0
df16dc78c451804781f1b15b797b436c	1746	Bb,Kb,Bw,Nw,Pb,Kw,Qb,Qw,Pw,,,,,,,Pw,Rb,,,,,,,Qw,Bw,,,Nb,Nb,,,Nw,Qb,,,Nb,Nb,,,Rb,Pb,,,,,,,Pb,Rw,,,,,,,Qb,Nb,Bb,Nw,Pw,Kw,Bw,Nb,Kw	lightGray	0
df234b243f105dad33650433f5d321d7	3001	Qw,Nb,Rw,Kw,Qb,Nw,Rb,Rb,Pb,,,,,,,Nw,Kb,,,,,,,Bb,Bw,,,Rw,Rw,,,Kw,Nb,,,Rw,Rw,,,Pw,Pw,,,,,,,Nb,Kw,,,,,,,Bw,Bw,Qw,Bb,Rw,Pb,Qb,Nw,Rb	lightRed	0
df265d53a237d451582bc823877a70f4	1950	Bw,Qw,Pw,Rw,Bb,Qb,Kw,Pw,Pb,,,,,,,Nw,Kb,,,,,,,Bb,Bb,,,,,,,Kb,Nw,,,,,,,Pb,Pw,,,,,,,Nb,Kw,,,,,,,Bw,Bw,Bb,Kw,Pw,Nb,Bw,Qb,Kb	lightRed	0
df2e6f311c9c0342a719012a866541b5	2664	Kw,Pw,Rb,Bb,Kw,Pb,Rw,Rb,Pw,,,,,,,Bw,Rb,,,,,,,Rb,Nw,,,Rb,Rb,,,Pw,Kb,,,Rb,Rb,,,Kw,Pb,,,,,,,Bb,Rw,,,,,,,Rw,Kw,Kb,Pb,Nw,Bb,Kw,Pw,Kb	lightRed	0
df3e39cce9183f1145e53782c4b42f1e	51	Bb,Kb,Qw,Nw,Rb,Kw,Qb,Pw,Rw,,,,,,,Rw,Kw,,,,,,,Bb,Qb,,,,,,,Qw,Nw,,,,,,,Pw,Rb,,,,,,,Rb,Kb,,,,,,,Bw,Pb,Bb,Nw,Pb,Kb,Bw,Nb,Bw	darkRed	0
df5b3fba846bbc29a501e022f654ffc0	828	Nb,Kb,Bw,Nb,Pw,Kw,Bb,Rw,Qb,,,,,,,Kb,Kw,,,,,,,Pb,Rb,,,Rb,Rb,,,Nw,Nw,,,Rb,Rb,,,Bb,Qw,,,,,,,Kw,Kb,,,,,,,Pw,Nb,Bw,Qb,Pw,Rb,Bb,Qw,Pb	darkGray	0
df8439d06c0fcf7dec85537d4843f5dc	3130	Qb,Qw,Kb,Rw,Nb,Qb,Kw,Nw,Qb,,,,,,,Qw,Pb,,,,,,,Nb,Rb,,,Rw,Rw,,,Rb,Bw,,,Rw,Rw,,,Kb,Qw,,,,,,,Qb,Pw,,,,,,,Nw,Bw,Qw,Nb,Rw,Kw,Qb,Nw,Rw	darkGray	0
df91e7d5676128afe54677bcbb3e8d4f	1917	Qb,Qw,Pw,Rw,Bb,Qb,Pb,Rw,Bw,,,,,,,Kw,Nb,,,,,,,Pw,Pb,,,Bb,Bb,,,Nw,Qb,,,Bb,Bb,,,Qb,Bb,,,,,,,Kb,Nw,,,,,,,Pb,Bw,Bw,Nb,Pw,Kw,Bb,Nw,Qw	lightRed	0
dfac378e5a519bdaef3f95948ecbff03	1421	Qw,Nw,Rb,Kb,Qw,Nb,Rw,Kw,Rb,,,,,,,Kw,Pw,,,,,,,Rw,Qw,,,,,,,Nw,Bb,,,,,,,Qb,Rw,,,,,,,Kb,Pb,,,,,,,Rb,Rb,Nw,Rb,Kw,Qb,Nb,Rw,Pb	lightGray	0
dfada2e57f33615553793b4661c50689	1257	Rw,Qw,Kb,Rb,Nw,Kb,Kw,Kb,Rw,,,,,,,Nw,Rw,,,,,,,Kb,Rw,,,,,,,Kb,Rw,,,,,,,Qw,Rw,,,,,,,Bb,Rw,,,,,,,Rw,Rw,Pw,Qw,Nw,Rb,Kw,Qb,Pw	darkGray	0
dfd4510811ae491b36418d2e4250c61a	2166	Pw,Bw,Rb,Pw,Qw,Bb,Rw,Kb,Qb,,,,,,,Pw,Pb,,,,,,,Qw,Rb,,,Rb,Rb,,,Bb,Bw,,,Rb,Rb,,,Rw,Qw,,,,,,,Pb,Pw,,,,,,,Qb,Bb,Qb,Nw,Rb,Kb,Qw,Nb,Bb	lightGray	0
dfd56c98b7f86dcd0538bbab8ea9056d	2095	Rb,Bw,Kb,Pw,Nb,Bb,Kw,Nb,Bb,,,,,,,Qw,Nw,,,,,,,Bb,Pw,,,,,,,Rw,Kw,,,,,,,Pb,Bw,,,,,,,Qb,Nb,,,,,,,Bw,Qw,Kb,Qw,Nw,Rb,Kw,Qb,Bb	darkRed	0
dfd58404d5935102aac18a99c04f771b	56	Pw,Nb,Rw,Kb,Bw,Nw,Rb,Pw,Nw,,,,,,,Nw,Pb,,,,,,,Rb,Kb,,,,,,,Kb,Bw,,,,,,,Qw,Nb,,,,,,,Nb,Pw,,,,,,,Rw,Pw,Nw,Qb,Kb,Rb,Nb,Qw,Pw	darkGray	0
dfd8d89c2fac8d0323db501a103d1fb5	714	Nw,Rw,Nb,Qb,Pb,Rb,Nw,Nw,Rw,,,,,,,Bw,Pb,,,,,,,Qb,Qb,,,Rb,Rb,,,Pb,Bw,,,Rb,Rb,,,Rw,Rb,,,,,,,Bb,Pw,,,,,,,Qw,Qw,Qw,Kb,Rw,Nb,Qb,Kw,Nw	darkRed	0
dfe27b701a2676f1ddf2d4bc885e5e27	449	Kb,Pb,Rw,Bb,Qw,Pw,Rb,Rw,Nw,,,,,,,Rw,Bb,,,,,,,Nb,Kb,,,,,,,Qb,Pb,,,,,,,Kw,Nb,,,,,,,Rb,Bw,,,,,,,Nw,Pw,Rw,Bb,Qw,Pw,Nb,Bw,Nw	lightRed	0
dfe27e5310b04ddf816050f845e2eb21	4070	Rb,Rb,Pw,Qb,Bw,Rw,Pb,Kw,Qb,,,,,,,Kb,Pb,,,,,,,Pb,Rb,,,Bb,Bb,,,Nb,Bw,,,Bb,Bb,,,Bw,Qw,,,,,,,Kw,Pw,,,,,,,Pw,Kb,Bb,Pw,Pb,Kb,Bw,Rb,Pw	darkRed	0
dff401e39fe1e8a5c760a1a4c7b64ab6	3968	Kb,Nb,Pw,Kw,Bb,Rw,Pb,Pw,Rw,,,,,,,Nb,Kw,,,,,,,Pw,Qw,,,Bb,Bb,,,Kb,Nb,,,Bb,Bb,,,Bw,Pb,,,,,,,Nw,Kb,,,,,,,Pb,Qw,Bw,Qb,Pb,Rw,Bb,Kw,Pw	lightRed	0
dff418598e0d40b5a8efef5334cfb4c9	423	Nw,Rw,Nb,Qb,Kw,Rb,Nw,Rw,Rw,,,,,,,Qb,Kw,,,,,,,Pb,Qb,,,Nw,Nw,,,Rw,Nw,,,Nw,Nw,,,Bb,Rb,,,,,,,Kw,Kb,,,,,,,Pw,Pb,Bw,Rb,Pb,Qb,Bb,Nw,Nb	darkRed	1
dffa0b92ad8822d0104ab72644dfee44	2187	Kb,Nw,Qb,Kb,Rb,Nb,Qw,Kb,Kb,,,,,,,Qb,Pb,,,,,,,Nw,Nb,,,Pb,Pb,,,Rb,Bw,,,Pb,Pb,,,Kb,Kw,,,,,,,Qw,Pw,,,,,,,Nb,Rb,Bb,Nw,Pb,Kb,Bw,Nb,Qw	lightRed	0
dffb326265843beb4bec6f08b29b5435	578	Kw,Qw,Kb,Pb,Nw,Qb,Kw,Nw,Kb,,,,,,,Kw,Bw,,,,,,,Bb,Nb,,,,,,,Nw,Pw,,,,,,,Pb,Kw,,,,,,,Kb,Bb,,,,,,,Bw,Rw,Pb,Rw,Nb,Qw,Kb,Rb,Rb	lightRed	0
dffcb12d138099439d49ebe04967d80e	1378	Bw,Pw,Rb,Bw,Qb,Pb,Nw,Bb,Pw,,,,,,,Qw,Rb,,,,,,,Nb,Bw,,,Nw,Nw,,,Rb,Qb,,,Nw,Nw,,,Kb,Pb,,,,,,,Bb,Nw,,,,,,,Nw,Qw,Qb,Bw,Rb,Pw,Kw,Bb,Qw	darkRed	0
e005d9a632a346f9e88d71e2bf085419	1472	Qw,Rb,Bw,Qb,Kw,Rw,Bb,Qb,Nw,,,,,,,Rb,Pb,,,,,,,Bw,Kb,,,,,,,Qw,Bw,,,,,,,Pw,Nb,,,,,,,Rw,Pw,,,,,,,Bb,Nw,Nb,Rw,Kw,Qb,Nw,Rb,Qb	darkRed	0
e0189ceaaa52630b2111a6af17978b27	1182	Nw,Nw,Bb,Kb,Pb,Nb,Bw,Nw,Bb,,,,,,,Kb,Kw,,,,,,,Rb,Pb,,,,,,,Nw,Nw,,,,,,,Bb,Bw,,,,,,,Kw,Kb,,,,,,,Pw,Pb,Kw,Bb,Nw,Pb,Kb,Bw,Nw	lightRed	0
e02d6db42b5d2cabec18f84ac723645d	3349	Rw,Bb,Kw,Rb,Nw,Qw,Kb,Pb,Kb,,,,,,,Pw,Rb,,,,,,,Qw,Nb,,,Bw,Bw,,,Nw,Qw,,,Bw,Bw,,,Rb,Kw,,,,,,,Kw,Rw,,,,,,,Qb,Rb,Pb,Qb,Bb,Rw,Pw,Qw,Rw	darkRed	0
e03513224d81df4cae1197526d9326a5	2995	Nw,Bw,Nb,Pw,Kw,Bb,Nw,Nb,Rb,,,,,,,Pb,Bw,,,,,,,Nw,Qw,,,Bb,Bb,,,Bw,Pw,,,Bb,Bb,,,Kb,Rw,,,,,,,Pw,Bb,,,,,,,Rb,Pw,Nw,Pb,Kw,Bb,Nb,Rw,Bw	darkRed	0
e04e9ea89878f18ec51900e1b703d576	1837	Bb,Kw,Pw,Nb,Bw,Kb,Pb,Pw,Kb,,,,,,,Pw,Qw,,,,,,,Nb,Bb,,,Rb,Rb,,,Bb,Rw,,,Rb,Rb,,,Kw,Pb,,,,,,,Pb,Qb,,,,,,,Nw,Qw,Bw,Qb,Pw,Rb,Bb,Qw,Pw	lightGray	0
e0768160355e509a6980b14fedccd590	3427	Kw,Rb,Pw,Qb,Bw,Rw,Pb,Rw,Qw,,,,,,,Rw,Bb,,,,,,,Rw,Nw,,,,,,,Rw,Pb,,,,,,,Rw,Qb,,,,,,,Rw,Bw,,,,,,,Rw,Nb,Pb,Nw,Bw,Kb,Pw,Nb,Rw	lightGray	0
e07b635cc12f81dfbda5ca606110f316	637	Kb,Nw,Rb,Kb,Qw,Nb,Rw,Rb,Kw,,,,,,,Rb,Qb,,,,,,,Nw,Nw,,,Qb,Qb,,,Qw,Rb,,,Qb,Qb,,,Kb,Kb,,,,,,,Rw,Qw,,,,,,,Nb,Rw,Rw,Rw,Rw,Rw,Rw,Rw,Rw	lightRed	0
e090188a62bc314a04b0afec4e0009a8	753	Qw,Nb,Pw,Kw,Bb,Nw,Pb,Nb,Pw,,,,,,,Rw,Rb,,,,,,,Bb,Bw,,,,,,,Qw,Qb,,,,,,,Pw,Pb,,,,,,,Rb,Nw,,,,,,,Bw,Rb,Pb,Rw,Bb,Qw,Pw,Rb,Pw	darkGray	0
e09108732840e85139d9b9fea3399b82	380	Qw,Bw,Rb,Pb,Qb,Bb,Rw,Nb,Nb,,,,,,,Pb,Qw,,,,,,,Kb,Kw,,,,,,,Bw,Rw,,,,,,,Nb,Nw,,,,,,,Pw,Qb,,,,,,,Kw,Bw,Qw,Kb,Rb,Nw,Qb,Kw,Pb	lightGray	0
e0959c7e05c12ca397f9d3f85408fe1f	45	Nb,Qb,Nw,Rb,Kb,Qw,Nb,Rb,Nw,,,,,,,Qw,Rb,,,,,,,Pw,Kw,,,,,,,Rb,Qb,,,,,,,Bw,Nb,,,,,,,Kb,Rw,,,,,,,Pb,Rw,Rb,Bw,Qb,Pb,Nw,Bb,Nb	lightGray	0
e09842f7e7358cd196ca7780357fa4c8	686	Pw,Kb,Bw,Nb,Rw,Kw,Qb,Qb,Kb,,,,,,,Rb,Rb,,,,,,,Pw,Nb,,,,,,,Qw,Qw,,,,,,,Bb,Pb,,,,,,,Rw,Rw,,,,,,,Pb,Nw,Nb,Bw,Kb,Pb,Nw,Bb,Bb	lightRed	1
e0a2c7bb53422d514a54f089c55f0fad	546	Qb,Kw,Pw,Nb,Bw,Kb,Pb,Bb,Qw,,,,,,,Bb,Kb,,,,,,,Kw,Rw,,,Nb,Nb,,,Pb,Nb,,,Nb,Nb,,,Nw,Qb,,,,,,,Bw,Kw,,,,,,,Kb,Kw,Pw,Nb,Bb,Kw,Pb,Nw,Kw	lightGray	0
e0d5b31d05a13c5bc1b70bcd1d8773c2	2901	Kb,Bb,Qw,Pb,Rw,Bw,Kb,Nw,Qw,,,,,,,Kw,Nb,,,,,,,Rw,Rb,,,,,,,Nw,Kb,,,,,,,Qb,Qb,,,,,,,Kb,Nw,,,,,,,Rb,Pb,Kb,Rb,Nb,Qw,Kw,Rw,Bw	darkRed	0
e0dddae3e7bac02a40b83adc195d4dfc	717	Rb,Nb,Bw,Kb,Pb,Nw,Bb,Qw,Rb,,,,,,,Rw,Nw,,,,,,,Pb,Qb,,,Nb,Nb,,,Qw,Kw,,,Nb,Nb,,,Bb,Rw,,,,,,,Rb,Nb,,,,,,,Pw,Qw,Nw,Pb,Qw,Bb,Nb,Pw,Pw	darkRed	0
e0edbd46f14fe20d2b5e67f24e0336a9	1120	Pb,Bb,Kw,Pb,Nw,Bw,Kb,Nw,Nb,,,,,,,Bb,Rw,,,,,,,Kw,Kb,,,,,,,Pw,Kw,,,,,,,Nb,Nw,,,,,,,Bw,Rb,,,,,,,Kb,Bw,Rb,Kb,Kw,Nb,Rw,Kw,Nb	lightGray	0
e108538daa3efa2ed4d99f879891fc63	3462	Nw,Nw,Qb,Kb,Rb,Nb,Qw,Kb,Kb,,,,,,,Bw,Rb,,,,,,,Nb,Nw,,,,,,,Pw,Bb,,,,,,,Kw,Kw,,,,,,,Bb,Pw,,,,,,,Nw,Rw,Pb,Rw,Bb,Qw,Pw,Rb,Kw	darkGray	0
e11129b1612d374cab538d90e5fe4e7f	1747	Bb,Qb,Bw,Rw,Pb,Kw,Bb,Qw,Nw,,,,,,,Pw,Bb,,,,,,,Rb,Kb,,,Rw,Rw,,,Bw,Pb,,,Rw,Rw,,,Qb,Nb,,,,,,,Pb,Bw,,,,,,,Nw,Kb,Qw,Bb,Rw,Pb,Qb,Bw,Nw	lightGray	0
e122336f60536f8ca7e186cd81a6cfaf	19	Pw,Qb,Rw,Pb,Qb,Bw,Rb,Nb,Pw,,,,,,,Rw,Qw,,,,,,,Pb,Bb,,,,,,,Qw,Rw,,,,,,,Bb,Pb,,,,,,,Rb,Qb,,,,,,,Pw,Nb,Bb,Rw,Pb,Qb,Bw,Rb,Bb	darkRed	0
e12411be0160e136ac27007a26921f93	3172	Pb,Kw,Qb,Nb,Rw,Kb,Qw,Bw,Rw,,,,,,,Qw,Bb,,,,,,,Pw,Qb,,,Pb,Pb,,,Rw,Pb,,,Pb,Pb,,,Bb,Rb,,,,,,,Qb,Bw,,,,,,,Pb,Rw,Rw,Rw,Rw,Rw,Rw,Rw,Rw	lightRed	0
e12ab9af5d5b9acae7d0ac98e9204680	2358	Pw,Pb,Nw,Bw,Kb,Pw,Nb,Pw,Nb,,,,,,,Pb,Qw,,,,,,,Kb,Kw,,,Nb,Nb,,,Bw,Rw,,,Nb,Nb,,,Nb,Nw,,,,,,,Pw,Qb,,,,,,,Kw,Qw,Rb,Pw,Qw,Bb,Rw,Pb,Rb	lightGray	0
e17ec4c9540c849f1bba7ba385c01242	3847	Nw,Pw,Rb,Bw,Qb,Pb,Rw,Rw,Rb,,,,,,,Qb,Nw,,,,,,,Pb,Qb,,,Rb,Rb,,,Rb,Kw,,,Rb,Rb,,,Bw,Rw,,,,,,,Qw,Nb,,,,,,,Pw,Nb,Kw,Qb,Nw,Rb,Kb,Qw,Pw	lightRed	0
e1803f7d977413f7456cd02c70cb15b0	33	Qb,Nw,Qb,Kw,Rw,Nb,Qw,Kw,Qw,,,,,,,Nb,Bb,,,,,,,Pw,Rb,,,Nb,Nb,,,Kw,Pw,,,Nb,Nb,,,Bb,Kb,,,,,,,Nw,Bw,,,,,,,Pb,Pw,Qb,Pb,Rb,Bw,Qw,Kb,Bw	lightGray	0
e1864e749f853cfc7f401b65bb29552b	3061	Rw,Nb,Pw,Kb,Bw,Nw,Pb,Kw,Qb,,,,,,,Rb,Bw,,,,,,,Nw,Rw,,,Nw,Nw,,,Qb,Pb,,,Nw,Nw,,,Kw,Qw,,,,,,,Pw,Bb,,,,,,,Nb,Bb,Rw,Bb,Qb,Pb,Rb,Bw,Bb	darkRed	0
e187a97a823310e6f37f03183cd6e252	3113	Pb,Qb,Kw,Rb,Nw,Qw,Kb,Nb,Qw,,,,,,,Qw,Kb,,,,,,,Kb,Rw,,,,,,,Rb,Bb,,,,,,,Nw,Qb,,,,,,,Qb,Kw,,,,,,,Pb,Rb,Kw,Qb,Nb,Rw,Kb,Qw,Kb	darkGray	0
e19e490b869b1393a06e65691076a9d3	235	Qb,Bb,Rw,Pb,Qb,Bw,Rb,Kw,Rw,,,,,,,Rb,Kw,,,,,,,Pw,Qw,,,Nb,Nb,,,Qb,Nb,,,Nb,Nb,,,Bw,Rb,,,,,,,Rw,Kb,,,,,,,Pb,Rw,Nb,Pw,Kb,Bw,Nw,Rb,Kw	lightRed	0
e1a1b2bc01cf20c3869cf6c096f59b04	2949	Nw,Nw,Pb,Kb,Bw,Nb,Pw,Rb,Kw,,,,,,,Qw,Bb,,,,,,,Kb,Nw,,,,,,,Rw,Pb,,,,,,,Nb,Kb,,,,,,,Qb,Bw,,,,,,,Kw,Rb,Kw,Rw,Nb,Qw,Kb,Rb,Kb	darkRed	0
e1c104bc13eb5cec9b70403bd7ecc839	3741	Pw,Qw,Bb,Rb,Pw,Qb,Bw,Nb,Qb,,,,,,,Kw,Bw,,,,,,,Qb,Rw,,,,,,,Nb,Pb,,,,,,,Rw,Qw,,,,,,,Kb,Bb,,,,,,,Bw,Qw,Kb,Qw,Nw,Rb,Kw,Qb,Qw	darkGray	0
e1e5a0bd55e5817b75144e747c645563	2262	Kb,Qw,Kb,Rb,Nw,Qb,Pb,Bw,Kb,,,,,,,Nw,Bw,,,,,,,Rb,Nb,,,,,,,Kw,Pw,,,,,,,Qb,Kw,,,,,,,Nb,Bb,,,,,,,Rw,Pw,Qb,Nw,Pw,Kw,Bw,Nb,Bb	lightRed	0
e1ed36f4e02f62663998271fe2c61e76	2332	Pw,Qb,Bw,Rw,Kw,Qw,Nb,Nb,Bb,,,,,,,Nw,Rw,,,,,,,Bb,Pb,,,Nb,Nb,,,Kw,Qb,,,Nb,Nb,,,Pw,Bw,,,,,,,Nb,Rb,,,,,,,Bw,Qb,Nb,Pw,Kb,Bw,Nw,Pb,Qb	lightRed	0
e1f0fe730e201db40dedc970bb16781a	687	Qw,Rb,Bw,Qb,Pb,Rw,Bb,Kb,Pb,,,,,,,Nw,Nw,,,,,,,Bb,Bw,,,,,,,Kb,Kb,,,,,,,Pb,Pw,,,,,,,Nb,Nb,,,,,,,Bw,Kw,Bb,Kw,Pw,Nb,Bw,Kb,Rw	lightRed	0
e1f3960d77c5dab535a413def351ef2f	3111	Rw,Rw,Rw,Rw,Rw,Rw,Rw,Rw,Qb,,,,,,,Bb,Kw,,,,,,,Nw,Rb,,,Nb,Nb,,,Pw,Nw,,,Nb,Nb,,,Kw,Bw,,,,,,,Bw,Kb,,,,,,,Nb,Bb,Qb,Nw,Rb,Kb,Qw,Nb,Bb	lightGray	0
e1fd0f8f761bd53b53e913cded4afa07	2152	Pw,Bw,Nb,Pb,Kb,Qb,Nw,Nw,Bb,,,,,,,Rb,Nw,,,,,,,Nw,Pw,,,,,,,Qb,Kw,,,,,,,Kw,Bw,,,,,,,Rw,Nb,,,,,,,Bb,Nb,Nb,Bw,Kb,Pb,Nw,Bb,Bw	lightRed	0
e1fee9821dadee57287add0b373b16db	3506	Nb,Pb,Qb,Bb,Rw,Pw,Qw,Nw,Bw,,,,,,,Bb,Rb,,,,,,,Kw,Pw,,,,,,,Pb,Qw,,,,,,,Nw,Bb,,,,,,,Bw,Rw,,,,,,,Kb,Qb,Kw,Pw,Nb,Bw,Kb,Pb,Bb	darkGray	0
e21664c077c57244ca463ad6ab7fc747	3941	Bw,Pw,Qw,Bb,Rw,Pb,Qb,Qb,Qb,,,,,,,Rb,Kw,,,,,,,Kb,Rb,,,,,,,Qw,Nw,,,,,,,Bb,Qw,,,,,,,Rw,Kb,,,,,,,Pb,Bw,Pb,Nw,Bb,Kw,Pw,Nb,Pw	lightGray	0
e2274196130e43fb1a429a4423060245	1460	Pw,Nb,Pw,Qw,Bb,Rw,Pb,Pw,Bw,,,,,,,Rb,Qb,,,,,,,Pw,Pw,,,,,,,Qw,Rb,,,,,,,Bb,Bb,,,,,,,Rw,Qw,,,,,,,Pb,Qb,Qw,Nb,Rb,Kb,Qb,Nw,Qw	darkRed	0
e22793c76a38524751467970fc440685	3167	Pw,Bw,Rb,Pw,Qw,Bb,Rw,Pw,Rw,,,,,,,Kw,Nb,,,,,,,Rw,Qb,,,,,,,Nb,Kw,,,,,,,Qw,Rb,,,,,,,Kb,Nw,,,,,,,Rb,Pb,Rb,Pw,Qw,Bb,Rw,Pb,Pb	lightGray	0
e2437723276998f3cf1b3ea496a8c5df	3095	Pw,Nw,Rb,Pw,Qw,Nb,Rw,Pw,Bw,,,,,,,Rw,Kb,,,,,,,Bb,Pb,,,,,,,Qw,Nw,,,,,,,Pw,Qb,,,,,,,Rb,Kw,,,,,,,Bw,Nw,Kw,Rw,Nb,Qw,Kb,Rb,Kb	darkGray	0
e24ef12094e22fbdf8d2e48955e77b3d	2083	Bw,Rb,Bw,Qw,Pw,Rw,Nb,Bw,Kb,,,,,,,Kw,Pb,,,,,,,Pw,Nb,,,Bw,Bw,,,Nw,Bw,,,Bw,Bw,,,Bb,Kw,,,,,,,Kb,Pw,,,,,,,Pb,Pb,Bw,Qb,Pb,Rw,Bb,Qw,Bb	darkRed	0
e2535e78e1ed4dec7058d8c7a1048542	2228	Bb,Qb,Pb,Rw,Bb,Qw,Kb,Nw,Kw,,,,,,,Qb,Pw,,,,,,,Kw,Rb,,,,,,,Rw,Bw,,,,,,,Nb,Kb,,,,,,,Qw,Pb,,,,,,,Kb,Rw,Rw,Rw,Rw,Rw,Rw,Rw,Rw	darkGray	0
e25537244d517f6b0e3b1510a2e14d7d	3267	Nw,Pb,Kb,Bw,Nb,Pw,Kw,Nb,Nw,,,,,,,Nw,Pb,,,,,,,Bb,Kw,,,Pb,Pb,,,Kb,Bb,,,Pb,Pb,,,Pb,Nb,,,,,,,Nb,Pw,,,,,,,Bw,Kb,Nw,Bb,Kb,Pb,Nb,Bw,Bw	lightGray	1
e2783ebf7f4db256ed0c6670d5881021	1379	Rw,Pw,Rb,Bb,Qw,Pb,Rw,Bb,Pw,,,,,,,Nb,Nb,,,,,,,Bw,Bb,,,,,,,Kw,Kw,,,,,,,Pw,Pb,,,,,,,Nw,Rw,,,,,,,Bb,Bb,Pw,Kw,Bb,Nw,Pb,Kb,Pw	lightRed	0
e27a56a1bc97a0c893d945d18e548e8c	291	Rw,Rw,Rw,Rw,Rw,Rw,Rw,Rw,Rb,,,,,,,Bw,Pw,,,,,,,Kb,Qw,,,,,,,Pw,Bb,,,,,,,Nb,Rw,,,,,,,Bb,Pb,,,,,,,Kw,Kw,Rb,Kb,Qw,Nb,Rw,Kw,Nw	lightGray	0
e29256aab832dfd1a09b5888b5fc39b9	359	Rw,Kb,Rb,Nb,Qw,Kw,Rw,Pw,Bb,,,,,,,Qb,Rw,,,,,,,Pb,Pb,,,Qb,Qb,,,Rw,Qb,,,Qb,Qb,,,Bb,Bw,,,,,,,Qw,Rb,,,,,,,Kb,Pw,Qw,Kb,Rw,Nb,Qb,Kw,Kb	lightRed	0
e293bc251a495e10d474cbad4afe52ec	794	Rw,Kb,Qw,Nb,Rw,Kw,Kb,Pw,Pb,,,,,,,Kw,Pw,,,,,,,Qb,Kb,,,Qw,Qw,,,Nb,Bw,,,Qw,Qw,,,Rw,Nw,,,,,,,Kb,Pb,,,,,,,Qw,Nw,Rb,Nw,Qw,Kb,Rw,Nb,Qw	lightGray	0
e2985133b7be44469df38faacead9f42	2701	Rb,Rb,Bw,Qw,Pw,Rw,Bb,Qb,Kw,,,,,,,Bw,Pw,,,,,,,Rb,Nb,,,,,,,Pb,Bw,,,,,,,Qb,Kb,,,,,,,Bb,Pb,,,,,,,Rw,Bb,Nw,Pb,Kb,Bw,Nb,Pw,Bw	darkRed	0
e29eb8138fd70272efad9316587b83cd	1542	Nw,Qw,Kb,Rb,Nw,Qb,Pb,Kw,Qw,,,,,,,Rb,Bb,,,,,,,Kb,Rw,,,Bb,Bb,,,Qb,Pb,,,Bb,Bb,,,Nw,Qb,,,,,,,Rw,Bw,,,,,,,Kw,Bb,Pb,Nw,Bb,Kw,Pw,Nb,Rb	lightGray	0
e2a70f27f5c5623fa769c3c6b59c265c	884	Rw,Rw,Rw,Rw,Rw,Rw,Rw,Rw,Rw,,,,,,,Nw,Nb,,,,,,,Qb,Qw,,,,,,,Kb,Kb,,,,,,,Rb,Rb,,,,,,,Nb,Nw,,,,,,,Qw,Kb,Kb,Pb,Nw,Bb,Qw,Pw,Kb	lightRed	0
e2b820ce323f3556801cdcd8b4b418b9	2333	Pb,Nb,Qw,Kw,Rw,Nw,Qb,Bb,Kw,,,,,,,Pb,Pw,,,,,,,Rw,Nw,,,Kb,Kb,,,Bw,Bb,,,Kb,Kb,,,Qb,Kb,,,,,,,Pw,Pb,,,,,,,Rb,Pb,Qb,Nw,Rw,Kw,Qw,Nb,Pw	darkRed	0
e2d7f543a27a9a449aa6f441e57f2617	595	Qb,Bb,Rw,Pb,Qb,Bw,Rb,Bb,Pw,,,,,,,Qb,Rb,,,,,,,Nw,Bw,,,,,,,Rw,Qb,,,,,,,Kw,Pb,,,,,,,Qw,Rw,,,,,,,Bb,Bb,Bb,Qw,Pb,Rw,Bw,Qb,Kw	darkRed	0
e2f6baed6f80f885f2871ef33288f74c	3468	Kb,Qw,Bb,Rb,Kb,Qb,Bw,Pb,Pw,,,,,,,Bb,Rb,,,,,,,Kw,Bb,,,,,,,Pw,Qw,,,,,,,Nb,Pb,,,,,,,Bw,Rw,,,,,,,Qb,Pw,Qw,Bb,Rw,Pb,Qb,Bw,Rw	darkRed	0
e30803995785dc5b63be273270135df6	2404	Rw,Qb,Pb,Rb,Bw,Qw,Kb,Bb,Rw,,,,,,,Pb,Rw,,,,,,,Rw,Rw,,,,,,,Bw,Rw,,,,,,,Qb,Rw,,,,,,,Pw,Rw,,,,,,,Rb,Rw,Pw,Nb,Bb,Kw,Pb,Nw,Bw	lightRed	0
e30bdd09ea744583b7568c070c8cb875	2476	Rw,Rw,Kw,Qb,Nw,Rb,Kb,Pb,Pb,,,,,,,Qw,Nw,,,,,,,Bb,Bb,,,,,,,Rw,Qw,,,,,,,Pb,Pw,,,,,,,Qb,Rb,,,,,,,Bw,Pw,Rw,Nb,Qb,Kw,Rb,Nw,Kw	lightGray	0
e32bee8ca872aad39dfe2e97e97dc7ad	581	Rw,Nb,Bw,Kb,Pb,Nw,Bb,Nb,Rw,,,,,,,Rb,Rw,,,,,,,Pw,Rw,,,,,,,Qw,Rw,,,,,,,Bb,Rw,,,,,,,Rw,Rw,,,,,,,Pb,Rw,Rw,Bb,Qb,Pb,Rb,Bw,Pw	darkRed	0
e336e56b4374597ff3d85854bfac440e	20	Qw,Nw,Qb,Kb,Rb,Nb,Qw,Pb,Kw,,,,,,,Kw,Pw,,,,,,,Rw,Nw,,,,,,,Bw,Bb,,,,,,,Qb,Kb,,,,,,,Pw,Pb,,,,,,,Rb,Bb,Kw,Rw,Nw,Qb,Kb,Rb,Nw	lightRed	0
e3373efc43e52d6e0f91f5879d1f4e99	3439	Nw,Pb,Qb,Bw,Rb,Pw,Qw,Bb,Pw,,,,,,,Nw,Nb,,,,,,,Bb,Bw,,,,,,,Kb,Qb,,,,,,,Pb,Pb,,,,,,,Nb,Nw,,,,,,,Bw,Qb,Bw,Nb,Pb,Kb,Bb,Nw,Kb	darkGray	0
e3374fd66befaac2a94afd4a0006aacb	1949	Qb,Nw,Pb,Kb,Bw,Nb,Pw,Nb,Rw,,,,,,,Nw,Kw,,,,,,,Bb,Qw,,,,,,,Kw,Nb,,,,,,,Pw,Pb,,,,,,,Nb,Kb,,,,,,,Bw,Nw,Nw,Bb,Kb,Pb,Nb,Bw,Pb	darkRed	0
e3383398cf2859faa65424014b5710cb	967	Pb,Qb,Bw,Rw,Pb,Kw,Bb,Nw,Rb,,,,,,,Qw,Kb,,,,,,,Bb,Qb,,,Pw,Pw,,,Rw,Nw,,,Pw,Pw,,,Pb,Rw,,,,,,,Qb,Kw,,,,,,,Bw,Nb,Bb,Qw,Pw,Rb,Bw,Qb,Nw	lightRed	0
e33b4d54433ee07b125814d3dcc2dbaa	3315	Kb,Kw,Rw,Nb,Qw,Kb,Rb,Bw,Rb,,,,,,,Rw,Pw,,,,,,,Kw,Qb,,,,,,,Qw,Bw,,,,,,,Nb,Rw,,,,,,,Rb,Pb,,,,,,,Kb,Qw,Pb,Qb,Bw,Nb,Pw,Qw,Bb	darkGray	0
e33e5d9652dd2bacadb75aa1ec4a2024	880	Bw,Nb,Qw,Kw,Rw,Nw,Qb,Qb,Rb,,,,,,,Qb,Kb,,,,,,,Nw,Qw,,,,,,,Rb,Nb,,,,,,,Kb,Rw,,,,,,,Qw,Kw,,,,,,,Nb,Bw,Kw,Pw,Nb,Bw,Kb,Pb,Bw	lightGray	0
e3487d575ca4acff93305b619f854468	47	Nb,Pw,Nb,Bw,Kb,Pb,Nw,Qw,Bb,,,,,,,Bw,Nw,,,,,,,Qb,Pb,,,,,,,Pw,Kb,,,,,,,Rb,Bw,,,,,,,Bb,Nb,,,,,,,Qw,Nw,Kw,Rw,Nb,Qw,Kb,Rb,Kw	darkRed	0
e357b0add1cf9195481e60f283cad8dd	1393	Qb,Kw,Rw,Nb,Bw,Kb,Rb,Bw,Bb,,,,,,,Kb,Qw,,,,,,,Bw,Pb,,,Rw,Rw,,,Nw,Rw,,,Rw,Rw,,,Pb,Bw,,,,,,,Kw,Qb,,,,,,,Bb,Bw,Kw,Rw,Nb,Qw,Kb,Rb,Pw	darkRed	0
e35eeb08fa031433dfa6f556a0b104fb	3566	Rb,Bw,Rb,Pw,Qw,Bb,Rw,Bw,Pb,,,,,,,Pb,Qb,,,,,,,Qb,Bw,,,,,,,Bb,Nb,,,,,,,Rw,Pw,,,,,,,Pw,Kw,,,,,,,Qw,Pb,Rw,Kw,Qb,Nw,Rb,Kb,Nw	darkRed	0
e36102db1860f4be37d9e3cee79f40e9	1053	Bw,Pw,Nb,Bw,Kb,Pb,Nw,Kw,Kb,,,,,,,Bw,Pb,,,,,,,Rb,Nb,,,,,,,Pw,Bw,,,,,,,Qw,Kw,,,,,,,Nb,Pw,,,,,,,Rw,Pw,Bb,Rw,Pb,Qb,Bw,Rb,Rw	darkGray	0
e37ae250d9ca2e3deaf1fe8f4d062a72	3808	Rb,Rw,Nb,Qw,Kb,Rb,Nw,Qb,Rb,,,,,,,Rw,Pb,,,,,,,Kw,Qw,,,,,,,Qb,Bb,,,,,,,Nw,Rb,,,,,,,Rb,Pw,,,,,,,Kb,Kb,Bb,Qw,Pw,Rb,Bw,Qb,Rw	darkRed	0
e39b265797c5c66b9d49b6d727e63c61	1444	Bb,Bw,Nb,Pw,Kw,Bb,Nw,Nw,Bb,,,,,,,Bb,Kw,,,,,,,Kw,Pw,,,,,,,Pb,Nb,,,,,,,Nw,Bw,,,,,,,Bw,Kb,,,,,,,Kb,Kb,Bw,Kb,Pb,Nw,Qb,Kw,Pb	darkRed	0
e3a1e452e3076a1a1f9d418b534a9202	3028	Rb,Nw,Bb,Kw,Pw,Rb,Bw,Bw,Nw,,,,,,,Rb,Bb,,,,,,,Nw,Kb,,,Pb,Pb,,,Qw,Pb,,,Pb,Pb,,,Kb,Nb,,,,,,,Pw,Bw,,,,,,,Nb,Pw,Pw,Qw,Bw,Rb,Pb,Kb,Bb	darkGray	0
e3a25d64905437351e298690266daf06	3287	Rw,Qw,Pw,Rb,Bw,Qb,Pb,Nb,Nb,,,,,,,Rb,Bw,,,,,,,Pw,Kw,,,,,,,Qw,Pw,,,,,,,Bb,Nw,,,,,,,Rw,Bb,,,,,,,Pb,Pw,Nb,Qw,Kb,Rb,Bw,Qb,Kw	lightRed	0
e3b04ab19b0ca8ef64a022eebf3848c1	3545	Kw,Nw,Bb,Kw,Pw,Nb,Bw,Bb,Pb,,,,,,,Qb,Nw,,,,,,,Pb,Bw,,,,,,,Rb,Kb,,,,,,,Bw,Pw,,,,,,,Qw,Nb,,,,,,,Pw,Bb,Pw,Kw,Bb,Nw,Pb,Kb,Nw	darkGray	0
e3ba18df49b9ad222330e6af466a388c	4045	Qw,Pw,Nb,Bb,Kw,Pb,Rw,Rw,Nb,,,,,,,Bw,Bw,,,,,,,Kb,Kb,,,,,,,Pw,Pb,,,,,,,Nb,Nw,,,,,,,Bb,Qb,,,,,,,Kw,Kb,Kb,Qw,Nw,Pb,Kw,Bb,Qw	lightGray	0
e3c59639ba306816d918dc480b713fc7	2839	Rb,Nw,Rb,Kb,Qw,Bb,Rw,Pw,Rb,,,,,,,Qw,Pw,,,,,,,Pw,Qb,,,Rw,Rw,,,Rw,Bw,,,Rw,Rw,,,Bb,Rw,,,,,,,Qb,Pb,,,,,,,Kw,Bw,Kw,Rw,Nb,Bw,Kb,Pb,Qw	darkGray	0
e3ce20a98615d0fc1fadc8ec60ab97d7	3527	Qb,Nw,Pb,Kw,Bb,Nb,Pw,Bb,Pw,,,,,,,Kw,Kw,,,,,,,Rw,Bw,,,,,,,Nb,Nb,,,,,,,Kw,Pb,,,,,,,Kb,Kb,,,,,,,Rb,Pb,Pb,Nw,Bb,Kw,Rw,Nb,Rb	lightGray	0
e3d2b9005eb8cb4e73b4e9e13514debb	2839	Rb,Nw,Rb,Kb,Qw,Bb,Rw,Pw,Rb,,,,,,,Qw,Pw,,,,,,,Pw,Qb,,,,,,,Rw,Bw,,,,,,,Bb,Rw,,,,,,,Qb,Pb,,,,,,,Kw,Bw,Kw,Rw,Nb,Bw,Qb,Pb,Qw	darkGray	1
e3dc6e9cfc256cd9cea9a9974ec8b96a	4010	Rw,Bb,Kw,Pw,Nb,Bw,Kb,Pb,Rb,,,,,,,Rb,Bw,,,,,,,Nw,Qw,,,,,,,Qw,Pw,,,,,,,Kb,Rw,,,,,,,Rw,Bb,,,,,,,Bb,Rb,Bb,Rw,Pb,Qb,Bw,Rb,Kb	darkRed	0
e3e810d45e01a9c89f19ac5749d61b2f	1140	Qw,Kw,Pw,Nb,Bw,Kb,Pb,Qw,Kw,,,,,,,Nw,Rw,,,,,,,Pb,Nw,,,,,,,Kb,Qb,,,,,,,Bw,Kb,,,,,,,Nb,Rb,,,,,,,Pw,Rb,Qw,Pw,Rw,Bb,Qb,Pb,Nw	lightRed	0
e3f266ced835d87370290401cbdef52d	4064	Nw,Kw,Pw,Nb,Bw,Kb,Pb,Qb,Nw,,,,,,,Bb,Bb,,,,,,,Nw,Kb,,,Pb,Pb,,,Pb,Pb,,,Pb,Pb,,,Kb,Nb,,,,,,,Bw,Bw,,,,,,,Nb,Pb,Kb,Rb,Nb,Qw,Kw,Rw,Bb	darkRed	0
e3f3190ef33ff1da5751895f9c03ce06	3841	Kw,Bb,Rw,Pb,Qb,Bw,Rb,Kb,Pw,,,,,,,Qw,Nb,,,,,,,Bb,Qb,,,Bw,Bw,,,Rb,Kw,,,Bw,Bw,,,Pw,Rb,,,,,,,Kb,Nw,,,,,,,Bw,Qw,Qb,Nw,Rw,Kw,Qw,Nb,Nw	lightRed	0
e3f7d4cd2268c6017c2a17a8dfd0cadc	2800	Rb,Qw,Pw,Rb,Bw,Qb,Pb,Pw,Bw,,,,,,,Nb,Kb,,,,,,,Bw,Pb,,,,,,,Kb,Nw,,,,,,,Pb,Bb,,,,,,,Nw,Kw,,,,,,,Bb,Rb,Bw,Qb,Pw,Rb,Bb,Kw,Kb	darkRed	0
e3fb6e170c3a6212542bbff556a0088f	3594	Nw,Rw,Kw,Qb,Nw,Pb,Kb,Rb,Bb,,,,,,,Pb,Kw,,,,,,,Kb,Pw,,,,,,,Bw,Nb,,,,,,,Nb,Qw,,,,,,,Pw,Kb,,,,,,,Kw,Kw,Pw,Kw,Bw,Nb,Pb,Kb,Pb	lightRed	0
e4034955576f48f3efc663144f8ee4f5	4084	Nb,Nb,Pw,Kw,Bb,Nw,Pb,Qw,Qw,,,,,,,Rw,Kb,,,,,,,Nb,Rw,,,,,,,Qb,Bb,,,,,,,Kw,Qb,,,,,,,Rb,Kw,,,,,,,Nw,Pw,Kb,Bw,Nw,Pb,Kw,Bb,Qw	darkRed	0
e4102399d931ef06585ce94495008f6e	667	Kb,Nw,Pb,Kb,Bw,Nb,Pw,Rw,Kw,,,,,,,Rb,Qb,,,,,,,Bw,Nw,,,,,,,Qw,Rb,,,,,,,Pw,Kb,,,,,,,Rw,Qw,,,,,,,Bb,Rw,Bw,Qb,Pw,Rb,Bb,Qw,Kb	lightRed	0
e413a3799ca4ee02ec1841673a643b09	1006	Nw,Rw,Pb,Qb,Bw,Rb,Pw,Qb,Bw,,,,,,,Nw,Qb,,,,,,,Bb,Pb,,,Rb,Rb,,,Kb,Rw,,,Rb,Rb,,,Pb,Bb,,,,,,,Nb,Qw,,,,,,,Bw,Nw,Qb,Nw,Rw,Kw,Qw,Bb,Bb	lightRed	0
e41477b468ddc81bfc51cc1dfcaeef78	3849	Kw,Nb,Bw,Kw,Rw,Nw,Bb,Pb,Pb,,,,,,,Qw,Kb,,,,,,,Kb,Bw,,,,,,,Rw,Nb,,,,,,,Nb,Pw,,,,,,,Qb,Qw,,,,,,,Kw,Rw,Kb,Bw,Nw,Pb,Kw,Bb,Bb	lightRed	0
e424755309ecf766b44a4de9ca8fa517	4050	Rb,Rb,Bw,Qb,Kw,Rw,Bb,Rw,Kw,,,,,,,Rw,Qb,,,,,,,Kw,Nw,,,Nb,Nb,,,Qw,Rb,,,Nb,Nb,,,Nb,Pw,,,,,,,Rb,Qw,,,,,,,Kb,Qb,Bw,Rb,Kw,Qb,Nb,Rw,Bb	lightGray	0
e42d78d31f77ff618bfd78a22905a1b0	78	Qb,Nw,Bb,Kw,Pw,Nb,Bw,Rb,Qw,,,,,,,Pb,Pw,,,,,,,Kb,Rb,,,Nw,Nw,,,Bw,Bw,,,Nw,Nw,,,Nb,Qb,,,,,,,Pw,Pb,,,,,,,Kw,Qw,Kw,Rw,Nw,Qb,Kb,Rb,Qb	lightGray	0
e43be8bdf131d6aae3c2ef1c9c98000d	666	Nb,Bb,Kw,Pb,Nw,Bw,Qb,Kw,Pb,,,,,,,Qb,Rw,,,,,,,Nw,Bw,,,,,,,Rb,Qb,,,,,,,Kb,Pw,,,,,,,Qw,Rb,,,,,,,Nb,Rw,Kb,Rb,Nw,Qb,Kw,Rw,Nb	darkGray	0
e4435a1a6e82f97a7920fab47e66fcab	2166	Pw,Bw,Rb,Pw,Qw,Bb,Rw,Kb,Qb,,,,,,,Pw,Pb,,,,,,,Qw,Rb,,,Rb,Rb,,,Bb,Bw,,,Rb,Rb,,,Rw,Qw,,,,,,,Pb,Pw,,,,,,,Qb,Bb,Qb,Nw,Rb,Kb,Qw,Nb,Bb	darkGray	0
e45dc751e033be3a7098f26d6ea2e68e	1789	Kb,Pb,Qb,Bb,Rw,Pw,Kw,Pw,Rw,,,,,,,Bw,Pb,,,,,,,Nb,Qw,,,Pb,Pb,,,Pw,Bb,,,Pb,Pb,,,Kw,Rb,,,,,,,Bb,Pw,,,,,,,Nw,Bw,Pw,Kw,Bw,Nb,Pb,Kb,Rw	darkGray	0
e464ddc135a17e4c059dff785d31797b	3919	Qb,Rw,Pb,Qb,Bw,Rb,Pw,Pw,Bb,,,,,,,Kb,Nw,,,,,,,Rb,Rb,,,,,,,Nb,Kb,,,,,,,Qw,Qw,,,,,,,Kw,Nb,,,,,,,Pw,Kb,Qw,Nb,Rw,Kw,Qb,Nw,Pb	darkRed	0
e4769ae80a591dfb4564ee3229c5b375	1989	Bw,Rw,Nb,Bw,Kb,Rb,Nw,Rw,Rw,,,,,,,Rw,Bb,,,,,,,Rw,Kw,,,,,,,Rw,Pw,,,,,,,Rw,Rb,,,,,,,Rw,Bw,,,,,,,Rw,Rw,Bw,Kb,Pb,Nw,Bb,Kw,Rw	lightGray	0
e476f6128ef5ad9bd960009b97b8672d	240	Qb,Bw,Nb,Pb,Qb,Bb,Nw,Rw,Bb,,,,,,,Pw,Nw,,,,,,,Rb,Pb,,,Qw,Qw,,,Bb,Kb,,,Qw,Qw,,,Qw,Bw,,,,,,,Pb,Nb,,,,,,,Nw,Bw,Rw,Nb,Qw,Kb,Rb,Bw,Bb	lightRed	0
e47ce9092161af685b3dee39689f755c	2858	Kw,Qw,Bb,Rw,Pb,Qb,Bw,Kb,Kw,,,,,,,Nb,Pw,,,,,,,Qw,Nw,,,,,,,Kw,Bb,,,,,,,Rw,Kb,,,,,,,Nw,Pb,,,,,,,Qb,Rw,Qb,Kw,Pw,Nb,Qw,Kb,Bb	lightRed	0
e4878b97f8a30b01a911325fb4d4efb2	1652	Qw,Nb,Pw,Kw,Bb,Nw,Pb,Pw,Qb,,,,,,,Rb,Nw,,,,,,,Nw,Rb,,,Pb,Pb,,,Qw,Kb,,,Pb,Pb,,,Kb,Qw,,,,,,,Rw,Nb,,,,,,,Nb,Kb,Qb,Bw,Rb,Pw,Qw,Bb,Qw	lightGray	1
e48b616136f82a286a985cffb038acbf	2233	Nw,Qb,Bw,Rw,Pb,Qw,Bb,Rw,Kb,,,,,,,Rw,Bw,,,,,,,Rw,Nb,,,,,,,Rw,Pw,,,,,,,Rw,Kw,,,,,,,Rw,Bb,,,,,,,Rw,Kb,Rw,Pb,Qb,Bw,Rb,Pw,Rw	darkRed	0
e48b79dd29720915144da95f801f38ad	3198	Pw,Pw,Qw,Bb,Nw,Pb,Qb,Kw,Qb,,,,,,,Bb,Bw,,,,,,,Qw,Rw,,,,,,,Pb,Pb,,,,,,,Rw,Qw,,,,,,,Nw,Bb,,,,,,,Qb,Nb,Rb,Pw,Qb,Kw,Rw,Pb,Rb	lightGray	0
e48e832ccede8e6337a8ba9e286b7b3c	288	Pw,Pw,Rb,Bw,Qb,Kw,Rw,Pw,Qw,,,,,,,Pw,Pw,,,,,,,Qw,Rw,,,,,,,Bb,Bb,,,,,,,Rw,Qb,,,,,,,Pb,Kw,,,,,,,Qb,Kw,Nb,Bw,Kw,Rw,Nw,Qb,Rb	lightGray	0
e492a5d0c9ec8816ef28493b2ae5fb65	913	Rb,Pw,Nb,Bw,Kb,Pb,Nw,Qb,Kw,,,,,,,Pb,Qb,,,,,,,Rw,Nb,,,Pb,Pb,,,Bb,Rw,,,Pb,Pb,,,Qw,Kb,,,,,,,Pw,Qw,,,,,,,Rb,Bw,Kb,Pb,Nb,Bw,Kw,Pw,Bb	darkGray	0
e4a3c11ef5ac053be7d2ea7b2901c337	2564	Rb,Pw,Rb,Bb,Qw,Pb,Rw,Nw,Pb,,,,,,,Nb,Nw,,,,,,,Qw,Bw,,,Rb,Rb,,,Kb,Kb,,,Rb,Rb,,,Rb,Pw,,,,,,,Nw,Nb,,,,,,,Qb,Pw,Qw,Pw,Rb,Bw,Kb,Pb,Qb	lightGray	0
e4aee1dcba01ee8e36d0c9ccbf925976	551	Bw,Kw,Rw,Nb,Qw,Kb,Rb,Rb,Bb,,,,,,,Qb,Kw,,,,,,,Pb,Pw,,,,,,,Rw,Nb,,,,,,,Bb,Bw,,,,,,,Qw,Kb,,,,,,,Pw,Rw,Nb,Qw,Kw,Rw,Nw,Bb,Bw	darkRed	0
e4b7c38c34baf9aef1f0cd33f0d17e40	533	Rb,Nw,Qb,Kw,Pw,Nb,Qw,Kb,Kb,,,,,,,Kw,Rb,,,,,,,Pw,Nb,,,,,,,Nb,Qw,,,,,,,Bw,Kw,,,,,,,Kb,Rw,,,,,,,Pb,Rw,Pb,Rw,Bb,Qw,Pw,Rb,Pb	darkRed	0
e4f6abe1639753021f977e38f6882ff3	1011	Qw,Qb,Pb,Rw,Bb,Qw,Pw,Rb,Nb,,,,,,,Qb,Rw,,,,,,,Pb,Kb,,,Pb,Pb,,,Rb,Bw,,,Pb,Pb,,,Bw,Nw,,,,,,,Qw,Rb,,,,,,,Pw,Bw,Rb,Nw,Qw,Kb,Rw,Nb,Rb	darkGray	0
e4f7a446f1363454c2ff13a6d50d7e15	3714	Kw,Pw,Nb,Bw,Kb,Pb,Nw,Pb,Nw,,,,,,,Rb,Rb,,,,,,,Kb,Kw,,,,,,,Qw,Qb,,,,,,,Nb,Nb,,,,,,,Rw,Rw,,,,,,,Kw,Bw,Pb,Nw,Qw,Kb,Rw,Nb,Bw	darkGray	0
e50caf658907cc4bb7ae30b608e2f78c	4093	Bw,Qw,Pw,Rw,Bb,Qb,Kw,Bw,Rw,,,,,,,Nw,Kw,,,,,,,Rb,Qw,,,,,,,Kw,Nb,,,,,,,Qb,Rb,,,,,,,Nb,Kb,,,,,,,Rw,Rw,Rw,Rw,Rw,Rw,Rw,Rw,Rw	lightRed	0
e511cfc4b1bc5677977de1d320044be5	2474	Bb,Qb,Bw,Rw,Kw,Qw,Nb,Rw,Bw,,,,,,,Nb,Rb,,,,,,,Qw,Pw,,,,,,,Pb,Qw,,,,,,,Rw,Bb,,,,,,,Bw,Rw,,,,,,,Qb,Kb,Bw,Rb,Pw,Qw,Bb,Nw,Nb	lightRed	0
e51a508fbd91fe4ad78175bad8409071	3951	Nb,Qb,Bw,Rw,Pb,Qw,Bb,Qb,Bb,,,,,,,Nw,Kw,,,,,,,Bb,Pb,,,Rb,Rb,,,Kb,Nw,,,Rb,Rb,,,Pb,Bw,,,,,,,Nb,Kb,,,,,,,Bw,Bb,Qb,Kw,Rb,Nw,Qw,Kb,Nw	darkGray	0
e5287df3a35a4b4ff08bffe381d09199	131	Rw,Rw,Rw,Rw,Rw,Rw,Rw,Rw,Pb,,,,,,,Pb,Nw,,,,,,,Nw,Bb,,,,,,,Bb,Kw,,,,,,,Kw,Pw,,,,,,,Pw,Nb,,,,,,,Nb,Bw,Pb,Kb,Qw,Nb,Pw,Kw,Pw	lightGray	0
e53f0630da2dc19ab45bd35f95dd397a	2521	Bw,Bb,Rw,Pb,Qb,Bw,Rb,Kw,Bw,,,,,,,Bw,Qb,,,,,,,Kb,Pb,,,,,,,Pb,Rw,,,,,,,Nw,Bb,,,,,,,Bb,Kw,,,,,,,Kw,Bb,Rw,Pb,Kw,Bb,Rb,Pw,Rw	lightGray	0
e54dd98425a2122aa9583506beb37fbc	3512	Nw,Bb,Nw,Pb,Kb,Bw,Nb,Rw,Kb,,,,,,,Kw,Rb,,,,,,,Qb,Nb,,,Rw,Rw,,,Nb,Qw,,,Rw,Rw,,,Rw,Kw,,,,,,,Kb,Rw,,,,,,,Qw,Pw,Pw,Nb,Bw,Kb,Pb,Nw,Kb	lightGray	0
e5524fda902a4b9bf98c9e75fad77af8	4016	Qb,Rw,Nb,Qw,Kb,Rb,Nw,Rw,Rb,,,,,,,Nb,Pw,,,,,,,Qw,Qb,,,Pw,Pw,,,Kw,Bw,,,Pw,Pw,,,Rw,Rw,,,,,,,Nw,Pb,,,,,,,Qb,Pw,Qw,Pw,Rb,Bw,Kb,Pb,Rw	darkRed	0
e56644585d2356d0d31443e3475fb344	2808	Kb,Rb,Nw,Qw,Kb,Rw,Nb,Qw,Bb,,,,,,,Bb,Qw,,,,,,,Nw,Pb,,,,,,,Pw,Rw,,,,,,,Kw,Bw,,,,,,,Bw,Qb,,,,,,,Nb,Qb,Kw,Pw,Nb,Bw,Kb,Pb,Rb	darkGray	0
e56764cb77bc5e01d5eda4286a3ea1d8	2188	Nb,Kw,Qb,Nw,Rb,Kb,Qw,Pw,Bb,,,,,,,Nb,Nw,,,,,,,Rw,Pw,,,Nw,Nw,,,Kb,Kw,,,Nw,Nw,,,Qw,Qw,,,,,,,Nw,Nb,,,,,,,Rb,Nb,Qb,Nw,Pw,Kw,Qw,Nb,Kw	lightGray	0
e5a2cd915f36ddb5144d45aab5f83aab	2911	Nb,Pw,Kw,Qb,Nw,Pb,Kb,Bb,Nb,,,,,,,Nb,Pw,,,,,,,Rw,Kb,,,Bw,Bw,,,Kb,Bw,,,Bw,Bw,,,Qw,Nw,,,,,,,Nw,Pb,,,,,,,Rb,Bb,Bb,Qw,Pw,Rb,Bw,Qb,Kw	lightGray	0
e5a45a96ed7b3810c971b7e6a0e7b5e1	2501	Qb,Kb,Rb,Nw,Qb,Kw,Rw,Rw,Pw,,,,,,,Kw,Kw,,,,,,,Pw,Bw,,,,,,,Nb,Nb,,,,,,,Bw,Pb,,,,,,,Kb,Kb,,,,,,,Pb,Qb,Qb,Bw,Rw,Pb,Qw,Bb,Bw	darkGray	0
e5a6c853766286a706a943525a8bf765	2543	Kw,Bb,Rw,Pw,Qw,Bw,Rb,Rb,Nb,,,,,,,Bb,Pw,,,,,,,Rw,Kw,,,Nw,Nw,,,Pw,Bb,,,Nw,Nw,,,Qw,Nw,,,,,,,Bw,Pb,,,,,,,Rb,Bb,Nb,Bw,Kb,Pb,Nw,Bb,Bw	lightGray	0
e5a8bba2b12adc29bc8697f667c6db0c	18	Qw,Kw,Bb,Nb,Pw,Kb,Bw,Rb,Qw,,,,,,,Bw,Pw,,,,,,,Nb,Rw,,,,,,,Rw,Bb,,,,,,,Kw,Qb,,,,,,,Bb,Pb,,,,,,,Nw,Qw,Qw,Nb,Rb,Kb,Qb,Nw,Pw	lightRed	0
e5aa9c8fe751ff4b63b092bb411fdcd1	1007	Qw,Bb,Rw,Pb,Qb,Bw,Rb,Rb,Pw,,,,,,,Qw,Rb,,,,,,,Kb,Bw,,,Pb,Pb,,,Rw,Qb,,,Pb,Pb,,,Nb,Pb,,,,,,,Qb,Rw,,,,,,,Pb,Kb,Qb,Kw,Rb,Nw,Qw,Kb,Pb	darkRed	0
e5ae301bf526e18605d781a54f2b0185	2647	Qw,Kb,Qw,Bb,Rw,Pb,Qb,Qb,Pb,,,,,,,Bb,Nw,,,,,,,Nw,Bw,,,Nw,Nw,,,Rb,Kb,,,Nw,Nw,,,Kb,Pw,,,,,,,Bw,Nb,,,,,,,Nb,Qw,Rw,Bb,Qb,Pb,Rb,Bw,Nw	darkGray	0
e5c23ec87842e30e2d36fc06b63ed2a0	1583	Rw,Qb,Kw,Rw,Nb,Qw,Kb,Pb,Rb,,,,,,,Pw,Kb,,,,,,,Kw,Qb,,,Pb,Pb,,,Bw,Nw,,,Pb,Pb,,,Nb,Rw,,,,,,,Pb,Kw,,,,,,,Kb,Qb,Bb,Kw,Pb,Nw,Bw,Kb,Bw	lightRed	0
e5d9f5e6e9e6dcaf33c2578aa6db7b30	3963	Rw,Nb,Pw,Kw,Bb,Nw,Pb,Kb,Pw,,,,,,,Pb,Rb,,,,,,,Kb,Bb,,,Pb,Pb,,,Bw,Qw,,,Pb,Pb,,,Nb,Pb,,,,,,,Pw,Rw,,,,,,,Kw,Rw,Bw,Kb,Pb,Nw,Bb,Kw,Nw	darkRed	0
e5f005024cec1ed751253bdbf2213558	3864	Pw,Bb,Qw,Pw,Rb,Bw,Qb,Nw,Qb,,,,,,,Kb,Kw,,,,,,,Qw,Rw,,,,,,,Nb,Nb,,,,,,,Rw,Qw,,,,,,,Kw,Kb,,,,,,,Bb,Bb,Kw,Bb,Nb,Pw,Kb,Bw,Pw	darkRed	0
e5f7477f19c0a13f28fb16eafca7ed9d	932	Qw,Rw,Pb,Qw,Bb,Rb,Pw,Rb,Kb,,,,,,,Bb,Rb,,,,,,,Nw,Nw,,,,,,,Rb,Qb,,,,,,,Kb,Kw,,,,,,,Bw,Rw,,,,,,,Nb,Rw,Pb,Rw,Bb,Qw,Pw,Nb,Pb	lightGray	0
e603af1fb6f8915461a00630a07eeb0d	3350	Pw,Bb,Qw,Pb,Nw,Bw,Kb,Pw,Pb,,,,,,,Pb,Nw,,,,,,,Rw,Bb,,,Pb,Pb,,,Bw,Kw,,,Pb,Pb,,,Qb,Rw,,,,,,,Pw,Nb,,,,,,,Rb,Rb,Rb,Bw,Qb,Pb,Rw,Nb,Kb	lightGray	0
e6056792ea79b39d604ad39907a82ecf	2416	Rw,Rw,Nb,Qb,Kw,Rb,Bw,Qb,Bw,,,,,,,Rw,Rb,,,,,,,Kw,Pw,,,Nw,Nw,,,Qb,Qw,,,Nw,Nw,,,Nw,Bb,,,,,,,Rb,Rw,,,,,,,Kb,Rw,Qw,Bb,Rw,Pb,Qb,Nw,Kw	lightRed	0
e622af96e71f12dcd92fd01213bf0cbb	1469	Rw,Qb,Kw,Rb,Nw,Qw,Kb,Kw,Rb,,,,,,,Qb,Kb,,,,,,,Pb,Qb,,,,,,,Rw,Nw,,,,,,,Bb,Rw,,,,,,,Qw,Kw,,,,,,,Pw,Qw,Pw,Rb,Bb,Qw,Pb,Rw,Pw	darkRed	0
e62344b478b5dd440060f3bde9a436f3	1676	Pw,Bw,Rb,Pb,Qb,Bb,Rw,Bw,Rb,,,,,,,Bw,Bw,,,,,,,Nb,Qb,,,Pb,Pb,,,Pb,Pb,,,Pb,Pb,,,Kb,Rw,,,,,,,Bb,Bb,,,,,,,Nw,Nb,Kw,Pw,Nb,Bw,Kb,Pb,Rw	lightGray	0
e624372e629df9969abbed18e637699a	86	Qw,Kw,Pw,Nw,Qb,Kb,Pb,Nb,Qw,,,,,,,Rb,Pw,,,,,,,Kb,Rb,,,Qw,Qw,,,Qw,Bw,,,Qw,Qw,,,Nb,Qb,,,,,,,Rw,Pb,,,,,,,Pb,Nw,Qb,Nw,Rb,Kb,Qw,Nb,Qb	darkGray	0
e624403adb95dfc34e77f2f2f29fb73a	1066	Pb,Pb,Kb,Bb,Nw,Pw,Kw,Rb,Rw,,,,,,,Nw,Nb,,,,,,,Rb,Qw,,,Rb,Rb,,,Pw,Kb,,,Rb,Rb,,,Qw,Rb,,,,,,,Nb,Nw,,,,,,,Rw,Nw,Rw,Nb,Kb,Kw,Rb,Nw,Kw	lightRed	0
e629f9a147198aada7b77d60bac29235	3471	Kw,Nb,Pw,Kb,Bw,Nw,Pb,Qw,Rw,,,,,,,Kw,Pb,,,,,,,Pw,Kb,,,,,,,Nw,Bw,,,,,,,Bb,Nb,,,,,,,Kb,Pw,,,,,,,Pb,Rw,Rw,Rw,Rw,Rw,Rw,Rw,Rw	lightRed	0
e62c6c1a45116251a3b5a0e08dc739e0	2681	Rb,Qb,Pb,Rb,Bw,Qw,Pw,Rb,Qb,,,,,,,Qb,Pb,,,,,,,Pb,Rb,,,Bw,Bw,,,Rw,Bw,,,Bw,Bw,,,Bb,Qw,,,,,,,Qw,Pw,,,,,,,Pw,Pw,Pb,Kb,Bw,Nb,Pw,Kw,Rb	darkRed	0
e62d78837a449452481804ff9c6a008c	37	Qw,Kw,Rw,Nw,Qb,Kb,Rb,Qb,Nb,,,,,,,Qb,Qw,,,,,,,Pb,Kw,,,Nb,Nb,,,Rb,Rw,,,Nb,Nb,,,Bw,Bw,,,,,,,Qw,Qb,,,,,,,Pw,Pw,Rb,Kb,Qw,Nb,Rw,Kw,Nb	lightGray	0
e62efede2039bbd2bc6dc2048329853f	3738	Pb,Qw,Bb,Rb,Pw,Qb,Bw,Nb,Qb,,,,,,,Pw,Kw,,,,,,,Nb,Rw,,,Pw,Pw,,,Bw,Nb,,,Pw,Pw,,,Kb,Qw,,,,,,,Pb,Kb,,,,,,,Nw,Bb,Bb,Qw,Pb,Rw,Bw,Qb,Qw	darkGray	0
e63ba0491f7ea1a649e1fd90ffc884c1	2822	Nw,Bw,Kb,Pb,Nw,Bb,Qw,Nw,Nb,,,,,,,Nb,Rw,,,,,,,Pw,Kw,,,,,,,Kb,Qb,,,,,,,Bw,Nw,,,,,,,Nw,Rb,,,,,,,Pb,Kw,Qw,Bb,Rb,Pw,Kb,Bw,Bw	lightGray	0
e63e9ddb1000ce71a5ec73b11ff0ef57	508	Pb,Kb,Rb,Nb,Qw,Kw,Rw,Rw,Pw,,,,,,,Pb,Nb,,,,,,,Nw,Bw,,,,,,,Bb,Qb,,,,,,,Qw,Pb,,,,,,,Pw,Rw,,,,,,,Nb,Qw,Qw,Pw,Rb,Bw,Qb,Pb,Kw	darkRed	0
e64aba5570829c0fac7d4592fceb97b8	3287	Rw,Qw,Pw,Rb,Bw,Qb,Pb,Nb,Nb,,,,,,,Rb,Bw,,,,,,,Pw,Kw,,,,,,,Qw,Pw,,,,,,,Bb,Nw,,,,,,,Rw,Bb,,,,,,,Pb,Pw,Nb,Qw,Kb,Rb,Bw,Qb,Kw	lightRed	0
e64e47b162249d424ef06c3960b48802	3641	Rw,Nw,Qb,Pw,Rb,Bb,Qw,Rb,Bw,,,,,,,Kb,Qb,,,,,,,Pb,Pb,,,,,,,Nw,Rw,,,,,,,Bb,Bb,,,,,,,Kw,Qw,,,,,,,Pw,Bb,Qw,Nb,Rw,Kw,Qb,Bw,Bw	lightGray	0
e6520c90dca62ad29c10e98139a3a2d0	804	Pb,Bw,Nb,Pb,Kb,Bb,Nw,Kw,Nw,,,,,,,Rw,Rb,,,,,,,Pb,Kb,,,,,,,Qw,Qw,,,,,,,Bb,Nb,,,,,,,Rb,Rw,,,,,,,Pw,Qw,Pw,Kw,Bw,Nb,Pb,Kb,Qb	lightGray	0
e660b24285f75995d93502e6a2207ba8	1402	Rw,Pw,Nb,Bb,Kw,Pb,Nw,Bw,Rw,,,,,,,Qb,Rw,,,,,,,Bw,Rw,,,,,,,Rw,Rw,,,,,,,Pb,Rw,,,,,,,Qw,Rw,,,,,,,Bb,Rw,Pw,Qw,Bw,Rb,Pb,Qb,Qb	darkRed	0
e6664534019c33304506bf3aa605945a	79	Pb,Pb,Qb,Bb,Rw,Pw,Qw,Bb,Qw,,,,,,,Bw,Bb,,,,,,,Nb,Rb,,,,,,,Pw,Pw,,,,,,,Kw,Qb,,,,,,,Qb,Bw,,,,,,,Nw,Nb,Pw,Qw,Bw,Rb,Pb,Qb,Pw	darkGray	0
e66c93d00839416a5c0a7cc1aa5b771b	3201	Kw,Rw,Bb,Qb,Pb,Rb,Bw,Qw,Nb,,,,,,,Bw,Qw,,,,,,,Nb,Kb,,,,,,,Pb,Rb,,,,,,,Kb,Nw,,,,,,,Bb,Qb,,,,,,,Nw,Bw,Nb,Qw,Kw,Rw,Nw,Bb,Nw	lightRed	0
e674c3a2b11c100cf4f4a0e8cef98b80	2149	Bb,Nw,Qb,Kw,Rw,Nb,Qw,Nb,Qw,,,,,,,Bb,Nb,,,,,,,Kw,Rb,,,Nb,Nb,,,Pb,Kb,,,Nb,Nb,,,Nw,Qb,,,,,,,Bw,Nw,,,,,,,Kb,Kb,Pw,Rb,Bb,Kw,Pb,Rw,Pb	darkRed	0
e67a5f94001d8077aba23cb86df826e3	2957	Pw,Nw,Pb,Kb,Bw,Nb,Pw,Kw,Nw,,,,,,,Bw,Qb,,,,,,,Qb,Kw,,,Bw,Bw,,,Pw,Rw,,,Bw,Bw,,,Rb,Nb,,,,,,,Bb,Qw,,,,,,,Qw,Pb,Rb,Nw,Qb,Kw,Rw,Bb,Bw	lightGray	0
e68fef14b7683b0a0da27498a37225f9	150	Nw,Rw,Nb,Qb,Kw,Rb,Nw,Bw,Rw,,,,,,,Pw,Nb,,,,,,,Nb,Qb,,,Bb,Bb,,,Bw,Pb,,,Bb,Bb,,,Kb,Rb,,,,,,,Pb,Nw,,,,,,,Nw,Pb,Bb,Kw,Pw,Nb,Bw,Kb,Qb	lightGray	0
e698ba15dd4d18c588ba93f4b793d0bd	19	Pw,Bb,Rw,Pb,Qb,Bw,Rb,Nb,Pw,,,,,,,Rw,Qw,,,,,,,Pb,Bb,,,,,,,Qw,Rw,,,,,,,Bb,Pb,,,,,,,Rb,Qb,,,,,,,Pw,Nb,Bb,Rw,Pb,Qb,Bw,Rb,Bb	darkRed	0
e69a295a6b4bed904c456a6d897b4773	3870	Nb,Qb,Pb,Rw,Nb,Qw,Pw,Pw,Qb,,,,,,,Kw,Pb,,,,,,,Qb,Rw,,,Kb,Kb,,,Nb,Bb,,,Kb,Kb,,,Rw,Qw,,,,,,,Kb,Kb,,,,,,,Qw,Qw,Pb,Nw,Bw,Kb,Pw,Rb,Nw	darkGray	0
e6a800812dd1391b56c7ca744a4e3f34	1108	Qw,Pw,Kw,Bb,Nw,Pb,Kb,Qb,Nw,,,,,,,Nb,Rb,,,,,,,Rw,Kb,,,Kb,Kb,,,Kw,Qw,,,Kb,Kb,,,Qb,Nb,,,,,,,Nw,Rw,,,,,,,Rb,Nb,Rb,Nw,Qw,Kb,Rw,Bb,Rb	lightRed	0
e6a8f04d2198c78230a07b6e5ad974b0	1281	Kw,Kb,Qw,Nb,Rw,Kw,Qb,Pb,Kb,,,,,,,Rw,Pb,,,,,,,Kw,Nb,,,Qb,Qb,,,Qb,Bw,,,Qb,Qb,,,Nw,Kw,,,,,,,Rb,Pw,,,,,,,Pw,Rw,Rb,Kb,Qw,Nb,Rw,Kw,Bw	darkRed	0
e6afeb5fe44be6ec0c39b9ba3b0cb2a9	3429	Nw,Pb,Nw,Bw,Kb,Pw,Nb,Kw,Kb,,,,,,,Qb,Rb,,,,,,,Bw,Nw,,,Pb,Pb,,,Rw,Bb,,,Pb,Pb,,,Pb,Kw,,,,,,,Qw,Pw,,,,,,,Bb,Nw,Kw,Pw,Nw,Bb,Kb,Pb,Rb	darkRed	0
e6b80e3a7728b4e1407c0fe67cd44b3a	1138	Nw,Nw,Qb,Kb,Rb,Nb,Qw,Qw,Nw,,,,,,,Kb,Qb,,,,,,,Rb,Kb,,,,,,,Nb,Rb,,,,,,,Qw,Nb,,,,,,,Kw,Qw,,,,,,,Rw,Pw,Kw,Pw,Nw,Bb,Kb,Pb,Bb	lightRed	0
e6bc74bb7efddeaa3476edc595d3a2ac	1104	Kw,Bw,Qb,Pw,Nb,Bb,Kw,Rb,Qw,,,,,,,Qb,Kb,,,,,,,Nw,Rb,,,,,,,Rw,Nw,,,,,,,Kw,Qb,,,,,,,Qw,Kw,,,,,,,Nb,Kw,Pb,Nw,Bb,Qw,Pw,Rb,Pw	lightGray	0
e6d3cd7ef7eaa2b23dea97b0d0ebef41	589	Kb,Nw,Rb,Kb,Qw,Nb,Rw,Bb,Rw,,,,,,,Kb,Pb,,,,,,,Pb,Qw,,,Rw,Rw,,,Nb,Bb,,,Rw,Rw,,,Bw,Rb,,,,,,,Qw,Pw,,,,,,,Pw,Nw,Kb,Pb,Nb,Bw,Kw,Pw,Qw	darkGray	0
e6e603dba12c284f9bfb5745d795f292	291	Rw,Rw,Rw,Rw,Rw,Rw,Rw,Rw,Rb,,,,,,,Bw,Pw,,,,,,,Kb,Qw,,,,,,,Pw,Bb,,,,,,,Nb,Rw,,,,,,,Bb,Pb,,,,,,,Kw,Kw,Rb,Kb,Qw,Nb,Rw,Kw,Nw	lightGray	0
e6f5d6308964a3351fc2b49f40b1a919	948	Bb,Kw,Rw,Nb,Bw,Kb,Rb,Qb,Qb,,,,,,,Rb,Kw,,,,,,,Pw,Rw,,,,,,,Qw,Nb,,,,,,,Bb,Bw,,,,,,,Rw,Kb,,,,,,,Pb,Kw,Pb,Qb,Bw,Nb,Pw,Qw,Pw	lightGray	0
e6f69ede428daaf221f2df4a5ca8cc32	3630	Rw,Bb,Nw,Pw,Kw,Bw,Nb,Bw,Rw,,,,,,,Qw,Bb,,,,,,,Nb,Qw,,,,,,,Rb,Pw,,,,,,,Kb,Rb,,,,,,,Qb,Bw,,,,,,,Nw,Kw,Nb,Pw,Qb,Bw,Rw,Pb,Pb	lightGray	0
e6fe5d80b02ec17b724d0ea01330ca47	26	Nw,Rw,Kw,Qw,Nb,Rb,Kb,Nw,Pb,,,,,,,Bb,Nw,,,,,,,Rw,Bb,,,Pb,Pb,,,Pb,Kw,,,Pb,Pb,,,Kb,Pw,,,,,,,Bw,Nb,,,,,,,Nb,Rb,Pw,Nb,Bw,Qb,Pb,Rw,Pb	lightGray	0
e7061ea22c9f3b5f06af0ac6366a9ce7	476	Pb,Qb,Bw,Rb,Pw,Qw,Bb,Nb,Pw,,,,,,,Qb,Kw,,,,,,,Nw,Bb,,,Qb,Qb,,,Rb,Pw,,,Qb,Qb,,,Kb,Pb,,,,,,,Qw,Kb,,,,,,,Nb,Pw,Bw,Rb,Pb,Qb,Bb,Rw,Bw	darkGray	0
e70ed6088efd220c3f83c8a272ca96f7	370	Bw,Kw,Qb,Nw,Rb,Kb,Qw,Rw,Qb,,,,,,,Nw,Bw,,,,,,,Qb,Rw,,,Kb,Kb,,,Kb,Kw,,,Kb,Kb,,,Rb,Qw,,,,,,,Nb,Nb,,,,,,,Qw,Rw,Qb,Nw,Rw,Kw,Qw,Nb,Nb	lightRed	0
e73603b6c6565a7abcc9c70d397f94ad	2423	Kb,Pw,Qw,Nw,Rb,Kw,Qb,Qw,Nw,,,,,,,Pw,Rb,,,,,,,Nb,Kb,,,Bb,Bb,,,Bw,Qw,,,Bb,Bb,,,Kb,Bb,,,,,,,Pb,Rw,,,,,,,Nw,Pw,Pb,Qb,Bb,Rw,Pw,Qw,Bb	lightGray	0
e73c81cfd9dcd067a28538d255e7d473	3603	Nb,Qw,Bb,Rb,Pw,Qb,Bw,Rw,Kb,,,,,,,Qb,Qw,,,,,,,Bw,Nw,,,,,,,Rw,Rb,,,,,,,Pb,Kw,,,,,,,Qw,Qb,,,,,,,Bb,Pb,Nb,Pw,Kb,Bw,Nw,Pb,Kb	lightGray	0
e7412b873c5c298673f7d8179dc7513b	3512	Nw,Bb,Nw,Pb,Kb,Bw,Nb,Rw,Kb,,,,,,,Kw,Rb,,,,,,,Qb,Nb,,,Rw,Rw,,,Nb,Qw,,,Rw,Rw,,,Rw,Kw,,,,,,,Kb,Rw,,,,,,,Qw,Pw,Pw,Nb,Bw,Kb,Pb,Nw,Kb	lightGray	0
e745657ce1a11447fedefafe46c201a7	2995	Nw,Bw,Nb,Pw,Kw,Bb,Nw,Nb,Rb,,,,,,,Pb,Bw,,,,,,,Nw,Qw,,,Bb,Bb,,,Bw,Pw,,,Bb,Bb,,,Kb,Rw,,,,,,,Pw,Bb,,,,,,,Rb,Pw,Nw,Pb,Kw,Bb,Nb,Rw,Bw	darkRed	0
e7469f7e47e72e188bdb27e58e5e0e10	1927	Rb,Rw,Kw,Qw,Nb,Rb,Kb,Rb,Pw,,,,,,,Kb,Rb,,,,,,,Bw,Bb,,,Bb,Bb,,,Nb,Qw,,,Bb,Bb,,,Pw,Pb,,,,,,,Kw,Rw,,,,,,,Bb,Pb,Nw,Bb,Kb,Pb,Nb,Bw,Bb	lightRed	0
e7544940547762ce1399b4b284dcbe56	182	Nw,Nb,Pw,Kw,Bb,Nw,Pb,Bw,Qw,,,,,,,Rb,Kb,,,,,,,Kb,Rw,,,,,,,Qb,Bb,,,,,,,Nw,Qb,,,,,,,Rw,Pb,,,,,,,Kw,Qw,Nw,Rb,Kw,Qb,Nb,Pw,Rb	lightGray	0
e7590a76f3602ffe9c9d42e9a47b5749	384	Nw,Rb,Kb,Qw,Nb,Rw,Kw,Rb,Kw,,,,,,,Qw,Rw,,,,,,,Nb,Nb,,,Rb,Rb,,,Rb,Bw,,,Rb,Rb,,,Kb,Kb,,,,,,,Qb,Pb,,,,,,,Nw,Qw,Qb,Pb,Rw,Nb,Qw,Kb,Qw	darkGray	0
e75e0a69569178bc78d6987c2cfd7c86	1225	Rb,Nw,Pb,Kw,Bb,Nb,Pw,Kw,Bb,,,,,,,Pb,Qw,,,,,,,Kb,Pb,,,Bb,Bb,,,Bw,Rw,,,Bb,Bb,,,Nb,Bw,,,,,,,Pw,Qb,,,,,,,Kw,Pw,Qb,Kw,Rb,Nw,Qw,Kb,Bb	darkGray	0
e7613421a08285f7ecf30295cdbee93e	1533	Rb,Rw,Bb,Qb,Pb,Rb,Bw,Bb,Qw,,,,,,,Nb,Pw,,,,,,,Pw,Rb,,,Bw,Bw,,,Kb,Nw,,,Bw,Bw,,,Bw,Qb,,,,,,,Nw,Kw,,,,,,,Pb,Bw,Nw,Pb,Qw,Bb,Nb,Pw,Rb	lightRed	0
e77498b97f9f5c4f5662355aa322ea98	784	Qw,Qb,Nw,Pw,Kw,Bw,Nb,Kb,Bb,,,,,,,Nw,Rw,,,,,,,Rb,Pb,,,,,,,Kw,Qb,,,,,,,Qb,Bw,,,,,,,Nb,Rb,,,,,,,Rw,Nb,Nb,Rw,Pb,Qb,Nw,Rb,Rw	lightRed	0
e77a13f4f3f5c6714b63af50b16dc31f	625	Kb,Nw,Bb,Kw,Pw,Nb,Bw,Pb,Qb,,,,,,,Bw,Kw,,,,,,,Kb,Rw,,,Pb,Pb,,,Pb,Nb,,,Pb,Pb,,,Nw,Qw,,,,,,,Bb,Kb,,,,,,,Kw,Kb,Qb,Nw,Rw,Kw,Qw,Bb,Bw	lightRed	1
e78017f6cb570cdbd1a187e1d45d3cff	557	Nb,Nb,Qw,Kw,Rw,Nw,Bb,Qw,Bw,,,,,,,Pw,Qb,,,,,,,Rb,Pw,,,,,,,Bw,Rb,,,,,,,Qb,Bb,,,,,,,Pb,Qw,,,,,,,Nw,Qw,Pw,Kw,Bb,Nw,Rb,Qb,Rb	lightGray	0
e788817287d5a4719be722553bef13c9	2541	Pw,Pw,Qw,Bb,Rw,Pb,Qb,Kb,Rb,,,,,,,Bw,Bw,,,,,,,Nb,Qb,,,,,,,Pb,Pb,,,,,,,Kb,Rw,,,,,,,Bb,Nb,,,,,,,Nw,Rw,Qb,Pb,Rw,Bb,Qw,Pw,Bw	darkGray	0
e79116567a0a51564733f14b4cbb8ce8	2586	Qw,Qw,Pw,Nw,Bb,Kb,Rb,Pb,Qb,,,,,,,Bb,Bw,,,,,,,Qw,Rw,,,Nb,Nb,,,Pw,Pb,,,Nb,Nb,,,Rb,Qw,,,,,,,Bw,Bb,,,,,,,Qb,Pb,Nw,Bb,Kw,Pw,Nb,Bw,Pb	darkGray	1
e799f5956e4b8b01e140d109d0ddb7e2	1183	Bw,Rw,Nb,Qw,Kb,Rb,Nw,Bw,Nw,,,,,,,Kw,Bb,,,,,,,Bb,Kb,,,,,,,Nb,Pb,,,,,,,Pw,Nb,,,,,,,Qb,Bw,,,,,,,Bw,Kw,Kw,Rw,Nb,Qw,Kb,Pb,Qw	lightGray	0
e7ab02731291662be5398e6075025d6a	970	Qb,Qb,Bw,Rw,Pb,Qw,Bb,Bw,Pw,,,,,,,Kw,Nb,,,,,,,Rw,Bb,,,,,,,Nw,Kw,,,,,,,Qb,Pb,,,,,,,Kb,Nw,,,,,,,Rb,Qb,Pw,Rb,Bw,Qb,Pb,Rw,Pw	lightGray	0
e7afad927b13aa1a7794beab09b318ae	303	Kw,Qw,Kb,Rw,Nb,Bb,Kw,Qw,Kw,,,,,,,Kw,Rw,,,,,,,Bb,Nb,,,,,,,Nb,Qw,,,,,,,Pw,Kb,,,,,,,Kb,Rb,,,,,,,Bw,Qw,Qb,Bw,Rb,Pw,Kw,Bb,Bw	lightGray	0
e7c4dafcb09236f535e01c4b88abb8b2	3416	Pb,Pb,Nw,Bb,Kw,Rw,Nb,Rb,Kw,,,,,,,Rw,Qb,,,,,,,Bb,Nw,,,Nb,Nb,,,Qb,Rb,,,Nb,Nb,,,Pb,Kb,,,,,,,Rb,Qw,,,,,,,Bw,Rb,Rw,Bb,Qb,Pb,Rb,Bw,Bb	darkGray	0
e7c997c08f224e87a5cdc7b9cb8c4a4f	2060	Kb,Nw,Bb,Kw,Pw,Nb,Bw,Nb,Kw,,,,,,,Bw,Rw,,,,,,,Qb,Nb,,,Rb,Rb,,,Pw,Qw,,,Rb,Rb,,,Rb,Kb,,,,,,,Bb,Rb,,,,,,,Qw,Kw,Nw,Qb,Pw,Rb,Bb,Qw,Kb	lightRed	0
e7cc90c7c84aad01b4a1f08cada5edcc	1683	Nb,Kb,Pb,Nw,Bb,Kw,Pw,Qw,Pw,,,,,,,Bw,Rb,,,,,,,Kb,Bb,,,,,,,Pb,Qw,,,,,,,Nw,Pb,,,,,,,Bb,Rw,,,,,,,Kw,Rw,Kb,Qw,Nb,Rw,Kw,Qb,Rb	lightGray	0
e7f5c4d224115bb78725b1ae371b0407	3537	Rb,Bb,Qw,Pb,Rw,Bw,Qb,Rb,Pw,,,,,,,Nb,Nb,,,,,,,Rw,Bw,,,,,,,Kb,Kb,,,,,,,Qw,Pb,,,,,,,Nw,Nw,,,,,,,Rb,Qb,Rw,Kw,Bw,Nb,Pb,Kb,Nw	darkRed	0
e806c6c805a3f1586d5e7d63afc17bf3	3909	Rb,Qb,Nw,Rw,Kw,Qw,Nb,Qb,Nw,,,,,,,Nb,Pw,,,,,,,Pw,Kb,,,,,,,Kb,Bw,,,,,,,Bw,Nb,,,,,,,Nw,Rw,,,,,,,Rb,Nb,Qb,Pb,Rb,Bw,Qw,Pw,Nb	lightGray	0
e80d5353e0c49a95ff02f6a379e93a0c	2488	Rw,Bw,Rb,Pw,Qw,Bb,Rw,Rb,Bw,,,,,,,Qw,Rb,,,,,,,Nb,Pw,,,Pb,Pb,,,Rb,Qw,,,Pb,Pb,,,Kb,Bb,,,,,,,Qb,Rw,,,,,,,Nw,Bb,Pb,Kb,Bw,Nb,Pw,Kw,Nw	darkGray	0
e816164fc2b4890bcafcf264f7ac04a3	3719	Rw,Qb,Nw,Rb,Pw,Qw,Nb,Qw,Rw,,,,,,,Bw,Rw,,,,,,,Qb,Rw,,,,,,,Pb,Rw,,,,,,,Rw,Rw,,,,,,,Bb,Rw,,,,,,,Qw,Rw,Nw,Pb,Kb,Bw,Nb,Pw,Bb	darkGray	0
e8163fcc1ca64d310708c7fbfaa6bcc3	3264	Nw,Nw,Qb,Kw,Rw,Nb,Qw,Rb,Nb,,,,,,,Bw,Bw,,,,,,,Qb,Kw,,,,,,,Pb,Pw,,,,,,,Rw,Rw,,,,,,,Bb,Bb,,,,,,,Qw,Pw,Nb,Rw,Kb,Qw,Nw,Rb,Pb	lightGray	0
e816935c7dd2d2afc5d4bde365708012	772	Bw,Pw,Kw,Bb,Nw,Pb,Qb,Bw,Qb,,,,,,,Nb,Bw,,,,,,,Pw,Rb,,,Nb,Nb,,,Kw,Pw,,,Nb,Nb,,,Bb,Qw,,,,,,,Nw,Bb,,,,,,,Pb,Qw,Kb,Pb,Rw,Bb,Kw,Pw,Nb	darkGray	0
e8193bc3f84a11cec8dc192e48419679	1332	Qb,Pw,Qb,Qb,Rb,Nb,Qw,Kw,Qb,,,,,,,Qw,Pb,,,,,,,Bb,Rb,,,,,,,Rb,Bw,,,,,,,Pw,Qw,,,,,,,Qb,Kb,,,,,,,Bw,Pb,Pw,Bb,Kb,Pb,Nb,Kw,Qb	lightGray	0
e82b5ce22f1294d862e0251ae2253992	3122	Qb,Bb,Kw,Pw,Rb,Bw,Qb,Qw,Kb,,,,,,,Kb,Rb,,,,,,,Qw,Nw,,,,,,,Bb,Qb,,,,,,,Rw,Kw,,,,,,,Pb,Rw,,,,,,,Qb,Pb,Bw,Qb,Pw,Nb,Bb,Qw,Nb	darkRed	0
e82fdab252184bff8870043985259df5	1328	Qb,Kw,Rw,Nb,Qw,Kb,Rb,Kb,Pw,,,,,,,Kw,Qw,,,,,,,Bb,Bb,,,,,,,Nw,Rw,,,,,,,Pb,Kw,,,,,,,Kb,Qb,,,,,,,Bw,Pw,Qb,Pb,Rb,Bw,Qw,Pw,Nw	darkRed	0
e83aabcc7fef41a763336565ad783782	73	Bw,Rw,Bb,Qw,Pw,Rb,Bw,Pw,Nw,,,,,,,Rb,Bb,,,,,,,Kb,Kb,,,Bw,Bw,,,Qw,Pb,,,Bw,Bw,,,Nb,Nb,,,,,,,Rw,Bw,,,,,,,Kw,Nw,Nw,Pb,Kb,Bw,Nb,Pw,Rw	lightGray	0
e84de948445606b2c2a7fbcef5e3afc3	836	Bw,Pb,Rw,Bw,Qb,Pw,Rb,Rb,Kw,,,,,,,Nw,Qb,,,,,,,Pb,Nb,,,Pb,Pb,,,Kb,Rw,,,Pb,Pb,,,Bw,Kb,,,,,,,Nb,Qw,,,,,,,Rw,Bb,Bw,Kb,Pw,Nb,Bb,Kw,Nb	darkGray	0
e856e1cc5275cd3ad05e55d7b55766a9	246	Qb,Qw,Nb,Rb,Kb,Qb,Nw,Qw,Kw,,,,,,,Nb,Bb,,,,,,,Pw,Nw,,,,,,,Kb,Pb,,,,,,,Bw,Kb,,,,,,,Nw,Bw,,,,,,,Rb,Qw,Kw,Qb,Nb,Rw,Kb,Qw,Bb	lightRed	0
e8775ccaf13cca79964f532f03c13382	1659	Kw,Qb,Pb,Rw,Bb,Qw,Pw,Pw,Bw,,,,,,,Qw,Qb,,,,,,,Pw,Pw,,,,,,,Rb,Rb,,,,,,,Bw,Bb,,,,,,,Qb,Qw,,,,,,,Pb,Bw,Pb,Nw,Bb,Kw,Pw,Nb,Rw	lightGray	1
e89146351c02fb6926ccba3d8acec7b5	2490	Bw,Bb,Nw,Pw,Qw,Bw,Nb,Qb,Bw,,,,,,,Rb,Qb,,,,,,,Nw,Pb,,,,,,,Qb,Rw,,,,,,,Kw,Bb,,,,,,,Rw,Qw,,,,,,,Bb,Pb,Bw,Rb,Pw,Qw,Nb,Rw,Qb	darkRed	0
e89b34b0135d0bbf78898149c5a41eab	738	Rw,Rw,Rw,Rw,Rw,Rw,Rw,Rw,Nb,,,,,,,Pb,Rw,,,,,,,Rw,Kw,,,,,,,Bb,Qb,,,,,,,Qw,Nw,,,,,,,Pw,Rb,,,,,,,Rb,Bb,Rb,Bw,Qw,Pw,Rw,Bb,Nw	lightGray	0
e8b53a4dd1cff96bca090a831b76cd9f	3283	Bw,Kb,Bw,Nw,Pb,Kw,Bb,Rw,Pw,,,,,,,Qb,Kw,,,,,,,Bw,Bb,,,Bb,Bb,,,Rw,Nw,,,Bb,Bb,,,Pb,Pb,,,,,,,Qw,Kb,,,,,,,Bb,Pb,Pw,Qw,Bb,Rw,Pb,Qb,Kb	darkGray	0
e8bf8584374df8e7fa5d743ab56329f4	1807	Rb,Qb,Kw,Rb,Nw,Qw,Kb,Kb,Pb,,,,,,,Pw,Rw,,,,,,,Qw,Bw,,,,,,,Bb,Qb,,,,,,,Nw,Pw,,,,,,,Pb,Rb,,,,,,,Qb,Qb,Qb,Pb,Rw,Bb,Qw,Pw,Qw	lightRed	0
e8cd31ce6c518cbf7322ae5f527195b4	3772	Kb,Qb,Pb,Rw,Bb,Qw,Pw,Qb,Nb,,,,,,,Nb,Rw,,,,,,,Bw,Kb,,,Rw,Rw,,,Kw,Qw,,,Rw,Rw,,,Pw,Nw,,,,,,,Rw,Rb,,,,,,,Bb,Qb,Rw,Bb,Qb,Pb,Rb,Bw,Qw	darkGray	0
e8d0c9819eb07bd8e6028946748534d0	858	Bb,Pb,Kb,Bw,Nb,Pw,Kw,Nw,Rb,,,,,,,Qb,Kb,,,,,,,Pb,Qw,,,Qw,Qw,,,Rb,Bb,,,Qw,Qw,,,Bw,Rw,,,,,,,Qw,Pb,,,,,,,Pw,Pb,Nb,Pw,Kb,Bw,Nw,Pb,Kw	lightGray	0
e8edb96ae80eed7b3ae25428a673dec1	1196	Pw,Qb,Bw,Rb,Pw,Qw,Bb,Bw,Bb,,,,,,,Kb,Nw,,,,,,,Qw,Pw,,,Bw,Bw,,,Nb,Kw,,,Bw,Bw,,,Rw,Bw,,,,,,,Kw,Nb,,,,,,,Qb,Qw,Kb,Bw,Nw,Pb,Kw,Bb,Nw	lightGray	0
e8f4eee06c9bcca914508990daea0b4a	3916	Nb,Rw,Kw,Qb,Bw,Rb,Pw,Kb,Rw,,,,,,,Pw,Bb,,,,,,,Nb,Qb,,,Rb,Rb,,,Bw,Pb,,,Rb,Rb,,,Kb,Rb,,,,,,,Rb,Bw,,,,,,,Nw,Kw,Qw,Kb,Rw,Nb,Qb,Kw,Pb	lightGray	0
e901688e48420011d55c23da8b52d7e5	137	Rb,Qb,Nw,Rb,Kb,Qw,Nb,Nb,Qw,,,,,,,Pb,Pw,,,,,,,Qb,Rb,,,Pb,Pb,,,Bw,Bw,,,Pb,Pb,,,Rb,Qb,,,,,,,Pw,Pb,,,,,,,Kw,Nb,Nw,Qb,Kb,Rb,Nb,Qw,Pb	darkGray	0
e90793228a197113f31682927ad30892	2642	Pw,Pw,Rb,Bb,Qw,Pb,Rw,Rw,Qb,,,,,,,Rw,Nw,,,,,,,Rw,Rb,,,Bb,Bb,,,Rw,Kb,,,Bb,Bb,,,Rw,Qw,,,,,,,Rw,Nb,,,,,,,Rw,Kb,Nw,Pb,Kw,Bb,Nb,Pw,Rw	lightGray	0
e909f857e8aa0ddd9799a2e243acfdda	3841	Kw,Bb,Rw,Pb,Qb,Bw,Rb,Kb,Pw,,,,,,,Qw,Nb,,,,,,,Bb,Qb,,,Bw,Bw,,,Rb,Kw,,,Bw,Bw,,,Pw,Rb,,,,,,,Kb,Nw,,,,,,,Bw,Qw,Qb,Nw,Rw,Kw,Qw,Nb,Nw	lightRed	0
e919497686492233ae04d3b618e7ec3b	2985	Bb,Bw,Rb,Pb,Qb,Bb,Rw,Bb,Qb,,,,,,,Qb,Pb,,,,,,,Bw,Rb,,,Nw,Nw,,,Nb,Bw,,,Nw,Nw,,,Pw,Qw,,,,,,,Kw,Pw,,,,,,,Bb,Kb,Qw,Bb,Rb,Kb,Qb,Bw,Pb	lightRed	0
e91e7441b5401fe807778aab6106a464	1461	Qb,Nw,Pb,Kw,Bb,Nb,Pw,Kw,Kb,,,,,,,Rw,Bw,,,,,,,Kw,Nb,,,,,,,Qb,Pw,,,,,,,Nw,Kw,,,,,,,Rb,Bb,,,,,,,Kb,Kb,Nb,Bw,Kb,Pb,Nw,Qb,Bw	darkRed	0
e92a9f6a4f0ee153b771b10332dfaf96	142	Kb,Rb,Kb,Qw,Nb,Rw,Kw,Pw,Nw,,,,,,,Qb,Pb,,,,,,,Kw,Kb,,,,,,,Rw,Bw,,,,,,,Nb,Nb,,,,,,,Qw,Pw,,,,,,,Kb,Nb,Nb,Pw,Kb,Bw,Rw,Pb,Kb	lightGray	0
e9320c9d7174f7d20cd090f03d7c07c8	837	Pb,Pb,Kb,Bw,Nb,Pw,Kw,Nw,Nb,,,,,,,Qw,Bw,,,,,,,Nb,Kw,,,,,,,Rw,Pw,,,,,,,Kw,Nw,,,,,,,Qb,Bb,,,,,,,Nw,Kw,Bw,Qb,Pb,Rw,Bb,Qw,Kw	darkGray	0
e93be71fe0e95aed1e48574cf58041d7	1077	Nb,Pw,Rb,Bb,Qw,Pb,Nw,Rb,Kb,,,,,,,Rb,Qw,,,,,,,Bw,Nw,,,,,,,Qb,Rb,,,,,,,Pb,Kw,,,,,,,Rw,Qb,,,,,,,Bb,Nw,Qb,Pb,Rb,Bw,Qw,Pw,Nw	lightGray	0
e94606bb7d0c56ad118f6db5ef46e76e	747	Bw,Qb,Nw,Rb,Kb,Bw,Nb,Rb,Rw,,,,,,,Pw,Kw,,,,,,,Nb,Qw,,,,,,,Bb,Nb,,,,,,,Kw,Rb,,,,,,,Rb,Kb,,,,,,,Nw,Qb,Pb,Nw,Bw,Kb,Pw,Nb,Qb	lightGray	0
e949f9eedf9b4fe064a2b222929c972d	33	Qb,Nw,Qb,Kw,Rw,Nb,Qw,Kw,Qw,,,,,,,Nb,Bb,,,,,,,Pw,Rb,,,Nb,Nb,,,Kw,Pw,,,Nb,Nb,,,Bb,Kb,,,,,,,Nw,Bw,,,,,,,Pb,Pw,Qb,Pb,Rb,Bw,Qw,Kb,Bw	lightGray	0
e951129ff265876ae01ccc80bd367372	3672	Pw,Kw,Rw,Nw,Qb,Kb,Rb,Rw,Qb,,,,,,,Pb,Bw,,,,,,,Qb,Rw,,,,,,,Nb,Pb,,,,,,,Rw,Qw,,,,,,,Kb,Bb,,,,,,,Qw,Qw,Qw,Nb,Rb,Kb,Qb,Bw,Rw	lightGray	0
e9801ef3ae20e2ee91b6551a960e630c	3188	Pw,Nw,Rb,Kb,Qw,Nb,Rw,Kw,Bb,,,,,,,Pb,Kw,,,,,,,Nw,Pw,,,,,,,Bb,Nb,,,,,,,Kw,Bw,,,,,,,Pw,Kb,,,,,,,Nb,Nw,Bb,Rw,Pw,Qw,Nw,Rb,Bw	lightGray	0
e98725cf9f473f27ce5ef8971141ae3e	425	Pw,Bb,Nw,Pw,Kw,Bw,Nb,Nb,Kw,,,,,,,Nb,Qb,,,,,,,Rw,Nw,,,Bw,Bw,,,Kw,Rb,,,Bw,Bw,,,Qb,Kb,,,,,,,Nw,Qw,,,,,,,Pb,Pw,Qb,Bw,Rw,Pb,Qw,Bb,Qb	darkRed	0
e991e93e6209db2855314a44143db7e8	2207	Pb,Nb,Rw,Qw,Qb,Nw,Rb,Nw,Nw,,,,,,,Rw,Qb,,,,,,,Nb,Kw,,,,,,,Qb,Rw,,,,,,,Pb,Nb,,,,,,,Rb,Qw,,,,,,,Nw,Qb,Pb,Kb,Bw,Nb,Pw,Qw,Pb	lightGray	0
e9a9479f13c450ace7d9a52e8727cae1	3184	Rw,Kw,Rb,Nw,Qb,Kw,Rw,Nb,Bw,,,,,,,Nb,Kb,,,,,,,Bw,Pw,,,,,,,Kw,Nb,,,,,,,Pw,Bb,,,,,,,Nw,Kw,,,,,,,Bb,Bb,Bb,Nw,Pw,Kw,Qw,Nb,Pb	lightGray	0
e9d1f99759aba1af7c734a7d4b7bf928	379	Bb,Nw,Rb,Kb,Qw,Nb,Rw,Nb,Nw,,,,,,,Rb,Qb,,,,,,,Kb,Pw,,,,,,,Qb,Rb,,,,,,,Nw,Nb,,,,,,,Rw,Qw,,,,,,,Kw,Pw,Rw,Pb,Qw,Bb,Nb,Pw,Pw	darkGray	1
e9d269dbae214d72929c7929428c3ebd	3196	Kb,Nw,Rb,Kb,Qw,Bb,Rw,Nw,Nw,,,,,,,Pw,Pb,,,,,,,Qw,Kb,,,Kb,Kb,,,Bb,Bw,,,Kb,Kb,,,Rw,Nb,,,,,,,Pb,Pw,,,,,,,Qb,Bw,Rw,Pb,Qb,Bw,Rb,Pw,Pb	darkRed	0
e9f8ee86de21f3227064fa2801224b3b	1862	Rb,Kw,Bb,Nb,Pw,Kb,Bw,Rb,Rb,,,,,,,Rb,Kb,,,,,,,Pw,Qw,,,,,,,Qw,Nb,,,,,,,Bb,Rw,,,,,,,Rw,Kw,,,,,,,Pb,Rw,Qb,Kw,Rb,Bw,Kw,Pw,Bw	darkGray	0
e9faabd9d02f98209b6ca15e64d5122f	3134	Nb,Bb,Qw,Pw,Rb,Bw,Qb,Pb,Bw,,,,,,,Kb,Rb,,,,,,,Bw,Pb,,,Bw,Bw,,,Nw,Qb,,,Bw,Bw,,,Pb,Bb,,,,,,,Kw,Rw,,,,,,,Bb,Rw,Rb,Nw,Qb,Kw,Rw,Nb,Bb	darkGray	0
e9fe4f28209ea5086c5fb1bb97b19b8a	3873	Nb,Qb,Pb,Rw,Nb,Qw,Pw,Pw,Qb,,,,,,,Kw,Pb,,,,,,,Qb,Rw,,,Kb,Kb,,,Nb,Bb,,,Kb,Kb,,,Rw,Qw,,,,,,,Kb,Kb,,,,,,,Qw,Qw,Pb,Nw,Bw,Kb,Pw,Rb,Nw	darkGray	0
ea035a93cd57fce318f049bf8af221ac	226	Bw,Kb,Pb,Nb,Bw,Kw,Pw,Qb,Qw,,,,,,,Kb,Nb,,,,,,,Rb,Rb,,,,,,,Nb,Kb,,,,,,,Qw,Qb,,,,,,,Kw,Nw,,,,,,,Rw,Rb,Nw,Qb,Kw,Pw,Nb,Bw,Pw	lightRed	0
ea1cd91b1aa54a6506c093e061fe4174	2287	Nw,Kb,Rb,Nb,Qw,Kw,Rw,Pw,Pb,,,,,,,Qb,Nw,,,,,,,Kw,Bb,,,,,,,Rw,Kw,,,,,,,Nb,Rw,,,,,,,Qw,Nb,,,,,,,Kb,Bw,Rb,Kb,Qw,Nb,Rw,Kw,Bb	lightRed	0
ea2e387f0521a51717f5567a9b5f389f	2083	Bw,Rb,Bw,Qw,Pw,Rw,Nb,Bw,Kb,,,,,,,Kw,Pb,,,,,,,Pw,Nb,,,Bw,Bw,,,Nw,Bw,,,Bw,Bw,,,Bb,Kw,,,,,,,Kb,Pw,,,,,,,Pb,Pb,Bw,Qb,Pb,Rw,Bb,Qw,Bb	darkRed	0
ea318a70479e14b4ced9c7b5337caac3	1091	Pb,Nw,Qb,Kb,Rb,Nb,Qw,Bw,Bw,,,,,,,Qw,Qb,,,,,,,Kb,Pw,,,,,,,Rb,Rb,,,,,,,Nw,Nb,,,,,,,Qb,Qw,,,,,,,Kw,Rw,Nw,Bb,Kb,Pb,Nb,Bw,Nb	darkGray	0
ea3e75c86dfb2d00c97073b87f704dde	2691	Kw,Nb,Pw,Kw,Bb,Nw,Pb,Kb,Rw,,,,,,,Bb,Pb,,,,,,,Kw,Kw,,,Nb,Nb,,,Pb,Bb,,,Nb,Nb,,,Rw,Rb,,,,,,,Bw,Pw,,,,,,,Kb,Rw,Kw,Bw,Rw,Pb,Kb,Bw,Bw	darkRed	0
ea466e6c48443a4a28fd7a6e30ac2b96	907	Kw,Bw,Qb,Pw,Rb,Bb,Qw,Bb,Kw,,,,,,,Bw,Qb,,,,,,,Rb,Nw,,,,,,,Pb,Rb,,,,,,,Qb,Kb,,,,,,,Bb,Qw,,,,,,,Rw,Pb,Kw,Qb,Nw,Rb,Kb,Qw,Qb	darkRed	0
ea46ed57dfa00906597857fcdfe2c5ff	3696	Kb,Nw,Rb,Kw,Qb,Nb,Rw,Kb,Bw,,,,,,,Rw,Qb,,,,,,,Kw,Pb,,,,,,,Qw,Rw,,,,,,,Nb,Bb,,,,,,,Qb,Kw,,,,,,,Kb,Nw,Rw,Nb,Qb,Kw,Rb,Nw,Bw	lightGray	0
ea4fa47ce8011a39d8142dfdb3da5816	530	Kb,Qb,Bw,Rw,Pb,Qw,Bb,Qb,Kb,,,,,,,Nw,Bw,,,,,,,Bb,Nb,,,Bw,Bw,,,Kb,Pw,,,Bw,Bw,,,Pb,Kw,,,,,,,Nb,Bb,,,,,,,Qw,Pb,Kw,Qb,Nw,Rb,Kb,Qw,Nw	darkGray	1
ea9d7cc2b6cb001bb6728d8a6c1072ba	3133	Rb,Kb,Nw,Rw,Kw,Qw,Nb,Kb,Rw,,,,,,,Nw,Bb,,,,,,,Pb,Qb,,,Nb,Nb,,,Kb,Pb,,,Nb,Nb,,,Bw,Rb,,,,,,,Rb,Bw,,,,,,,Pw,Bb,Nw,Bb,Kw,Pw,Nb,Qw,Nb	lightGray	0
ea9ed974e9be8f51a1231356736823b3	3323	Qw,Nb,Rw,Kb,Qw,Nw,Rb,Nb,Pw,,,,,,,Pb,Rb,,,,,,,Nw,Bb,,,,,,,Qw,Qw,,,,,,,Kb,Pb,,,,,,,Rw,Rw,,,,,,,Nb,Qw,Pb,Kb,Bw,Nb,Pw,Kw,Qb	lightRed	0
eaa5a3b15eeece4c72d4bc5a179ac844	3345	Rb,Qb,Bw,Rb,Pw,Qw,Bb,Nw,Bb,,,,,,,Bw,Nw,,,,,,,Kb,Pw,,,Nb,Nb,,,Pw,Kw,,,Nb,Nb,,,Nb,Bw,,,,,,,Bb,Nb,,,,,,,Kw,Qb,Nb,Pw,Kb,Bw,Nw,Rb,Bw	darkRed	0
eaac44b2df53cc7985e21f88f231bfa3	32	Nb,Kb,Qw,Nb,Rw,Kw,Qb,Rw,Rb,,,,,,,Rw,Pw,,,,,,,Rw,Qw,,,,,,,Rw,Bb,,,,,,,Rw,Rw,,,,,,,Rw,Pb,,,,,,,Rw,Nb,Qw,Pw,Rb,Bw,Qb,Pb,Rw	lightRed	0
eaacdcbad7b49a069b83dde527e215b5	3568	Nb,Bw,Rb,Pb,Qb,Bb,Rw,Nw,Nw,,,,,,,Kb,Bb,,,,,,,Rb,Kw,,,Pw,Pw,,,Nw,Pw,,,Pw,Pw,,,Qb,Nb,,,,,,,Kw,Bw,,,,,,,Rw,Bb,Kb,Bw,Nb,Pw,Kw,Bb,Qb	lightRed	0
eaaec16f149634a50703ce1ee3105430	3002	Nw,Kb,Qw,Nw,Rb,Kw,Qb,Rw,Pb,,,,,,,Rw,Rw,,,,,,,Rw,Bb,,,,,,,Rw,Qw,,,,,,,Rw,Pw,,,,,,,Rw,Rb,,,,,,,Rw,Bw,Pb,Rw,Bb,Qw,Pw,Rb,Rw	darkGray	0
eac1da357850508eb1b0c7f17e68783b	2075	Rw,Rb,Kb,Qw,Nb,Rw,Kw,Bb,Rw,,,,,,,Bw,Rw,,,,,,,Qb,Rw,,,Pw,Pw,,,Pb,Rw,,,Pw,Pw,,,Rw,Rw,,,,,,,Bb,Rw,,,,,,,Qw,Rw,Pb,Qb,Bb,Rw,Pw,Qw,Nb	lightRed	0
eac2259f8d41e83af74d0e7abdc23aed	3107	Pb,Qb,Bw,Rb,Pw,Qw,Bb,Qw,Bw,,,,,,,Qw,Nb,,,,,,,Pw,Pw,,,Bb,Bb,,,Rb,Kw,,,Bb,Bb,,,Bw,Bb,,,,,,,Qb,Nw,,,,,,,Pb,Bw,Bw,Nb,Pw,Kw,Bb,Nw,Nw	lightGray	0
eae7396ef107f6deb43ba86252dc9fc5	3069	Nb,Bb,Kw,Pw,Nb,Bw,Kb,Bb,Pb,,,,,,,Bw,Kb,,,,,,,Kb,Bb,,,,,,,Pw,Nw,,,,,,,Nb,Pw,,,,,,,Bb,Kw,,,,,,,Kw,Kb,Qw,Kb,Rw,Nb,Qb,Kw,Qw	darkGray	0
eaf708c89646bcb348505b975af13bc0	437	Nw,Nw,Qb,Kw,Rw,Nb,Qw,Rw,Qb,,,,,,,Rw,Nw,,,,,,,Pb,Rb,,,,,,,Qb,Kb,,,,,,,Bw,Qw,,,,,,,Rb,Nb,,,,,,,Kb,Qb,Rw,Bb,Qw,Kb,Rb,Bw,Kb	darkGray	0
eb00b169cdad0edc71a668c16cd198d0	294	Rb,Nw,Bb,Kw,Pw,Nb,Bw,Pb,Qw,,,,,,,Pb,Nb,,,,,,,Kb,Rb,,,,,,,Bw,Kb,,,,,,,Nb,Qb,,,,,,,Pw,Nw,,,,,,,Kw,Qw,Qw,Bb,Rb,Pw,Qb,Bw,Kw	lightGray	0
eb06350100bc8740f134839fa9507cd2	2230	Nb,Rb,Pw,Qw,Bb,Rw,Kw,Rw,Nb,,,,,,,Rb,Bw,,,,,,,Nw,Kb,,,Rb,Rb,,,Bb,Pb,,,Rb,Rb,,,Kw,Rw,,,,,,,Pw,Bb,,,,,,,Nb,Pw,Qb,Kw,Rw,Nb,Qw,Kb,Kb	lightGray	1
eb0f4c4dba50e6a075aa23c787f70898	1407	Nw,Kw,Qb,Nb,Rw,Pw,Qw,Rw,Rb,,,,,,,Kw,Nw,,,,,,,Qb,Qw,,,Bw,Bw,,,Nb,Kb,,,Bw,Bw,,,Rw,Rw,,,,,,,Kb,Nb,,,,,,,Qw,Kw,Bw,Qb,Pw,Nb,Bb,Kw,Rb	darkGray	0
eb126bb83c7960c3ea0d4b21bfd12343	1688	Nw,Bb,Nw,Pb,Kb,Bw,Nb,Rw,Nb,,,,,,,Rb,Qw,,,,,,,Pw,Kw,,,Nb,Nb,,,Qb,Rw,,,Nb,Nb,,,Bw,Nw,,,,,,,Rw,Qb,,,,,,,Pb,Pw,Pb,Rw,Bw,Qb,Pw,Rb,Pw	darkGray	0
eb20a51227094e4b699754a48f572d0f	2279	Rw,Rb,Nw,Qw,Kb,Rw,Nb,Pw,Rb,,,,,,,Nw,Bw,,,,,,,Qb,Qw,,,,,,,Kw,Pw,,,,,,,Rw,Rw,,,,,,,Nb,Bb,,,,,,,Qw,Bw,Nb,Bw,Kw,Pw,Nw,Bb,Rw	darkGray	0
eb28c81c7a50870f5b60df46bbaa44ec	129	Pw,Nw,Bb,Kw,Pw,Nb,Bw,Pb,Nb,,,,,,,Rw,Rw,,,,,,,Kw,Pb,,,Bw,Bw,,,Qw,Qb,,,Bw,Bw,,,Nb,Nw,,,,,,,Rb,Rb,,,,,,,Pw,Bw,Rb,Pw,Qw,Bb,Rw,Pb,Kw	darkRed	0
eb37289c078f543fbd2cca2f17dd25dc	856	Pw,Nw,Qb,Bb,Rb,Nb,Qw,Bw,Qb,,,,,,,Qw,Pb,,,,,,,Nb,Rw,,,,,,,Pb,Kb,,,,,,,Qb,Qw,,,,,,,Bb,Pw,,,,,,,Nw,Kw,Qw,Nb,Rb,Kb,Qb,Bw,Pw	lightGray	0
eb3e242e477c14651f3b42c92572343f	2817	Pw,Nb,Rw,Kb,Qw,Nw,Rb,Qw,Qb,,,,,,,Pw,Nw,,,,,,,Qw,Rb,,,,,,,Bb,Kb,,,,,,,Rw,Qw,,,,,,,Pb,Nb,,,,,,,Qb,Qb,Nw,Bb,Kw,Pw,Nb,Bw,Kw	lightRed	0
eb4a4b49de429d1da356561d2901f958	1637	Rb,Qb,Pb,Rb,Bw,Qw,Pw,Nw,Rw,,,,,,,Rb,Pb,,,,,,,Bw,Qw,,,,,,,Qb,Bb,,,,,,,Pb,Rb,,,,,,,Rw,Pw,,,,,,,Bb,Bb,Qb,Pb,Rb,Bw,Qw,Pw,Pb	darkGray	0
eb4f979364b5b5e0abfd53dd6ac8c41f	2240	Kb,Pb,Qb,Bb,Rw,Pw,Qw,Pb,Pb,,,,,,,Rb,Qb,,,,,,,Bw,Bw,,,,,,,Qw,Rb,,,,,,,Pw,Pw,,,,,,,Rw,Qw,,,,,,,Bb,Bb,Kw,Pw,Nb,Bw,Kb,Pb,Bw	darkGray	0
eb59b846de803287941be3a86e48eb5e	1920	Pb,Kw,Bb,Nw,Pb,Kb,Bw,Bb,Rb,,,,,,,Nw,Pw,,,,,,,Bb,Qb,,,,,,,Kw,Bw,,,,,,,Pw,Rw,,,,,,,Nb,Pb,,,,,,,Bw,Nw,Kw,Qb,Nw,Rb,Kb,Qw,Nw	darkRed	0
eb64b3ededdf8d863d74ab6067c43074	2189	Kw,Pw,Qw,Bb,Nw,Pb,Qb,Bb,Pw,,,,,,,Bb,Rb,,,,,,,Nw,Bb,,,,,,,Pb,Qw,,,,,,,Kb,Pb,,,,,,,Bw,Rw,,,,,,,Nb,Pb,Pw,Kw,Bb,Nw,Pb,Kb,Kb	darkGray	0
eb6581b52477831e7988dab6e98b8685	3938	Qb,Rw,Nb,Bw,Kb,Pb,Nw,Kw,Bw,,,,,,,Bb,Rb,,,,,,,Rw,Pw,,,,,,,Pb,Qw,,,,,,,Qb,Bb,,,,,,,Bw,Rw,,,,,,,Rb,Pw,Nb,Pw,Kw,Bb,Nw,Pb,Pb	lightRed	0
eb73762152d5f398dada50ec0b294379	790	Rb,Nb,Rw,Kw,Qb,Nw,Rb,Qb,Pw,,,,,,,Rb,Qw,,,,,,,Bw,Bb,,,,,,,Qw,Rw,,,,,,,Pw,Pb,,,,,,,Rw,Qb,,,,,,,Bb,Rw,Pb,Kb,Bw,Nb,Pw,Kw,Bb	darkGray	1
eb74c19f0c5b65d9f6e0d4414a8f32be	3469	Pw,Bb,Kw,Pb,Nw,Bw,Kb,Qb,Qw,,,,,,,Pw,Pw,,,,,,,Qw,Rb,,,,,,,Bw,Bw,,,,,,,Rb,Qb,,,,,,,Kw,Kw,,,,,,,Qb,Kb,Kb,Bw,Nb,Pw,Kw,Bb,Nb	darkRed	0
eb7b83177264104082ba0781e7f17519	3260	Nb,Pb,Kb,Bb,Nw,Pw,Kw,Pw,Nw,,,,,,,Pw,Pb,,,,,,,Kw,Kb,,,Bw,Bw,,,Bb,Bw,,,Bw,Bw,,,Nw,Nb,,,,,,,Pb,Pw,,,,,,,Kb,Qw,Qw,Bb,Rw,Pb,Qb,Bw,Rb	darkRed	0
eb81765949701a4a7c543ed98e14ae08	467	Rb,Bb,Kw,Pw,Nb,Bw,Kb,Pw,Pw,,,,,,,Rb,Rb,,,,,,,Bw,Bw,,,,,,,Qw,Qb,,,,,,,Pw,Pb,,,,,,,Rw,Rw,,,,,,,Bb,Bw,Pw,Kw,Bb,Nw,Pb,Kb,Rw	lightRed	0
eb8f23fc601e2338f94158543caae479	836	Bw,Pb,Rw,Bw,Qb,Pw,Rb,Rb,Kw,,,,,,,Nw,Qb,,,,,,,Pb,Nb,,,Pb,Pb,,,Kb,Rw,,,Pb,Pb,,,Bw,Kb,,,,,,,Nb,Qw,,,,,,,Rw,Bb,Bw,Kb,Pw,Nb,Bb,Kw,Nb	darkGray	0
eb8fc184ef47b96db1f1e380b8b4a6da	2233	Nw,Qb,Bw,Rw,Pb,Qw,Bb,Rw,Kb,,,,,,,Rw,Bw,,,,,,,Rw,Nb,,,,,,,Rw,Pw,,,,,,,Rw,Kw,,,,,,,Rw,Bb,,,,,,,Rw,Kb,Rw,Pb,Qb,Bw,Rb,Pw,Rw	darkRed	0
eb8fe828776fce214745e4b6d65bf3a6	1028	Bb,Nw,Pb,Kb,Bw,Nb,Pw,Pw,Nb,,,,,,,Kw,Bw,,,,,,,Rw,Kw,,,,,,,Nb,Pw,,,,,,,Qw,Nw,,,,,,,Kb,Bb,,,,,,,Rb,Pw,Rw,Pb,Qb,Bw,Rb,Pw,Nb	darkRed	0
eb9b7613a3f7b192f695f5a2359339c4	1146	Bw,Bb,Rw,Pw,Qw,Bw,Rb,Nw,Qb,,,,,,,Bw,Kw,,,,,,,Rb,Rb,,,Rb,Rb,,,Pw,Nw,,,Rb,Rb,,,Qw,Qw,,,,,,,Bb,Kb,,,,,,,Rw,Rw,Pw,Rb,Bb,Kw,Pb,Rw,Bb	darkGray	0
eb9d69a4ceb9010e7841ca4cd8913ec9	1234	Bw,Qw,Pw,Rb,Bw,Qb,Pb,Nb,Kb,,,,,,,Pb,Pb,,,,,,,Qb,Nw,,,Pb,Pb,,,Bb,Bb,,,Pb,Pb,,,Rw,Kw,,,,,,,Pw,Pw,,,,,,,Qw,Nb,Nb,Rw,Pb,Qb,Nw,Rb,Nw	darkGray	0
ebaeb651fe3a83ed6762198373da87ed	753	Qw,Nb,Pw,Kw,Bb,Nw,Pb,Nb,Pw,,,,,,,Rw,Rb,,,,,,,Bb,Bw,,,,,,,Qw,Qb,,,,,,,Pw,Pb,,,,,,,Rb,Nw,,,,,,,Bw,Rb,Pb,Rw,Bb,Qw,Pw,Rb,Pw	darkGray	0
ebb651c858ed9478935d0741bb96e07a	3997	Bw,Qw,Kb,Rw,Nb,Qb,Kw,Rb,Pw,,,,,,,Qw,Nb,,,,,,,Kb,Bw,,,Bb,Bb,,,Rb,Kb,,,Bb,Bb,,,Nw,Pb,,,,,,,Qb,Rw,,,,,,,Kw,Kw,Qb,Kw,Rw,Nb,Qw,Kb,Qb	lightRed	1
ebb99d2685dc1de98e6edbe7e174f128	677	Qb,Nw,Bb,Kw,Pw,Nb,Bw,Kw,Qw,,,,,,,Kw,Bb,,,,,,,Pw,Rw,,,Pb,Pb,,,Nw,Pb,,,Pb,Pb,,,Bb,Qb,,,,,,,Kb,Bw,,,,,,,Pb,Pw,Kb,Rb,Nb,Qw,Kw,Rw,Rw	darkRed	0
ebbafb99488bee26397ea07f167825d3	1898	Pb,Nb,Qw,Kw,Rw,Nw,Qb,Bb,Pb,,,,,,,Nb,Kb,,,,,,,Pw,Bw,,,,,,,Kw,Nb,,,,,,,Bb,Pw,,,,,,,Nw,Kw,,,,,,,Pb,Kw,Pb,Kb,Bb,Nw,Pw,Kw,Pw	darkRed	0
ebbe6926dfb54f60323c2ffacf78b88b	1038	Bw,Pb,Rw,Bb,Kw,Pw,Rb,Kw,Kb,,,,,,,Rw,Bw,,,,,,,Pb,Nb,,,,,,,Kb,Pw,,,,,,,Bw,Qw,,,,,,,Nb,Bb,,,,,,,Pw,Rw,Rw,Rw,Rw,Rw,Rw,Rw,Rw	darkRed	0
ebc35a03f03c337e132a457c4f4229bb	3207	Rw,Nw,Qb,Kb,Rb,Nb,Qw,Bb,Qw,,,,,,,Nw,Kb,,,,,,,Qb,Rw,,,,,,,Kb,Nb,,,,,,,Rb,Qb,,,,,,,Nb,Kw,,,,,,,Qw,Rw,Nw,Rb,Kw,Qb,Nb,Rw,Nb	darkRed	0
ebc58ab2050570be8dff03aee723d56b	1015	Kb,Bw,Qb,Pb,Rw,Bb,Qw,Qb,Bb,,,,,,,Rw,Kw,,,,,,,Nb,Pb,,,,,,,Qw,Nw,,,,,,,Kb,Bw,,,,,,,Rb,Qb,,,,,,,Nw,Kb,Rw,Pb,Qw,Bb,Rb,Pw,Rw	darkGray	0
ebc70fe7cf7406b88d637c7b36b2ab7e	583	Kw,Kw,Nb,Rb,Kb,Kb,Bw,Bb,Bw,,,,,,,Bb,Kb,,,,,,,Qw,Pb,,,Bb,Bb,,,Pb,Nw,,,Bb,Bb,,,Rw,Bb,,,,,,,Bw,Kw,,,,,,,Kb,Rb,Rw,Nb,Kb,Qw,Rb,Nw,Kb	lightGray	0
ebcb5d70bca57ff8a518d3a0243bedb3	1201	Rb,Rw,Nb,Qw,Qb,Rb,Nw,Kb,Rw,,,,,,,Nb,Nb,,,,,,,Qw,Qw,,,Nw,Nw,,,Kb,Kb,,,Nw,Nw,,,Rb,Rb,,,,,,,Nw,Nw,,,,,,,Qb,Pw,Kw,Bb,Nw,Pb,Kb,Bw,Qw	lightGray	0
ebcb5e4727dfcd656859479750647417	848	Nb,Nw,Bb,Kw,Pw,Nb,Bw,Rb,Rb,,,,,,,Kw,Bw,,,,,,,Rw,Qw,,,,,,,Nw,Pw,,,,,,,Qb,Rw,,,,,,,Kb,Bb,,,,,,,Rb,Pb,Kw,Rw,Nb,Qw,Pw,Rb,Rb	darkRed	0
ebcc185e3ad12506b48d255a68e22308	3375	Kb,Rb,Kb,Qw,Nb,Rw,Kw,Kw,Rw,,,,,,,Kw,Pb,,,,,,,Rw,Qw,,,,,,,Nw,Bb,,,,,,,Qb,Rb,,,,,,,Kb,Pw,,,,,,,Rb,Kw,Kb,Rb,Nb,Qw,Kw,Rw,Pw	darkRed	0
ebdde8da1021d86bdaddbb74e8670962	839	Kw,Qb,Pb,Rw,Bb,Qw,Pw,Pw,Qw,,,,,,,Qw,Bb,,,,,,,Bb,Rw,,,Rb,Rb,,,Rw,Pb,,,Rb,Rb,,,Pb,Kb,,,,,,,Qb,Bw,,,,,,,Nw,Rw,Bw,Rb,Pb,Qb,Nb,Rw,Kw	lightRed	0
ebe1ba8af04f85a79764f476c7c5d3b8	1700	Bb,Bb,Kw,Pb,Nw,Bw,Kb,Qb,Qb,,,,,,,Rw,Pb,,,,,,,Bb,Rw,,,,,,,Qw,Bb,,,,,,,Pw,Qw,,,,,,,Nb,Pw,,,,,,,Bw,Bw,Kw,Qb,Bw,Rb,Kb,Qw,Kb	darkGray	0
ebf849ef856111fed6ed04dd72ce20ea	3724	Rw,Rw,Nb,Qw,Kb,Rb,Nw,Pb,Pw,,,,,,,Kb,Qw,,,,,,,Bw,Bw,,,,,,,Nb,Rb,,,,,,,Pw,Pb,,,,,,,Kw,Qb,,,,,,,Bb,Kb,Nb,Qw,Kb,Rb,Nw,Qb,Rw	darkRed	0
ebfc5fe2d57440a0c84170b9fe49fa91	4016	Qb,Rw,Nb,Qw,Kb,Rb,Nw,Rw,Rb,,,,,,,Nb,Pw,,,,,,,Qw,Qb,,,Pw,Pw,,,Kw,Bw,,,Pw,Pw,,,Rw,Rw,,,,,,,Nw,Pb,,,,,,,Qb,Pw,Qw,Pw,Rb,Bw,Kb,Pb,Rw	lightRed	0
ec359f7c41d2c029d038325353ef2192	1750	Kb,Rb,Nw,Qb,Kw,Rw,Nb,Kb,Bw,,,,,,,Qb,Qb,,,,,,,Bw,Pw,,,,,,,Rb,Rb,,,,,,,Pw,Bb,,,,,,,Qw,Qw,,,,,,,Bb,Qw,Bw,Nb,Pb,Kb,Bb,Nw,Bw	darkRed	0
ec3dcaeefa97535b3c79382a73bdee2d	3013	Kb,Qw,Bb,Rb,Pw,Qb,Bw,Rw,Kw,,,,,,,Rw,Pw,,,,,,,Rw,Nb,,,Pw,Pw,,,Rw,Bw,,,Pw,Pw,,,Rw,Kb,,,,,,,Rw,Pb,,,,,,,Rw,Qw,Rb,Kb,Qw,Nb,Rw,Kw,Rw	lightGray	0
ec4018dfda64a94a3c825d3256543096	2433	Bw,Qw,Nb,Rb,Kb,Bb,Nw,Kw,Nb,,,,,,,Pb,Bw,,,,,,,Nw,Kb,,,Nb,Nb,,,Bb,Pb,,,Nb,Nb,,,Kw,Nw,,,,,,,Pw,Bb,,,,,,,Nb,Bw,Bw,Qb,Pw,Rb,Bb,Qw,Qw	lightGray	0
ec42cdb1b9c150c0ad5ac87321d46ef0	3074	Nw,Qw,Kb,Rw,Nb,Qb,Kw,Nw,Rb,,,,,,,Bb,Pw,,,,,,,Nw,Qw,,,,,,,Pb,Bb,,,,,,,Kb,Rw,,,,,,,Bw,Pb,,,,,,,Nb,Rw,Kw,Rw,Nw,Qb,Kb,Rb,Qb	darkRed	0
ec4a6eeb836418bad9dbb49ac0c12926	405	Pb,Kb,Pb,Nw,Bb,Kw,Pw,Pw,Pb,,,,,,,Bw,Qb,,,,,,,Rb,Bw,,,,,,,Kw,Rb,,,,,,,Qb,Kb,,,,,,,Bb,Qw,,,,,,,Rw,Qw,Bb,Qw,Pb,Rw,Bw,Qb,Pw	darkRed	0
ec4a80bccc5dabfa20056363329d91c6	3595	Bb,Pw,Qw,Bw,Rb,Pb,Qb,Nw,Pw,,,,,,,Rw,Qw,,,,,,,Pb,Bb,,,,,,,Qw,Rw,,,,,,,Nb,Pb,,,,,,,Rb,Qb,,,,,,,Kb,Rw,Pb,Qb,Nb,Rw,Kb,Qw,Kw	lightRed	0
ec52586903fb8deac023c02e4ee14d03	615	Rw,Rw,Kw,Qw,Nb,Rb,Kb,Qb,Nw,,,,,,,Kb,Bb,,,,,,,Pb,Kw,,,Bw,Bw,,,Nb,Pw,,,Bw,Bw,,,Bw,Nb,,,,,,,Kw,Bw,,,,,,,Pw,Pb,Rw,Bb,Qb,Pb,Rb,Bw,Kw	darkGray	0
ec580fab69c5e5ccae63e6781dfc04ee	2212	Bw,Bb,Nw,Pb,Kb,Bw,Rb,Kb,Qw,,,,,,,Kw,Nb,,,,,,,Pw,Rb,,,Pb,Pb,,,Nb,Kb,,,Pb,Pb,,,Bw,Qb,,,,,,,Kb,Nw,,,,,,,Rb,Pb,Kb,Pb,Nw,Bb,Kw,Pw,Qw	lightGray	0
ec5e45ee7eb98e016a5f6e073c6bd38a	2368	Qw,Pw,Nb,Bb,Kw,Pb,Rw,Nb,Pb,,,,,,,Nw,Nw,,,,,,,Bb,Bb,,,,,,,Kw,Kw,,,,,,,Pw,Pw,,,,,,,Nb,Nb,,,,,,,Bw,Rb,Rb,Pw,Qw,Bb,Rw,Pb,Bb	darkRed	0
ec64538e9e769dbab472667be53935ae	1179	Qb,Pw,Rb,Bw,Qb,Pb,Rw,Qb,Pw,,,,,,,Bb,Kw,,,,,,,Kw,Bb,,,Pb,Pb,,,Pw,Nw,,,Pb,Pb,,,Nb,Pb,,,,,,,Bw,Kb,,,,,,,Kb,Pw,Bb,Qw,Pb,Rw,Bw,Qb,Nb	darkGray	0
ec72813e17a565377589640679470c59	2669	Rw,Kw,Pw,Pw,Nw,Kb,Pb,Qb,Qw,,,,,,,Rb,Bb,,,,,,,Bw,Rw,,,,,,,Qw,Pb,,,,,,,Pw,Qb,,,,,,,Rw,Bw,,,,,,,Bb,Nb,Qb,Pb,Rw,Bb,Qw,Pw,Kb	lightGray	0
ec79369515bd449ed6bc422a7a5ba689	1111	Kb,Qb,Kw,Rw,Nb,Qw,Kb,Qw,Pw,,,,,,,Kw,Nb,,,,,,,Rw,Bw,,,,,,,Nb,Kb,,,,,,,Bw,Pb,,,,,,,Kb,Nw,,,,,,,Pb,Rb,Qb,Nw,Rw,Kw,Qw,Nb,Kb	lightGray	0
ec8150c6c68ee43a979ba89ebe5ffe3f	2167	Pb,Qb,Pb,Rw,Nb,Qw,Kb,Kb,Kw,,,,,,,Nw,Qb,,,,,,,Bb,Nb,,,Pb,Pb,,,Kb,Rw,,,Pb,Pb,,,Pb,Pw,,,,,,,Nb,Qw,,,,,,,Bw,Qb,Nb,Qw,Kb,Rb,Nw,Qb,Qw	lightRed	0
ec843c84eb363e87a8c69710e1542b9c	4028	Bw,Pw,Qw,Bw,Rb,Pb,Qb,Rb,Qb,,,,,,,Bw,Nw,,,,,,,Nb,Rw,,,,,,,Pb,Kw,,,,,,,Kb,Qw,,,,,,,Bb,Nb,,,,,,,Nw,Kw,Bw,Qb,Pb,Rw,Bb,Qw,Nw	lightRed	0
ec8e5320d1fe256740c1d3a45d589277	3562	Pb,Qb,Pb,Rb,Bw,Kw,Pw,Nw,Rw,,,,,,,Bw,Bb,,,,,,,Kb,Qw,,,,,,,Pb,Pw,,,,,,,Nw,Rb,,,,,,,Bb,Nw,,,,,,,Kw,Kb,Nw,Rb,Kb,Qw,Nb,Rw,Kb	darkGray	0
eca2432fe8f1001aee484f863649be6b	3921	Pw,Pb,Qb,Bw,Rb,Pw,Qw,Bw,Qb,,,,,,,Qb,Kw,,,,,,,Nw,Rb,,,Pb,Pb,,,Rw,Nw,,,Pb,Pb,,,Kw,Qw,,,,,,,Qw,Kb,,,,,,,Nb,Nw,Qw,Pw,Rw,Bb,Qb,Kw,Kw	darkRed	0
eca6922d3fafc40dbda4fc22bc87a187	3436	Bw,Bb,Qw,Pb,Rw,Bw,Qb,Kw,Rb,,,,,,,Bw,Kb,,,,,,,Rb,Qw,,,Pw,Pw,,,Pb,Nb,,,Pw,Pw,,,Qb,Pw,,,,,,,Bb,Kw,,,,,,,Rw,Bw,Bb,Kw,Pw,Rb,Bw,Kb,Qb	lightGray	0
ecb2f7f4602f42d8c1e0da41b7fd4053	767	Bb,Bb,Rw,Pb,Qb,Bw,Rb,Kw,Qw,,,,,,,Nb,Bb,,,,,,,Rw,Rb,,,Rb,Rb,,,Pb,Pw,,,Rb,Rb,,,Qb,Qb,,,,,,,Nw,Bw,,,,,,,Rb,Rw,Nb,Rw,Kb,Qw,Nw,Rb,Pw	lightRed	0
ecbc0a0129846e9fe15e4ce71cb766ff	346	Pb,Qb,Pb,Rw,Bb,Kw,Pw,Bw,Pb,,,,,,,Qw,Kb,,,,,,,Kb,Bb,,,Pb,Pb,,,Rb,Nw,,,Pb,Pb,,,Nw,Pw,,,,,,,Qb,Kw,,,,,,,Kw,Bb,Rw,Bb,Qw,Pw,Rb,Bw,Nb	darkGray	1
ecc2dc8f09cbe4eb41f00a4565320541	3059	Bw,Pw,Qw,Bw,Rb,Pb,Kb,Pw,Qw,,,,,,,Rb,Pw,,,,,,,Bw,Rw,,,Bw,Bw,,,Qw,Bb,,,Bw,Bw,,,Pw,Qb,,,,,,,Rw,Pb,,,,,,,Bb,Bb,Nb,Rw,Kw,Qb,Nw,Rb,Qb	lightRed	0
eccbc87e4b5ce2fe28308fd9f2a7baf3	4063	Rw,Rw,Rw,Rw,Rw,Rw,Rw,Rw,Rw,,,,,,,Pw,Nb,,,,,,,Kb,Qb,,,,,,,Rw,Kw,,,,,,,Nb,Rb,,,,,,,Bb,Nw,,,,,,,Kw,Pw,Qw,Kb,Rb,Nw,Qb,Kw,Pw	lightRed	0
ecd228afc206ef726d55ce26badf7041	2434	Qw,Pw,Rb,Bb,Qw,Pb,Rw,Pw,Bb,,,,,,,Nb,Rw,,,,,,,Bw,Pw,,,,,,,Kb,Qw,,,,,,,Pb,Bw,,,,,,,Nw,Rb,,,,,,,Bb,Rb,Nw,Rb,Kb,Qw,Nb,Rw,Pw	lightRed	0
ecde5ef1d7f4748837377b2518d297d3	3320	Kb,Nb,Pw,Kb,Bw,Nw,Pb,Rw,Bb,,,,,,,Kb,Nw,,,,,,,Rb,Pw,,,Bw,Bw,,,Nw,Qw,,,Bw,Bw,,,Qb,Bw,,,,,,,Kw,Nb,,,,,,,Rw,Rw,Bb,Kw,Pw,Nb,Bw,Kb,Pb	lightRed	0
ecdfbeba489f293dcc244ec47a96f04c	3220	Pw,Bb,Qw,Pw,Rb,Bw,Qb,Qw,Kw,,,,,,,Pw,Pw,,,,,,,Nb,Nw,,,Rb,Rb,,,Bb,Bb,,,Rb,Rb,,,Kw,Kb,,,,,,,Pb,Pb,,,,,,,Nw,Pw,Pw,Kw,Qb,Nw,Rb,Kb,Pb	darkGray	0
ecf2bada710fb7b263ca60937e218d12	38	Qb,Qb,Nw,Rb,Kb,Qw,Nb,Kb,Qw,,,,,,,Bb,Nb,,,,,,,Nw,Rw,,,Bb,Bb,,,Pw,Kw,,,Bb,Bb,,,Qw,Qb,,,,,,,Bw,Nw,,,,,,,Nb,Rw,Pw,Qw,Bw,Rb,Pb,Qb,Rw	darkRed	0
ecfd29993b50faea1912da8c092acc04	1173	Qw,Qb,Bw,Rw,Kw,Qw,Nb,Nb,Qw,,,,,,,Pb,Bb,,,,,,,Kb,Rb,,,Pw,Pw,,,Bw,Pw,,,Pw,Pw,,,Nb,Qb,,,,,,,Pw,Bw,,,,,,,Kw,Pw,Rw,Kw,Qw,Nb,Rb,Kb,Qb	lightRed	0
ecfd57c868efc337fafeaeb3a1e564d3	1726	Kw,Nw,Pb,Kb,Bw,Rb,Pw,Nb,Bb,,,,,,,Rw,Rw,,,,,,,Kw,Pw,,,,,,,Qb,Qw,,,,,,,Nw,Bw,,,,,,,Rb,Rb,,,,,,,Pw,Nw,Nw,Pb,Qw,Bb,Nb,Pw,Rw	darkGray	0
ed03d4de58e7be6a83c65acba9de777a	2115	Bw,Nb,Bw,Kb,Pb,Nw,Bb,Qw,Bw,,,,,,,Kw,Kb,,,,,,,Rw,Pw,,,Kb,Kb,,,Nw,Nb,,,Kb,Kb,,,Qb,Bb,,,,,,,Kb,Kw,,,,,,,Rb,Nw,Rw,Bb,Qw,Kb,Rb,Nw,Rb	darkRed	0
ed143bd3dc09bd992ea68e427b621fbe	3169	Pw,Nw,Rb,Kw,Qb,Nb,Rw,Kw,Rb,,,,,,,Bb,Kb,,,,,,,Qw,Qw,,,Bb,Bb,,,Pw,Nb,,,Bb,Bb,,,Rb,Rw,,,,,,,Bw,Kw,,,,,,,Qb,Kw,Bw,Kb,Pb,Nw,Bb,Kw,Bb	lightRed	0
ed2a61cf3de1d736010d1a07a11d6176	3378	Rb,Bw,Nb,Pb,Kb,Bb,Nw,Bw,Rw,,,,,,,Kb,Kw,,,,,,,Pb,Qb,,,Pw,Pw,,,Nw,Nw,,,Pw,Pw,,,Bb,Rb,,,,,,,Kw,Kb,,,,,,,Pw,Pb,Pw,Rb,Bw,Qb,Pb,Rw,Nw	lightRed	0
ed331016dd29596bf9b203b1cea4cd29	549	Bb,Kb,Rb,Nw,Qb,Kw,Rw,Rw,Kw,,,,,,,Pw,Rw,,,,,,,Nb,Nb,,,Nb,Nb,,,Bb,Qw,,,Nb,Nb,,,Kw,Kb,,,,,,,Pb,Rb,,,,,,,Nw,Rb,Qb,Nw,Rw,Kw,Qw,Nb,Kb	darkGray	0
ed6798d0413b36b256ab653d3bbef7ba	2924	Bw,Nb,Pw,Kw,Bb,Nw,Pb,Qb,Bb,,,,,,,Kw,Nw,,,,,,,Rw,Pb,,,Pb,Pb,,,Nb,Kb,,,Pb,Pb,,,Qw,Bw,,,,,,,Kb,Nb,,,,,,,Pb,Pb,Nw,Pb,Kb,Bw,Nb,Pw,Pb	darkRed	0
eda18f2dd32f42f2a3a8a90d7c860686	3861	Kb,Rw,Pb,Qw,Bb,Nb,Pw,Bb,Nb,,,,,,,Qw,Qw,,,,,,,Kb,Kb,,,Rw,Rw,,,Pb,Rb,,,Rw,Rw,,,Nw,Nw,,,,,,,Qb,Qb,,,,,,,Kw,Qw,Nw,Bb,Kb,Pb,Nb,Bw,Pb	darkGray	0
eda53796bf54f16078137bc7bcd16e6d	3909	Rb,Qb,Nw,Rw,Kw,Qw,Nb,Qb,Nw,,,,,,,Nb,Pb,,,,,,,Pw,Kb,,,,,,,Kb,Bw,,,,,,,Bw,Nb,,,,,,,Nw,Rw,,,,,,,Rb,Nb,Qb,Pb,Rb,Bw,Qw,Pw,Nb	lightGray	0
edb24d4cc13088602a1bcd2a78b1011b	2970	Pw,Qw,Kb,Rb,Nw,Qb,Kw,Pw,Qw,,,,,,,Rb,Bb,,,,,,,Nw,Rb,,,Nb,Nb,,,Qw,Pw,,,Nb,Nb,,,Kb,Qb,,,,,,,Pw,Bw,,,,,,,Nb,Nw,Qb,Bw,Rb,Pw,Qw,Bb,Bw	darkRed	0
edc909517f4a39bf7d2be66225f30d9e	2248	Bw,Bb,Nw,Pb,Kb,Bw,Nb,Kw,Rw,,,,,,,Pw,Nb,,,,,,,Rb,Qb,,,Nw,Nw,,,Bw,Kw,,,Nw,Nw,,,Qb,Rb,,,,,,,Pb,Nw,,,,,,,Rw,Qw,Rw,Pb,Qb,Bw,Rb,Pw,Rb	lightRed	0
edcf8ae668cc36d5180c06effc5a3086	3703	Rw,Pw,Kw,Bb,Nw,Pb,Kb,Nw,Nw,,,,,,,Bw,Rb,,,,,,,Qb,Kb,,,,,,,Pw,Qw,,,,,,,Rb,Nb,,,,,,,Bb,Pw,,,,,,,Qw,Nw,Qb,Bw,Rw,Pb,Qw,Bb,Bb	darkRed	0
edd9bf19f7ba3ecf3a9bf84102508c06	3459	Nb,Pw,Rb,Bw,Qb,Pb,Rw,Nb,Nw,,,,,,,Qw,Bb,,,,,,,Kb,Kb,,,,,,,Rb,Pb,,,,,,,Nw,Nb,,,,,,,Qb,Bw,,,,,,,Kw,Kw,Bb,Kw,Pw,Nb,Bw,Kb,Bw	lightRed	0
eddbb10cc549adad7342ea9cddbe24f6	3681	Rb,Pw,Nb,Bw,Qb,Pb,Rw,Pb,Rb,,,,,,,Bb,Bw,,,,,,,Qw,Qw,,,,,,,Pw,Pw,,,,,,,Rb,Rw,,,,,,,Bw,Nb,,,,,,,Qb,Rw,Bb,Qw,Pb,Nw,Bw,Qb,Bb	darkGray	0
edfab2de1612e6e18b261453d9f787a0	2786	Rw,Nb,Rw,Kb,Qw,Nw,Rb,Kb,Bb,,,,,,,Qb,Nw,,,,,,,Bw,Pb,,,,,,,Rw,Kb,,,,,,,Kw,Bw,,,,,,,Qw,Nb,,,,,,,Bb,Kb,Qb,Pb,Rb,Bw,Qw,Pw,Kw	darkRed	0
edfcb44565f3fb812262e2bd907160e2	2934	Nb,Qw,Kb,Rb,Nw,Qb,Kw,Bw,Kw,,,,,,,Kw,Rw,,,,,,,Qb,Nw,,,Qw,Qw,,,Nw,Qb,,,Qw,Qw,,,Rb,Kb,,,,,,,Kw,Rb,,,,,,,Qw,Qw,Nb,Rw,Pb,Qb,Nw,Rb,Pw	lightRed	0
ee104580523bd90d93b4f17a2482a9da	162	Kb,Rb,Nw,Qb,Kw,Rw,Nb,Nw,Pw,,,,,,,Pb,Rb,,,,,,,Rw,Bw,,,,,,,Bw,Qb,,,,,,,Qb,Pb,,,,,,,Pw,Rw,,,,,,,Rb,Kb,Pb,Qb,Bw,Rb,Pw,Qw,Pb	lightGray	0
ee16525c68c82570366c6ead50b89e84	1595	Rb,Kb,Bw,Nw,Pb,Kw,Bb,Kw,Kw,,,,,,,Bw,Qb,,,,,,,Qb,Nb,,,Pw,Pw,,,Pb,Rw,,,Pw,Pw,,,Rw,Kb,,,,,,,Bb,Qw,,,,,,,Qw,Kw,Qw,Nb,Rb,Kb,Qb,Nw,Rb	lightRed	0
ee17ea27c8c9ed50937ae0e06e5b15c1	951	Pb,Bw,Kb,Pw,Nb,Bb,Kw,Rb,Bw,,,,,,,Pb,Kb,,,,,,,Rw,Pw,,,Rb,Rb,,,Bb,Nb,,,Rb,Rb,,,Qw,Bb,,,,,,,Pw,Kw,,,,,,,Rb,Qw,Pw,Qw,Bw,Rb,Pb,Qb,Nw	darkGray	0
ee1db415c3663ca05eeb4a15adae703e	866	Nw,Rw,Pb,Qw,Nb,Rb,Pw,Kb,Kw,,,,,,,Qb,Bb,,,,,,,Bw,Nw,,,Bw,Bw,,,Rb,Pb,,,Bw,Bw,,,Pw,Kb,,,,,,,Qw,Bw,,,,,,,Nb,Qb,Rw,Nb,Bw,Kb,Pb,Nw,Kb	darkGray	0
ee2160fd4b9d9355f237450f4d132862	409	Bw,Kb,Pb,Nw,Bb,Kw,Pw,Qw,Qb,,,,,,,Qb,Bw,,,,,,,Bw,Rw,,,,,,,Rw,Pb,,,,,,,Pb,Qw,,,,,,,Qw,Bb,,,,,,,Bb,Kb,Kb,Qw,Nw,Rb,Kw,Qb,Qw	lightRed	0
ee21f2d0bae468007e6088abdb3f004c	714	Nw,Rw,Nb,Qb,Pb,Rb,Nw,Nw,Rw,,,,,,,Bw,Pb,,,,,,,Qb,Qb,,,Rb,Rb,,,Pb,Bw,,,Rb,Rb,,,Rw,Rb,,,,,,,Bb,Pw,,,,,,,Qw,Qw,Qw,Kb,Rw,Nb,Qb,Kw,Nw	darkRed	0
ee24eff7fde4102cd776d34b0ab87b46	1285	Bb,Bw,Kb,Pb,Rw,Bb,Kw,Pw,Kb,,,,,,,Nb,Pb,,,,,,,Qw,Nb,,,Qb,Qb,,,Kw,Bw,,,Qb,Qb,,,Rw,Kw,,,,,,,Nw,Pw,,,,,,,Qb,Bb,Rb,Kb,Qw,Nb,Pw,Kw,Kw	darkRed	0
ee2735a7daeddc44173f160e9f520f11	3756	Rw,Qw,Kb,Rb,Nw,Bb,Kw,Rb,Rw,,,,,,,Rb,Rw,,,,,,,Kb,Rw,,,,,,,Qw,Rw,,,,,,,Nb,Rw,,,,,,,Rw,Rw,,,,,,,Kw,Rw,Nb,Bw,Kb,Pb,Nw,Bb,Nb	lightRed	0
ee2d68dc91fee9723098f998ccef7b8a	2526	Rw,Qb,Kw,Rb,Nw,Qw,Kb,Bw,Kb,,,,,,,Pw,Qw,,,,,,,Qw,Nb,,,Nb,Nb,,,Bw,Rw,,,Nb,Nb,,,Rb,Kw,,,,,,,Pb,Qb,,,,,,,Qb,Kw,Pw,Nb,Pb,Kb,Pb,Nw,Rb	lightRed	0
ee35c29b140b5820965b7057560d8ea5	157	Qb,Pw,Kw,Bw,Nb,Pb,Qb,Pw,Bw,,,,,,,Pb,Rb,,,,,,,Kb,Pb,,,Pb,Pb,,,Bw,Qb,,,Pb,Pb,,,Nb,Bb,,,,,,,Pw,Rw,,,,,,,Kw,Kw,Nw,Bb,Kb,Pb,Nb,Bw,Kw	lightRed	0
ee3c653b5f531c95960354eb2dd9cbfa	1551	Kw,Kw,Pw,Nw,Bb,Kb,Pb,Rw,Kb,,,,,,,Nw,Rb,,,,,,,Bb,Nb,,,Rb,Rb,,,Kw,Qw,,,Rb,Rb,,,Pw,Kw,,,,,,,Nb,Rw,,,,,,,Bw,Bw,Rw,Kw,Qb,Nw,Rb,Kb,Kw	darkRed	0
ee66efb2de37e4bc09a0a914701af163	1182	Nw,Nw,Bb,Kb,Pb,Nb,Bw,Nw,Bb,,,,,,,Kb,Kw,,,,,,,Rb,Pb,,,,,,,Nw,Nw,,,,,,,Bb,Bw,,,,,,,Kw,Kb,,,,,,,Pw,Pb,Kw,Bb,Nw,Pb,Kb,Bw,Nw	lightRed	0
ee69275060169ac560972a367615f3b6	3301	Rw,Rb,Nw,Qb,Kw,Rw,Nb,Rw,Qw,,,,,,,Pb,Kb,,,,,,,Qb,Pb,,,,,,,Bw,Nw,,,,,,,Rb,Qb,,,,,,,Pw,Kw,,,,,,,Qw,Nb,Nb,Pw,Kw,Bb,Nw,Pb,Qw	lightRed	0
ee6a49ea295d16e34f86adbfaf50aad7	2548	Kw,Qw,Kb,Rb,Nw,Qb,Kw,Qb,Qw,,,,,,,Rw,Pw,,,,,,,Bb,Rb,,,Rw,Rw,,,Qb,Bw,,,Rw,Rw,,,Pb,Qb,,,,,,,Rb,Pb,,,,,,,Bw,Pb,Bb,Nw,Pb,Kb,Bw,Nb,Kb	lightGray	0
ee6a6625396b790622b06d42fad07675	2402	Rw,Qb,Pb,Rb,Bw,Qw,Kb,Bb,Rw,,,,,,,Pb,Rw,,,,,,,Rw,Rw,,,,,,,Bw,Rw,,,,,,,Qb,Rw,,,,,,,Pw,Rw,,,,,,,Rb,Rw,Pw,Nb,Bb,Kw,Pb,Nw,Bw	lightRed	0
ee89e4298818073cb538831836f2d1b9	1390	Bb,Pw,Nw,Bw,Kb,Pb,Nw,Pw,Nb,,,,,,,Pb,Qw,,,,,,,Kb,Kw,,,,,,,Bw,Rw,,,,,,,Nb,Nw,,,,,,,Pw,Qb,,,,,,,Kw,Qb,Rb,Bw,Qw,Pw,Rw,Bb,Nw	lightGray	0
ee9490a6b742af943347c820296e1379	274	Rb,Nb,Pw,Kw,Bb,Nw,Pb,Bw,Rw,,,,,,,Rw,Pb,,,,,,,Kw,Qb,,,Pw,Pw,,,Qb,Bw,,,Pw,Pw,,,Nw,Rb,,,,,,,Rb,Pw,,,,,,,Kb,Rw,Nb,Qw,Kb,Pb,Nw,Qb,Nb	lightGray	0
ee97bd5e091b56defd1a37e475bf9e7e	2977	Bb,Kw,Nb,Rw,Kw,Qb,Nw,Nb,Pw,,,,,,,Pw,Rb,,,,,,,Nb,Bb,,,,,,,Bb,Qw,,,,,,,Kw,Kw,,,,,,,Pb,Rw,,,,,,,Nw,Bb,Bb,Kw,Pb,Rw,Bw,Qb,Pb	lightGray	0
ee98d7723d76dba015f6eb4ebe49b78e	3405	Kb,Rw,Pb,Qb,Bw,Rb,Pw,Rw,Kw,,,,,,,Rw,Pw,,,,,,,Rw,Nb,,,,,,,Rw,Bw,,,,,,,Rw,Kb,,,,,,,Rw,Rb,,,,,,,Rw,Bw,Nw,Pb,Kw,Bb,Nb,Pw,Rw	lightRed	0
eea3ce22ef4be55b839f5bb6a7afdd71	1774	Qw,Kb,Rb,Nb,Qw,Kw,Rw,Qb,Bb,,,,,,,Pw,Rw,,,,,,,Qw,Pw,,,,,,,Bw,Qw,,,,,,,Rb,Bw,,,,,,,Pb,Rb,,,,,,,Qb,Kb,Rb,Nw,Qb,Kw,Rw,Nb,Nw	lightGray	0
eeb88b26f7c300036f19f1e63d66b97d	77	Qw,Bb,Kw,Pb,Nw,Bw,Kb,Qb,Qb,,,,,,,Bw,Bw,,,,,,,Nb,Rb,,,,,,,Pb,Pw,,,,,,,Qb,Qw,,,,,,,Bb,Bb,,,,,,,Nw,Bw,Nb,Qw,Kb,Rb,Nw,Qb,Bw	darkRed	0
eed31eedf7f833256dec0b8bc84c3333	2242	Qb,Bw,Kb,Pb,Nw,Bb,Kw,Pb,Kw,,,,,,,Pw,Bb,,,,,,,Nb,Nw,,,,,,,Bb,Rb,,,,,,,Kw,Kb,,,,,,,Pb,Bw,,,,,,,Nw,Pw,Kw,Bb,Nw,Pb,Kb,Kw,Nw	darkGray	0
ef0978e7ac60a3cc11498161fc6e31fc	1949	Qb,Nw,Pb,Kb,Bw,Nb,Pw,Nb,Rw,,,,,,,Nw,Kw,,,,,,,Bb,Qw,,,,,,,Kw,Nb,,,,,,,Pw,Pb,,,,,,,Nb,Kb,,,,,,,Bw,Nw,Nw,Bb,Kb,Pb,Nb,Bw,Pb	darkRed	0
ef1422aacd6b56e5d260cd42fef2e9d1	2825	Nb,Rb,Pw,Qw,Bb,Rw,Pb,Nb,Pb,,,,,,,Nb,Kb,,,,,,,Pw,Bw,,,Bw,Bw,,,Kb,Nb,,,Bw,Bw,,,Bw,Pw,,,,,,,Nw,Kw,,,,,,,Pb,Pb,Pb,Qb,Bb,Rw,Pw,Qw,Rw	darkRed	1
ef1a65e1e1f773a629ba0342e7a9ef60	3430	Qw,Qb,Bw,Rw,Pb,Qw,Bb,Pw,Qw,,,,,,,Rb,Nb,,,,,,,Bw,Rw,,,Pb,Pb,,,Qb,Kw,,,Pb,Pb,,,Pb,Qb,,,,,,,Rw,Nw,,,,,,,Nb,Rb,Rw,Nb,Qb,Pb,Rb,Bw,Rw	lightGray	0
ef21170f9e9173163eaa631877803df4	3355	Rw,Bb,Rw,Pb,Qb,Bw,Rb,Qb,Nw,,,,,,,Kb,Pb,,,,,,,Pb,Kb,,,,,,,Nb,Bw,,,,,,,Bw,Nb,,,,,,,Kw,Pw,,,,,,,Pw,Nb,Kb,Qw,Nw,Rb,Kw,Qb,Pb	lightRed	0
ef21f330c4ecbb0dff960efffe8536fe	252	Rw,Bw,Qb,Pw,Rb,Bb,Qw,Nb,Rw,,,,,,,Kb,Rw,,,,,,,Rb,Rw,,,,,,,Nb,Rw,,,,,,,Qw,Rw,,,,,,,Kw,Rw,,,,,,,Rw,Rw,Rb,Nw,Bb,Kw,Pw,Nb,Kb	darkRed	0
ef2567f3d2e23b5bb303afac0fcf91fd	279	Rb,Nw,Bb,Kb,Pb,Rb,Bw,Nb,Bw,,,,,,,Nb,Kb,,,,,,,Bw,Pb,,,Nb,Nb,,,Kb,Nw,,,Nb,Nb,,,Pb,Bb,,,,,,,Nw,Kw,,,,,,,Bb,Pw,Nb,Qw,Kb,Rb,Nw,Qb,Pw	darkRed	0
ef46c690516e57d689763faaff16dc78	1288	Pw,Kb,Pb,Nw,Bb,Kw,Pw,Kw,Nb,,,,,,,Pb,Bw,,,,,,,Qb,Kb,,,,,,,Bb,Pb,,,,,,,Rw,Nw,,,,,,,Pw,Bb,,,,,,,Qw,Rw,Bw,Kb,Pb,Nw,Bb,Kw,Pw	lightRed	0
ef50ce98a475cb72ac7c0074cb91339a	1405	Pb,Kw,Rw,Nb,Qw,Pw,Rb,Rb,Pw,,,,,,,Kb,Nb,,,,,,,Rb,Bw,,,Pb,Pb,,,Nb,Kb,,,Pb,Pb,,,Qw,Pb,,,,,,,Kw,Nw,,,,,,,Rw,Kb,Bb,Nw,Pb,Kb,Bw,Nb,Rw	lightRed	0
ef5894e8d37bdfc76b7ff86649172194	344	Bb,Nb,Bw,Kb,Pb,Nw,Bb,Pb,Bw,,,,,,,Kb,Nb,,,,,,,Bw,Pw,,,,,,,Nw,Kw,,,,,,,Pb,Bb,,,,,,,Kw,Nw,,,,,,,Bb,Bb,Rw,Bb,Qb,Pb,Rb,Bw,Nb	lightRed	0
ef6e28f47f438ab8e8b9cf3681b1634d	253	Nb,Qw,Pw,Rb,Bw,Qb,Pb,Rw,Kw,,,,,,,Rw,Qw,,,,,,,Rw,Nb,,,Nb,Nb,,,Rw,Rw,,,Nb,Nb,,,Rw,Kw,,,,,,,Rw,Qb,,,,,,,Rw,Qb,Qw,Pw,Nw,Bb,Kb,Pb,Rw	darkRed	0
ef8291f73f9b31bfa98e490138014445	948	Bb,Kw,Rw,Nb,Bw,Kb,Rb,Qb,Qb,,,,,,,Rb,Kw,,,,,,,Pw,Rw,,,,,,,Qw,Nb,,,,,,,Bb,Bw,,,,,,,Rw,Kb,,,,,,,Pb,Kw,Pb,Qb,Bw,Nb,Pw,Qw,Pw	lightGray	0
ef9ad689e9c46778ab87ce17e2ba27a5	2322	Bw,Rb,Bw,Kw,Pw,Rw,Bb,Bw,Kw,,,,,,,Rw,Pw,,,,,,,Pb,Nw,,,,,,,Qw,Bb,,,,,,,Bb,Kb,,,,,,,Rb,Pb,,,,,,,Pw,Nw,Bw,Qb,Pw,Rb,Bb,Qw,Bb	darkRed	1
efa530a8179811330b547c0a3223a8a9	1216	Kb,Nw,Bb,Kw,Pw,Rb,Bw,Rw,Qb,,,,,,,Kb,Bw,,,,,,,Bw,Rw,,,,,,,Nb,Pb,,,,,,,Pw,Qw,,,,,,,Kw,Bb,,,,,,,Bb,Rb,Bw,Rb,Pw,Kw,Bb,Rw,Rb	lightGray	0
efaba3ab644c2c835b4dc5fcddbf0289	1192	Bb,Bw,Kb,Pw,Nb,Bb,Kw,Nb,Pw,,,,,,,Bb,Qw,,,,,,,Nw,Bb,,,,,,,Pw,Rw,,,,,,,Kw,Pb,,,,,,,Bw,Qb,,,,,,,Nb,Bw,Qw,Pw,Rw,Bb,Qb,Pb,Nw	lightGray	0
efc2d86c6ec4d3dc9bba53990f655f06	966	Nw,Nb,Rw,Qb,Qw,Nw,Rb,Qb,Pw,,,,,,,Rw,Rb,,,,,,,Nb,Bw,,,Pb,Pb,,,Qb,Qb,,,Pb,Pb,,,Kw,Pb,,,,,,,Rb,Rw,,,,,,,Nw,Pb,Kb,Pb,Nw,Bb,Kw,Pw,Nb	lightGray	0
efed884c5ca7adbe339f0708b329a93f	4039	Bb,Kb,Qw,Nw,Rb,Kw,Qb,Pb,Rb,,,,,,,Qb,Kb,,,,,,,Nw,Qb,,,Pb,Pb,,,Rw,Nw,,,Pb,Pb,,,Kw,Rw,,,,,,,Qw,Pb,,,,,,,Nb,Rw,Kw,Bb,Nb,Pw,Kb,Bw,Qw	lightRed	0
efee17b77e11c83d837e11f24880d971	528	Bb,Pb,Rw,Nb,Qw,Kb,Rb,Qb,Pw,,,,,,,Pb,Qw,,,,,,,Nw,Bw,,,Rb,Rb,,,Bb,Rb,,,Rb,Rb,,,Kw,Pb,,,,,,,Pw,Qb,,,,,,,Nb,Qw,Bb,Kw,Pw,Nb,Bw,Kb,Kw	darkRed	0
effc0904f84c062e05aeb170b5160c40	2523	Qw,Nb,Rw,Kb,Qw,Nw,Rb,Rw,Nb,,,,,,,Bb,Bw,,,,,,,Rw,Kw,,,Pb,Pb,,,Pw,Pw,,,Pb,Pb,,,Qw,Nw,,,,,,,Bw,Bb,,,,,,,Rb,Rw,Rw,Pb,Qw,Bb,Rb,Pw,Kw	darkGray	0
f0071f7a2efd95563b6fcccac0ab42bd	3813	Rb,Pb,Qb,Bw,Rb,Pw,Qw,Qw,Pw,,,,,,,Bb,Qw,,,,,,,Qw,Nw,,,,,,,Pw,Rb,,,,,,,Rb,Kw,,,,,,,Bw,Qb,,,,,,,Kb,Bb,Qb,Pb,Rw,Nb,Qw,Kb,Pb	lightGray	0
f01d5cefc6d3a7b76a9fa554f7b53402	1907	Qb,Pw,Qw,Bb,Nw,Pb,Kb,Pb,Bw,,,,,,,Bw,Kb,,,,,,,Nb,Pw,,,Bb,Bb,,,Pb,Nb,,,Bb,Bb,,,Kb,Bb,,,,,,,Bb,Kw,,,,,,,Nw,Nw,Nw,Qb,Kw,Rw,Nb,Qw,Rb	lightGray	0
f024260794cd8522603270eeefdc9747	3409	Pb,Rw,Bb,Qb,Pb,Rb,Bw,Pb,Pb,,,,,,,Kw,Qb,,,,,,,Bb,Bb,,,Rb,Rb,,,Nw,Rw,,,Rb,Rb,,,Pb,Pw,,,,,,,Qb,Kw,,,,,,,Bw,Kb,Nw,Rb,Kw,Qb,Nb,Rw,Kb	darkGray	0
f0304caac38385c0430ac0d2b34b6611	42	Nb,Qw,Pw,Nw,Bb,Qb,Pb,Qw,Bw,,,,,,,Kb,Qb,,,,,,,Bw,Pb,,,,,,,Nw,Rw,,,,,,,Pb,Bb,,,,,,,Kw,Qw,,,,,,,Bb,Bw,Bb,Rw,Pb,Qb,Bw,Rb,Bb	lightGray	0
f046d3a078aac3ee21faa6e4b451e2bb	1077	Nb,Pw,Rb,Bb,Qw,Pb,Nw,Rb,Kb,,,,,,,Rb,Qw,,,,,,,Bw,Nw,,,,,,,Qb,Rb,,,,,,,Pb,Kw,,,,,,,Rw,Qb,,,,,,,Bb,Nw,Qb,Pb,Rb,Bw,Qw,Pw,Nw	lightGray	1
f05006df9c8d9a1331d8d730edecd5e3	2725	Pw,Nb,Pw,Kw,Bb,Nw,Pb,Pb,Kw,,,,,,,Nb,Pw,,,,,,,Rw,Nb,,,,,,,Kb,Bw,,,,,,,Qw,Qb,,,,,,,Nw,Pb,,,,,,,Rb,Rw,Nb,Rw,Pb,Qb,Bw,Rb,Bw	darkRed	0
f0601b4fa9fc880cb2de81fb884a0b17	2531	Pw,Pw,Rb,Bb,Kw,Pb,Nw,Rw,Qb,,,,,,,Rw,Bw,,,,,,,Rw,Rw,,,Nb,Nb,,,Rw,Pb,,,Nb,Nb,,,Rw,Kw,,,,,,,Rw,Bb,,,,,,,Rw,Nw,Rw,Kw,Qb,Nw,Rb,Kb,Rw	lightRed	0
f0685617c973e612adb762935de24847	539	Kb,Kb,Qw,Nw,Rb,Kw,Qb,Rb,Nb,,,,,,,Bw,Pw,,,,,,,Qb,Kb,,,Nb,Nb,,,Pb,Bw,,,Nb,Nb,,,Rw,Nw,,,,,,,Bb,Pb,,,,,,,Qw,Qb,Nw,Qb,Kb,Rb,Nb,Qw,Kw	lightGray	1
f079c163b5ce4216075ad355cae26ff4	505	Pw,Qw,Nb,Rb,Kb,Qb,Nw,Rw,Pw,,,,,,,Bb,Nb,,,,,,,Qw,Bw,,,Pb,Pb,,,Pw,Kb,,,Pb,Pb,,,Rb,Pb,,,,,,,Bw,Nw,,,,,,,Qb,Qb,Kb,Rb,Nb,Qw,Kw,Rw,Qw	lightRed	0
f07df95dfd5f6ce4de18f19f9a5d20c6	2240	Kb,Pb,Qb,Bb,Rw,Pw,Qw,Pb,Pb,,,,,,,Rb,Qb,,,,,,,Bw,Bw,,,,,,,Qw,Rb,,,,,,,Pw,Pw,,,,,,,Rw,Qw,,,,,,,Bb,Bb,Kw,Pw,Nb,Bw,Kb,Pb,Bw	darkGray	0
f087d73427d6685727c37838a6810d90	2528	Rb,Qb,Pb,Rw,Bb,Qw,Pw,Kb,Nb,,,,,,,Pb,Bw,,,,,,,Kb,Kw,,,,,,,Bw,Pw,,,,,,,Nb,Nw,,,,,,,Pw,Bb,,,,,,,Kw,Rw,Bb,Rw,Pw,Qw,Bw,Rb,Qb	lightGray	0
f09c3e45a1e6695ff9ca53cdb9817f6e	3073	Bw,Pb,Kb,Bw,Nb,Pw,Kw,Pb,Pb,,,,,,,Nb,Nw,,,,,,,Pw,Bw,,,Bb,Bb,,,Kw,Kb,,,Bb,Bb,,,Bb,Pw,,,,,,,Nw,Rb,,,,,,,Pb,Qb,Qw,Pw,Rb,Bw,Kb,Pb,Pb	darkRed	0
f09e7b6370ccf7484c13cd3702fe1460	1952	Kb,Nw,Bb,Kb,Pb,Nb,Bw,Bw,Nb,,,,,,,Kw,Rw,,,,,,,Pw,Kw,,,Nw,Nw,,,Rw,Qb,,,Nw,Nw,,,Bb,Nw,,,,,,,Qb,Rb,,,,,,,Pb,Pw,Bb,Qw,Pw,Rb,Bw,Qb,Qb	darkGray	1
f0b155101f17d7e7034be666aea07981	175	Rb,Bw,Kb,Pb,Nw,Bb,Kw,Qb,Rb,,,,,,,Pb,Kb,,,,,,,Qb,Qb,,,Bw,Bw,,,Bw,Nw,,,Bw,Bw,,,Rb,Rw,,,,,,,Pw,Kw,,,,,,,Qw,Nw,Bb,Rw,Pw,Qw,Bw,Nb,Pw	darkRed	0
f0b32aa9573ed37af0633a8da109cb13	157	Qb,Pw,Kw,Bw,Nb,Pb,Kb,Pw,Bw,,,,,,,Pb,Rb,,,,,,,Kb,Pb,,,Pb,Pb,,,Bw,Qb,,,Pb,Pb,,,Nb,Bb,,,,,,,Pw,Rw,,,,,,,Kw,Kw,Nw,Bb,Kb,Pb,Nb,Bw,Kw	lightRed	0
f0b7258f88583611ec8ce4e7b06eaaed	3226	Qw,Bb,Rw,Pb,Kb,Bw,Rb,Kb,Bb,,,,,,,Kb,Rw,,,,,,,Bw,Pb,,,Bb,Bb,,,Nw,Kb,,,Bb,Bb,,,Pb,Bw,,,,,,,Kw,Rb,,,,,,,Bb,Kb,Nw,Bb,Kb,Pb,Nb,Bw,Kb	lightGray	0
f0e9e37c845d3a209bce4fbe35d178c8	1289	Kw,Nw,Bb,Kb,Pb,Nb,Bw,Kw,Nb,,,,,,,Kb,Bw,,,,,,,Qw,Kb,,,,,,,Nb,Pb,,,,,,,Rw,Nw,,,,,,,Kw,Bb,,,,,,,Qb,Nw,Pw,Qw,Bb,Rw,Pb,Qb,Kw	darkRed	0
f0eca6a67ee52dd31e21223f2b2769e1	846	Kb,Rw,Nb,Qw,Kb,Rb,Nw,Kw,Bw,,,,,,,Kb,Kb,,,,,,,Pb,Pw,,,Nb,Nb,,,Nw,Nb,,,Nb,Nb,,,Bb,Bb,,,,,,,Kw,Kw,,,,,,,Pw,Rb,Qw,Pw,Rb,Bw,Qb,Pb,Pw	lightRed	0
f113d24f7995bfe8d3074e7c47aad94f	1934	Pw,Qw,Nb,Rb,Kb,Qb,Bw,Nw,Pb,,,,,,,Bb,Nw,,,,,,,Rw,Bw,,,,,,,Pw,Kb,,,,,,,Qw,Pw,,,,,,,Bw,Nb,,,,,,,Rb,Bb,Nw,Bb,Kw,Pw,Nb,Bw,Kw	lightGray	0
f12535c7af86667d1c26090f5c5f6475	970	Qb,Qb,Bw,Rw,Pb,Qw,Bb,Bw,Pw,,,,,,,Kw,Nb,,,,,,,Rw,Bb,,,,,,,Nw,Kw,,,,,,,Qb,Pb,,,,,,,Kb,Nw,,,,,,,Rb,Qb,Pw,Rb,Bw,Qb,Pb,Rw,Pw	lightGray	0
f12b1be1ade8a5ea22e899f8e37c0884	3597	Qb,Kb,Bw,Nw,Pb,Kw,Bb,Bb,Qw,,,,,,,Kw,Bb,,,,,,,Pw,Rb,,,,,,,Rb,Pw,,,,,,,Bw,Qb,,,,,,,Kb,Bw,,,,,,,Pb,Rw,Rw,Rw,Rw,Rw,Rw,Rw,Rw	lightGray	0
f1354a370166a4e17e3fba2740ef0105	1759	Qb,Nb,Rw,Kw,Qb,Nw,Pb,Nw,Rw,,,,,,,Pb,Bb,,,,,,,Nw,Qb,,,,,,,Bw,Pb,,,,,,,Kb,Rb,,,,,,,Pw,Bw,,,,,,,Nb,Kw,Bb,Rw,Pb,Qb,Bw,Rb,Nw	lightGray	0
f1466e22153368c86892450bd309fd7e	2769	Bb,Rb,Pw,Qw,Bb,Nw,Pb,Rw,Kw,,,,,,,Kw,Bb,,,,,,,Qb,Nb,,,Nw,Nw,,,Nw,Pw,,,Nw,Nw,,,Rb,Kb,,,,,,,Kb,Qw,,,,,,,Qw,Rw,Pb,Qb,Bb,Rw,Pw,Qw,Kw	darkGray	1
f1570863c89927c51293ba345372354b	1677	Pw,Bw,Rb,Pw,Qw,Nb,Rw,Pw,Kw,,,,,,,Rw,Rw,,,,,,,Bb,Nw,,,Pw,Pw,,,Qw,Qb,,,Pw,Pw,,,Pw,Kb,,,,,,,Rb,Rb,,,,,,,Bw,Nb,Nb,Bw,Kb,Pb,Nw,Bb,Nw	lightGray	0
f16159fa7a8fbd51aab7d5bd24e1f12f	3566	Rb,Bw,Rb,Pw,Qw,Bb,Rw,Bw,Pb,,,,,,,Pb,Kb,,,,,,,Qb,Bw,,,,,,,Bb,Nb,,,,,,,Rw,Pw,,,,,,,Pw,Kw,,,,,,,Qw,Pb,Rw,Kw,Qb,Nw,Rb,Kb,Nw	darkRed	0
f1795fbb6f2db94b4df14ab34c0423b8	3319	Rw,Nw,Pb,Kb,Bw,Nb,Pw,Bw,Kb,,,,,,,Qb,Rb,,,,,,,Pb,Nw,,,,,,,Rw,Qb,,,,,,,Nb,Kw,,,,,,,Qw,Rw,,,,,,,Kb,Bw,Bb,Nw,Pb,Kb,Bw,Rb,Kb	darkGray	0
f18898a5fb1d52ee79f7e814161231af	138	Rw,Qb,Rb,Nw,Qb,Kw,Rw,Nb,Bw,,,,,,,Nb,Kb,,,,,,,Bw,Pw,,,,,,,Kw,Nb,,,,,,,Pw,Bb,,,,,,,Nw,Kw,,,,,,,Bb,Bb,Bb,Nw,Pw,Kw,Qw,Nb,Pb	lightGray	0
f18b4adb7961b638622cd62249185cdb	2274	Rb,Qb,Kw,Rb,Nw,Qw,Kb,Bw,Nb,,,,,,,Rw,Rw,,,,,,,Kw,Kb,,,Rb,Rb,,,Qw,Qw,,,Rb,Rb,,,Nb,Nw,,,,,,,Rb,Rb,,,,,,,Kb,Qw,Nb,Qw,Kb,Rb,Nw,Bb,Rb	darkGray	1
f1937f298d504b1889929c1607965be8	1155	Nb,Pb,Nw,Bb,Kw,Rw,Nb,Kb,Nb,,,,,,,Bw,Qw,,,,,,,Rb,Kb,,,Pw,Pw,,,Pw,Rb,,,Pw,Pw,,,Qw,Nw,,,,,,,Bb,Qb,,,,,,,Rw,Pw,Nb,Rw,Kb,Qw,Nw,Rb,Qw	darkRed	0
f1a003362b9afab7f1acc285cf104111	384	Nw,Rb,Kb,Qw,Nb,Rw,Kw,Rb,Kw,,,,,,,Qw,Rw,,,,,,,Nb,Nb,,,Rb,Rb,,,Rb,Bw,,,Rb,Rb,,,Kb,Kb,,,,,,,Qb,Pb,,,,,,,Nw,Qw,Qb,Pb,Rw,Nb,Qw,Kb,Qw	darkGray	0
f1b0271ef416838c008d9efe5bd4e933	2228	Bb,Qb,Pb,Rw,Bb,Qw,Kb,Nw,Kw,,,,,,,Qb,Pw,,,,,,,Kw,Rb,,,,,,,Rw,Bw,,,,,,,Nb,Kb,,,,,,,Qw,Pb,,,,,,,Kb,Rw,Rw,Rw,Rw,Rw,Rw,Rw,Rw	darkGray	0
f1b703711fa0ea3ce8c954fd000897bb	1326	Nw,Pb,Qb,Bw,Rb,Pw,Qw,Rw,Bw,,,,,,,Rb,Qb,,,,,,,Nw,Pw,,,,,,,Qb,Rb,,,,,,,Kw,Bb,,,,,,,Rw,Qw,,,,,,,Nb,Nb,Kw,Rw,Nw,Qb,Kb,Rb,Rb	lightRed	0
f1b7fb1742896c015932c4eebfd2b87c	2865	Nw,Bw,Qb,Pw,Rb,Bb,Qw,Bb,Kw,,,,,,,Nb,Pw,,,,,,,Pw,Nw,,,,,,,Kb,Bb,,,,,,,Bw,Kb,,,,,,,Nw,Pb,,,,,,,Pb,Qw,Rb,Bw,Qb,Kw,Rw,Bb,Qb	lightRed	0
f1c82aa663587483253474d5c4950417	3898	Rw,Qw,Kb,Rb,Nw,Qb,Kw,Pw,Bb,,,,,,,Rw,Rw,,,,,,,Pb,Pb,,,,,,,Qb,Qb,,,,,,,Bw,Bw,,,,,,,Rb,Rb,,,,,,,Pw,Bw,Kw,Bb,Nb,Pw,Kb,Bw,Bb	lightGray	0
f1d0ad5dc6ce7d2b6efe5aac14df47e3	2491	Pb,Pw,Nb,Bw,Kb,Pb,Nw,Kb,Kw,,,,,,,Pw,Rw,,,,,,,Nb,Nb,,,,,,,Bb,Qw,,,,,,,Kw,Kb,,,,,,,Pb,Rb,,,,,,,Nw,Rw,Bb,Qw,Pb,Rw,Bw,Qb,Rw	lightRed	1
f1dea91ac7cb335f38112569b54a58fa	3476	Qw,Qb,Kw,Rb,Nw,Qw,Kb,Rw,Bb,,,,,,,Kb,Rw,,,,,,,Qw,Pw,,,,,,,Nw,Qw,,,,,,,Rb,Bw,,,,,,,Kw,Rb,,,,,,,Qb,Rb,Rw,Nb,Qw,Kb,Rb,Nw,Kb	lightGray	0
f1ee8afdaf79ae32c04f08af41e7b42b	635	Qb,Nb,Rw,Kb,Qw,Nw,Rb,Nw,Pb,,,,,,,Qb,Qb,,,,,,,Nw,Bb,,,Pw,Pw,,,Rw,Rw,,,Pw,Pw,,,Kw,Pw,,,,,,,Kw,Kw,,,,,,,Nb,Nw,Rw,Bb,Qw,Pw,Rb,Bw,Kb	darkGray	0
f204c602f55921a94424448464e8cad0	3685	Rb,Kw,Bb,Nw,Pb,Qb,Bw,Bb,Kb,,,,,,,Rb,Rb,,,,,,,Bw,Nb,,,Rb,Rb,,,Qb,Qw,,,Rb,Rb,,,Kw,Kw,,,,,,,Rw,Rw,,,,,,,Nb,Pb,Qw,Bb,Rb,Pw,Qb,Nw,Qb	lightRed	0
f209435f110a1b7290e20ce2e4cbbdfe	580	Bw,Kb,Pb,Nb,Bw,Kw,Pw,Bb,Nb,,,,,,,Bb,Qw,,,,,,,Rw,Kw,,,,,,,Pw,Rw,,,,,,,Qw,Nw,,,,,,,Bw,Bb,,,,,,,Rb,Qw,Bw,Qb,Pw,Rb,Bb,Qw,Kb	lightGray	0
f21313f9deedfa2648257800e075092a	2140	Qw,Nb,Bw,Kb,Pb,Rw,Bb,Nw,Qb,,,,,,,Kw,Bw,,,,,,,Qb,Rw,,,,,,,Nb,Pb,,,,,,,Rw,Qw,,,,,,,Kb,Bb,,,,,,,Qw,Nb,Qw,Pw,Rw,Bb,Qb,Pb,Kw	lightGray	0
f2222b6d6ed865b784b064d77f09d608	1836	Qb,Qb,Nw,Rb,Kb,Qw,Nb,Rb,Kb,,,,,,,Rw,Bw,,,,,,,Bb,Nb,,,,,,,Qb,Pw,,,,,,,Pb,Kw,,,,,,,Rb,Bb,,,,,,,Nw,Kw,Bb,Rw,Pw,Qw,Bw,Nb,Bb	lightRed	0
f233a6a50e0faec1b07936fe959ba584	2754	Kw,Qw,Pw,Rb,Bw,Kb,Pb,Kw,Qw,,,,,,,Bb,Bb,,,,,,,Qw,Rb,,,Bb,Bb,,,Pw,Pw,,,Bb,Bb,,,Rb,Qb,,,,,,,Bw,Bw,,,,,,,Qb,Qb,Pw,Kw,Bb,Nw,Pb,Kb,Kw	lightGray	0
f239654d820f2de959b12ac41f9976f7	4	Bb,Rw,Pb,Qw,Bb,Rb,Pw,Rb,Kb,,,,,,,Rw,Bw,,,,,,,Nb,Nb,,,,,,,Qb,Pw,,,,,,,Kw,Kw,,,,,,,Rb,Bb,,,,,,,Nw,Pw,Qb,Nw,Rw,Kw,Qw,Nb,Kb	darkRed	0
f24688c2fd6f759aa6ca89aebaa05aea	3039	Qw,Bw,Nb,Pb,Kb,Bb,Nw,Pb,Nb,,,,,,,Qw,Rw,,,,,,,Kb,Kb,,,Rb,Rb,,,Rw,Qw,,,Rb,Rb,,,Nb,Nw,,,,,,,Qb,Rb,,,,,,,Kw,Pw,Nb,Bw,Kb,Pb,Nw,Bb,Rw	darkGray	0
f24880f67712ca24679d0465b3c7860c	4037	Bw,Bw,Nb,Pw,Kw,Qb,Nw,Nw,Kw,,,,,,,Kw,Qb,,,,,,,Pw,Nw,,,Rw,Rw,,,Nb,Rb,,,Rw,Rw,,,Bw,Kb,,,,,,,Kb,Qw,,,,,,,Pb,Pw,Nw,Rw,Kb,Qw,Nw,Rb,Rw	lightGray	0
f2494a8a5b50f6278a9b78468457e81c	2035	Rw,Nw,Rb,Kw,Qb,Nb,Rw,Bb,Qb,,,,,,,Rb,Kw,,,,,,,Bw,Rw,,,,,,,Qw,Nb,,,,,,,Pw,Qw,,,,,,,Nw,Pw,,,,,,,Bb,Kw,Rb,Bw,Qw,Pw,Rw,Bb,Nb	darkRed	0
f2512e2ae2bb02e14fdded38da6df0e1	2272	Nb,Nw,Rb,Kw,Qb,Nb,Rw,Nb,Kb,,,,,,,Qw,Qw,,,,,,,Kb,Nb,,,,,,,Rw,Rw,,,,,,,Nb,Kw,,,,,,,Bb,Bb,,,,,,,Kw,Rw,Rw,Rw,Rw,Rw,Rw,Rw,Rw	lightGray	0
f256a7605bb61f7ee26ee94d20ccae8a	1064	Qw,Pb,Kb,Bb,Nw,Pw,Kw,Rw,Pb,,,,,,,Bw,Rw,,,,,,,Qb,Bw,,,Nb,Nb,,,Pb,Qb,,,Nb,Nb,,,Rw,Pw,,,,,,,Bb,Rb,,,,,,,Qw,Kb,Bb,Kw,Pb,Nw,Bw,Kb,Bb	darkGray	0
f2622762a76add3afc9b72e599857e70	2909	Kw,Rw,Bb,Qw,Pw,Rb,Bw,Nb,Qb,,,,,,,Bw,Bw,,,,,,,Qb,Nb,,,Pb,Pb,,,Pb,Rw,,,Pb,Pb,,,Rw,Qw,,,,,,,Bb,Bb,,,,,,,Qw,Nb,Kw,Rw,Nb,Qw,Kb,Rb,Nb	lightGray	0
f2687b9dc164021aae87e01275fffe35	886	Kb,Pw,Kw,Bb,Nw,Rb,Kb,Nw,Qb,,,,,,,Rw,Bw,,,,,,,Bb,Rb,,,Qb,Qb,,,Qb,Pw,,,Qb,Qb,,,Pb,Qw,,,,,,,Rb,Nb,,,,,,,Bw,Kb,Pw,Nb,Bb,Kw,Pb,Nw,Pb	lightGray	0
f282b08d1ca037e63988415aaadd54d3	3088	Qb,Nw,Qb,Kb,Rb,Nb,Qw,Kb,Rb,,,,,,,Kb,Nw,,,,,,,Pb,Qb,,,,,,,Nb,Kw,,,,,,,Bw,Rw,,,,,,,Qw,Bb,,,,,,,Pw,Rb,Bw,Rb,Pw,Qw,Bb,Rw,Bw	lightRed	0
f29c82c8ce619ca82e0d9e22ecf1b6cb	1522	Nw,Nw,Qb,Kb,Rb,Nb,Bw,Qb,Qb,,,,,,,Qw,Nw,,,,,,,Nb,Rb,,,,,,,Rw,Kb,,,,,,,Kw,Qw,,,,,,,Qb,Nb,,,,,,,Nw,Pw,Bb,Nw,Pw,Kw,Bw,Rb,Rw	lightRed	0
f2a442509eccc2a1b8401acab6030b1c	720	Nw,Kw,Rw,Nb,Qw,Kb,Rb,Kb,Pb,,,,,,,Kb,Rw,,,,,,,Rb,Nb,,,,,,,Nw,Qw,,,,,,,Bb,Pw,,,,,,,Kw,Rb,,,,,,,Pw,Rb,Nw,Rb,Kb,Qw,Bb,Rw,Pw	lightGray	0
f2a759b4bf071da5e6675c326f4f3b1d	549	Bb,Kb,Rb,Nw,Qb,Kw,Rw,Rw,Kw,,,,,,,Pw,Rw,,,,,,,Nb,Nb,,,Nb,Nb,,,Bb,Qw,,,Nb,Nb,,,Kw,Kb,,,,,,,Pb,Rb,,,,,,,Nw,Rb,Qb,Nw,Rw,Kw,Qw,Nb,Kb	darkGray	0
f2a9bc177e1d74181f213e91c497d405	2508	Nb,Pb,Nw,Bw,Kb,Pw,Nb,Rw,Qw,,,,,,,Rw,Bb,,,,,,,Rw,Rw,,,Bw,Bw,,,Rw,Pb,,,Bw,Bw,,,Rw,Qb,,,,,,,Rw,Bw,,,,,,,Rw,Rw,Pb,Rw,Bb,Qw,Pw,Rb,Rw	lightGray	0
f2b8eb7a7ec4728f20873aa3d37f99ac	2861	Kb,Nb,Qw,Kw,Rw,Nw,Bb,Nb,Rw,,,,,,,Nb,Bb,,,,,,,Qw,Qb,,,Rb,Rb,,,Kb,Pb,,,Rb,Rb,,,Rb,Rb,,,,,,,Nw,Bw,,,,,,,Qb,Qw,Qw,Bb,Rw,Pb,Qb,Bw,Rw	lightRed	0
f2c9e28276a7cec0d5f6b0c5396ca406	3515	Rw,Nb,Qw,Kw,Rw,Nw,Bb,Pw,Kw,,,,,,,Pb,Rw,,,,,,,Kb,Nw,,,,,,,Bb,Qb,,,,,,,Nw,Kb,,,,,,,Rw,Rb,,,,,,,Kw,Kw,Pb,Qb,Bw,Rb,Pw,Qw,Qw	darkRed	0
f2cee5a85e562e47f53ad719800e5c92	3978	Rw,Rw,Bb,Qw,Kb,Rb,Bw,Rb,Rb,,,,,,,Nw,Pw,,,,,,,Bb,Qb,,,,,,,Qw,Bw,,,,,,,Pw,Rw,,,,,,,Nb,Pb,,,,,,,Bw,Rb,Kb,Rb,Nw,Qb,Kw,Rw,Nb	darkRed	0
f2d28192efc4e5b41eac7900d68005c7	3792	Nw,Kb,Rb,Nb,Qw,Kw,Rw,Kb,Nw,,,,,,,Rw,Rb,,,,,,,Nb,Kw,,,,,,,Qb,Qb,,,,,,,Kw,Nb,,,,,,,Rb,Pw,,,,,,,Nw,Bw,Rw,Nb,Qw,Kb,Rb,Nw,Bw	darkGray	0
f2d414836a3e468883b0131fd26463f0	2534	Rw,Bb,Rw,Pb,Kb,Bw,Rb,Pb,Qb,,,,,,,Nb,Bw,,,,,,,Qw,Rw,,,Kb,Kb,,,Kb,Pb,,,Kb,Kb,,,Rb,Qw,,,,,,,Nw,Bb,,,,,,,Qb,Qw,Pb,Rw,Bw,Qb,Pw,Rb,Rw	darkGray	0
f2dfdf326842fc0fdcff614ce6a68eec	3166	Rw,Pw,Nb,Bb,Kw,Pb,Nw,Rb,Pb,,,,,,,Rw,Qb,,,,,,,Pb,Bb,,,Bb,Bb,,,Qb,Rw,,,Bb,Bb,,,Bw,Pw,,,,,,,Rb,Qw,,,,,,,Pw,Rb,Kw,Pw,Nw,Bb,Kb,Pb,Rw	darkGray	0
f2e172583df88915e3f2247431a4abee	3891	Kw,Rw,Kw,Qw,Nb,Rb,Kb,Nw,Pw,,,,,,,Qw,Kw,,,,,,,Pw,Bw,,,,,,,Rb,Rb,,,,,,,Bw,Pb,,,,,,,Qb,Qb,,,,,,,Pb,Pw,Bw,Kb,Pw,Nb,Bb,Kw,Rb	lightRed	0
f2e7884125232f92e4e346c95842a36f	1658	Pb,Rw,Nb,Bw,Kb,Pb,Nw,Bw,Kw,,,,,,,Pw,Pw,,,,,,,Rb,Nb,,,,,,,Bw,Bw,,,,,,,Qb,Kb,,,,,,,Pb,Pb,,,,,,,Nw,Pb,Rb,Pw,Kw,Bb,Rw,Pb,Qw	lightRed	0
f2edd96c0c188956f9efd97f1bf6cb0c	3549	Nb,Pw,Rb,Bw,Qb,Pb,Rw,Nb,Nw,,,,,,,Qw,Bb,,,,,,,Qb,Qb,,,,,,,Rb,Pb,,,,,,,Nw,Nb,,,,,,,Qb,Bw,,,,,,,Kw,Kw,Bb,Kw,Pw,Nb,Bw,Kb,Bw	lightRed	0
f2efdff777b67155875274cf539ef211	1939	Rb,Qw,Nb,Rw,Kw,Qw,Nw,Kw,Kb,,,,,,,Rw,Bw,,,,,,,Kw,Nb,,,,,,,Qw,Pw,,,,,,,Nb,Kw,,,,,,,Rb,Bb,,,,,,,Kb,Bb,Qw,Pw,Rb,Bw,Qb,Pb,Rb	darkRed	0
f2f56e2c0196bce10b19e8be783a870c	2669	Rw,Kw,Pw,Nw,Bb,Kb,Pb,Qb,Qw,,,,,,,Rb,Bb,,,,,,,Bw,Rw,,,,,,,Qw,Pb,,,,,,,Pw,Qb,,,,,,,Rw,Bw,,,,,,,Bb,Nb,Qb,Pb,Rw,Bb,Qw,Pw,Kb	lightGray	0
f2fde3332ad084bb05962a09de95475c	1611	Kw,Rb,Bw,Qw,Pw,Rw,Bb,Pw,Qb,,,,,,,Bw,Pb,,,,,,,Kb,Rb,,,,,,,Pw,Bw,,,,,,,Nb,Qw,,,,,,,Bb,Pw,,,,,,,Kw,Kw,Bb,Qw,Kb,Rb,Nw,Qb,Rb	lightRed	0
f3035196e376444d126b4d40e9ee140e	3161	Qw,Rb,Qb,Qw,Nb,Rw,Qw,Rw,Nw,,,,,,,Qb,Pb,,,,,,,Pb,Qw,,,Pw,Pw,,,Rb,Bb,,,Pw,Pw,,,Bw,Nb,,,,,,,Qw,Pw,,,,,,,Pw,Rw,Nb,Pw,Kb,Bw,Nw,Pb,Pb	lightGray	0
f32816ccc97a3576acfc7aaf176dc4bc	3046	Pw,Nb,Bw,Kw,Pw,Rw,Bb,Qb,Rb,,,,,,,Qw,Kb,,,,,,,Bb,Qb,,,,,,,Nw,Nw,,,,,,,Pb,Rw,,,,,,,Kb,Kw,,,,,,,Bw,Bw,Qw,Bb,Rb,Pw,Qb,Bw,Rb	darkRed	1
f34676354725836cf45b583036afcdfe	1594	Rw,Pb,Qb,Bw,Rb,Pw,Qw,Rb,Nb,,,,,,,Rw,Pw,,,,,,,Kw,Kb,,,Nb,Nb,,,Qw,Bw,,,Nb,Nb,,,Nb,Nw,,,,,,,Rb,Pb,,,,,,,Kb,Bw,Pw,Rb,Bw,Qb,Pb,Rw,Nb	darkRed	0
f353250c5139da0318cbaafdafbe14e4	4074	Kw,Pb,Rw,Nb,Qw,Kb,Rb,Rb,Nw,,,,,,,Bb,Rb,,,,,,,Rw,Pw,,,Kb,Kb,,,Pb,Qw,,,Kb,Kb,,,Qb,Nb,,,,,,,Bw,Rw,,,,,,,Rb,Nb,Rw,Bb,Qw,Kb,Rb,Bw,Nw	lightGray	0
f35a0904d5be059b22760de0616322a4	3378	Rb,Bw,Nb,Pb,Kb,Bb,Nw,Bw,Rw,,,,,,,Kb,Kw,,,,,,,Pb,Qb,,,Pw,Pw,,,Nw,Nw,,,Pw,Pw,,,Bb,Rb,,,,,,,Kw,Kb,,,,,,,Pw,Pb,Pw,Rb,Bw,Qb,Pb,Rw,Nw	lightRed	0
f364e65b59136e9a203197c799adca62	3839	Bb,Qb,Nw,Rb,Kb,Qw,Nb,Rw,Nb,,,,,,,Bw,Pw,,,,,,,Kb,Kb,,,,,,,Pb,Bw,,,,,,,Nw,Nw,,,,,,,Bb,Pb,,,,,,,Kw,Qb,Qw,Kb,Rw,Nb,Qb,Kw,Kb	darkRed	1
f3650ffca12dc922cab0003ce581ad67	3041	Pw,Bw,Qb,Pw,Nb,Bb,Kw,Nb,Bb,,,,,,,Nw,Nw,,,,,,,Rb,Pw,,,Qb,Qb,,,Kw,Qw,,,Qb,Qb,,,Bb,Bw,,,,,,,Nb,Rb,,,,,,,Pw,Rb,Nw,Bb,Kw,Pw,Nb,Bw,Pb	darkGray	0
f365848de24139af63255c0173929006	45	Qb,Nw,Bb,Kb,Pb,Rb,Bw,Kw,Rw,,,,,,,Nw,Kw,,,,,,,Rb,Qw,,,,,,,Kb,Nb,,,,,,,Qw,Rb,,,,,,,Nb,Kb,,,,,,,Rw,Pw,Qw,Nb,Pb,Kb,Bb,Nw,Kw	lightGray	0
f365fa513cffe95bf877dcbdf079a1b3	4022	Nb,Kw,Bb,Nb,Pw,Qb,Bw,Rb,Bb,,,,,,,Rb,Kw,,,,,,,Pw,Pw,,,Pb,Pb,,,Qb,Nb,,,Pb,Pb,,,Nw,Bw,,,,,,,Rw,Kb,,,,,,,Kw,Bw,Qw,Bb,Rw,Pb,Qb,Bw,Kw	lightGray	0
f387c1635e40714c298e1a4a2ad8ad5e	59	Qw,Nw,Pb,Qw,Bb,Nb,Pw,Pw,Rb,,,,,,,Kw,Bw,,,,,,,Qb,Qb,,,,,,,Nw,Pb,,,,,,,Rb,Rw,,,,,,,Kb,Bb,,,,,,,Qw,Rw,Qw,Kb,Rb,Nw,Qb,Kw,Pw	lightRed	0
f388407b747d9d6f2157fe5d9f1dbb5a	1581	Bb,Bb,Kw,Pb,Nw,Bw,Kb,Bb,Bb,,,,,,,Nb,Rw,,,,,,,Pw,Pb,,,Rb,Rb,,,Kw,Qb,,,Rb,Rb,,,Bb,Bw,,,,,,,Nw,Rb,,,,,,,Pb,Qw,Qb,Pb,Rw,Bb,Qw,Pw,Bb	lightRed	0
f3918ddb765237c1f029806b153039ff	2160	Nb,Kb,Bw,Nw,Pb,Kw,Bb,Nb,Qb,,,,,,,Bw,Nw,,,,,,,Kb,Rb,,,Bb,Bb,,,Pw,Kb,,,Bb,Bb,,,Nb,Qw,,,,,,,Bb,Nb,,,,,,,Kw,Pw,Bw,Nb,Pb,Kb,Bb,Nw,Qb	darkRed	0
f3af2c6fd8dd5e96e2945df0bcc6977e	2037	Bw,Bb,Qw,Pw,Rb,Bw,Qb,Bb,Bw,,,,,,,Qw,Qb,,,,,,,Pw,Kw,,,,,,,Rb,Rw,,,,,,,Bw,Bb,,,,,,,Kb,Qw,,,,,,,Pb,Qw,Nb,Bw,Kb,Pb,Nw,Bb,Rb	darkGray	0
f3b26062171b4110bcbb60990e3dff8b	1515	Nw,Pw,Kw,Bb,Nw,Pb,Kb,Nw,Kb,,,,,,,Qw,Bw,,,,,,,Kb,Nw,,,Bw,Bw,,,Rw,Pb,,,Bw,Bw,,,Nb,Kw,,,,,,,Qb,Bb,,,,,,,Kw,Kw,Kb,Pb,Nw,Bb,Kw,Pw,Rw	lightRed	0
f3b5a3e99a6f3377998f9fd7e89d8749	1585	Qb,Pw,Qw,Bw,Rb,Kw,Qb,Kw,Rb,,,,,,,Kb,Bw,,,,,,,Qw,Qw,,,,,,,Nb,Pw,,,,,,,Rw,Rw,,,,,,,Kw,Bb,,,,,,,Qb,Pb,Kw,Bb,Nw,Pb,Kb,Bw,Kw	lightRed	0
f3bd0b0574b237ab0612c5ef35e8dceb	2705	Qb,Pw,Rb,Bw,Qb,Pb,Rw,Bw,Qw,,,,,,,Nw,Kb,,,,,,,Qb,Rw,,,,,,,Kb,Nb,,,,,,,Rb,Qb,,,,,,,Nb,Kw,,,,,,,Qw,Qb,Rb,Kb,Qb,Nw,Rw,Pb,Pb	darkGray	0
f3c2e9a51c8664976cfe6f497b4500f5	1452	Pb,Nb,Qw,Kb,Rb,Bw,Qb,Pw,Bb,,,,,,,Kw,Kw,,,,,,,Rw,Pw,,,Rw,Rw,,,Nw,Nb,,,Rw,Rw,,,Qb,Qw,,,,,,,Kb,Kb,,,,,,,Rb,Nb,Pw,Nb,Bb,Kw,Pb,Nw,Bb	lightGray	0
f3c6c44aaea5c8bb05fc0603db1bf85c	2605	Bb,Rb,Kb,Qw,Nb,Pw,Kw,Kw,Bb,,,,,,,Pw,Kw,,,,,,,Bb,Pw,,,,,,,Kb,Nb,,,,,,,Pb,Bw,,,,,,,Nb,Kb,,,,,,,Bw,Pb,Rw,Bb,Qw,Pw,Nb,Bw,Rw	lightRed	0
f3d9ce6e81f2c78766bb2d5d30774134	582	Rb,Bw,Nb,Pb,Kb,Bb,Nw,Pw,Nw,,,,,,,Kw,Pb,,,,,,,Qb,Kb,,,,,,,Nb,Bw,,,,,,,Rw,Nb,,,,,,,Kb,Pw,,,,,,,Kw,Qb,Kb,Pb,Nw,Bb,Kw,Pw,Bb	lightRed	0
f3da1e3dff6c9275302a8a3d0d351794	2770	Nb,Nw,Bb,Kb,Pb,Nb,Bw,Pb,Qb,,,,,,,Rw,Nw,,,,,,,Bb,Rb,,,,,,,Qb,Kb,,,,,,,Pb,Qw,,,,,,,Rb,Nb,,,,,,,Bw,Bw,Qb,Kw,Rb,Nw,Bw,Kb,Kb	lightGray	0
f3f21332abcc6e138237749caf5c372c	3572	Bw,Pb,Nw,Bb,Kw,Pw,Nb,Nb,Nb,,,,,,,Kw,Qw,,,,,,,Pw,Kb,,,,,,,Nw,Rb,,,,,,,Bb,Bw,,,,,,,Kb,Qb,,,,,,,Pb,Rb,Pb,Qb,Bw,Rb,Pw,Qw,Bw	lightRed	0
f3fd18df42c41292a41b9d1a463cbde8	2748	Bw,Bw,Qb,Pw,Rb,Bb,Qw,Qw,Nb,,,,,,,Kb,Rw,,,,,,,Rb,Kb,,,,,,,Nw,Qw,,,,,,,Qb,Bw,,,,,,,Kw,Rb,,,,,,,Rw,Nb,Rb,Pw,Qw,Bb,Rw,Kw,Rw	darkGray	0
f4036a3c4b67debbbf20a79446ba865d	2844	Rw,Pb,Rw,Bb,Qw,Pw,Nb,Pb,Rb,,,,,,,Bw,Nw,,,,,,,Rb,Bb,,,Qw,Qw,,,Pb,Kw,,,Qw,Qw,,,Qb,Pw,,,,,,,Bb,Nb,,,,,,,Rw,Kb,Kb,Qw,Nw,Rb,Kw,Qb,Rw	darkGray	0
f40961ac09f5ee82ce87bcccacb179ca	4002	Kb,Nb,Bw,Kw,Pw,Nw,Bb,Bw,Kw,,,,,,,Kb,Pw,,,,,,,Qw,Nb,,,,,,,Nb,Bw,,,,,,,Rw,Kb,,,,,,,Pb,Rb,,,,,,,Qb,Qb,Pw,Kw,Bw,Nb,Pb,Kb,Pb	darkGray	0
f41f3a8d145d23245c6dc39457ed4dd7	2265	Rb,Nb,Pw,Kw,Bb,Nw,Pb,Nw,Pw,,,,,,,Kw,Rb,,,,,,,Rw,Bb,,,,,,,Nb,Qw,,,,,,,Bw,Pb,,,,,,,Kb,Rw,,,,,,,Pb,Qw,Pw,Kw,Bb,Nw,Pb,Kb,Qw	lightGray	0
f4262bd291026e56ad826d237895afd1	1925	Kb,Bw,Kb,Pb,Nw,Bb,Kw,Rb,Rw,,,,,,,Qb,Pb,,,,,,,Pb,Qw,,,,,,,Rb,Bb,,,,,,,Bw,Rb,,,,,,,Kw,Pw,,,,,,,Pw,Nw,Bw,Rb,Pw,Qw,Bb,Rw,Nb	lightGray	0
f42bd86c6dca25ed27d866dd90388117	3443	Qw,Kb,Bw,Nw,Pb,Kw,Bb,Pb,Qw,,,,,,,Kw,Pw,,,,,,,Qb,Rb,,,,,,,Nw,Bw,,,,,,,Rb,Qb,,,,,,,Kb,Pb,,,,,,,Qw,Pw,Qw,Kb,Rb,Nw,Qb,Kw,Kb	darkGray	0
f43c81abf87ef4fc267af9cb36bf5ada	1475	Rw,Nw,Rb,Kw,Qw,Nw,Rw,Rb,Pw,,,,,,,Bb,Qw,,,,,,,Rw,Bw,,,,,,,Pw,Rw,,,,,,,Qw,Pw,,,,,,,Bb,Qb,,,,,,,Rw,Kw,Nw,Rw,Kw,Qw,Nw,Rw,Qb	darkRed	0
f44353be7a3bf8784866c22c8540892c	1554	Rw,Pb,Rw,Bb,Qw,Pw,Rb,Pb,Nb,,,,,,,Bb,Pw,,,,,,,Qw,Kw,,,,,,,Pw,Bb,,,,,,,Rb,Rw,,,,,,,Nw,Pb,,,,,,,Qb,Rb,Bw,Kb,Pw,Nb,Bb,Kw,Nw	lightGray	0
f44bde40f9aa3617d226ce8846b6f0e7	2203	Qw,Nb,Pw,Kw,Bb,Nw,Pb,Rb,Pw,,,,,,,Bb,Kw,,,,,,,Qw,Bb,,,,,,,Kb,Nw,,,,,,,Rb,Pb,,,,,,,Bw,Kb,,,,,,,Qb,Kw,Pb,Kb,Bb,Nw,Pw,Kw,Rw	darkRed	0
f458bad3a038cf85e9f762ce770cb5ee	3590	Nw,Rb,Nw,Qw,Kb,Rw,Nb,Qw,Bw,,,,,,,Qb,Qb,,,,,,,Kw,Pw,,,,,,,Rw,Rb,,,,,,,Nb,Bb,,,,,,,Qw,Qw,,,,,,,Kb,Bw,Nw,Rb,Kb,Qw,Bb,Rw,Bw	darkGray	0
f46afdc37841ced1fa068861dec8937d	62	Kw,Nb,Bw,Kw,Rw,Nw,Qb,Rb,Pb,,,,,,,Rb,Rw,,,,,,,Nw,Bb,,,Rw,Rw,,,Qw,Qw,,,Rw,Rw,,,Kb,Pw,,,,,,,Rw,Nb,,,,,,,Bb,Nb,Nb,Bw,Kb,Pb,Nw,Bb,Pw	darkGray	1
f4732a00e8bdcace9514801b967262e1	617	Qb,Kw,Rw,Nw,Qb,Kb,Rb,Bw,Rb,,,,,,,Kb,Pw,,,,,,,Pb,Qb,,,Bb,Bb,,,Nb,Bw,,,Bb,Bb,,,Qw,Rw,,,,,,,Kw,Pb,,,,,,,Pw,Pb,Bw,Nb,Pb,Kb,Qb,Nw,Kb	darkGray	0
f47a1334ebcf7525cfa230e4360aeb65	1303	Qb,Qw,Kb,Rw,Nb,Qb,Kw,Kb,Qw,,,,,,,Nw,Bb,,,,,,,Rb,Rw,,,,,,,Kb,Pb,,,,,,,Qw,Qb,,,,,,,Nb,Bw,,,,,,,Rw,Pw,Bw,Rb,Pw,Qw,Bb,Rw,Bw	lightRed	0
f47d39fe8be5f023b5cbdf3fffa98ebe	2024	Pb,Qb,Pb,Rb,Bw,Qw,Pw,Pb,Qw,,,,,,,Nb,Pw,,,,,,,Bw,Rb,,,Pw,Pw,,,Kw,Bw,,,Pw,Pw,,,Pw,Qb,,,,,,,Nw,Pb,,,,,,,Bb,Rb,Nw,Pb,Kw,Bb,Nb,Rw,Bb	lightGray	0
f4892d432419d0ebf3609d728d0d053a	274	Rb,Nb,Pw,Kw,Bb,Nw,Pb,Bw,Rw,,,,,,,Rw,Pb,,,,,,,Kw,Qb,,,Pw,Pw,,,Qb,Bw,,,Pw,Pw,,,Nw,Rb,,,,,,,Rw,Pw,,,,,,,Kb,Rw,Nb,Qw,Kb,Pb,Nw,Qb,Nb	lightGray	0
f48c57719c38aedbad71e458c14e6ebe	203	Nb,Qb,Kw,Rb,Nw,Qw,Kb,Bw,Qb,,,,,,,Nw,Kw,,,,,,,Bb,Rw,,,Bw,Bw,,,Kb,Nb,,,Bw,Bw,,,Pb,Qw,,,,,,,Nb,Kb,,,,,,,Bw,Qb,Rw,Nb,Qb,Pb,Rb,Bw,Pb	lightRed	0
f4b589dd9133f6ecce52e13775f0ee19	942	Bw,Rb,Kb,Kb,Nw,Rw,Pb,Bw,Qb,,,,,,,Bw,Kw,,,,,,,Qb,Rw,,,Qb,Qb,,,Pw,Nb,,,Qb,Qb,,,Rb,Qw,,,,,,,Bb,Kb,,,,,,,Qw,Pb,Rw,Nb,Bw,Kb,Pb,Nw,Bw	darkRed	0
f4bd93bfa08a429d533d223cd9122858	3683	Rb,Kw,Pw,Nw,Bb,Kb,Pb,Kw,Kw,,,,,,,Rw,Rw,,,,,,,Nb,Nb,,,,,,,Qw,Qw,,,,,,,Kb,Kb,,,,,,,Rb,Rb,,,,,,,Nw,Qw,Bw,Qb,Pw,Rb,Bb,Kw,Nw	lightRed	0
f4d04baf40978d0fe7e6048c72008281	1710	Qb,Qw,Bb,Rb,Pw,Qb,Bw,Qw,Bb,,,,,,,Rw,Nw,,,,,,,Bb,Pb,,,,,,,Qb,Kb,,,,,,,Pb,Bw,,,,,,,Rb,Rb,,,,,,,Bw,Rw,Kw,Pw,Nb,Kw,Kb,Pb,Nw	darkRed	0
f4d6ccdb0dbf4d08b996d8850e68007c	2394	Rw,Bb,Qw,Pw,Rb,Bw,Qb,Qb,Bw,,,,,,,Kb,Kb,,,,,,,Qw,Pb,,,,,,,Nb,Nw,,,,,,,Rw,Bb,,,,,,,Kw,Kw,,,,,,,Qb,Nw,Nw,Qb,Kb,Rb,Nb,Qw,Kb	lightGray	0
f4d9f0892362abae13869d332b555f89	505	Pw,Qw,Nb,Rb,Kb,Qb,Nw,Rw,Pw,,,,,,,Bb,Nb,,,,,,,Qw,Bw,,,Pb,Pb,,,Pw,Kb,,,Pb,Pb,,,Rb,Pb,,,,,,,Bw,Nw,,,,,,,Qb,Qb,Kb,Rb,Nb,Qw,Kw,Rw,Qw	lightRed	1
f4e382c1e3b8759d90ef2336c56b8da4	2113	Qb,Pw,Nb,Qb,Kw,Pb,Nw,Kw,Pw,,,,,,,Rb,Nb,,,,,,,Kb,Bb,,,,,,,Qb,Kw,,,,,,,Nw,Pb,,,,,,,Rw,Nw,,,,,,,Kw,Qw,Nb,Pw,Kw,Bb,Nw,Pb,Nw	darkGray	0
f4f10e38a361a96a80f48e1fd4833d18	1248	Rw,Bb,Qw,Pb,Rw,Bw,Qb,Nb,Qw,,,,,,,Nb,Nb,,,,,,,Pw,Rw,,,Qb,Qb,,,Kb,Kw,,,Qb,Qb,,,Bw,Qb,,,,,,,Nw,Nw,,,,,,,Pb,Qb,Bb,Nw,Pw,Kw,Bw,Nb,Kw	lightRed	0
f501ff98af4544d91e4dad19268f2b18	1140	Qw,Kw,Pw,Nb,Bw,Kb,Pb,Qw,Kw,,,,,,,Nw,Rw,,,,,,,Pb,Nw,,,,,,,Kb,Qb,,,,,,,Bw,Kb,,,,,,,Nb,Rb,,,,,,,Pw,Rb,Qw,Pw,Rw,Bb,Qb,Pb,Nw	lightRed	0
f521232eb32bd2bf09b876c1689f26ca	2554	Pb,Rw,Bb,Qb,Pb,Rb,Bw,Bb,Bb,,,,,,,Kw,Kw,,,,,,,Bb,Rb,,,,,,,Nw,Nw,,,,,,,Pb,Bw,,,,,,,Kb,Kb,,,,,,,Bw,Bb,Rw,Pb,Qw,Bb,Rb,Pw,Qb	darkRed	0
f5248481301d461c8fafacca71273421	853	Kw,Rw,Kw,Qb,Nw,Rb,Kb,Rw,Bb,,,,,,,Rw,Kw,,,,,,,Rw,Pw,,,Nb,Nb,,,Rw,Nb,,,Nb,Nb,,,Rw,Bw,,,,,,,Rw,Kb,,,,,,,Rw,Qw,Nb,Bw,Kw,Pw,Nw,Bb,Rw	lightGray	0
f528823ba3d637980d4771fb58f3733a	115	Kw,Rw,Nb,Qb,Kw,Rb,Nw,Kw,Kb,,,,,,,Nb,Qw,,,,,,,Qw,Nb,,,Nb,Nb,,,Kb,Rw,,,Nb,Nb,,,Rb,Kw,,,,,,,Nw,Qb,,,,,,,Qb,Kb,Nw,Pb,Kb,Bw,Nb,Pw,Rw	darkRed	0
f536b11cc165ec11cabfbc4cb4bf584b	3465	Rb,Pb,Rw,Bw,Qb,Pw,Rb,Pw,Bw,,,,,,,Rb,Rb,,,,,,,Kb,Pb,,,Pb,Pb,,,Qb,Qb,,,Pb,Pb,,,Nw,Bb,,,,,,,Rw,Rw,,,,,,,Kw,Qb,Pw,Kw,Bb,Nw,Pb,Kb,Qw	lightGray	0
f559f20a2bb3925131326f16ade7ff25	1133	Kw,Kb,Bw,Nw,Pb,Kw,Bb,Bb,Nb,,,,,,,Nw,Pw,,,,,,,Rb,Kb,,,,,,,Kw,Bw,,,,,,,Kb,Nw,,,,,,,Nb,Pb,,,,,,,Rw,Bw,Nb,Bw,Kw,Pw,Nw,Bb,Pw	lightGray	0
f560c1c6200ade0b5b2365d2219bbb9f	427	Qw,Nb,Bw,Kb,Pb,Nw,Bb,Rw,Kw,,,,,,,Nb,Qb,,,,,,,Bw,Nb,,,,,,,Kw,Rw,,,,,,,Rw,Kb,,,,,,,Nw,Qw,,,,,,,Bb,Pw,Qb,Pb,Rw,Bb,Qw,Pw,Pb	lightGray	0
f561d1f819bd11f85598b6b289114ea8	666	Nb,Bb,Kw,Pb,Nw,Bw,Kb,Kw,Pb,,,,,,,Kb,Rw,,,,,,,Nw,Bw,,,,,,,Rb,Qb,,,,,,,Kb,Pw,,,,,,,Qw,Rb,,,,,,,Nb,Rw,Kb,Rb,Nw,Qb,Kw,Rw,Nb	darkGray	0
f571054bec341c225a36ef0f8498d5f7	3935	Qw,Pw,Rb,Bw,Qb,Pb,Rw,Rw,Nw,,,,,,,Kb,Bb,,,,,,,Pb,Kb,,,,,,,Nb,Pb,,,,,,,Bw,Nb,,,,,,,Kw,Bw,,,,,,,Pw,Rb,Pb,Qb,Bb,Rw,Pw,Qw,Bw	darkRed	0
f57a5e03b6472ed12dfff205b7ad77a1	766	Pb,Kb,Rb,Nb,Qw,Kw,Rw,Nb,Nb,,,,,,,Qb,Pw,,,,,,,Bw,Kw,,,,,,,Rw,Bb,,,,,,,Pb,Nw,,,,,,,Qw,Pb,,,,,,,Bb,Kb,Qb,Bw,Rw,Pb,Qw,Bb,Qb	lightGray	0
f583a2ccee8b0e8ae0cdd55589c7e883	1390	Bb,Pw,Nb,Bw,Kb,Pb,Nw,Pw,Nb,,,,,,,Pb,Qw,,,,,,,Kb,Kw,,,,,,,Bw,Rw,,,,,,,Nb,Nw,,,,,,,Pw,Qb,,,,,,,Kw,Qb,Rb,Bw,Qw,Pw,Rw,Bb,Nw	lightGray	0
f58ad6280a7ca10e248421ce273f7c63	1438	Bw,Pb,Nw,Bb,Kw,Pw,Nb,Qb,Pw,,,,,,,Qb,Nb,,,,,,,Kw,Bw,,,Qb,Qb,,,Rb,Kb,,,Qb,Qb,,,Nw,Pb,,,,,,,Bw,Nw,,,,,,,Kb,Qb,Kb,Rb,Nw,Qb,Kw,Rw,Qb	lightGray	0
f58b1c473102b2fe41cd260e6c78ce04	1686	Qb,Rw,Pb,Qw,Bb,Rb,Pw,Pw,Qw,,,,,,,Qb,Pw,,,,,,,Bw,Rb,,,Qb,Qb,,,Rw,Bw,,,Qb,Qb,,,Pb,Qb,,,,,,,Qw,Pb,,,,,,,Bb,Qb,Kw,Rw,Nb,Qw,Pw,Rb,Qw	lightRed	0
f59649f6bd5884af982122247d9ebeae	1046	Pb,Bw,Rb,Pb,Qb,Bb,Nw,Nw,Pb,,,,,,,Qb,Kb,,,,,,,Bw,Bw,,,,,,,Rb,Nb,,,,,,,Pw,Pw,,,,,,,Qw,Kw,,,,,,,Bb,Bb,Qb,Bw,Rw,Pb,Kw,Bb,Qw	darkGray	0
f5a31e47bb95a95b077a960ab11a5674	3880	Rb,Rw,Nb,Qb,Kw,Rb,Nw,Kb,Nb,,,,,,,Nw,Pw,,,,,,,Qb,Kw,,,,,,,Kb,Bb,,,,,,,Rb,Nw,,,,,,,Nb,Pb,,,,,,,Qw,Kw,Qw,Kb,Rb,Nw,Qb,Kw,Kb	lightRed	0
f5b21511118dfcbaae058db729ccfe44	15	Qb,Pw,Rb,Bb,Qw,Pb,Rw,Kw,Kb,,,,,,,Kw,Qw,,,,,,,Qb,Nb,,,,,,,Nb,Rw,,,,,,,Rw,Kw,,,,,,,Kb,Qb,,,,,,,Qw,Nb,Qb,Nw,Rb,Kb,Qw,Nb,Bb	lightGray	0
f5e5814490d1aae22d1314262773b827	274	Rb,Nb,Pw,Kw,Bb,Nw,Pb,Bw,Rw,,,,,,,Rw,Pb,,,,,,,Kw,Qb,,,Pw,Pw,,,Qb,Pw,,,Pw,Pw,,,Nw,Rb,,,,,,,Rb,Pw,,,,,,,Kb,Rw,Nb,Qw,Kb,Pb,Nw,Qb,Nb	lightGray	0
f5e5ce695712b101970cae787f253eb9	3885	Pb,Qw,Nb,Pb,Kb,Bb,Nw,Bw,Bw,,,,,,,Qb,Nb,,,,,,,Kw,Pw,,,Rb,Rb,,,Rb,Kw,,,Rb,Rb,,,Nw,Bb,,,,,,,Qw,Nw,,,,,,,Kb,Rw,Nb,Bw,Kw,Pw,Nw,Bb,Rw	lightGray	0
f5fcbcfeb15c44d47d95a0d7db5359e1	611	Pb,Rb,Nw,Qb,Kw,Rw,Bb,Bw,Nb,,,,,,,Qw,Pw,,,,,,,Kb,Kb,,,,,,,Rb,Bw,,,,,,,Nw,Nw,,,,,,,Qb,Pb,,,,,,,Kw,Bw,Nb,Bw,Kw,Pw,Nw,Bb,Bw	darkGray	0
f60622ea4efb2b2e296218cc1cf240f7	1629	Nw,Pb,Nw,Bw,Kb,Pw,Nb,Pb,Rw,,,,,,,Bw,Kw,,,,,,,Qb,Qb,,,,,,,Kw,Nw,,,,,,,Rw,Rb,,,,,,,Bb,Kb,,,,,,,Qw,Qb,Pb,Qb,Bb,Rw,Pw,Qw,Nb	darkRed	0
f63128a7c76a69b100689d1c85571104	3131	Pw,Pb,Rw,Bw,Qb,Pw,Rb,Rb,Nw,,,,,,,Bb,Rb,,,,,,,Kw,Kb,,,,,,,Pw,Qw,,,,,,,Nb,Nb,,,,,,,Bw,Rw,,,,,,,Kb,Qw,Qb,Kw,Rb,Nw,Qw,Kb,Nw	lightGray	0
f65e72af30fd1736c3e1f160098cc7fd	205	Rb,Kb,Qw,Nw,Rb,Kw,Qb,Qb,Nw,,,,,,,Bb,Qb,,,,,,,Qw,Kb,,,,,,,Pw,Rb,,,,,,,Rb,Nb,,,,,,,Bw,Qw,,,,,,,Qb,Qw,Qb,Nw,Rw,Kw,Qw,Nb,Kw	lightRed	0
f6615e7e9ce6e08d124075006f6c267c	944	Qb,Qb,Qw,Nw,Rb,Kw,Kb,Qw,Kw,,,,,,,Pw,Rw,,,,,,,Nb,Nb,,,Pw,Pw,,,Bb,Qw,,,Pw,Pw,,,Kw,Kb,,,,,,,Pb,Rb,,,,,,,Nw,Bb,Bw,Qb,Pb,Rw,Bb,Qw,Qb	darkRed	0
f66353e59b8e69d059ba60e148049758	3784	Rw,Pw,Nb,Bb,Kw,Pb,Nw,Rb,Kb,,,,,,,Kb,Bw,,,,,,,Pb,Nw,,,,,,,Nb,Pb,,,,,,,Bw,Kw,,,,,,,Kw,Bb,,,,,,,Pw,Rb,Nw,Bb,Kb,Rb,Nb,Bw,Bb	darkRed	0
f6645ad5678b414d04809e1e2b946102	3814	Rb,Rw,Bb,Qb,Pb,Rb,Bw,Rw,Bb,,,,,,,Kb,Kw,,,,,,,Rb,Pb,,,Rb,Rb,,,Nb,Nw,,,Rb,Rb,,,Qw,Bw,,,,,,,Kw,Kb,,,,,,,Rw,Nb,Qb,Nw,Rb,Kb,Qw,Nb,Rb	darkRed	0
f66ab92bc86a821f6f9b6eace0f37caf	3725	Nw,Kb,Rb,Nb,Qw,Kw,Pw,Nw,Kb,,,,,,,Nw,Rb,,,,,,,Rb,Nb,,,Qw,Qw,,,Pw,Qw,,,Qw,Qw,,,Qw,Kw,,,,,,,Nb,Rw,,,,,,,Rw,Nw,Pb,Rw,Bb,Qw,Pw,Rb,Qb	darkGray	0
f678943da928a6331d3aad8688cfe0d2	145	Qw,Bb,Nw,Pb,Kb,Bw,Nb,Bw,Rb,,,,,,,Kb,Pw,,,,,,,Qw,Qb,,,,,,,Bb,Bw,,,,,,,Rw,Rw,,,,,,,Pb,Pb,,,,,,,Qb,Qb,Qw,Bb,Rb,Pw,Qb,Bw,Nb	darkRed	0
f6845454b47b882d7b64ea64ccf91097	1773	Kb,Pb,Rw,Bb,Qw,Pw,Rb,Bb,Qb,,,,,,,Bw,Bw,,,,,,,Rb,Rb,,,,,,,Pb,Pw,,,,,,,Qb,Qw,,,,,,,Bb,Bb,,,,,,,Rw,Qb,Kb,Rb,Nb,Qw,Kw,Rw,Qw	lightRed	0
f6878b5a5e3b1aa04e27a3da238f0342	685	Qb,Rb,Kb,Qb,Nw,Rw,Kw,Qw,Bw,,,,,,,Nb,Rb,,,,,,,Rw,Pw,,,,,,,Kb,Qw,,,,,,,Qw,Nb,,,,,,,Nw,Rw,,,,,,,Rb,Bw,Kw,Bb,Nw,Pb,Kb,Bw,Kw	lightRed	0
f694365c889f4c1323ef45b38c61314c	102	Pb,Nw,Pb,Kb,Bw,Nb,Pw,Pb,Bw,,,,,,,Kb,Nb,,,,,,,Pb,Pw,,,Kb,Kb,,,Rw,Kw,,,Kb,Kb,,,Bb,Bb,,,,,,,Kw,Nw,,,,,,,Pw,Bb,Bb,Nw,Pw,Kw,Bw,Nb,Kw	lightGray	0
f6973f10f0256aebf488b5ac16944e37	2723	Nw,Pb,Nw,Bw,Kb,Pw,Nb,Qb,Pw,,,,,,,Rb,Nb,,,,,,,Pw,Bw,,,Kb,Kb,,,Qb,Kb,,,Kb,Kb,,,Bw,Pb,,,,,,,Rw,Nw,,,,,,,Pb,Pw,Qw,Nb,Rb,Kb,Qb,Nw,Rw	darkRed	0
f69c4675e774b629ba4ef238b1634fd4	1073	Bw,Rw,Bb,Qw,Pw,Rb,Nw,Nw,Pw,,,,,,,Qw,Nb,,,,,,,Pw,Bw,,,,,,,Nw,Kb,,,,,,,Bb,Rb,,,,,,,Kb,Nw,,,,,,,Pb,Rw,Pb,Rw,Bw,Qb,Pw,Rb,Rb	darkGray	0
f6aab049ea9a16d39ffa22054a229ee3	4062	Rb,Pw,Rb,Bw,Qb,Pb,Rw,Qb,Bb,,,,,,,Pb,Qw,,,,,,,Kb,Pw,,,,,,,Bb,Rb,,,,,,,Nw,Bw,,,,,,,Rw,Qb,,,,,,,Kw,Nb,Rb,Nw,Qw,Kb,Rw,Nb,Rb	darkGray	0
f6bc1a0af0e254df1a5f9da775661ce8	1631	Kw,Bw,Kb,Pw,Nb,Bb,Kw,Bb,Pw,,,,,,,Bw,Nb,,,,,,,Kb,Bw,,,,,,,Pb,Kb,,,,,,,Nw,Pb,,,,,,,Bb,Nw,,,,,,,Kw,Bw,Bw,Nb,Pb,Kb,Bb,Nw,Pw	darkRed	0
f6c21038215783ba2c98ac4cd39f477c	1299	Pb,Qw,Nb,Rw,Kw,Qb,Nw,Kw,Qw,,,,,,,Qb,Kb,,,,,,,Bw,Pb,,,Nb,Nb,,,Rb,Nw,,,Nb,Nb,,,Pw,Qb,,,,,,,Qw,Kw,,,,,,,Bb,Nw,Nb,Qw,Kb,Rb,Nw,Qb,Kw	lightGray	0
f6ccd4d5cb4e54be287cdb651382cbe8	2771	Rb,Rb,Kb,Qw,Nb,Rw,Kw,Pw,Nb,,,,,,,Pb,Bw,,,,,,,Nw,Kb,,,,,,,Bb,Pb,,,,,,,Kw,Nw,,,,,,,Pw,Bb,,,,,,,Nb,Pb,Bw,Rb,Pw,Qw,Bb,Rw,Rw	lightRed	0
f6ec7173a5b4202158548793ad8817dc	3974	Rw,Nw,Qb,Kw,Rw,Nb,Qw,Pw,Kw,,,,,,,Qw,Rw,,,,,,,Nb,Nb,,,,,,,Rb,Qw,,,,,,,Kb,Kb,,,,,,,Qb,Pb,,,,,,,Nw,Kw,Pb,Qb,Bw,Rb,Pw,Qw,Nw	darkGray	0
f6fd50a0a79ec32e891669ff6ac3d7d4	61	Bb,Qb,Bw,Rw,Pb,Qw,Bb,Rw,Qw,,,,,,,Rw,Bb,,,,,,,Rw,Rw,,,Rw,Rw,,,Rw,Pb,,,Rw,Rw,,,Rw,Qb,,,,,,,Rw,Nw,,,,,,,Rw,Pw,Pb,Rw,Bw,Qb,Pw,Rb,Rw	darkGray	0
f7021ca06958036e5d341f48916bbdc5	2403	Kb,Nw,Bb,Kb,Pb,Nb,Bw,Qb,Bb,,,,,,,Bb,Rw,,,,,,,Rw,Kb,,,Bb,Bb,,,Pw,Qw,,,Bb,Bb,,,Qw,Bw,,,,,,,Bw,Rb,,,,,,,Rb,Pb,Qw,Pw,Rb,Bw,Kb,Pb,Bw	darkRed	1
f7066839fe014b14de2930865bf45e68	1521	Rw,Qw,Bb,Rb,Pw,Qb,Nw,Nb,Pb,,,,,,,Qw,Kb,,,,,,,Kb,Bb,,,,,,,Rb,Nw,,,,,,,Nw,Pw,,,,,,,Qb,Kw,,,,,,,Kw,Kw,Kb,Bw,Nw,Pb,Kw,Qb,Bw	lightGray	0
f710bc8ac986f7c50d9110ab2f5fe8f6	3087	Pw,Nw,Bb,Kb,Pb,Nb,Qw,Nw,Bw,,,,,,,Rw,Nb,,,,,,,Pb,Pb,,,Qw,Qw,,,Qb,Kb,,,Qw,Qw,,,Bw,Bb,,,,,,,Rb,Nw,,,,,,,Pw,Pb,Rw,Nb,Qb,Pb,Rb,Bw,Bb	lightGray	0
f7140b2beb9dfa1e096b2685f2d8f006	4051	Qb,Qw,Pw,Rb,Bw,Qb,Pb,Kw,Rb,,,,,,,Nw,Bw,,,,,,,Pb,Qb,,,Pb,Pb,,,Kb,Pb,,,Pb,Pb,,,Bw,Rw,,,,,,,Nb,Bb,,,,,,,Pw,Qb,Qb,Kw,Rw,Nb,Qw,Kb,Qb	lightRed	0
f716f2bee97e950b4c0b5935155fffdc	2098	Pb,Pb,Nw,Bb,Kw,Pw,Nb,Nw,Nb,,,,,,,Qw,Pw,,,,,,,Nb,Kw,,,,,,,Rw,Bb,,,,,,,Kw,Nw,,,,,,,Qb,Pb,,,,,,,Nw,Rb,Rw,Nb,Qw,Kb,Rb,Nw,Rw	darkRed	0
f71c61b86b7b0df84c4404df8e76e67a	2168	Bw,Pb,Qb,Bb,Rw,Pw,Qw,Nb,Qb,,,,,,,Qb,Nw,,,,,,,Bw,Rw,,,Pw,Pw,,,Rw,Kw,,,Pw,Pw,,,Pb,Bw,,,,,,,Qw,Nb,,,,,,,Bb,Bb,Kb,Rb,Nw,Qb,Kw,Rw,Rw	lightGray	0
f71e79fa6dbfef2ce6ee3a1d95378188	4069	Pw,Bw,Nb,Pb,Kb,Bb,Nw,Bb,Pb,,,,,,,Pw,Rw,,,,,,,Kw,Bw,,,Rb,Rb,,,Bw,Kb,,,Rb,Rb,,,Nb,Pw,,,,,,,Pb,Rb,,,,,,,Kb,Pw,Qw,Kb,Rw,Nb,Qb,Kw,Bb	lightGray	0
f71ed33da473ac6eebbf6b9fbd070072	3810	Pw,Pw,Nb,Bb,Kw,Pb,Nw,Kw,Rb,,,,,,,Pw,Pw,,,,,,,Rb,Qb,,,Bw,Bw,,,Bb,Bw,,,Bw,Bw,,,Qw,Rw,,,,,,,Pb,Pb,,,,,,,Rw,Nw,Kb,Bw,Nb,Pw,Qw,Bb,Pb	lightGray	0
f7251195425ce6e08847f25169314b3d	2562	Nb,Kb,Pb,Rw,Bb,Qw,Kb,Rb,Kw,,,,,,,Kw,Bb,,,,,,,Pw,Nb,,,,,,,Nb,Pw,,,,,,,Bw,Kb,,,,,,,Kb,Bw,,,,,,,Pb,Kb,Nb,Rw,Kb,Qw,Nw,Rb,Bb	lightRed	0
f73eeb1216010cc0a58c5045753f0222	3088	Qb,Nw,Qb,Kb,Rb,Nb,Qw,Kb,Rb,,,,,,,Kb,Nw,,,,,,,Pb,Qb,,,,,,,Nb,Kw,,,,,,,Bw,Rw,,,,,,,Qw,Bb,,,,,,,Pw,Rb,Bw,Rb,Pw,Qw,Bb,Rw,Bw	lightRed	0
f74c93e27bf213c417015358a86b756f	215	Bw,Kw,Bb,Nb,Pw,Kb,Bw,Bb,Nb,,,,,,,Rb,Rw,,,,,,,Nw,Kb,,,Qb,Qb,,,Qb,Qw,,,Qb,Qb,,,Kw,Nw,,,,,,,Rw,Rb,,,,,,,Nb,Bb,Kw,Rw,Nb,Qw,Kb,Rb,Kb	darkGray	0
f759e70be425301cf569152035911741	1524	Bw,Bb,Qw,Pw,Rb,Bb,Qb,Nw,Kw,,,,,,,Rw,Bb,,,,,,,Pb,Nb,,,,,,,Qw,Pw,,,,,,,Bb,Qb,,,,,,,Rb,Bw,,,,,,,Pw,Qw,Pb,Nw,Bb,Kw,Pw,Rb,Pw	darkGray	0
f763de0fa9762bad5495f7f234218b9c	2188	Nb,Kw,Qb,Nw,Rb,Kb,Qw,Pw,Bb,,,,,,,Nb,Nw,,,,,,,Rw,Pw,,,Nw,Nw,,,Kb,Kw,,,Nw,Nw,,,Qw,Qw,,,,,,,Nw,Nb,,,,,,,Rb,Nb,Qb,Nw,Pw,Kw,Qw,Nb,Kw	darkGray	1
f76414c62166b9c63f93c634388dec8a	1019	Nb,Bw,Kb,Pw,Nb,Bb,Kw,Pw,Nb,,,,,,,Qw,Pw,,,,,,,Bb,Kb,,,,,,,Rb,Bw,,,,,,,Pw,Nw,,,,,,,Qb,Pb,,,,,,,Bw,Rw,Bw,Nb,Pb,Kb,Bb,Nw,Nw	lightGray	0
f764b1dd5e25dddc2b7d27f21d9ca2c4	2960	Rb,Rb,Rb,Rb,Rb,Rb,Rb,Rb,Pb,,,,,,,Kw,Rb,,,,,,,Bw,Bb,,,Nb,Nb,,,Nw,Qb,,,Nb,Nb,,,Pb,Pw,,,,,,,Kb,Rw,,,,,,,Bb,Rb,Rb,Pb,Qb,Bb,Rw,Pw,Rw	lightGray	0
f76609e1924241cfce5acbdd3f888f06	489	Kw,Kw,Rw,Bw,Qb,Kb,Rb,Bw,Rw,,,,,,,Qb,Bb,,,,,,,Bw,Qw,,,,,,,Rw,Pw,,,,,,,Pb,Rb,,,,,,,Qw,Bw,,,,,,,Bb,Qw,Kb,Rb,Nb,Qw,Kw,Rw,Nw	lightGray	0
f77a19275005920985ad3ba9b411e445	1033	Nb,Bb,Kw,Pw,Nb,Bw,Kb,Rw,Rb,,,,,,,Nb,Nw,,,,,,,Qw,Bb,,,,,,,Kw,Kw,,,,,,,Rw,Pw,,,,,,,Nw,Nb,,,,,,,Qb,Bb,Bw,Kb,Pw,Nb,Bb,Kw,Kb	lightRed	0
f7874c05874c14eeeb290c956e66b491	2718	Rw,Pw,Kw,Qb,Nw,Pb,Kb,Nw,Nb,,,,,,,Kw,Rw,,,,,,,Qb,Kw,,,,,,,Nw,Qb,,,,,,,Rb,Bw,,,,,,,Kb,Rb,,,,,,,Qw,Nw,Qb,Bw,Rb,Pw,Qw,Nb,Rb	darkRed	0
f7a9b11d3a0e0ccc8347e7cb9310817d	3024	Pb,Bb,Qw,Pb,Nw,Bw,Kb,Kb,Nw,,,,,,,Rb,Pb,,,,,,,Nw,Kw,,,,,,,Qw,Bb,,,,,,,Kb,Nb,,,,,,,Rw,Pw,,,,,,,Nb,Rw,Bb,Qw,Pw,Rb,Bw,Qb,Nb	lightRed	0
f7ae6f52e9e9350045dfdedae41b75b0	784	Qw,Qb,Nw,Pw,Kw,Bw,Nb,Kb,Bb,,,,,,,Nw,Rw,,,,,,,Rb,Pb,,,,,,,Kw,Qb,,,,,,,Qb,Bw,,,,,,,Nb,Rb,,,,,,,Rw,Nb,Nb,Rw,Pb,Qb,Nw,Rb,Rw	lightRed	0
f7ae76db8bf3deaa985ac372a611b618	1594	Rw,Pb,Qb,Bw,Rb,Pw,Qw,Rb,Nb,,,,,,,Rw,Pw,,,,,,,Kw,Kb,,,Nb,Nb,,,Qw,Bw,,,Nb,Nb,,,Nb,Nw,,,,,,,Rb,Pb,,,,,,,Kb,Bw,Pw,Rb,Bw,Qb,Pb,Rw,Nb	darkRed	0
f7b7d56388f3ff65ab9c6312274693c0	3471	Kw,Nb,Pw,Kb,Bw,Nw,Pb,Kw,Rw,,,,,,,Qw,Pb,,,,,,,Pw,Kb,,,,,,,Nw,Bw,,,,,,,Bb,Nb,,,,,,,Qb,Pw,,,,,,,Pb,Rw,Rw,Rw,Rw,Rw,Rw,Rw,Rw	lightRed	0
f7b7fbdbad85c32c4cba53a58ac775e8	73	Bw,Rw,Bb,Qw,Pw,Rb,Bw,Pw,Nw,,,,,,,Rb,Bb,,,,,,,Kb,Kb,,,Bw,Bw,,,Qw,Pb,,,Bw,Bw,,,Nb,Nb,,,,,,,Rw,Bw,,,,,,,Kw,Nw,Nw,Pb,Kb,Bw,Nb,Pw,Rw	lightGray	0
f7bf5a86a13675a48e9baccf4dca335b	3306	Nw,Rw,Nb,Bw,Kb,Rb,Nw,Nb,Kw,,,,,,,Nb,Rw,,,,,,,Bw,Nw,,,Pw,Pw,,,Kw,Qb,,,Pw,Pw,,,Pw,Kb,,,,,,,Nw,Pb,,,,,,,Bb,Pb,Bw,Qb,Pw,Rb,Bb,Qw,Kw	darkGray	0
f7c7f7abde0597fe0a5392d3cb2e9aa4	689	Bb,Qw,Kb,Rb,Nw,Qb,Kw,Nb,Nb,,,,,,,Bb,Bw,,,,,,,Rw,Kb,,,,,,,Pb,Pb,,,,,,,Qb,Nw,,,,,,,Bw,Bb,,,,,,,Rb,Kw,Rw,Kw,Qw,Nb,Rb,Kb,Pw	lightRed	0
f7d53ac674080a8e18d9e0f1ffbdbe07	336	Rw,Rw,Bb,Qb,Pb,Rb,Bw,Pw,Rw,,,,,,,Pw,Rw,,,,,,,Rb,Rw,,,Pb,Pb,,,Bw,Rw,,,Pb,Pb,,,Qb,Rw,,,,,,,Pb,Rw,,,,,,,Rw,Rw,Rw,Bb,Qb,Pb,Rb,Bw,Kb	lightGray	0
f7dc4af736d7b2bfa878c41c6887517e	1527	Qw,Rb,Nw,Qw,Kb,Rw,Nb,Pb,Pb,,,,,,,Nb,Nw,,,,,,,Pw,Bb,,,Pb,Pb,,,Kb,Kw,,,Pb,Pb,,,Bw,Rw,,,,,,,Nw,Nb,,,,,,,Pb,Nw,Kb,Rb,Nb,Qw,Kw,Rw,Pw	lightRed	0
f7e35d2edfec3a9ecb1318bd6b89ee0a	1210	Qb,Qw,Bb,Rb,Pw,Qb,Bw,Nw,Kw,,,,,,,Rb,Bb,,,,,,,Pw,Nb,,,,,,,Kw,Pw,,,,,,,Bb,Kb,,,,,,,Rw,Bw,,,,,,,Pb,Qw,Pw,Rb,Bw,Qb,Pb,Rw,Rw	lightRed	1
f7e4986101edc3305cf694a0f12c6487	2766	Rw,Nb,Bw,Qb,Pb,Rw,Bb,Nb,Bb,,,,,,,Rw,Rw,,,,,,,Nb,Pw,,,Nb,Nb,,,Qb,Qw,,,Nb,Nb,,,Kw,Bw,,,,,,,Rb,Rb,,,,,,,Nw,Pb,Qb,Pb,Rw,Bb,Kw,Pw,Bw	lightGray	0
f805bad42083d712dad1192ec71dee21	3415	Bw,Pb,Nw,Bw,Kb,Pw,Nb,Rw,Nb,,,,,,,Pw,Bw,,,,,,,Rb,Kw,,,,,,,Bw,Pw,,,,,,,Qb,Nw,,,,,,,Pb,Bb,,,,,,,Rw,Kw,Kw,Qb,Nb,Rw,Kb,Qw,Pb	lightGray	0
f84534de82d9352c27ae197470742f33	148	Nb,Nw,Pb,Qw,Bb,Nb,Pw,Rb,Pb,,,,,,,Bb,Nw,,,,,,,Nw,Bb,,,Bb,Bb,,,Pb,Qw,,,Bb,Bb,,,Qb,Pw,,,,,,,Bw,Nb,,,,,,,Nb,Nb,Qb,Pb,Rb,Bw,Qw,Qb,Rb	darkGray	0
f85078a0c8d33a0c5e65d06cfa82110c	3209	Pb,Qw,Pw,Rb,Bw,Kb,Pb,Bw,Bb,,,,,,,Nw,Kw,,,,,,,Bb,Pw,,,Pb,Pb,,,Kb,Rb,,,Pb,Pb,,,Pb,Bw,,,,,,,Nb,Qb,,,,,,,Bw,Rw,Rw,Rw,Rw,Rw,Rw,Rw,Rw	lightRed	0
f8552778bce5725b83f66b9cbc1591c4	300	Bb,Qb,Bw,Rw,Pb,Qw,Bb,Kb,Bb,,,,,,,Bb,Rw,,,,,,,Qw,Pb,,,Kb,Kb,,,Pb,Qb,,,Kb,Kb,,,Rw,Bw,,,,,,,Bw,Rb,,,,,,,Qb,Qb,Qb,Kw,Rb,Bw,Qw,Pw,Qb	lightGray	0
f86081d9c7e1eb1b2e4c236918f43b98	3264	Rb,Bb,Rw,Pw,Qw,Bw,Rb,Rb,Kw,,,,,,,Pw,Bb,,,,,,,Kw,Nb,,,,,,,Bb,Pw,,,,,,,Nw,Kb,,,,,,,Pb,Bw,,,,,,,Kb,Qb,Kb,Rb,Nb,Qw,Kw,Rw,Rw	darkGray	0
f87a9ae7786c5786487ce255a0283eb5	1778	Bb,Bb,Nw,Pb,Kb,Bw,Rb,Rw,Bw,,,,,,,Nw,Rb,,,,,,,Rb,Pw,,,,,,,Kb,Kw,,,,,,,Qw,Bb,,,,,,,Nb,Rw,,,,,,,Pw,Kw,Pb,Rw,Bw,Kb,Pw,Nb,Nw	lightRed	0
f8816c5cd900e2ddaee813103ec58eda	965	Nw,Rw,Kw,Qw,Nb,Rb,Kb,Bb,Nb,,,,,,,Kb,Pw,,,,,,,Bw,Kw,,,Rw,Rw,,,Nb,Bb,,,Rw,Rw,,,Pw,Nw,,,,,,,Kw,Pb,,,,,,,Bb,Nb,Kw,Bb,Nb,Pw,Kb,Bw,Rb	lightGray	0
f88697260ef67e2cc4c9c48f1a4dc6ae	3112	Kb,Bb,Rw,Kb,Qw,Bw,Rb,Qb,Bb,,,,,,,Rb,Nw,,,,,,,Nw,Pw,,,,,,,Qw,Kw,,,,,,,Kb,Bw,,,,,,,Rw,Nb,,,,,,,Nb,Pb,Kb,Qw,Nw,Rb,Kw,Qb,Kw	lightGray	0
f8961d56f100d5db99327bed3b060982	3627	Nw,Pw,Nb,Bw,Kb,Pb,Nw,Pb,Bb,,,,,,,Nw,Kw,,,,,,,Bb,Pw,,,Nb,Nb,,,Kb,Nb,,,Nb,Nb,,,Pb,Qw,,,,,,,Nb,Kb,,,,,,,Bw,Nb,Qw,Bb,Rb,Pw,Qb,Bw,Nb	lightGray	0
f89c8ad554d497ca3c240e47435a4f48	3078	Bw,Pw,Nb,Bw,Kb,Pb,Nw,Bw,Qw,,,,,,,Bw,Kb,,,,,,,Qb,Rw,,,,,,,Pb,Nb,,,,,,,Rw,Qb,,,,,,,Bb,Kw,,,,,,,Qw,Nb,Qw,Kb,Rw,Nb,Qb,Kw,Bb	lightRed	0
f8a068716e565199d930798d6ebcc016	3524	Kw,Kb,Bw,Nb,Pw,Kw,Bb,Nw,Bb,,,,,,,Rb,Kw,,,,,,,Nw,Pw,,,,,,,Qw,Rb,,,,,,,Kb,Bw,,,,,,,Pw,Qb,,,,,,,Nb,Nb,Pb,Nw,Bw,Kb,Pw,Nb,Rb	darkGray	0
f8a4bddf2b6dab86a26c4b8dfe045711	387	Bw,Bb,Nw,Pw,Kw,Bw,Nb,Nw,Bb,,,,,,,Qw,Nw,,,,,,,Kb,Pw,,,Qb,Qb,,,Rb,Kw,,,Qb,Qb,,,Nw,Bw,,,,,,,Qb,Nb,,,,,,,Kw,Qw,Nb,Rw,Kb,Qw,Bw,Rb,Nw	lightRed	0
f8a5559564821915a20ddcba83c4f7a9	97	Rb,Bw,Nb,Pb,Kb,Bb,Nw,Qw,Bb,,,,,,,Nb,Nw,,,,,,,Bw,Pw,,,Pb,Pb,,,Kw,Kw,,,Pb,Pb,,,Pw,Bw,,,,,,,Nw,Nb,,,,,,,Bb,Rw,Qw,Nb,Rw,Kw,Qb,Nw,Kb	lightGray	0
f8a8aa96e69fce48c65427f19abd7900	443	Rw,Qb,Bw,Rw,Pb,Qw,Bb,Rw,Kw,,,,,,,Qw,Pw,,,,,,,Pw,Nb,,,,,,,Rb,Bw,,,,,,,Bw,Kb,,,,,,,Qb,Rb,,,,,,,Pb,Pb,Kw,Rw,Nb,Qw,Kb,Rb,Rb	darkRed	0
f8c995b3b03e185ea8476e24a41720be	455	Rw,Pw,Rb,Bb,Kw,Pb,Rw,Bb,Kb,,,,,,,Qb,Qw,,,,,,,Pb,Nw,,,,,,,Rw,Rb,,,,,,,Bb,Kw,,,,,,,Qw,Qb,,,,,,,Pw,Rw,Nw,Pb,Kb,Bw,Nb,Pw,Bw	lightGray	0
f8cfe49740d10b7e639357358563fcaf	3021	Nb,Rb,Nw,Qw,Kb,Rw,Nb,Rb,Kw,,,,,,,Qb,Qb,,,,,,,Bw,Nb,,,Nb,Nb,,,Nb,Rw,,,Nb,Nb,,,Pw,Kb,,,,,,,Qw,Bw,,,,,,,Bb,Qw,Kb,Bw,Nb,Pw,Qw,Bb,Qw	lightGray	0
f8dc0bf3d7277e091e73eb8f15d5ad00	2467	Kb,Pb,Nw,Bb,Kw,Pw,Nb,Kb,Bw,,,,,,,Nb,Rb,,,,,,,Qw,Pb,,,Pb,Pb,,,Kw,Qb,,,Pb,Pb,,,Rw,Bb,,,,,,,Nw,Rw,,,,,,,Qb,Rb,Rb,Bw,Kw,Pw,Nw,Bb,Nb	darkGray	0
f8df5dd425f316bfa739f46072f82f2e	2382	Nw,Bw,Qb,Pb,Rw,Bb,Qw,Nb,Bw,,,,,,,Qb,Qb,,,,,,,Nw,Pw,,,Pw,Pw,,,Rw,Rb,,,Pw,Pw,,,Kw,Bb,,,,,,,Qw,Qw,,,,,,,Nb,Bb,Pb,Qb,Nb,Rw,Kb,Qw,Qw	lightGray	0
f8eea6b027a38c1fc286b5e4ab044e60	1093	Bw,Rw,Nb,Qb,Kw,Rb,Nw,Kw,Pb,,,,,,,Bw,Rw,,,,,,,Kb,Bw,,,Bb,Bb,,,Pw,Qb,,,Bb,Bb,,,Nb,Pw,,,,,,,Bb,Rb,,,,,,,Kw,Kb,Nw,Qb,Kw,Rw,Bb,Qw,Nw	darkRed	0
f91515b8b96a111016a806e0fb611613	774	Bb,Pw,Nb,Bb,Kw,Pb,Rw,Rb,Kw,,,,,,,Bb,Qb,,,,,,,Qw,Nb,,,Pb,Pb,,,Pw,Rw,,,Pb,Pb,,,Rb,Kb,,,,,,,Bw,Qw,,,,,,,Qb,Qb,Bw,Rb,Pb,Qb,Bb,Rw,Nb	lightGray	0
f91fdd2768a66e709c09f7b3ad7c5de9	1573	Bb,Rw,Nb,Qb,Kw,Rb,Bw,Pw,Qb,,,,,,,Kb,Pb,,,,,,,Pb,Rw,,,Kb,Kb,,,Nb,Bb,,,Kb,Kb,,,Qw,Qw,,,,,,,Kw,Pw,,,,,,,Rw,Pw,Nw,Pb,Kw,Bb,Rb,Pw,Pb	darkRed	0
f9220ba388f514893a18ee4df9b718e2	2885	Qb,Kb,Pb,Nb,Bw,Qw,Pw,Qb,Kb,,,,,,,Qw,Bw,,,,,,,Kb,Nw,,,Pb,Pb,,,Rb,Pb,,,Pb,Pb,,,Nw,Kw,,,,,,,Qb,Bb,,,,,,,Kw,Pw,Nw,Bb,Kb,Pb,Nb,Bw,Bw	darkGray	0
f92b655096c3e3582b829ad3aa5badb1	3014	Pw,Rw,Pb,Qb,Bw,Rb,Pw,Nb,Rw,,,,,,,Bb,Pb,,,,,,,Kw,Qw,,,,,,,Pw,Nb,,,,,,,Nb,Rb,,,,,,,Bw,Pw,,,,,,,Kb,Rb,Pb,Nw,Bb,Kw,Pw,Nb,Rw	lightRed	0
f95f5b9160f4d3c08011a4d87bb0e8de	146	Rw,Pb,Rw,Bw,Kb,Pw,Rb,Pw,Bw,,,,,,,Qb,Nb,,,,,,,Kw,Pw,,,Bb,Bb,,,Rb,Kw,,,Bb,Bb,,,Nw,Bb,,,,,,,Qw,Nw,,,,,,,Kb,Qb,Kb,Pb,Nw,Bb,Kw,Pw,Nw	lightRed	0
f9739555ba97f6781cc0bdf822a409c4	78	Nb,Nw,Qb,Kb,Rb,Nb,Qw,Pw,Bb,,,,,,,Pw,Rw,,,,,,,Kw,Pw,,,Bb,Bb,,,Bb,Qw,,,Bb,Bb,,,Nw,Nw,,,,,,,Pb,Rb,,,,,,,Kb,Pb,Rw,Pb,Qw,Bb,Rb,Pw,Qb	lightGray	0
f9948989804ba324c2be0fe62036a0c0	560	Rb,Qb,Kw,Rb,Nw,Qw,Kb,Kb,Qw,,,,,,,Pw,Pw,,,,,,,Kw,Rw,,,Nw,Nw,,,Bb,Bb,,,Nw,Nw,,,Nw,Kb,,,,,,,Pb,Pb,,,,,,,Kb,Bb,Qb,Pb,Rw,Nb,Qw,Pw,Pb	lightGray	0
f994a645d4ab25c1037d3f03bc6f3b24	2297	Rb,Rb,Nw,Qb,Kw,Rw,Nb,Pb,Pb,,,,,,,Pw,Rw,,,,,,,Qw,Bw,,,Nb,Nb,,,Bb,Qb,,,Nb,Nb,,,Rw,Pw,,,,,,,Pb,Nb,,,,,,,Qb,Kw,Kb,Rb,Nb,Qw,Kw,Rw,Qb	lightGray	0
f9997500a1562b1a08164e2c36e45bcb	819	Qw,Rb,Pw,Qw,Bb,Rw,Pb,Bw,Pw,,,,,,,Qw,Kw,,,,,,,Bb,Bb,,,Nw,Nw,,,Rw,Nw,,,Nw,Nw,,,Pb,Pb,,,,,,,Qb,Kb,,,,,,,Bw,Nw,Nb,Pw,Kb,Bw,Nw,Pb,Nb	lightGray	0
f9a0fca9c02e7a47a04c073d00a9ea15	3089	Bw,Bw,Nb,Pw,Kw,Bb,Nw,Kw,Rb,,,,,,,Rw,Pw,,,,,,,Kw,Qb,,,,,,,Qw,Bw,,,,,,,Nb,Rw,,,,,,,Rb,Pb,,,,,,,Kb,Kb,Rw,Nb,Qb,Kw,Rb,Nw,Nw	darkGray	0
f9a16c63544df79ee83bd625a04ea5a5	2486	Qb,Kw,Rw,Nb,Qw,Kb,Rb,Rw,Qw,,,,,,,Qb,Bb,,,,,,,Kw,Nw,,,Nw,Nw,,,Rw,Pb,,,Nw,Nw,,,Nb,Kb,,,,,,,Qw,Bw,,,,,,,Pw,Rb,Qb,Kw,Rb,Nw,Qw,Kb,Kw	lightRed	0
f9a6012becb643e748675c26bbea01dc	1332	Qb,Nw,Qb,Kb,Rb,Nb,Qw,Kw,Qb,,,,,,,Qw,Pb,,,,,,,Bb,Rb,,,,,,,Rb,Bw,,,,,,,Pw,Qw,,,,,,,Qb,Kb,,,,,,,Bw,Pb,Nw,Bb,Kb,Pb,Nb,Bw,Qb	darkGray	0
f9a749367f772f79c34ff152f5db5450	3423	Bb,Pw,Rb,Bw,Qb,Pw,Rw,Rb,Bw,,,,,,,Nb,Rb,,,,,,,Bw,Pb,,,,,,,Kw,Qb,,,,,,,Pw,Bb,,,,,,,Nw,Rw,,,,,,,Bb,Nb,Nw,Pb,Kb,Qw,Nb,Pw,Pb	lightRed	0
f9c6cf74484a702c01c8e7059ac69d8d	3751	Pw,Pb,Kb,Bw,Nb,Pw,Kw,Qw,Bw,,,,,,,Qw,Nb,,,,,,,Pw,Pb,,,,,,,Rb,Kb,,,,,,,Bw,Bb,,,,,,,Qb,Nw,,,,,,,Pb,Kw,Pw,Rb,Bb,Qw,Pb,Rw,Qb	lightRed	0
f9d9171f0fd48c3c53d309005adc069a	708	Rw,Bb,Rw,Pw,Qw,Bw,Rb,Qb,Pb,,,,,,,Kb,Kb,,,,,,,Qw,Bb,,,,,,,Nb,Nw,,,,,,,Rw,Pw,,,,,,,Kw,Kw,,,,,,,Qb,Bb,Qb,Bw,Rw,Pb,Qw,Bb,Kb	darkGray	0
f9dafcdfb5ddb4f1f442ec250b85f971	364	Bb,Pw,Qw,Bb,Rw,Pb,Qb,Nw,Pw,,,,,,,Bb,Kw,,,,,,,Kw,Bb,,,Rb,Rb,,,Pw,Nw,,,Rb,Rb,,,Nb,Pb,,,,,,,Bw,Kb,,,,,,,Kb,Nw,Kw,Bb,Nw,Rb,Kb,Bw,Pw	darkRed	0
f9e6b9215b33baa1c3f410083bf3f3f7	1653	Nb,Nb,Bw,Kb,Pb,Nw,Bb,Pw,Rb,,,,,,,Nb,Kb,,,,,,,Bw,Qw,,,,,,,Kb,Nb,,,,,,,Pb,Rw,,,,,,,Nw,Kw,,,,,,,Bb,Rw,Bw,Rb,Pw,Qw,Bb,Rw,Nb	lightRed	1
f9fca1e859f2b74c540ccffb9f505f1c	1843	Nb,Bb,Kw,Pb,Nw,Bw,Kb,Qb,Kb,,,,,,,Bb,Qw,,,,,,,Rw,Bb,,,,,,,Pb,Rw,,,,,,,Qb,Kw,,,,,,,Bw,Qb,,,,,,,Rb,Rw,Bw,Nb,Pb,Kb,Bb,Nw,Kb	lightRed	0
fa0bc7c0cad9d7ce4686d1e7a250627c	200	Qw,Pw,Nb,Bb,Kw,Pb,Nw,Bw,Kw,,,,,,,Bw,Rw,,,,,,,Rb,Nw,,,Nb,Nb,,,Pw,Qb,,,Nb,Nb,,,Qw,Kb,,,,,,,Bb,Rb,,,,,,,Rw,Rb,Kb,Bw,Nw,Pb,Kw,Bb,Kw	darkRed	0
fa2fe51feb23736af67a5dd624665593	3417	Rb,Nb,Pw,Kb,Bw,Nw,Pb,Bw,Qb,,,,,,,Rw,Pb,,,,,,,Kw,Rb,,,Nb,Nb,,,Qw,Bw,,,Nb,Nb,,,Nb,Kw,,,,,,,Rb,Pw,,,,,,,Kb,Nb,Pb,Kb,Bb,Nw,Rw,Kw,Qb	darkGray	0
fa30c26389b6e2e16ded7aeadad48457	1886	Pb,Bw,Rb,Pb,Qb,Bb,Nw,Nb,Bw,,,,,,,Rb,Nb,,,,,,,Bw,Rw,,,Qw,Qw,,,Qw,Kw,,,Qw,Qw,,,Pw,Qb,,,,,,,Rw,Nw,,,,,,,Bb,Rw,Rw,Rw,Rw,Rw,Rw,Rw,Rw	lightRed	1
fa44bd3e0e0f53477167e16248476bca	1257	Rw,Qw,Kb,Rb,Nw,Qb,Kw,Kb,Rw,,,,,,,Nw,Rw,,,,,,,Rb,Rw,,,,,,,Kb,Rw,,,,,,,Qw,Rw,,,,,,,Bb,Rw,,,,,,,Rw,Rw,Pw,Qw,Nw,Rb,Kw,Qb,Pw	lightGray	0
fa611b47ffe0eeda4ed4cbd497377b44	1963	Kb,Rw,Pb,Qb,Bw,Rb,Pw,Kb,Kb,,,,,,,Bb,Pb,,,,,,,Qw,Nw,,,Bb,Bb,,,Pb,Bb,,,Bb,Bb,,,Nw,Qw,,,,,,,Bw,Pw,,,,,,,Kb,Kw,Rw,Bb,Qw,Pw,Nb,Bw,Qw	darkRed	0
fa90bb8b311dcdf90dd407e08c4c7bf3	94	Rw,Bw,Rb,Pb,Qb,Nb,Rw,Kw,Nw,,,,,,,Nw,Pb,,,,,,,Rb,Kw,,,Nb,Nb,,,Kw,Bb,,,Nb,Nb,,,Qb,Nb,,,,,,,Nb,Pw,,,,,,,Rw,Kb,Bb,Qw,Pw,Rb,Bw,Qb,Pw	darkRed	0
fa912c76d01d86b131e6693e7b4b9069	1444	Bb,Bw,Nb,Pw,Kw,Bb,Nw,Nw,Bb,,,,,,,Bb,Kw,,,,,,,Kw,Pw,,,,,,,Pb,Nb,,,,,,,Nw,Bw,,,,,,,Bw,Kb,,,,,,,Kb,Kb,Bw,Kb,Pb,Nw,Qb,Kw,Pb	darkRed	0
fa92a878a8ae932c6082da3026725ba2	1290	Nb,Kw,Qb,Nw,Rb,Kb,Qw,Rb,Qb,,,,,,,Nb,Bw,,,,,,,Pw,Rw,,,,,,,Kw,Kw,,,,,,,Bb,Qw,,,,,,,Nw,Nb,,,,,,,Pb,Kb,Nw,Rb,Kw,Qb,Nb,Rw,Qb	lightGray	0
faa7084d8bd29efaa8664d5bf29d3dcf	2017	Qb,Qb,Pb,Rb,Bw,Qw,Pw,Qw,Pw,,,,,,,Bw,Qw,,,,,,,Rb,Bb,,,,,,,Pw,Rw,,,,,,,Qw,Pb,,,,,,,Bb,Kb,,,,,,,Rw,Kb,Bw,Nb,Pb,Kb,Bb,Nw,Qw	darkGray	0
fab4db241cc53d03340e4cad679da42d	3584	Pw,Kw,Pw,Nw,Bb,Kb,Pb,Pb,Nb,,,,,,,Nw,Pw,,,,,,,Bb,Kb,,,,,,,Kw,Bw,,,,,,,Pw,Rw,,,,,,,Nb,Pb,,,,,,,Bw,Bw,Bb,Rw,Pb,Qb,Bw,Nb,Rb	lightGray	0
fabfa9920cfa450b641c27b28fc59a02	455	Rw,Pw,Rb,Bb,Kw,Pb,Rw,Bb,Kb,,,,,,,Qb,Qw,,,,,,,Pb,Nw,,,,,,,Rw,Rb,,,,,,,Bb,Kw,,,,,,,Qw,Qb,,,,,,,Pw,Rw,Nw,Pb,Kb,Bw,Nb,Pw,Bw	lightGray	0
fac1bf2827342190dac7ba286fe910d0	3455	Pw,Rw,Pb,Qb,Bw,Rb,Pw,Pb,Kb,,,,,,,Nb,Rb,,,,,,,Rw,Nb,,,,,,,Kw,Qw,,,,,,,Qb,Kw,,,,,,,Nw,Rw,,,,,,,Pb,Kw,Nb,Bw,Kb,Pb,Nw,Bb,Qb	darkGray	0
fac690d119bb5eef8dcc2613872afe62	1450	Nb,Bb,Nw,Pw,Kw,Bw,Nb,Nb,Bw,,,,,,,Kb,Rb,,,,,,,Pb,Pw,,,,,,,Nb,Qw,,,,,,,Bw,Bb,,,,,,,Kw,Rw,,,,,,,Pw,Kb,Nw,Bb,Kw,Pw,Nb,Bw,Rw	darkRed	0
facd4093f309137a4ed671c4060e3a10	1070	Rw,Pw,Kw,Bw,Nb,Pb,Kb,Nw,Qb,,,,,,,Kb,Pb,,,,,,,Rb,Rb,,,,,,,Nb,Bw,,,,,,,Qw,Qw,,,,,,,Kw,Pw,,,,,,,Rw,Bw,Qw,Nb,Rw,Kw,Qb,Nw,Bb	darkGray	0
fad0f4eb51050cca01d55ebd0341ccdf	3791	Qw,Bb,Nw,Pb,Kb,Bw,Nb,Rw,Nb,,,,,,,Kw,Bw,,,,,,,Qb,Kb,,,,,,,Nb,Pb,,,,,,,Rw,Nw,,,,,,,Kb,Bb,,,,,,,Qw,Rb,Qb,Kw,Rw,Nb,Qw,Pw,Kw	lightGray	0
fad89313b33e022201528ef5db0e4355	3454	Rw,Pw,Qw,Bw,Rb,Pb,Qb,Qb,Rw,,,,,,,Kw,Rw,,,,,,,Rw,Rw,,,,,,,Nb,Rw,,,,,,,Qw,Rw,,,,,,,Kb,Rw,,,,,,,Rb,Rw,Kb,Pb,Nb,Qw,Kw,Pw,Bb	lightRed	0
fae5b8d65d58f1027a997400358c6288	671	Pw,Qb,Pb,Rw,Bb,Qw,Pw,Qw,Rb,,,,,,,Bb,Nw,,,,,,,Kw,Qw,,,Kb,Kb,,,Pb,Kb,,,Kb,Kb,,,Nw,Rw,,,,,,,Bw,Nb,,,,,,,Kb,Bw,Rb,Pw,Qw,Bb,Nw,Pb,Kb	darkGray	0
faeb0303451294ecc54156d1b52c5f33	818	Kw,Pb,Kb,Bb,Rw,Pw,Kw,Nb,Rw,,,,,,,Bw,Bb,,,,,,,Rb,Kw,,,,,,,Pw,Pw,,,,,,,Kw,Rb,,,,,,,Bb,Bw,,,,,,,Rw,Pb,Nw,Pb,Kb,Bw,Nb,Pw,Kw	lightRed	0
faf1a6827b3773e35d062fc22b0cbd17	3169	Pw,Nw,Rb,Kw,Qb,Nb,Rw,Kw,Rb,,,,,,,Bb,Kb,,,,,,,Qw,Qw,,,Bb,Bb,,,Pw,Nb,,,Bb,Bb,,,Rb,Rw,,,,,,,Bw,Kw,,,,,,,Qb,Kw,Bw,Kb,Pb,Nw,Bb,Kw,Bb	lightRed	0
faf51d31c2d6a29623ac1a21cb382d45	1420	Bb,Qw,Bb,Rw,Pb,Qb,Bw,Nb,Nb,,,,,,,Rb,Pw,,,,,,,Bw,Kw,,,Pw,Pw,,,Qw,Bb,,,Pw,Pw,,,Pw,Nw,,,,,,,Rw,Pb,,,,,,,Bb,Nb,Bb,Nw,Pw,Kw,Bw,Nb,Bb	lightGray	0
fafdbaabe17d2d6880c85760830afdc8	3998	Nw,Qb,Bw,Rw,Pb,Qw,Bb,Kw,Kw,,,,,,,Nb,Qb,,,,,,,Rw,Nb,,,Bw,Bw,,,Kb,Rw,,,Bw,Bw,,,Qw,Kb,,,,,,,Nw,Qw,,,,,,,Rb,Nw,Pb,Rw,Bw,Kb,Pw,Nb,Pw	darkRed	0
fb0645626d3cf9f9ebff49d862fa0171	1975	Kb,Nw,Qb,Kb,Rb,Nb,Qw,Rw,Qw,,,,,,,Qb,Pw,,,,,,,Nw,Rb,,,,,,,Rb,Bw,,,,,,,Kb,Qb,,,,,,,Qw,Pb,,,,,,,Nb,Qb,Kb,Qw,Nw,Rb,Kw,Qb,Qb	darkRed	0
fb07ac5f7eff73411c5858e39b05ffa8	886	Kb,Pw,Kw,Bb,Nw,Rb,Kb,Nw,Qb,,,,,,,Rw,Bw,,,,,,,Bb,Rb,,,Qb,Qb,,,Qb,Pw,,,Qb,Qb,,,Pb,Qw,,,,,,,Rb,Nb,,,,,,,Bw,Kb,Pw,Nb,Bb,Kw,Pb,Nw,Pb	lightGray	0
fb0998714dfcf3925bcbcd4cbb5d3ad8	1291	Bb,Pb,Rw,Bb,Qw,Pw,Rb,Qb,Rw,,,,,,,Bw,Bb,,,,,,,Nb,Qw,,,,,,,Pw,Pw,,,,,,,Kw,Rb,,,,,,,Bb,Bw,,,,,,,Nw,Bb,Kb,Pb,Nw,Bb,Kw,Pw,Qw	darkRed	0
fb0a2f09790019ce8a20f77a496e4cd8	295	Kw,Kw,Bb,Nw,Pb,Kb,Bw,Nb,Bw,,,,,,,Pw,Qb,,,,,,,Qw,Pb,,,Rb,Rb,,,Bw,Rw,,,Rb,Rb,,,Rb,Bb,,,,,,,Pb,Qw,,,,,,,Kb,Nb,Pw,Kw,Bb,Nw,Pb,Kb,Pb	darkGray	0
fb0bf44f00ebd590d6038437934c1e31	2456	Nw,Kw,Qb,Nb,Rw,Kb,Qw,Bw,Nw,,,,,,,Qb,Qb,,,,,,,Bw,Kw,,,Bb,Bb,,,Rw,Pw,,,Bb,Bb,,,Pb,Nb,,,,,,,Qw,Bw,,,,,,,Bb,Rw,Rw,Rw,Rw,Rw,Rw,Rw,Rw	lightRed	0
fb2220ce40cd04cd626cec02adb13266	3597	Qb,Kb,Bw,Nw,Pb,Kw,Bb,Bb,Qw,,,,,,,Kw,Bb,,,,,,,Pw,Rb,,,,,,,Rb,Pw,,,,,,,Bw,Qb,,,,,,,Kb,Bw,,,,,,,Pb,Rw,Rw,Rw,Rw,Rw,Rw,Rw,Rw	lightGray	0
fb281c0e349f53ee6caf5136d9c08f99	716	Nw,Bb,Nw,Pw,Kw,Bw,Nb,Pb,Qw,,,,,,,Nb,Pw,,,,,,,Bw,Rw,,,Pb,Pb,,,Kw,Bb,,,Pb,Pb,,,Pb,Qb,,,,,,,Rw,Pb,,,,,,,Bb,Rw,Rw,Bb,Qb,Pb,Rb,Bw,Kw	darkRed	0
fb2916548735d95793a1224962b6794a	4032	Rw,Qw,Bb,Rw,Pb,Qb,Bw,Qb,Kw,,,,,,,Bb,Pw,,,,,,,Qw,Nw,,,,,,,Pw,Qb,,,,,,,Rb,Kb,,,,,,,Bw,Pb,,,,,,,Qb,Qw,Pb,Rw,Bw,Qb,Pw,Rb,Qw	darkRed	0
fb291dc4096f875346f5fa1737a40cef	4092	Bw,Qb,Nw,Rb,Kb,Qw,Nb,Bw,Nb,,,,,,,Rb,Qw,,,,,,,Kb,Kb,,,,,,,Qw,Rb,,,,,,,Nb,Bw,,,,,,,Rw,Qb,,,,,,,Kw,Kw,Nb,Bw,Qb,Pb,Nw,Bb,Pw	lightRed	0
fb3e7c9027504fb7fc3b15fa04effb00	2062	Qb,Nw,Qb,Kw,Rw,Nb,Qw,Nb,Qw,,,,,,,Pb,Nb,,,,,,,Qb,Rb,,,,,,,Bb,Kb,,,,,,,Rw,Qb,,,,,,,Pw,Nw,,,,,,,Qw,Pw,Bb,Qw,Pb,Rw,Nw,Qb,Pw	darkGray	0
fb4d5d8f10f2e15396a199b20c660146	3115	Kw,Nb,Bw,Kb,Pb,Nw,Bb,Nb,Qb,,,,,,,Qb,Kw,,,,,,,Nw,Rb,,,,,,,Rb,Nw,,,,,,,Kb,Qw,,,,,,,Qw,Kb,,,,,,,Nb,Pw,Qw,Kb,Rb,Nw,Qb,Kw,Pw	lightRed	0
fb5506d53eff991191358a8ea2c5b2ae	2901	Kb,Bb,Qw,Pb,Rw,Bw,Kb,Nw,Qw,,,,,,,Kw,Nb,,,,,,,Rw,Rb,,,,,,,Nw,Kb,,,,,,,Qb,Qb,,,,,,,Kb,Nw,,,,,,,Rb,Pb,Kb,Rb,Nb,Qw,Kw,Rw,Bw	darkRed	0
fb55698e878b8bd3986fd8b1d99db093	1698	Bw,Bb,Kw,Pb,Nw,Bw,Kb,Nw,Pb,,,,,,,Kb,Rw,,,,,,,Bw,Bb,,,,,,,Nb,Qw,,,,,,,Pw,Pw,,,,,,,Kw,Rb,,,,,,,Bb,Kw,Rb,Nw,Qb,Kw,Rw,Nb,Kb	lightRed	0
fb655cce00d6ac5474704ae7fbb26599	992	Kw,Bb,Qw,Pb,Rw,Bw,Kb,Bw,Kw,,,,,,,Nw,Rw,,,,,,,Rb,Nb,,,,,,,Kw,Bw,,,,,,,Qb,Kb,,,,,,,Nb,Pb,,,,,,,Rw,Nb,Nw,Pb,Kw,Bb,Nb,Pw,Rw	darkGray	0
fb7054e0ff7ea60f531ea794e6b91174	3794	Qb,Pw,Kw,Bw,Nb,Pb,Kb,Pb,Qb,,,,,,,Qb,Bw,,,,,,,Bw,Rb,,,Qb,Qb,,,Rw,Pw,,,Qb,Qb,,,Pb,Qw,,,,,,,Qw,Bb,,,,,,,Nb,Bb,Bw,Qb,Kw,Rw,Nb,Qw,Qb	darkRed	1
fb76227a6d48abb0757f8aaa7375a001	1405	Pb,Kw,Rw,Nb,Qw,Pw,Rb,Rb,Pw,,,,,,,Kb,Nb,,,,,,,Rb,Bw,,,,,,,Nb,Kb,,,,,,,Qw,Pb,,,,,,,Kw,Nw,,,,,,,Rw,Kb,Bb,Nw,Pb,Kb,Bw,Nb,Rw	lightRed	0
fb82911f57bc131db6e1ceea957d3561	1224	Bw,Kb,Pb,Nb,Bw,Kw,Pw,Bw,Pw,,,,,,,Nw,Kw,,,,,,,Qb,Bw,,,Pb,Pb,,,Kb,Nb,,,Pb,Pb,,,Rb,Pb,,,,,,,Nb,Kb,,,,,,,Qw,Rw,Kw,Qb,Nb,Pw,Kb,Qw,Qb	darkRed	0
fb8a253acc89147fcdef0e6bad921a89	662	Bw,Pw,Kw,Bb,Nw,Pb,Qb,Pw,Nw,,,,,,,Nb,Rb,,,,,,,Qw,Kw,,,,,,,Kb,Qb,,,,,,,Rb,Nb,,,,,,,Nw,Rw,,,,,,,Qb,Pb,Pw,Kw,Qb,Nw,Rb,Kb,Bb	lightGray	0
fb8e422bf9af9b9dbafc5aaeb683ee52	785	Rb,Nw,Bb,Kw,Pw,Nb,Bw,Bw,Pb,,,,,,,Pb,Qb,,,,,,,Rw,Bb,,,Bb,Bb,,,Bw,Rw,,,Bb,Bb,,,Kb,Pw,,,,,,,Pw,Qw,,,,,,,Nb,Qw,Kw,Rw,Nw,Qb,Kb,Pb,Qb	darkGray	0
fba7848f2dea40c77cd6409ac8be4e96	1674	Kw,Nb,Qw,Kb,Pb,Nw,Bb,Kb,Bb,,,,,,,Qb,Kw,,,,,,,Kw,Pb,,,Nw,Nw,,,Rw,Nw,,,Nw,Nw,,,Nb,Bw,,,,,,,Qw,Kb,,,,,,,Kb,Nb,Bb,Qw,Pw,Rb,Bw,Qb,Nw	lightGray	0
fbbd1af3a8ebd7eff932e8745fc85db1	3368	Pw,Qw,Bb,Rb,Pw,Qb,Bw,Kw,Rw,,,,,,,Kb,Nb,,,,,,,Bw,Bw,,,,,,,Nb,Kb,,,,,,,Rw,Rb,,,,,,,Kw,Nw,,,,,,,Bb,Bb,Pb,Qb,Bb,Rw,Kb,Qw,Nb	lightGray	0
fbbde5cec8f1572d08fab4fcbef60b0e	2266	Kw,Pb,Kb,Bb,Nw,Pw,Kw,Rw,Bb,,,,,,,Kb,Kw,,,,,,,Rb,Pw,,,,,,,Nb,Nb,,,,,,,Qw,Bw,,,,,,,Kw,Kb,,,,,,,Rw,Qb,Qb,Kw,Rb,Nw,Qw,Kb,Kb	lightRed	1
fbc3c2f351003c82dde3cb2dc98bcafd	244	Rb,Kw,Rw,Nw,Qb,Kb,Rb,Rw,Rb,,,,,,,Nw,Nw,,,,,,,Pb,Qw,,,,,,,Kw,Kb,,,,,,,Bb,Rw,,,,,,,Nb,Nb,,,,,,,Pw,Bb,Nw,Rb,Kw,Qb,Nb,Pw,Rw	lightRed	0
fbc68d975d2d39b1dde8075263d60896	3010	Pw,Pb,Kb,Bw,Nb,Pw,Kw,Rb,Rb,,,,,,,Rb,Nw,,,,,,,Nw,Qb,,,Nb,Nb,,,Qb,Kw,,,Nb,Nb,,,Kw,Rw,,,,,,,Rw,Nb,,,,,,,Nb,Qw,Qb,Pb,Rw,Nb,Qw,Kb,Qw	lightRed	0
fbd6b0ca4300dc3fc09cfb8a1911f791	878	Nb,Bb,Rw,Pw,Qw,Bw,Rb,Qb,Rw,,,,,,,Qb,Kw,,,,,,,Kw,Qw,,,,,,,Rw,Nb,,,,,,,Nb,Rb,,,,,,,Qw,Kb,,,,,,,Kb,Bb,Nw,Bb,Kb,Pb,Nb,Bw,Bw	darkGray	0
fbea24ddf7a988d0eab5dd6f824cd3f2	3118	Kb,Nb,Qw,Kb,Rb,Nw,Qb,Rw,Kw,,,,,,,Rw,Qb,,,,,,,Nb,Nw,,,Qw,Qw,,,Qb,Rb,,,Qw,Qw,,,Kw,Kb,,,,,,,Rb,Bw,,,,,,,Nw,Nb,Rb,Kb,Qb,Nw,Rw,Pb,Qb	lightGray	1
fbec2737f8d35e344139ea3f0810318c	2791	Rw,Bw,Rb,Pb,Qb,Bb,Rw,Kw,Nw,,,,,,,Qw,Qb,,,,,,,Pw,Kb,,,,,,,Rb,Rb,,,,,,,Bw,Nb,,,,,,,Qb,Bw,,,,,,,Pb,Qb,Kb,Qw,Nw,Rb,Kw,Qb,Qw	darkRed	0
fbf3ca320a2ffcd3b1ce2566d79c3679	3969	Qw,Qb,Pb,Rb,Bw,Kw,Kb,Pw,Qb,,,,,,,Rw,Nw,,,,,,,Pb,Rb,,,,,,,Qw,Kb,,,,,,,Bb,Qw,,,,,,,Rb,Nb,,,,,,,Pw,Nw,Rb,Nw,Qw,Kb,Rw,Nb,Nw	lightRed	0
fbf54b7eae424ba9fa7e6ebdf8397dff	561	Bw,Bb,Kw,Rb,Nw,Qw,Kb,Qb,Pw,,,,,,,Pb,Rb,,,,,,,Qb,Bw,,,Qw,Qw,,,Bw,Qb,,,Qw,Qw,,,Rb,Pb,,,,,,,Pw,Nw,,,,,,,Qw,Kw,Nb,Qw,Kw,Rw,Nw,Qb,Rb	darkRed	0
fc0ef2f10335d857f2a8692519deeada	2440	Pw,Pb,Qb,Bb,Rw,Pw,Qw,Bb,Kb,,,,,,,Rw,Rb,,,,,,,Kw,Nb,,,Kb,Kb,,,Qw,Qw,,,Kb,Kb,,,Nb,Kw,,,,,,,Rb,Rw,,,,,,,Kb,Rb,Qw,Kb,Rb,Nw,Qb,Kw,Nw	darkGray	0
fc3ce4bf6598ae68c0254bf152efa0a5	427	Qw,Nb,Bw,Kb,Pb,Nw,Bb,Rw,Kw,,,,,,,Nb,Qb,,,,,,,Bw,Nb,,,,,,,Kw,Rw,,,,,,,Rw,Kb,,,,,,,Nw,Qw,,,,,,,Bb,Pw,Qb,Pb,Rw,Bb,Qw,Pw,Pb	lightGray	0
fc49bddf5be0d1bffa9d4e36a9d15a71	7	Qw,Bb,Nw,Pb,Kb,Bw,Nb,Rw,Qw,,,,,,,Bb,Bb,,,,,,,Kw,Nb,,,Pb,Pb,,,Pw,Pw,,,Pb,Pb,,,Nb,Kb,,,,,,,Bw,Bw,,,,,,,Kb,Rb,Bw,Rb,Pw,Kw,Bb,Nw,Qw	darkGray	0
fc4bf21f35884c02020ffe208aef6208	832	Qb,Pw,Nb,Bb,Kw,Pb,Nw,Qb,Bw,,,,,,,Rb,Nb,,,,,,,Pw,Pw,,,Nb,Nb,,,Qb,Kw,,,Nb,Nb,,,Bw,Bb,,,,,,,Rw,Nw,,,,,,,Pb,Rb,Pw,Nb,Bb,Kw,Pb,Rw,Pb	lightGray	0
fc54741cd177668613f6b5952a63eff3	42	Nb,Qw,Pw,Nw,Bb,Qb,Pb,Qw,Bw,,,,,,,Kb,Qb,,,,,,,Bw,Pb,,,,,,,Nw,Rw,,,,,,,Pb,Bb,,,,,,,Kw,Qw,,,,,,,Bb,Bw,Bb,Rw,Pb,Qb,Bw,Rb,Bb	lightGray	0
fc58c055bed0248163138ba93671c9d6	3445	Kb,Kw,Nb,Rb,Kb,Qb,Nw,Nw,Nw,,,,,,,Rw,Rb,,,,,,,Pb,Kb,,,Pw,Pw,,,Qb,Qw,,,Pw,Pw,,,Bw,Nb,,,,,,,Rb,Rw,,,,,,,Pw,Nw,Nw,Qb,Kb,Rb,Nb,Qw,Nb	lightGray	0
fc6f4f68a8312f142ab54b46abc5bb9f	3174	Pw,Qw,Nb,Rb,Kb,Qb,Nw,Nb,Kw,,,,,,,Rb,Rw,,,,,,,Kb,Nw,,,Bb,Bb,,,Qb,Qb,,,Bb,Bb,,,Nw,Kb,,,,,,,Rw,Rb,,,,,,,Kw,Qb,Rb,Pw,Qw,Bb,Rw,Pb,Rw	darkRed	0
fc85e3b41673fb00a99086d8626ad8e3	1378	Bw,Pw,Rb,Bw,Qb,Pb,Nw,Bb,Pw,,,,,,,Qw,Rb,,,,,,,Nb,Bw,,,Nb,Nb,,,Rb,Qb,,,Nb,Nb,,,Kb,Pb,,,,,,,Bb,Nw,,,,,,,Nw,Qw,Qb,Bw,Rb,Pw,Qw,Bb,Qw	darkRed	1
fc942c940e931e74427cca01d8789ada	167	Rb,Qb,Kw,Rb,Nw,Qw,Kb,Qw,Kb,,,,,,,Pw,Bw,,,,,,,Rb,Rw,,,Pw,Pw,,,Bw,Pb,,,Pw,Pw,,,Qb,Kw,,,,,,,Pb,Bb,,,,,,,Rw,Kb,Nw,Bb,Kw,Pw,Nb,Bw,Pb	darkRed	0
fc945029026a04e89175092fb2c54437	1412	Rw,Qb,Kw,Rw,Nb,Qw,Kb,Rw,Kw,,,,,,,Bb,Qb,,,,,,,Qw,Nb,,,Rb,Rb,,,Pw,Rw,,,Rb,Rb,,,Nb,Kb,,,,,,,Bw,Qw,,,,,,,Kb,Nw,Nb,Bw,Kw,Pw,Nw,Bb,Bw	darkRed	0
fc9df450d2b514e08db6dc90a206b604	3048	Pw,Pw,Nb,Bw,Kb,Pb,Nw,Kb,Kw,,,,,,,Kw,Bb,,,,,,,Rw,Nw,,,,,,,Nw,Pb,,,,,,,Qb,Kb,,,,,,,Kb,Bw,,,,,,,Rb,Rb,Pw,Rb,Bb,Qw,Pb,Rw,Nw	darkGray	0
fca431f486da0266a82d3a8353bb6abc	3964	Qb,Bb,Nw,Pw,Kw,Bw,Nb,Kw,Bb,,,,,,,Qb,Nw,,,,,,,Kw,Pw,,,Bb,Bb,,,Rb,Kw,,,Bb,Bb,,,Nw,Bw,,,,,,,Qw,Nb,,,,,,,Kb,Bb,Nb,Pw,Kw,Bb,Nw,Pb,Pw	darkRed	0
fca5b731027d231b1ff04bed4e794af8	4081	Rw,Kw,Pw,Nb,Bw,Kb,Pb,Nw,Qb,,,,,,,Qb,Nw,,,,,,,Rb,Rb,,,Pb,Pb,,,Nw,Kb,,,Pb,Pb,,,Qb,Qw,,,,,,,Pb,Nb,,,,,,,Rw,Qb,Qw,Bb,Rw,Pb,Qb,Bw,Nb	lightRed	0
fcaa6ec8629f8209e582753de6abf4c4	1106	Rw,Pw,Qw,Nw,Rb,Kw,Qb,Pw,Rw,,,,,,,Kb,Rw,,,,,,,Rb,Rw,,,Bb,Bb,,,Nb,Rw,,,Bb,Bb,,,Qw,Rw,,,,,,,Kw,Rw,,,,,,,Rw,Rw,Rb,Bw,Qb,Pb,Rw,Nb,Rb	lightGray	1
fcab9565714e21050de72f665c799283	203	Nb,Qb,Kw,Rb,Nw,Qw,Kb,Bb,Qb,,,,,,,Nw,Kw,,,,,,,Bb,Rw,,,Bw,Bw,,,Kb,Nb,,,Bw,Bw,,,Pb,Qw,,,,,,,Nb,Kb,,,,,,,Bw,Qb,Rw,Nb,Qb,Pb,Rb,Bw,Pb	lightRed	0
fcb0427631df5b6ed73b167d526bbb18	606	Qb,Pw,Kw,Bb,Nw,Pb,Kb,Qw,Rb,,,,,,,Bw,Nw,,,,,,,Nb,Qw,,,,,,,Pb,Kb,,,,,,,Kb,Rw,,,,,,,Bb,Nb,,,,,,,Nw,Nw,Bb,Kw,Pw,Nb,Bw,Kb,Qb	lightGray	0
fcccf7e6a939d5210c77d91a3e02c609	410	Pb,Bb,Nw,Pb,Kb,Bw,Nb,Kb,Qw,,,,,,,Kb,Nb,,,,,,,Rb,Rb,,,Rw,Rw,,,Bb,Kb,,,Rw,Rw,,,Qw,Qb,,,,,,,Kw,Nw,,,,,,,Rw,Kw,Rw,Nb,Qb,Kw,Rb,Nw,Nb	darkGray	0
fcd275cd2d962cb1498f7fedcd6ab51a	1220	Rw,Rb,Pw,Qw,Bb,Rw,Pb,Bb,Pw,,,,,,,Qb,Nb,,,,,,,Bw,Bb,,,,,,,Rb,Kw,,,,,,,Pw,Pb,,,,,,,Qw,Nw,,,,,,,Nb,Nw,Kb,Rb,Nb,Qw,Kw,Rw,Pb	lightRed	0
fcd78ff86b1febe13a4897d7fa24cce9	2944	Nb,Pb,Rw,Bw,Qb,Pw,Rb,Qb,Qb,,,,,,,Bw,Kw,,,,,,,Rb,Rw,,,,,,,Pw,Nb,,,,,,,Qw,Qw,,,,,,,Bb,Kb,,,,,,,Rw,Qb,Bw,Nb,Pb,Kb,Bb,Nw,Qw	darkRed	0
fce2ae4d6b7c9b620cae700a1cb223c3	1229	Kb,Kb,Pb,Nb,Bw,Kw,Pw,Rb,Nw,,,,,,,Kw,Qb,,,,,,,Bb,Kb,,,Nb,Nb,,,Nb,Rb,,,Nb,Nb,,,Pw,Nb,,,,,,,Qb,Qw,,,,,,,Bw,Qb,Nw,Rb,Kb,Qw,Nb,Rw,Pw	lightGray	0
fce365050a7174e489d96a83185989f1	3792	Nw,Kb,Rb,Nb,Qw,Kw,Rw,Kb,Nw,,,,,,,Rw,Rb,,,,,,,Nb,Kw,,,,,,,Qb,Qb,,,,,,,Kw,Nb,,,,,,,Rb,Pw,,,,,,,Nw,Bw,Rw,Nb,Qw,Kb,Rb,Nw,Bw	darkGray	0
fd01a98229eb40b73cc63df35a21dea5	2360	Nb,Bw,Qb,Pb,Rw,Bb,Qw,Bb,Nb,,,,,,,Nb,Pw,,,,,,,Bw,Kw,,,Rw,Rw,,,Kb,Bb,,,Rw,Rw,,,Pb,Nw,,,,,,,Nw,Pb,,,,,,,Bb,Kw,Kw,Rw,Nb,Qw,Kb,Rb,Kw	darkRed	1
fd12da9dacce0856338b6bcfb9499b2b	1974	Pw,Nw,Qb,Kb,Rb,Nb,Qw,Bw,Pb,,,,,,,Kb,Qb,,,,,,,Rb,Bw,,,,,,,Nw,Rb,,,,,,,Bb,Pw,,,,,,,Kw,Qw,,,,,,,Rw,Qb,Kw,Rw,Nw,Qb,Kb,Rb,Bw	lightGray	0
fd2d29d73b74a1016e2f39f0641f3434	731	Qw,Rb,Bw,Qb,Pb,Rw,Bb,Kw,Kw,,,,,,,Nb,Rw,,,,,,,Bw,Nb,,,Rw,Rw,,,Kb,Qw,,,Rw,Rw,,,Pb,Kb,,,,,,,Nw,Rb,,,,,,,Bb,Qw,Qw,Pw,Rb,Nw,Qb,Kw,Nb	darkGray	0
fd31821889badf6c9d8e51dcc448daa1	1775	Nb,Qb,Kw,Rb,Nw,Qw,Kb,Kw,Rw,,,,,,,Nw,Pb,,,,,,,Qb,Qb,,,Nw,Nw,,,Kw,Bw,,,Nw,Nw,,,Rw,Rb,,,,,,,Nb,Pw,,,,,,,Qw,Rb,Qw,Pw,Rw,Bb,Qb,Pb,Qb	lightGray	0
fd3671f59c0b84575347c074e3068cc2	2989	Pb,Kb,Bw,Nw,Pb,Qw,Bb,Kw,Bb,,,,,,,Rb,Kw,,,,,,,Kb,Pw,,,Rw,Rw,,,Qw,Nb,,,Rw,Rw,,,Nb,Bw,,,,,,,Rw,Qb,,,,,,,Kw,Rw,Bb,Kw,Pb,Nw,Bw,Kb,Qw	lightRed	0
fd37df0396635aa9dad14b07464460c8	2271	Qb,Nw,Qb,Kb,Rb,Nb,Qw,Kw,Nw,,,,,,,Pb,Bb,,,,,,,Rw,Kw,,,,,,,Bw,Pw,,,,,,,Qb,Nb,,,,,,,Kb,Bw,,,,,,,Rb,Nb,Kb,Rb,Nb,Qw,Kw,Rw,Nb	lightGray	0
fd39bddbe4dddb2f92fb4e1b599200e6	1489	Nb,Nw,Rb,Kw,Bb,Nb,Rw,Nb,Qw,,,,,,,Nw,Bb,,,,,,,Qb,Rw,,,,,,,Kw,Pb,,,,,,,Rw,Qb,,,,,,,Nb,Bw,,,,,,,Qw,Bb,Pb,Kb,Bw,Nb,Pw,Kw,Kw	darkRed	0
fd3f11bce346aef3b761283471856797	395	Rw,Bb,Pw,Pw,Kw,Bw,Nb,Rb,Rb,,,,,,,Pw,Pw,,,,,,,Kw,Qb,,,,,,,Bb,Kw,,,,,,,Rw,Rw,,,,,,,Pb,Nb,,,,,,,Qb,Nb,Kw,Bb,Rb,Pw,Qb,Bw,Nb	darkGray	0
fd478b2b2cbf2eda5245febb3376d5b5	434	Bb,Bb,Kw,Pw,Nb,Bw,Kb,Rw,Pb,,,,,,,Pw,Nw,,,,,,,Rb,Bb,,,,,,,Bb,Kw,,,,,,,Qw,Pw,,,,,,,Pb,Nb,,,,,,,Rw,Kw,Rb,Pw,Qb,Bw,Rw,Pb,Kb	darkGray	0
fd4c2e509bd765fbe9affc505d5d2680	2779	Qb,Qb,Bw,Rb,Pw,Qw,Bb,Rw,Rb,,,,,,,Nw,Bw,,,,,,,Qb,Qw,,,,,,,Kb,Pw,,,,,,,Rb,Rw,,,,,,,Nb,Bb,,,,,,,Qw,Rb,Rb,Bw,Qb,Kw,Rw,Bb,Rw	darkGray	0
fd4d6f5ac7acb8801915d9dee14078bb	2264	Kb,Pb,Kb,Kw,Nb,Pw,Kw,Pw,Bw,,,,,,,Pb,Qb,,,,,,,Rw,Pw,,,,,,,Bw,Rb,,,,,,,Kb,Bb,,,,,,,Pw,Qw,,,,,,,Rb,Bb,Kw,Pw,Nb,Bw,Kb,Pb,Pw	darkGray	0
fd639aa93fc7fda1fdbf778227b89bf4	3996	Kb,Nw,Pb,Kw,Bb,Nb,Pw,Qw,Nw,,,,,,,Nw,Rb,,,,,,,Rb,Kb,,,Bb,Bb,,,Kw,Qw,,,Bb,Bb,,,Qb,Nb,,,,,,,Nb,Rw,,,,,,,Rw,Nw,Nw,Pb,Kw,Bb,Nb,Pw,Rb	darkGray	0
fd79cab1ae1f02ed6cab64d952db46f6	2144	Pw,Qb,Bw,Rw,Pb,Qw,Bb,Rw,Bb,,,,,,,Rw,Kw,,,,,,,Rw,Pb,,,Nb,Nb,,,Rw,Nw,,,Nb,Nb,,,Rw,Bw,,,,,,,Rw,Qb,,,,,,,Rw,Rw,Kw,Rw,Nb,Qw,Pw,Rb,Rw	lightRed	0
fd81188e704515abf1a78609222d5e3c	1358	Pw,Bw,Qb,Pw,Rb,Bb,Qw,Nw,Qw,,,,,,,Qw,Bb,,,,,,,Kb,Rw,,,,,,,Rb,Pb,,,,,,,Nw,Qb,,,,,,,Qb,Bw,,,,,,,Kw,Rb,Bw,Nb,Pb,Kb,Bb,Nw,Bw	darkRed	0
fd985c1cf851db7d66ad9cd111ce6720	1400	Pw,Nb,Rw,Kb,Bw,Nw,Pb,Bb,Rw,,,,,,,Nw,Pb,,,,,,,Rb,Qw,,,Nb,Nb,,,Kb,Bb,,,Nb,Nb,,,Qw,Rb,,,,,,,Nb,Pw,,,,,,,Pw,Pb,Qb,Nw,Rb,Kb,Qw,Nb,Rw	lightGray	0
fd99747250412f76897f85b2b7a00a6d	3952	Nw,Qb,Kw,Rb,Nw,Qw,Kb,Bw,Kw,,,,,,,Pb,Bb,,,,,,,Rw,Nb,,,Pb,Pb,,,Bb,Pw,,,Pb,Pb,,,Qw,Kb,,,,,,,Pw,Bw,,,,,,,Rb,Qb,Qb,Bw,Rb,Pw,Qw,Bb,Bw	darkGray	0
fda2df6722325c7431f8963a7fe8ec8e	3098	Qb,Kw,Rw,Nb,Qw,Pw,Rb,Kw,Bw,,,,,,,Rw,Qb,,,,,,,Pb,Pw,,,,,,,Kw,Rb,,,,,,,Nb,Bb,,,,,,,Rb,Kw,,,,,,,Kb,Rw,Nb,Pw,Kw,Qb,Nw,Pb,Kb	darkRed	0
fdb3fe047a89740ced5a4fba736fcc66	1127	Qb,Bb,Qw,Pb,Rw,Bw,Qb,Bw,Nb,,,,,,,Rb,Rw,,,,,,,Nw,Pb,,,,,,,Qw,Qb,,,,,,,Pw,Bw,,,,,,,Rw,Rb,,,,,,,Bb,Bw,Bb,Rw,Pb,Qb,Bw,Rb,Kw	lightRed	0
fdb71137e4109ee7dbe8e1cc9accfb55	409	Bw,Kb,Pb,Nw,Bb,Kw,Pw,Qw,Qb,,,,,,,Qb,Bw,,,,,,,Bw,Rw,,,,,,,Rw,Pb,,,,,,,Pb,Qw,,,,,,,Qw,Bb,,,,,,,Bb,Qb,Kb,Qw,Nw,Rb,Kw,Qb,Qw	lightRed	0
fdbca77c382a2ccfad1cb117070cc2e5	773	Nb,Kw,Rw,Bw,Qb,Kb,Rb,Pb,Qw,,,,,,,Bw,Bb,,,,,,,Qb,Rw,,,,,,,Pw,Pb,,,,,,,Rb,Qb,,,,,,,Bb,Bw,,,,,,,Qw,Nb,Kw,Qb,Nw,Rb,Kb,Qw,Pb	darkRed	0
fdc3c9a2f21b0bd667e88455cf1245fe	3430	Qw,Qb,Bw,Rw,Pb,Qw,Bb,Pw,Qw,,,,,,,Rb,Nb,,,,,,,Bw,Rw,,,Pb,Pb,,,Qb,Kw,,,Pb,Pb,,,Pb,Qb,,,,,,,Rw,Nw,,,,,,,Nb,Rb,Rw,Nb,Qb,Pb,Rb,Bw,Rw	lightGray	0
fde5d3e221e749619d86472f166e5f4f	4028	Bw,Pw,Qw,Bw,Rb,Pb,Qb,Rb,Qb,,,,,,,Bw,Nw,,,,,,,Nb,Rw,,,,,,,Pb,Kw,,,,,,,Kb,Qw,,,,,,,Bb,Nb,,,,,,,Nw,Kw,Bw,Qb,Pb,Rw,Bb,Qw,Nw	lightRed	0
fdeb8d3d24c9c88684214a52ef484fc5	1317	Nb,Pb,Qb,Bw,Rb,Pw,Qw,Nw,Pw,,,,,,,Bb,Nb,,,,,,,Qw,Bb,,,,,,,Pb,Kw,,,,,,,Nw,Pb,,,,,,,Bw,Nw,,,,,,,Qb,Nw,Nw,Bb,Kw,Pw,Nb,Bw,Nb	darkGray	0
fded955b3593a4755269b53a5060b4a2	3835	Kb,Nw,Qb,Kw,Rw,Nb,Qw,Pb,Pw,,,,,,,Bb,Rb,,,,,,,Kw,Bb,,,,,,,Pw,Qw,,,,,,,Nb,Pb,,,,,,,Qw,Rw,,,,,,,Kb,Rw,Qw,Pw,Rb,Bw,Qb,Pb,Nb	darkRed	0
fdfd51ca691899894c31486825e9c3d4	3984	Bw,Nb,Pw,Kb,Bw,Nw,Pb,Qw,Qb,,,,,,,Bw,Kw,,,,,,,Nb,Rb,,,,,,,Pw,Nw,,,,,,,Kw,Bw,,,,,,,Qb,Kb,,,,,,,Nw,Rw,Pw,Kw,Qb,Nw,Pb,Kb,Nw	lightRed	0
fe2a9306655508adacf33b33aa79a811	1721	Kw,Nb,Bw,Kb,Pb,Nw,Bb,Qb,Pb,,,,,,,Kb,Rw,,,,,,,Bw,Bw,,,Nb,Nb,,,Nw,Qb,,,Nb,Nb,,,Pb,Pw,,,,,,,Kw,Rb,,,,,,,Bb,Pb,Rw,Pb,Qb,Bw,Rb,Kb,Pw	lightGray	0
fe2e36905d01bf130fac2661e7c5f23f	3769	Pb,Nw,Rb,Kw,Qb,Nb,Rw,Kb,Kb,,,,,,,Rw,Rb,,,,,,,Nb,Nw,,,Pb,Pb,,,Qb,Qb,,,Pb,Pb,,,Kw,Pb,,,,,,,Rb,Rw,,,,,,,Nw,Qw,Pw,Qw,Bw,Rb,Pb,Qb,Pw	lightGray	0
fe462c13d2a14757deb424a7c8e14194	3893	Qb,Rb,Bw,Qw,Pw,Rw,Bb,Nw,Nb,,,,,,,Rb,Rw,,,,,,,Nw,Kb,,,Nb,Nb,,,Qw,Qw,,,Nb,Nb,,,Kb,Nw,,,,,,,Rw,Rb,,,,,,,Nb,Pb,Rb,Nw,Qb,Kw,Rw,Bb,Qw	darkGray	0
fe47a3c257c66ccd81e588002de19c29	465	Rb,Bb,Rw,Pw,Qw,Bw,Rb,Pb,Qb,,,,,,,Qb,Bw,,,,,,,Kw,Rb,,,Qb,Qb,,,Rb,Pw,,,Qb,Qb,,,Nw,Qw,,,,,,,Qw,Nb,,,,,,,Kb,Rw,Rw,Rw,Rw,Rw,Rw,Rw,Rw	lightGray	0
fe510f382b13a0ac5c027e806e97175f	1546	Rw,Qw,Nb,Rw,Pb,Qb,Nw,Nw,Rw,,,,,,,Pw,Rw,,,,,,,Kw,Rw,,,,,,,Bb,Rw,,,,,,,Nw,Rw,,,,,,,Rb,Rw,,,,,,,Kb,Rw,Rb,Kb,Qw,Nb,Rw,Kw,Bb	darkRed	0
fe7363af08ec7e6aa0fb67908d6f351d	1165	Rw,Pw,Nb,Bw,Kb,Pb,Nw,Pb,Rb,,,,,,,Nw,Nw,,,,,,,Rb,Qb,,,Bw,Bw,,,Kb,Kw,,,Bw,Bw,,,Qw,Rw,,,,,,,Nb,Nb,,,,,,,Rw,Rb,Bb,Rw,Kb,Qw,Bw,Rb,Qw	darkGray	0
fe7a36709c0793059319c4dc04633975	2053	Kb,Bw,Nb,Pb,Kb,Bb,Nw,Pb,Rb,,,,,,,Rb,Kb,,,,,,,Bw,Kb,,,Nw,Nw,,,Qb,Nw,,,Nw,Nw,,,Pb,Rw,,,,,,,Rw,Kw,,,,,,,Bb,Rw,Nw,Rb,Kw,Kb,Nb,Rw,Nb	lightGray	0
fe7cfa550da9f547f558db751dcacf77	3497	Kw,Pw,Kw,Bw,Nb,Pb,Kb,Pw,Rw,,,,,,,Pb,Pb,,,,,,,Rw,Qw,,,Qb,Qb,,,Bw,Bb,,,Qb,Qb,,,Qb,Rb,,,,,,,Pw,Pw,,,,,,,Nb,Qb,Rw,Bb,Qw,Kb,Rb,Nw,Kb	darkGray	0
fe82a33484426d08577f6c19819f0dd2	3862	Rb,Bb,Nw,Pb,Kb,Bw,Rb,Pw,Bb,,,,,,,Rb,Rw,,,,,,,Pw,Pb,,,Nb,Nb,,,Qb,Qb,,,Nb,Nb,,,Nw,Bw,,,,,,,Rw,Rb,,,,,,,Pb,Nw,Nb,Rw,Kb,Qw,Nw,Rb,Rb	darkGray	0
fe82c291962caf94c4f96e1751d9ef0c	1258	Kb,Pw,Kw,Bw,Nb,Pb,Kb,Nw,Bw,,,,,,,Rb,Qb,,,,,,,Pw,Pb,,,Qb,Qb,,,Qw,Rw,,,Qb,Qb,,,Bb,Bb,,,,,,,Rw,Qw,,,,,,,Kw,Bw,Kb,Bw,Nw,Pb,Kw,Bb,Rw	lightGray	0
fe96f7622e8b05b6aa39877c03970640	1010	Pb,Bb,Rw,Pw,Qw,Bw,Rb,Bb,Qw,,,,,,,Qb,Bb,,,,,,,Pb,Rw,,,,,,,Rw,Pb,,,,,,,Bb,Qb,,,,,,,Qw,Bw,,,,,,,Pw,Qw,Nb,Bw,Kw,Pw,Nw,Bb,Kw	lightGray	0
fea491b09d3734fb4fe8a71aacf5a7cf	1941	Bw,Kw,Rw,Nb,Qw,Kb,Rb,Qb,Pb,,,,,,,Nb,Qb,,,,,,,Bw,Bb,,,,,,,Kw,Rw,,,,,,,Pw,Pw,,,,,,,Nw,Qw,,,,,,,Bb,Nw,Qw,Pw,Rw,Bb,Kb,Pb,Nw	lightRed	0
feaad0156b44b8f9c5b5c8efca2a23e0	2510	Qb,Qw,Bb,Rb,Pw,Qb,Bw,Bw,Qw,,,,,,,Nb,Kb,,,,,,,Rw,Rw,,,Qw,Qw,,,Kw,Nb,,,Qw,Qw,,,Qb,Qb,,,,,,,Nw,Kw,,,,,,,Rb,Nw,Bw,Kb,Pw,Nb,Bb,Kw,Kb	darkRed	0
feb4bbf5c28f60c5487dce2736832f23	1782	Qw,Rb,Kb,Qw,Nb,Rw,Kw,Rw,Rw,,,,,,,Rw,Pb,,,,,,,Rw,Qb,,,Pb,Pb,,,Rw,Bw,,,Pb,Pb,,,Rw,Rb,,,,,,,Rw,Pw,,,,,,,Rw,Qw,Qb,Kw,Rb,Nw,Qw,Kb,Rw	darkRed	0
fec2587a35ef9759fb4bf2d878927dea	3505	Kw,Kb,Pb,Nb,Bw,Kw,Pw,Nb,Qb,,,,,,,Nb,Kw,,,,,,,Rw,Rw,,,Nb,Nb,,,Kb,Nb,,,Nb,Nb,,,Qw,Qw,,,,,,,Nw,Kb,,,,,,,Rb,Bb,Nw,Qb,Kw,Rw,Nb,Qw,Nb	lightRed	0
fec651dfb8ce34f9f9af1236c2d9d341	3352	Qb,Nb,Pw,Kb,Bw,Nw,Pb,Pw,Rw,,,,,,,Pw,Bb,,,,,,,Rb,Qb,,,,,,,Bb,Pb,,,,,,,Kw,Nb,,,,,,,Pb,Bw,,,,,,,Rw,Pw,Pb,Qb,Bb,Rw,Pw,Qw,Bb	darkRed	0
fec671aa2cea7cd821c65dbc1c4e8556	3719	Rw,Qb,Nw,Rb,Pw,Qw,Nb,Qw,Rw,,,,,,,Bw,Rw,,,,,,,Qb,Rw,,,,,,,Pb,Rw,,,,,,,Rw,Rw,,,,,,,Bb,Rw,,,,,,,Qw,Rw,Nw,Pb,Kb,Bw,Nb,Pw,Bb	darkGray	0
fecfde79aa720ed24c60c02ee9ae4af5	3045	Kw,Nb,Pw,Qb,Bw,Rw,Pb,Pb,Bb,,,,,,,Rb,Nw,,,,,,,Nw,Pb,,,,,,,Qb,Kb,,,,,,,Kw,Bw,,,,,,,Rw,Nb,,,,,,,Nb,Rw,Rw,Rw,Rw,Rw,Rw,Rw,Rw	lightGray	0
fed4a1633f7fdc2d8c20991baf0ac624	1412	Rw,Qb,Kw,Rw,Nb,Qw,Kb,Rw,Kw,,,,,,,Bb,Qb,,,,,,,Kw,Nb,,,Rb,Rb,,,Pw,Rw,,,Rb,Rb,,,Nb,Kb,,,,,,,Bw,Qw,,,,,,,Kb,Nw,Nb,Bw,Kw,Pw,Nw,Bb,Bw	darkRed	0
fef3dda27f8ffdc4317231676f9a8cd3	2937	Bb,Pb,Kb,Bb,Nw,Pw,Kw,Kw,Kw,,,,,,,Nw,Qb,,,,,,,Bb,Nw,,,Bb,Bb,,,Kw,Rb,,,Bb,Bb,,,Pw,Kb,,,,,,,Nb,Qw,,,,,,,Bw,Bw,Pb,Kb,Bw,Nb,Pw,Kw,Bw	darkGray	1
ff222312f7054cb01c9df22f0ff18364	2234	Kb,Kb,Bw,Nw,Pb,Kw,Bb,Nb,Kw,,,,,,,Bw,Pw,,,,,,,Rb,Nb,,,Pb,Pb,,,Pb,Bw,,,Pb,Pb,,,Qb,Kb,,,,,,,Bb,Rb,,,,,,,Rw,Qw,Bw,Qb,Pw,Rb,Bb,Qw,Qw	darkGray	0
ff28269c38807b44fd2c16d6b615f0cc	2602	Qb,Qb,Bw,Rw,Pb,Qw,Bb,Kw,Nb,,,,,,,Pb,Rw,,,,,,,Qb,Kw,,,Bw,Bw,,,Bw,Qb,,,Bw,Bw,,,Rb,Nw,,,,,,,Pw,Rb,,,,,,,Qw,Rw,Kw,Rw,Nb,Qw,Kb,Rb,Pw	darkRed	0
ff29eec14c990f25b234f8babe3f3cf2	3932	Pb,Pb,Rw,Bb,Qw,Pw,Rb,Nb,Kb,,,,,,,Nb,Qw,,,,,,,Pw,Nb,,,,,,,Kb,Rw,,,,,,,Bw,Kw,,,,,,,Nw,Qb,,,,,,,Pb,Rw,Pw,Nb,Bw,Kb,Rb,Nw,Kw	darkRed	0
ff4894a10778a8b1473fcd7cb3838440	3007	Kb,Nb,Bw,Kb,Pb,Nw,Bb,Nw,Nw,,,,,,,Rw,Pb,,,,,,,Bb,Kw,,,Pb,Pb,,,Kw,Bb,,,Pb,Pb,,,Pw,Nb,,,,,,,Rb,Pw,,,,,,,Bw,Rw,Rw,Rw,Rw,Rw,Rw,Rw,Rw	darkGray	0
ff79f23dbb6cb880230122c8f1cd01a2	1927	Rb,Rw,Kw,Qw,Nb,Rb,Kb,Rb,Pw,,,,,,,Kb,Rb,,,,,,,Bw,Bb,,,Bb,Bb,,,Nb,Qw,,,Bb,Bb,,,Pw,Pb,,,,,,,Kw,Rw,,,,,,,Bb,Pb,Nw,Bb,Kb,Pb,Nb,Bw,Bb	lightRed	0
ff7e26db7d037bd209dbfae8d0697158	2046	Rw,Kw,Rw,Nw,Qb,Kb,Rb,Qb,Kb,,,,,,,Bw,Pb,,,,,,,Nb,Nb,,,,,,,Pb,Bw,,,,,,,Kb,Kw,,,,,,,Bb,Pw,,,,,,,Nw,Bw,Rb,Bw,Kw,Pw,Rw,Bb,Bw	lightRed	1
ff805c7e0a22670a4fd4b9ec342f5df5	1639	Pw,Kb,Bw,Nw,Pb,Kw,Bb,Kw,Bb,,,,,,,Qb,Qw,,,,,,,Nw,Pw,,,,,,,Rw,Rb,,,,,,,Kw,Bw,,,,,,,Qw,Qb,,,,,,,Nb,Qb,Rw,Kw,Qw,Nb,Rb,Kb,Rw	darkRed	0
ff98d6cf146fde45abbf429e6ce056e4	974	Rb,Rb,Pw,Qw,Bb,Rw,Pb,Bb,Qw,,,,,,,Rb,Kb,,,,,,,Pw,Rw,,,Rw,Rw,,,Qb,Nb,,,Rw,Rw,,,Bw,Qb,,,,,,,Rw,Pb,,,,,,,Pb,Pb,Qb,Nw,Rb,Kb,Qw,Nb,Nw	lightRed	0
ffc6aa18e2adbb7efe6ccec546a453da	2749	Pb,Bb,Rw,Pb,Qb,Bw,Rb,Pb,Bw,,,,,,,Bw,Kb,,,,,,,Nb,Pb,,,,,,,Pb,Nw,,,,,,,Kb,Bb,,,,,,,Bb,Kw,,,,,,,Nw,Bw,Bb,Rw,Kb,Qw,Nw,Rb,Qb	darkRed	0
ffd2ff2665c5b1773878c0fd1a7d3d20	2290	Qb,Bw,Nb,Pw,Kw,Bb,Nw,Qw,Rw,,,,,,,Kw,Bb,,,,,,,Qb,Qb,,,Pw,Pw,,,Nb,Pb,,,Pw,Pw,,,Rw,Rb,,,,,,,Kb,Bw,,,,,,,Qw,Kb,Rb,Kb,Qw,Nb,Rw,Kw,Pw	darkGray	0
ffd81434733b37b06cb2582b894d26e9	455	Rw,Pw,Rb,Bb,Kw,Pb,Rw,Bb,Kb,,,,,,,Qb,Qw,,,,,,,Pb,Nw,,,,,,,Rw,Rb,,,,,,,Bb,Kw,,,,,,,Qw,Qb,,,,,,,Pw,Rw,Nw,Pb,Kb,Bw,Nb,Pw,Bw	lightGray	0
ffdc28a10e47c3fb3eabd90258ca911f	2033	Pw,Qb,Bw,Rb,Pw,Qw,Bb,Qw,Kw,,,,,,,Pw,Rw,,,,,,,Kw,Nb,,,,,,,Bb,Qw,,,,,,,Nw,Kb,,,,,,,Pb,Rb,,,,,,,Kb,Nb,Nb,Bw,Kw,Pw,Nw,Bb,Kw	lightRed	0
ffe5055b53bb1ee3eaaeaece45af4bb1	4084	Nb,Nb,Pw,Kw,Bb,Nw,Pb,Qw,Qw,,,,,,,Rw,Kb,,,,,,,Nb,Rw,,,,,,,Qb,Bb,,,,,,,Kw,Qb,,,,,,,Rb,Kw,,,,,,,Nw,Pw,Kb,Bw,Nw,Pb,Kw,Bb,Qw	darkRed	0
